model_view_id,checkpoint_sha256,split,condition,metric,paired_minus_perturbed_pp
1dbc6762e6f18dd4d362fe11ef1f08e571ae863d22c0ace7f1784e11edd3c130,a44472cbb15d9c19cb2933ed47a59a0382766c7a732293bb311f11ca6f788bca,development,disable_oct_to_cfp,cfp,26.936709506323954
1dbc6762e6f18dd4d362fe11ef1f08e571ae863d22c0ace7f1784e11edd3c130,a44472cbb15d9c19cb2933ed47a59a0382766c7a732293bb311f11ca6f788bca,development,disable_oct_to_cfp,oct,0.0
1dbc6762e6f18dd4d362fe11ef1f08e571ae863d22c0ace7f1784e11edd3c130,a44472cbb15d9c19cb2933ed47a59a0382766c7a732293bb311f11ca6f788bca,development,disable_oct_to_cfp,mean,13.468354753161982
1dbc6762e6f18dd4d362fe11ef1f08e571ae863d22c0ace7f1784e11edd3c130,a44472cbb15d9c19cb2933ed47a59a0382766c7a732293bb311f11ca6f788bca,development,disable_cfp_to_oct,cfp,0.0
1dbc6762e6f18dd4d362fe11ef1f08e571ae863d22c0ace7f1784e11edd3c130,a44472cbb15d9c19cb2933ed47a59a0382766c7a732293bb311f11ca6f788bca,development,disable_cfp_to_oct,oct,20.170329589649338
1dbc6762e6f18dd4d362fe11ef1f08e571ae863d22c0ace7f1784e11edd3c130,a44472cbb15d9c19cb2933ed47a59a0382766c7a732293bb311f11ca6f788bca,development,disable_cfp_to_oct,mean,10.085164794824674
1dbc6762e6f18dd4d362fe11ef1f08e571ae863d22c0ace7f1784e11edd3c130,a44472cbb15d9c19cb2933ed47a59a0382766c7a732293bb311f11ca6f788bca,development,disable_both,cfp,26.936709506323954
1dbc6762e6f18dd4d362fe11ef1f08e571ae863d22c0ace7f1784e11edd3c130,a44472cbb15d9c19cb2933ed47a59a0382766c7a732293bb311f11ca6f788bca,development,disable_both,oct,20.170329589649338
1dbc6762e6f18dd4d362fe11ef1f08e571ae863d22c0ace7f1784e11edd3c130,a44472cbb15d9c19cb2933ed47a59a0382766c7a732293bb311f11ca6f788bca,development,disable_both,mean,23.55351954798665
1dbc6762e6f18dd4d362fe11ef1f08e571ae863d22c0ace7f1784e11edd3c130,a44472cbb15d9c19cb2933ed47a59a0382766c7a732293bb311f11ca6f788bca,development,shuffle_oct_to_cfp,cfp,4.630906852009642
1dbc6762e6f18dd4d362fe11ef1f08e571ae863d22c0ace7f1784e11edd3c130,a44472cbb15d9c19cb2933ed47a59a0382766c7a732293bb311f11ca6f788bca,development,shuffle_oct_to_cfp,oct,0.0
1dbc6762e6f18dd4d362fe11ef1f08e571ae863d22c0ace7f1784e11edd3c130,a44472cbb15d9c19cb2933ed47a59a0382766c7a732293bb311f11ca6f788bca,development,shuffle_oct_to_cfp,mean,2.315453426004821
1dbc6762e6f18dd4d362fe11ef1f08e571ae863d22c0ace7f1784e11edd3c130,a44472cbb15d9c19cb2933ed47a59a0382766c7a732293bb311f11ca6f788bca,development,shuffle_cfp_to_oct,cfp,0.0
1dbc6762e6f18dd4d362fe11ef1f08e571ae863d22c0ace7f1784e11edd3c130,a44472cbb15d9c19cb2933ed47a59a0382766c7a732293bb311f11ca6f788bca,development,shuffle_cfp_to_oct,oct,9.168891911201593
1dbc6762e6f18dd4d362fe11ef1f08e571ae863d22c0ace7f1784e11edd3c130,a44472cbb15d9c19cb2933ed47a59a0382766c7a732293bb311f11ca6f788bca,development,shuffle_cfp_to_oct,mean,4.584445955600803
1dbc6762e6f18dd4d362fe11ef1f08e571ae863d22c0ace7f1784e11edd3c130,a44472cbb15d9c19cb2933ed47a59a0382766c7a732293bb311f11ca6f788bca,development,shuffle_both,cfp,4.630906852009642
1dbc6762e6f18dd4d362fe11ef1f08e571ae863d22c0ace7f1784e11edd3c130,a44472cbb15d9c19cb2933ed47a59a0382766c7a732293bb311f11ca6f788bca,development,shuffle_both,oct,9.168891911201593
1dbc6762e6f18dd4d362fe11ef1f08e571ae863d22c0ace7f1784e11edd3c130,a44472cbb15d9c19cb2933ed47a59a0382766c7a732293bb311f11ca6f788bca,development,shuffle_both,mean,6.899899381605623
1dbc6762e6f18dd4d362fe11ef1f08e571ae863d22c0ace7f1784e11edd3c130,a44472cbb15d9c19cb2933ed47a59a0382766c7a732293bb311f11ca6f788bca,test,disable_oct_to_cfp,cfp,17.648062963383694
1dbc6762e6f18dd4d362fe11ef1f08e571ae863d22c0ace7f1784e11edd3c130,a44472cbb15d9c19cb2933ed47a59a0382766c7a732293bb311f11ca6f788bca,test,disable_oct_to_cfp,oct,0.0
1dbc6762e6f18dd4d362fe11ef1f08e571ae863d22c0ace7f1784e11edd3c130,a44472cbb15d9c19cb2933ed47a59a0382766c7a732293bb311f11ca6f788bca,test,disable_oct_to_cfp,mean,8.82403148169184
1dbc6762e6f18dd4d362fe11ef1f08e571ae863d22c0ace7f1784e11edd3c130,a44472cbb15d9c19cb2933ed47a59a0382766c7a732293bb311f11ca6f788bca,test,disable_cfp_to_oct,cfp,0.0
1dbc6762e6f18dd4d362fe11ef1f08e571ae863d22c0ace7f1784e11edd3c130,a44472cbb15d9c19cb2933ed47a59a0382766c7a732293bb311f11ca6f788bca,test,disable_cfp_to_oct,oct,18.731841163080652
1dbc6762e6f18dd4d362fe11ef1f08e571ae863d22c0ace7f1784e11edd3c130,a44472cbb15d9c19cb2933ed47a59a0382766c7a732293bb311f11ca6f788bca,test,disable_cfp_to_oct,mean,9.365920581540333
1dbc6762e6f18dd4d362fe11ef1f08e571ae863d22c0ace7f1784e11edd3c130,a44472cbb15d9c19cb2933ed47a59a0382766c7a732293bb311f11ca6f788bca,test,disable_both,cfp,17.648062963383694
1dbc6762e6f18dd4d362fe11ef1f08e571ae863d22c0ace7f1784e11edd3c130,a44472cbb15d9c19cb2933ed47a59a0382766c7a732293bb311f11ca6f788bca,test,disable_both,oct,18.731841163080652
1dbc6762e6f18dd4d362fe11ef1f08e571ae863d22c0ace7f1784e11edd3c130,a44472cbb15d9c19cb2933ed47a59a0382766c7a732293bb311f11ca6f788bca,test,disable_both,mean,18.189952063232173
1dbc6762e6f18dd4d362fe11ef1f08e571ae863d22c0ace7f1784e11edd3c130,a44472cbb15d9c19cb2933ed47a59a0382766c7a732293bb311f11ca6f788bca,test,shuffle_oct_to_cfp,cfp,3.819953153924982
1dbc6762e6f18dd4d362fe11ef1f08e571ae863d22c0ace7f1784e11edd3c130,a44472cbb15d9c19cb2933ed47a59a0382766c7a732293bb311f11ca6f788bca,test,shuffle_oct_to_cfp,oct,0.0
1dbc6762e6f18dd4d362fe11ef1f08e571ae863d22c0ace7f1784e11edd3c130,a44472cbb15d9c19cb2933ed47a59a0382766c7a732293bb311f11ca6f788bca,test,shuffle_oct_to_cfp,mean,1.909976576962491
1dbc6762e6f18dd4d362fe11ef1f08e571ae863d22c0ace7f1784e11edd3c130,a44472cbb15d9c19cb2933ed47a59a0382766c7a732293bb311f11ca6f788bca,test,shuffle_cfp_to_oct,cfp,0.0
1dbc6762e6f18dd4d362fe11ef1f08e571ae863d22c0ace7f1784e11edd3c130,a44472cbb15d9c19cb2933ed47a59a0382766c7a732293bb311f11ca6f788bca,test,shuffle_cfp_to_oct,oct,7.913103776583075
1dbc6762e6f18dd4d362fe11ef1f08e571ae863d22c0ace7f1784e11edd3c130,a44472cbb15d9c19cb2933ed47a59a0382766c7a732293bb311f11ca6f788bca,test,shuffle_cfp_to_oct,mean,3.9565518882915374
1dbc6762e6f18dd4d362fe11ef1f08e571ae863d22c0ace7f1784e11edd3c130,a44472cbb15d9c19cb2933ed47a59a0382766c7a732293bb311f11ca6f788bca,test,shuffle_both,cfp,3.819953153924982
1dbc6762e6f18dd4d362fe11ef1f08e571ae863d22c0ace7f1784e11edd3c130,a44472cbb15d9c19cb2933ed47a59a0382766c7a732293bb311f11ca6f788bca,test,shuffle_both,oct,7.913103776583075
1dbc6762e6f18dd4d362fe11ef1f08e571ae863d22c0ace7f1784e11edd3c130,a44472cbb15d9c19cb2933ed47a59a0382766c7a732293bb311f11ca6f788bca,test,shuffle_both,mean,5.866528465254028
c7aa19f7d079e82d4f16cf231f5e3af5a48fc0d0b79e59e2e89df0bdc04fe0f1,07dcf544f8639383378b6c42741a67c7cc07275de5c0834f4185764996692230,development,disable_oct_to_cfp,cfp,0.0
c7aa19f7d079e82d4f16cf231f5e3af5a48fc0d0b79e59e2e89df0bdc04fe0f1,07dcf544f8639383378b6c42741a67c7cc07275de5c0834f4185764996692230,development,disable_oct_to_cfp,oct,0.0
c7aa19f7d079e82d4f16cf231f5e3af5a48fc0d0b79e59e2e89df0bdc04fe0f1,07dcf544f8639383378b6c42741a67c7cc07275de5c0834f4185764996692230,development,disable_oct_to_cfp,mean,0.0
c7aa19f7d079e82d4f16cf231f5e3af5a48fc0d0b79e59e2e89df0bdc04fe0f1,07dcf544f8639383378b6c42741a67c7cc07275de5c0834f4185764996692230,development,disable_cfp_to_oct,cfp,0.0
c7aa19f7d079e82d4f16cf231f5e3af5a48fc0d0b79e59e2e89df0bdc04fe0f1,07dcf544f8639383378b6c42741a67c7cc07275de5c0834f4185764996692230,development,disable_cfp_to_oct,oct,0.0
c7aa19f7d079e82d4f16cf231f5e3af5a48fc0d0b79e59e2e89df0bdc04fe0f1,07dcf544f8639383378b6c42741a67c7cc07275de5c0834f4185764996692230,development,disable_cfp_to_oct,mean,0.0
c7aa19f7d079e82d4f16cf231f5e3af5a48fc0d0b79e59e2e89df0bdc04fe0f1,07dcf544f8639383378b6c42741a67c7cc07275de5c0834f4185764996692230,development,disable_both,cfp,0.0
c7aa19f7d079e82d4f16cf231f5e3af5a48fc0d0b79e59e2e89df0bdc04fe0f1,07dcf544f8639383378b6c42741a67c7cc07275de5c0834f4185764996692230,development,disable_both,oct,0.0
c7aa19f7d079e82d4f16cf231f5e3af5a48fc0d0b79e59e2e89df0bdc04fe0f1,07dcf544f8639383378b6c42741a67c7cc07275de5c0834f4185764996692230,development,disable_both,mean,0.0
c7aa19f7d079e82d4f16cf231f5e3af5a48fc0d0b79e59e2e89df0bdc04fe0f1,07dcf544f8639383378b6c42741a67c7cc07275de5c0834f4185764996692230,development,shuffle_oct_to_cfp,cfp,0.0
c7aa19f7d079e82d4f16cf231f5e3af5a48fc0d0b79e59e2e89df0bdc04fe0f1,07dcf544f8639383378b6c42741a67c7cc07275de5c0834f4185764996692230,development,shuffle_oct_to_cfp,oct,0.0
c7aa19f7d079e82d4f16cf231f5e3af5a48fc0d0b79e59e2e89df0bdc04fe0f1,07dcf544f8639383378b6c42741a67c7cc07275de5c0834f4185764996692230,development,shuffle_oct_to_cfp,mean,0.0
c7aa19f7d079e82d4f16cf231f5e3af5a48fc0d0b79e59e2e89df0bdc04fe0f1,07dcf544f8639383378b6c42741a67c7cc07275de5c0834f4185764996692230,development,shuffle_cfp_to_oct,cfp,0.0
c7aa19f7d079e82d4f16cf231f5e3af5a48fc0d0b79e59e2e89df0bdc04fe0f1,07dcf544f8639383378b6c42741a67c7cc07275de5c0834f4185764996692230,development,shuffle_cfp_to_oct,oct,0.0
c7aa19f7d079e82d4f16cf231f5e3af5a48fc0d0b79e59e2e89df0bdc04fe0f1,07dcf544f8639383378b6c42741a67c7cc07275de5c0834f4185764996692230,development,shuffle_cfp_to_oct,mean,0.0
c7aa19f7d079e82d4f16cf231f5e3af5a48fc0d0b79e59e2e89df0bdc04fe0f1,07dcf544f8639383378b6c42741a67c7cc07275de5c0834f4185764996692230,development,shuffle_both,cfp,0.0
c7aa19f7d079e82d4f16cf231f5e3af5a48fc0d0b79e59e2e89df0bdc04fe0f1,07dcf544f8639383378b6c42741a67c7cc07275de5c0834f4185764996692230,development,shuffle_both,oct,0.0
c7aa19f7d079e82d4f16cf231f5e3af5a48fc0d0b79e59e2e89df0bdc04fe0f1,07dcf544f8639383378b6c42741a67c7cc07275de5c0834f4185764996692230,development,shuffle_both,mean,0.0
c7aa19f7d079e82d4f16cf231f5e3af5a48fc0d0b79e59e2e89df0bdc04fe0f1,07dcf544f8639383378b6c42741a67c7cc07275de5c0834f4185764996692230,test,disable_oct_to_cfp,cfp,0.0
c7aa19f7d079e82d4f16cf231f5e3af5a48fc0d0b79e59e2e89df0bdc04fe0f1,07dcf544f8639383378b6c42741a67c7cc07275de5c0834f4185764996692230,test,disable_oct_to_cfp,oct,0.0
c7aa19f7d079e82d4f16cf231f5e3af5a48fc0d0b79e59e2e89df0bdc04fe0f1,07dcf544f8639383378b6c42741a67c7cc07275de5c0834f4185764996692230,test,disable_oct_to_cfp,mean,0.0
c7aa19f7d079e82d4f16cf231f5e3af5a48fc0d0b79e59e2e89df0bdc04fe0f1,07dcf544f8639383378b6c42741a67c7cc07275de5c0834f4185764996692230,test,disable_cfp_to_oct,cfp,0.0
c7aa19f7d079e82d4f16cf231f5e3af5a48fc0d0b79e59e2e89df0bdc04fe0f1,07dcf544f8639383378b6c42741a67c7cc07275de5c0834f4185764996692230,test,disable_cfp_to_oct,oct,0.0
c7aa19f7d079e82d4f16cf231f5e3af5a48fc0d0b79e59e2e89df0bdc04fe0f1,07dcf544f8639383378b6c42741a67c7cc07275de5c0834f4185764996692230,test,disable_cfp_to_oct,mean,0.0
c7aa19f7d079e82d4f16cf231f5e3af5a48fc0d0b79e59e2e89df0bdc04fe0f1,07dcf544f8639383378b6c42741a67c7cc07275de5c0834f4185764996692230,test,disable_both,cfp,0.0
c7aa19f7d079e82d4f16cf231f5e3af5a48fc0d0b79e59e2e89df0bdc04fe0f1,07dcf544f8639383378b6c42741a67c7cc07275de5c0834f4185764996692230,test,disable_both,oct,0.0
c7aa19f7d079e82d4f16cf231f5e3af5a48fc0d0b79e59e2e89df0bdc04fe0f1,07dcf544f8639383378b6c42741a67c7cc07275de5c0834f4185764996692230,test,disable_both,mean,0.0
c7aa19f7d079e82d4f16cf231f5e3af5a48fc0d0b79e59e2e89df0bdc04fe0f1,07dcf544f8639383378b6c42741a67c7cc07275de5c0834f4185764996692230,test,shuffle_oct_to_cfp,cfp,0.0
c7aa19f7d079e82d4f16cf231f5e3af5a48fc0d0b79e59e2e89df0bdc04fe0f1,07dcf544f8639383378b6c42741a67c7cc07275de5c0834f4185764996692230,test,shuffle_oct_to_cfp,oct,0.0
c7aa19f7d079e82d4f16cf231f5e3af5a48fc0d0b79e59e2e89df0bdc04fe0f1,07dcf544f8639383378b6c42741a67c7cc07275de5c0834f4185764996692230,test,shuffle_oct_to_cfp,mean,0.0
c7aa19f7d079e82d4f16cf231f5e3af5a48fc0d0b79e59e2e89df0bdc04fe0f1,07dcf544f8639383378b6c42741a67c7cc07275de5c0834f4185764996692230,test,shuffle_cfp_to_oct,cfp,0.0
c7aa19f7d079e82d4f16cf231f5e3af5a48fc0d0b79e59e2e89df0bdc04fe0f1,07dcf544f8639383378b6c42741a67c7cc07275de5c0834f4185764996692230,test,shuffle_cfp_to_oct,oct,0.0
c7aa19f7d079e82d4f16cf231f5e3af5a48fc0d0b79e59e2e89df0bdc04fe0f1,07dcf544f8639383378b6c42741a67c7cc07275de5c0834f4185764996692230,test,shuffle_cfp_to_oct,mean,0.0
c7aa19f7d079e82d4f16cf231f5e3af5a48fc0d0b79e59e2e89df0bdc04fe0f1,07dcf544f8639383378b6c42741a67c7cc07275de5c0834f4185764996692230,test,shuffle_both,cfp,0.0
c7aa19f7d079e82d4f16cf231f5e3af5a48fc0d0b79e59e2e89df0bdc04fe0f1,07dcf544f8639383378b6c42741a67c7cc07275de5c0834f4185764996692230,test,shuffle_both,oct,0.0
c7aa19f7d079e82d4f16cf231f5e3af5a48fc0d0b79e59e2e89df0bdc04fe0f1,07dcf544f8639383378b6c42741a67c7cc07275de5c0834f4185764996692230,test,shuffle_both,mean,0.0
ebc675997c1454051cdf8b8981d2e67f29dffee8a7f0fe955f48bd1fe41a4ca5,6bab36ae252cf43cd86c421991858cce5c5df2da2618e777ef1332a97f6826e1,development,disable_oct_to_cfp,cfp,22.150454044741107
ebc675997c1454051cdf8b8981d2e67f29dffee8a7f0fe955f48bd1fe41a4ca5,6bab36ae252cf43cd86c421991858cce5c5df2da2618e777ef1332a97f6826e1,development,disable_oct_to_cfp,oct,0.0
ebc675997c1454051cdf8b8981d2e67f29dffee8a7f0fe955f48bd1fe41a4ca5,6bab36ae252cf43cd86c421991858cce5c5df2da2618e777ef1332a97f6826e1,development,disable_oct_to_cfp,mean,11.075227022370559
ebc675997c1454051cdf8b8981d2e67f29dffee8a7f0fe955f48bd1fe41a4ca5,6bab36ae252cf43cd86c421991858cce5c5df2da2618e777ef1332a97f6826e1,development,disable_cfp_to_oct,cfp,0.0
ebc675997c1454051cdf8b8981d2e67f29dffee8a7f0fe955f48bd1fe41a4ca5,6bab36ae252cf43cd86c421991858cce5c5df2da2618e777ef1332a97f6826e1,development,disable_cfp_to_oct,oct,37.94225434119944
ebc675997c1454051cdf8b8981d2e67f29dffee8a7f0fe955f48bd1fe41a4ca5,6bab36ae252cf43cd86c421991858cce5c5df2da2618e777ef1332a97f6826e1,development,disable_cfp_to_oct,mean,18.971127170599722
ebc675997c1454051cdf8b8981d2e67f29dffee8a7f0fe955f48bd1fe41a4ca5,6bab36ae252cf43cd86c421991858cce5c5df2da2618e777ef1332a97f6826e1,development,disable_both,cfp,22.150454044741107
ebc675997c1454051cdf8b8981d2e67f29dffee8a7f0fe955f48bd1fe41a4ca5,6bab36ae252cf43cd86c421991858cce5c5df2da2618e777ef1332a97f6826e1,development,disable_both,oct,37.94225434119944
ebc675997c1454051cdf8b8981d2e67f29dffee8a7f0fe955f48bd1fe41a4ca5,6bab36ae252cf43cd86c421991858cce5c5df2da2618e777ef1332a97f6826e1,development,disable_both,mean,30.04635419297028
ebc675997c1454051cdf8b8981d2e67f29dffee8a7f0fe955f48bd1fe41a4ca5,6bab36ae252cf43cd86c421991858cce5c5df2da2618e777ef1332a97f6826e1,development,shuffle_oct_to_cfp,cfp,8.874716383439395
ebc675997c1454051cdf8b8981d2e67f29dffee8a7f0fe955f48bd1fe41a4ca5,6bab36ae252cf43cd86c421991858cce5c5df2da2618e777ef1332a97f6826e1,development,shuffle_oct_to_cfp,oct,0.0
ebc675997c1454051cdf8b8981d2e67f29dffee8a7f0fe955f48bd1fe41a4ca5,6bab36ae252cf43cd86c421991858cce5c5df2da2618e777ef1332a97f6826e1,development,shuffle_oct_to_cfp,mean,4.437358191719698
ebc675997c1454051cdf8b8981d2e67f29dffee8a7f0fe955f48bd1fe41a4ca5,6bab36ae252cf43cd86c421991858cce5c5df2da2618e777ef1332a97f6826e1,development,shuffle_cfp_to_oct,cfp,0.0
ebc675997c1454051cdf8b8981d2e67f29dffee8a7f0fe955f48bd1fe41a4ca5,6bab36ae252cf43cd86c421991858cce5c5df2da2618e777ef1332a97f6826e1,development,shuffle_cfp_to_oct,oct,12.454805876219277
ebc675997c1454051cdf8b8981d2e67f29dffee8a7f0fe955f48bd1fe41a4ca5,6bab36ae252cf43cd86c421991858cce5c5df2da2618e777ef1332a97f6826e1,development,shuffle_cfp_to_oct,mean,6.2274029381096385
ebc675997c1454051cdf8b8981d2e67f29dffee8a7f0fe955f48bd1fe41a4ca5,6bab36ae252cf43cd86c421991858cce5c5df2da2618e777ef1332a97f6826e1,development,shuffle_both,cfp,8.874716383439395
ebc675997c1454051cdf8b8981d2e67f29dffee8a7f0fe955f48bd1fe41a4ca5,6bab36ae252cf43cd86c421991858cce5c5df2da2618e777ef1332a97f6826e1,development,shuffle_both,oct,12.454805876219277
ebc675997c1454051cdf8b8981d2e67f29dffee8a7f0fe955f48bd1fe41a4ca5,6bab36ae252cf43cd86c421991858cce5c5df2da2618e777ef1332a97f6826e1,development,shuffle_both,mean,10.664761129829337
ebc675997c1454051cdf8b8981d2e67f29dffee8a7f0fe955f48bd1fe41a4ca5,6bab36ae252cf43cd86c421991858cce5c5df2da2618e777ef1332a97f6826e1,test,disable_oct_to_cfp,cfp,13.362674523678509
ebc675997c1454051cdf8b8981d2e67f29dffee8a7f0fe955f48bd1fe41a4ca5,6bab36ae252cf43cd86c421991858cce5c5df2da2618e777ef1332a97f6826e1,test,disable_oct_to_cfp,oct,0.0
ebc675997c1454051cdf8b8981d2e67f29dffee8a7f0fe955f48bd1fe41a4ca5,6bab36ae252cf43cd86c421991858cce5c5df2da2618e777ef1332a97f6826e1,test,disable_oct_to_cfp,mean,6.68133726183926
ebc675997c1454051cdf8b8981d2e67f29dffee8a7f0fe955f48bd1fe41a4ca5,6bab36ae252cf43cd86c421991858cce5c5df2da2618e777ef1332a97f6826e1,test,disable_cfp_to_oct,cfp,0.0
ebc675997c1454051cdf8b8981d2e67f29dffee8a7f0fe955f48bd1fe41a4ca5,6bab36ae252cf43cd86c421991858cce5c5df2da2618e777ef1332a97f6826e1,test,disable_cfp_to_oct,oct,27.678433332143587
ebc675997c1454051cdf8b8981d2e67f29dffee8a7f0fe955f48bd1fe41a4ca5,6bab36ae252cf43cd86c421991858cce5c5df2da2618e777ef1332a97f6826e1,test,disable_cfp_to_oct,mean,13.839216666071795
ebc675997c1454051cdf8b8981d2e67f29dffee8a7f0fe955f48bd1fe41a4ca5,6bab36ae252cf43cd86c421991858cce5c5df2da2618e777ef1332a97f6826e1,test,disable_both,cfp,13.362674523678509
ebc675997c1454051cdf8b8981d2e67f29dffee8a7f0fe955f48bd1fe41a4ca5,6bab36ae252cf43cd86c421991858cce5c5df2da2618e777ef1332a97f6826e1,test,disable_both,oct,27.678433332143587
ebc675997c1454051cdf8b8981d2e67f29dffee8a7f0fe955f48bd1fe41a4ca5,6bab36ae252cf43cd86c421991858cce5c5df2da2618e777ef1332a97f6826e1,test,disable_both,mean,20.520553927911045
ebc675997c1454051cdf8b8981d2e67f29dffee8a7f0fe955f48bd1fe41a4ca5,6bab36ae252cf43cd86c421991858cce5c5df2da2618e777ef1332a97f6826e1,test,shuffle_oct_to_cfp,cfp,2.8216373739201384
ebc675997c1454051cdf8b8981d2e67f29dffee8a7f0fe955f48bd1fe41a4ca5,6bab36ae252cf43cd86c421991858cce5c5df2da2618e777ef1332a97f6826e1,test,shuffle_oct_to_cfp,oct,0.0
ebc675997c1454051cdf8b8981d2e67f29dffee8a7f0fe955f48bd1fe41a4ca5,6bab36ae252cf43cd86c421991858cce5c5df2da2618e777ef1332a97f6826e1,test,shuffle_oct_to_cfp,mean,1.4108186869600692
ebc675997c1454051cdf8b8981d2e67f29dffee8a7f0fe955f48bd1fe41a4ca5,6bab36ae252cf43cd86c421991858cce5c5df2da2618e777ef1332a97f6826e1,test,shuffle_cfp_to_oct,cfp,0.0
ebc675997c1454051cdf8b8981d2e67f29dffee8a7f0fe955f48bd1fe41a4ca5,6bab36ae252cf43cd86c421991858cce5c5df2da2618e777ef1332a97f6826e1,test,shuffle_cfp_to_oct,oct,6.677478702570793
ebc675997c1454051cdf8b8981d2e67f29dffee8a7f0fe955f48bd1fe41a4ca5,6bab36ae252cf43cd86c421991858cce5c5df2da2618e777ef1332a97f6826e1,test,shuffle_cfp_to_oct,mean,3.3387393512853913
ebc675997c1454051cdf8b8981d2e67f29dffee8a7f0fe955f48bd1fe41a4ca5,6bab36ae252cf43cd86c421991858cce5c5df2da2618e777ef1332a97f6826e1,test,shuffle_both,cfp,2.8216373739201384
ebc675997c1454051cdf8b8981d2e67f29dffee8a7f0fe955f48bd1fe41a4ca5,6bab36ae252cf43cd86c421991858cce5c5df2da2618e777ef1332a97f6826e1,test,shuffle_both,oct,6.677478702570793
ebc675997c1454051cdf8b8981d2e67f29dffee8a7f0fe955f48bd1fe41a4ca5,6bab36ae252cf43cd86c421991858cce5c5df2da2618e777ef1332a97f6826e1,test,shuffle_both,mean,4.7495580382454605
844276815264ca26522c6bbe935534f8208cb92202369d7a376c1a3aa3e7bb9a,cd352da2d5b95e840aa859e28aaf7571cc5949258359eef1da7d9a7bcf6e6eeb,development,disable_oct_to_cfp,cfp,4.794171799920921
844276815264ca26522c6bbe935534f8208cb92202369d7a376c1a3aa3e7bb9a,cd352da2d5b95e840aa859e28aaf7571cc5949258359eef1da7d9a7bcf6e6eeb,development,disable_oct_to_cfp,oct,0.0
844276815264ca26522c6bbe935534f8208cb92202369d7a376c1a3aa3e7bb9a,cd352da2d5b95e840aa859e28aaf7571cc5949258359eef1da7d9a7bcf6e6eeb,development,disable_oct_to_cfp,mean,2.3970858999604605
844276815264ca26522c6bbe935534f8208cb92202369d7a376c1a3aa3e7bb9a,cd352da2d5b95e840aa859e28aaf7571cc5949258359eef1da7d9a7bcf6e6eeb,development,disable_cfp_to_oct,cfp,0.0
844276815264ca26522c6bbe935534f8208cb92202369d7a376c1a3aa3e7bb9a,cd352da2d5b95e840aa859e28aaf7571cc5949258359eef1da7d9a7bcf6e6eeb,development,disable_cfp_to_oct,oct,35.92026512341099
844276815264ca26522c6bbe935534f8208cb92202369d7a376c1a3aa3e7bb9a,cd352da2d5b95e840aa859e28aaf7571cc5949258359eef1da7d9a7bcf6e6eeb,development,disable_cfp_to_oct,mean,17.9601325617055
844276815264ca26522c6bbe935534f8208cb92202369d7a376c1a3aa3e7bb9a,cd352da2d5b95e840aa859e28aaf7571cc5949258359eef1da7d9a7bcf6e6eeb,development,disable_both,cfp,4.794171799920921
844276815264ca26522c6bbe935534f8208cb92202369d7a376c1a3aa3e7bb9a,cd352da2d5b95e840aa859e28aaf7571cc5949258359eef1da7d9a7bcf6e6eeb,development,disable_both,oct,35.92026512341099
844276815264ca26522c6bbe935534f8208cb92202369d7a376c1a3aa3e7bb9a,cd352da2d5b95e840aa859e28aaf7571cc5949258359eef1da7d9a7bcf6e6eeb,development,disable_both,mean,20.35721846166596
844276815264ca26522c6bbe935534f8208cb92202369d7a376c1a3aa3e7bb9a,cd352da2d5b95e840aa859e28aaf7571cc5949258359eef1da7d9a7bcf6e6eeb,development,shuffle_oct_to_cfp,cfp,4.502848291404582
844276815264ca26522c6bbe935534f8208cb92202369d7a376c1a3aa3e7bb9a,cd352da2d5b95e840aa859e28aaf7571cc5949258359eef1da7d9a7bcf6e6eeb,development,shuffle_oct_to_cfp,oct,0.0
844276815264ca26522c6bbe935534f8208cb92202369d7a376c1a3aa3e7bb9a,cd352da2d5b95e840aa859e28aaf7571cc5949258359eef1da7d9a7bcf6e6eeb,development,shuffle_oct_to_cfp,mean,2.2514241457022965
844276815264ca26522c6bbe935534f8208cb92202369d7a376c1a3aa3e7bb9a,cd352da2d5b95e840aa859e28aaf7571cc5949258359eef1da7d9a7bcf6e6eeb,development,shuffle_cfp_to_oct,cfp,0.0
844276815264ca26522c6bbe935534f8208cb92202369d7a376c1a3aa3e7bb9a,cd352da2d5b95e840aa859e28aaf7571cc5949258359eef1da7d9a7bcf6e6eeb,development,shuffle_cfp_to_oct,oct,10.218428650427303
844276815264ca26522c6bbe935534f8208cb92202369d7a376c1a3aa3e7bb9a,cd352da2d5b95e840aa859e28aaf7571cc5949258359eef1da7d9a7bcf6e6eeb,development,shuffle_cfp_to_oct,mean,5.109214325213651
844276815264ca26522c6bbe935534f8208cb92202369d7a376c1a3aa3e7bb9a,cd352da2d5b95e840aa859e28aaf7571cc5949258359eef1da7d9a7bcf6e6eeb,development,shuffle_both,cfp,4.502848291404582
844276815264ca26522c6bbe935534f8208cb92202369d7a376c1a3aa3e7bb9a,cd352da2d5b95e840aa859e28aaf7571cc5949258359eef1da7d9a7bcf6e6eeb,development,shuffle_both,oct,10.218428650427303
844276815264ca26522c6bbe935534f8208cb92202369d7a376c1a3aa3e7bb9a,cd352da2d5b95e840aa859e28aaf7571cc5949258359eef1da7d9a7bcf6e6eeb,development,shuffle_both,mean,7.360638470915948
844276815264ca26522c6bbe935534f8208cb92202369d7a376c1a3aa3e7bb9a,cd352da2d5b95e840aa859e28aaf7571cc5949258359eef1da7d9a7bcf6e6eeb,test,disable_oct_to_cfp,cfp,1.515771471783045
844276815264ca26522c6bbe935534f8208cb92202369d7a376c1a3aa3e7bb9a,cd352da2d5b95e840aa859e28aaf7571cc5949258359eef1da7d9a7bcf6e6eeb,test,disable_oct_to_cfp,oct,0.0
844276815264ca26522c6bbe935534f8208cb92202369d7a376c1a3aa3e7bb9a,cd352da2d5b95e840aa859e28aaf7571cc5949258359eef1da7d9a7bcf6e6eeb,test,disable_oct_to_cfp,mean,0.7578857358915281
844276815264ca26522c6bbe935534f8208cb92202369d7a376c1a3aa3e7bb9a,cd352da2d5b95e840aa859e28aaf7571cc5949258359eef1da7d9a7bcf6e6eeb,test,disable_cfp_to_oct,cfp,0.0
844276815264ca26522c6bbe935534f8208cb92202369d7a376c1a3aa3e7bb9a,cd352da2d5b95e840aa859e28aaf7571cc5949258359eef1da7d9a7bcf6e6eeb,test,disable_cfp_to_oct,oct,25.549558565964897
844276815264ca26522c6bbe935534f8208cb92202369d7a376c1a3aa3e7bb9a,cd352da2d5b95e840aa859e28aaf7571cc5949258359eef1da7d9a7bcf6e6eeb,test,disable_cfp_to_oct,mean,12.77477928298245
844276815264ca26522c6bbe935534f8208cb92202369d7a376c1a3aa3e7bb9a,cd352da2d5b95e840aa859e28aaf7571cc5949258359eef1da7d9a7bcf6e6eeb,test,disable_both,cfp,1.515771471783045
844276815264ca26522c6bbe935534f8208cb92202369d7a376c1a3aa3e7bb9a,cd352da2d5b95e840aa859e28aaf7571cc5949258359eef1da7d9a7bcf6e6eeb,test,disable_both,oct,25.549558565964897
844276815264ca26522c6bbe935534f8208cb92202369d7a376c1a3aa3e7bb9a,cd352da2d5b95e840aa859e28aaf7571cc5949258359eef1da7d9a7bcf6e6eeb,test,disable_both,mean,13.532665018873969
844276815264ca26522c6bbe935534f8208cb92202369d7a376c1a3aa3e7bb9a,cd352da2d5b95e840aa859e28aaf7571cc5949258359eef1da7d9a7bcf6e6eeb,test,shuffle_oct_to_cfp,cfp,1.8039773023084127
844276815264ca26522c6bbe935534f8208cb92202369d7a376c1a3aa3e7bb9a,cd352da2d5b95e840aa859e28aaf7571cc5949258359eef1da7d9a7bcf6e6eeb,test,shuffle_oct_to_cfp,oct,0.0
844276815264ca26522c6bbe935534f8208cb92202369d7a376c1a3aa3e7bb9a,cd352da2d5b95e840aa859e28aaf7571cc5949258359eef1da7d9a7bcf6e6eeb,test,shuffle_oct_to_cfp,mean,0.9019886511542063
844276815264ca26522c6bbe935534f8208cb92202369d7a376c1a3aa3e7bb9a,cd352da2d5b95e840aa859e28aaf7571cc5949258359eef1da7d9a7bcf6e6eeb,test,shuffle_cfp_to_oct,cfp,0.0
844276815264ca26522c6bbe935534f8208cb92202369d7a376c1a3aa3e7bb9a,cd352da2d5b95e840aa859e28aaf7571cc5949258359eef1da7d9a7bcf6e6eeb,test,shuffle_cfp_to_oct,oct,0.6715090205846486
844276815264ca26522c6bbe935534f8208cb92202369d7a376c1a3aa3e7bb9a,cd352da2d5b95e840aa859e28aaf7571cc5949258359eef1da7d9a7bcf6e6eeb,test,shuffle_cfp_to_oct,mean,0.33575451029232983
844276815264ca26522c6bbe935534f8208cb92202369d7a376c1a3aa3e7bb9a,cd352da2d5b95e840aa859e28aaf7571cc5949258359eef1da7d9a7bcf6e6eeb,test,shuffle_both,cfp,1.8039773023084127
844276815264ca26522c6bbe935534f8208cb92202369d7a376c1a3aa3e7bb9a,cd352da2d5b95e840aa859e28aaf7571cc5949258359eef1da7d9a7bcf6e6eeb,test,shuffle_both,oct,0.6715090205846486
844276815264ca26522c6bbe935534f8208cb92202369d7a376c1a3aa3e7bb9a,cd352da2d5b95e840aa859e28aaf7571cc5949258359eef1da7d9a7bcf6e6eeb,test,shuffle_both,mean,1.2377431614465362
8da64814791277430e4532b43189d5c0d5f743676fd52d120e0232a13ec76826,250c0b656c4d6fd643444258bf051b17a40243713a0ef5ae0ebd44e55593c8ae,development,disable_oct_to_cfp,cfp,11.017002357339834
8da64814791277430e4532b43189d5c0d5f743676fd52d120e0232a13ec76826,250c0b656c4d6fd643444258bf051b17a40243713a0ef5ae0ebd44e55593c8ae,development,disable_oct_to_cfp,oct,0.0
8da64814791277430e4532b43189d5c0d5f743676fd52d120e0232a13ec76826,250c0b656c4d6fd643444258bf051b17a40243713a0ef5ae0ebd44e55593c8ae,development,disable_oct_to_cfp,mean,5.508501178669922
8da64814791277430e4532b43189d5c0d5f743676fd52d120e0232a13ec76826,250c0b656c4d6fd643444258bf051b17a40243713a0ef5ae0ebd44e55593c8ae,development,disable_cfp_to_oct,cfp,0.0
8da64814791277430e4532b43189d5c0d5f743676fd52d120e0232a13ec76826,250c0b656c4d6fd643444258bf051b17a40243713a0ef5ae0ebd44e55593c8ae,development,disable_cfp_to_oct,oct,36.37700766900077
8da64814791277430e4532b43189d5c0d5f743676fd52d120e0232a13ec76826,250c0b656c4d6fd643444258bf051b17a40243713a0ef5ae0ebd44e55593c8ae,development,disable_cfp_to_oct,mean,18.18850383450038
8da64814791277430e4532b43189d5c0d5f743676fd52d120e0232a13ec76826,250c0b656c4d6fd643444258bf051b17a40243713a0ef5ae0ebd44e55593c8ae,development,disable_both,cfp,11.017002357339834
8da64814791277430e4532b43189d5c0d5f743676fd52d120e0232a13ec76826,250c0b656c4d6fd643444258bf051b17a40243713a0ef5ae0ebd44e55593c8ae,development,disable_both,oct,36.37700766900077
8da64814791277430e4532b43189d5c0d5f743676fd52d120e0232a13ec76826,250c0b656c4d6fd643444258bf051b17a40243713a0ef5ae0ebd44e55593c8ae,development,disable_both,mean,23.6970050131703
8da64814791277430e4532b43189d5c0d5f743676fd52d120e0232a13ec76826,250c0b656c4d6fd643444258bf051b17a40243713a0ef5ae0ebd44e55593c8ae,development,shuffle_oct_to_cfp,cfp,12.151551019497852
8da64814791277430e4532b43189d5c0d5f743676fd52d120e0232a13ec76826,250c0b656c4d6fd643444258bf051b17a40243713a0ef5ae0ebd44e55593c8ae,development,shuffle_oct_to_cfp,oct,0.0
8da64814791277430e4532b43189d5c0d5f743676fd52d120e0232a13ec76826,250c0b656c4d6fd643444258bf051b17a40243713a0ef5ae0ebd44e55593c8ae,development,shuffle_oct_to_cfp,mean,6.075775509748926
8da64814791277430e4532b43189d5c0d5f743676fd52d120e0232a13ec76826,250c0b656c4d6fd643444258bf051b17a40243713a0ef5ae0ebd44e55593c8ae,development,shuffle_cfp_to_oct,cfp,0.0
8da64814791277430e4532b43189d5c0d5f743676fd52d120e0232a13ec76826,250c0b656c4d6fd643444258bf051b17a40243713a0ef5ae0ebd44e55593c8ae,development,shuffle_cfp_to_oct,oct,12.694353166246842
8da64814791277430e4532b43189d5c0d5f743676fd52d120e0232a13ec76826,250c0b656c4d6fd643444258bf051b17a40243713a0ef5ae0ebd44e55593c8ae,development,shuffle_cfp_to_oct,mean,6.3471765831234155
8da64814791277430e4532b43189d5c0d5f743676fd52d120e0232a13ec76826,250c0b656c4d6fd643444258bf051b17a40243713a0ef5ae0ebd44e55593c8ae,development,shuffle_both,cfp,12.151551019497852
8da64814791277430e4532b43189d5c0d5f743676fd52d120e0232a13ec76826,250c0b656c4d6fd643444258bf051b17a40243713a0ef5ae0ebd44e55593c8ae,development,shuffle_both,oct,12.694353166246842
8da64814791277430e4532b43189d5c0d5f743676fd52d120e0232a13ec76826,250c0b656c4d6fd643444258bf051b17a40243713a0ef5ae0ebd44e55593c8ae,development,shuffle_both,mean,12.422952092872341
8da64814791277430e4532b43189d5c0d5f743676fd52d120e0232a13ec76826,250c0b656c4d6fd643444258bf051b17a40243713a0ef5ae0ebd44e55593c8ae,test,disable_oct_to_cfp,cfp,5.202392718624161
8da64814791277430e4532b43189d5c0d5f743676fd52d120e0232a13ec76826,250c0b656c4d6fd643444258bf051b17a40243713a0ef5ae0ebd44e55593c8ae,test,disable_oct_to_cfp,oct,0.0
8da64814791277430e4532b43189d5c0d5f743676fd52d120e0232a13ec76826,250c0b656c4d6fd643444258bf051b17a40243713a0ef5ae0ebd44e55593c8ae,test,disable_oct_to_cfp,mean,2.6011963593120746
8da64814791277430e4532b43189d5c0d5f743676fd52d120e0232a13ec76826,250c0b656c4d6fd643444258bf051b17a40243713a0ef5ae0ebd44e55593c8ae,test,disable_cfp_to_oct,cfp,0.0
8da64814791277430e4532b43189d5c0d5f743676fd52d120e0232a13ec76826,250c0b656c4d6fd643444258bf051b17a40243713a0ef5ae0ebd44e55593c8ae,test,disable_cfp_to_oct,oct,23.01112732450761
8da64814791277430e4532b43189d5c0d5f743676fd52d120e0232a13ec76826,250c0b656c4d6fd643444258bf051b17a40243713a0ef5ae0ebd44e55593c8ae,test,disable_cfp_to_oct,mean,11.505563662253799
8da64814791277430e4532b43189d5c0d5f743676fd52d120e0232a13ec76826,250c0b656c4d6fd643444258bf051b17a40243713a0ef5ae0ebd44e55593c8ae,test,disable_both,cfp,5.202392718624161
8da64814791277430e4532b43189d5c0d5f743676fd52d120e0232a13ec76826,250c0b656c4d6fd643444258bf051b17a40243713a0ef5ae0ebd44e55593c8ae,test,disable_both,oct,23.01112732450761
8da64814791277430e4532b43189d5c0d5f743676fd52d120e0232a13ec76826,250c0b656c4d6fd643444258bf051b17a40243713a0ef5ae0ebd44e55593c8ae,test,disable_both,mean,14.10676002156588
8da64814791277430e4532b43189d5c0d5f743676fd52d120e0232a13ec76826,250c0b656c4d6fd643444258bf051b17a40243713a0ef5ae0ebd44e55593c8ae,test,shuffle_oct_to_cfp,cfp,4.6842688479581955
8da64814791277430e4532b43189d5c0d5f743676fd52d120e0232a13ec76826,250c0b656c4d6fd643444258bf051b17a40243713a0ef5ae0ebd44e55593c8ae,test,shuffle_oct_to_cfp,oct,0.0
8da64814791277430e4532b43189d5c0d5f743676fd52d120e0232a13ec76826,250c0b656c4d6fd643444258bf051b17a40243713a0ef5ae0ebd44e55593c8ae,test,shuffle_oct_to_cfp,mean,2.342134423979092
8da64814791277430e4532b43189d5c0d5f743676fd52d120e0232a13ec76826,250c0b656c4d6fd643444258bf051b17a40243713a0ef5ae0ebd44e55593c8ae,test,shuffle_cfp_to_oct,cfp,0.0
8da64814791277430e4532b43189d5c0d5f743676fd52d120e0232a13ec76826,250c0b656c4d6fd643444258bf051b17a40243713a0ef5ae0ebd44e55593c8ae,test,shuffle_cfp_to_oct,oct,3.5200331598926327
8da64814791277430e4532b43189d5c0d5f743676fd52d120e0232a13ec76826,250c0b656c4d6fd643444258bf051b17a40243713a0ef5ae0ebd44e55593c8ae,test,shuffle_cfp_to_oct,mean,1.7600165799463108
8da64814791277430e4532b43189d5c0d5f743676fd52d120e0232a13ec76826,250c0b656c4d6fd643444258bf051b17a40243713a0ef5ae0ebd44e55593c8ae,test,shuffle_both,cfp,4.6842688479581955
8da64814791277430e4532b43189d5c0d5f743676fd52d120e0232a13ec76826,250c0b656c4d6fd643444258bf051b17a40243713a0ef5ae0ebd44e55593c8ae,test,shuffle_both,oct,3.5200331598926327
8da64814791277430e4532b43189d5c0d5f743676fd52d120e0232a13ec76826,250c0b656c4d6fd643444258bf051b17a40243713a0ef5ae0ebd44e55593c8ae,test,shuffle_both,mean,4.102151003925414
795bcdb94381ef82e81c8809726af8b15fad61c57688e8bfa1e6d6fd4781475d,ebee52f54ac534b539d9200b1d91d69f76ceef9abafcfb0be346af369fa2ee45,development,disable_oct_to_cfp,cfp,36.3209560392659
795bcdb94381ef82e81c8809726af8b15fad61c57688e8bfa1e6d6fd4781475d,ebee52f54ac534b539d9200b1d91d69f76ceef9abafcfb0be346af369fa2ee45,development,disable_oct_to_cfp,oct,0.0
795bcdb94381ef82e81c8809726af8b15fad61c57688e8bfa1e6d6fd4781475d,ebee52f54ac534b539d9200b1d91d69f76ceef9abafcfb0be346af369fa2ee45,development,disable_oct_to_cfp,mean,18.16047801963294
795bcdb94381ef82e81c8809726af8b15fad61c57688e8bfa1e6d6fd4781475d,ebee52f54ac534b539d9200b1d91d69f76ceef9abafcfb0be346af369fa2ee45,development,disable_cfp_to_oct,cfp,0.0
795bcdb94381ef82e81c8809726af8b15fad61c57688e8bfa1e6d6fd4781475d,ebee52f54ac534b539d9200b1d91d69f76ceef9abafcfb0be346af369fa2ee45,development,disable_cfp_to_oct,oct,38.9437134502924
795bcdb94381ef82e81c8809726af8b15fad61c57688e8bfa1e6d6fd4781475d,ebee52f54ac534b539d9200b1d91d69f76ceef9abafcfb0be346af369fa2ee45,development,disable_cfp_to_oct,mean,19.471856725146196
795bcdb94381ef82e81c8809726af8b15fad61c57688e8bfa1e6d6fd4781475d,ebee52f54ac534b539d9200b1d91d69f76ceef9abafcfb0be346af369fa2ee45,development,disable_both,cfp,36.3209560392659
795bcdb94381ef82e81c8809726af8b15fad61c57688e8bfa1e6d6fd4781475d,ebee52f54ac534b539d9200b1d91d69f76ceef9abafcfb0be346af369fa2ee45,development,disable_both,oct,38.9437134502924
795bcdb94381ef82e81c8809726af8b15fad61c57688e8bfa1e6d6fd4781475d,ebee52f54ac534b539d9200b1d91d69f76ceef9abafcfb0be346af369fa2ee45,development,disable_both,mean,37.63233474477914
795bcdb94381ef82e81c8809726af8b15fad61c57688e8bfa1e6d6fd4781475d,ebee52f54ac534b539d9200b1d91d69f76ceef9abafcfb0be346af369fa2ee45,development,shuffle_oct_to_cfp,cfp,8.877146957608872
795bcdb94381ef82e81c8809726af8b15fad61c57688e8bfa1e6d6fd4781475d,ebee52f54ac534b539d9200b1d91d69f76ceef9abafcfb0be346af369fa2ee45,development,shuffle_oct_to_cfp,oct,0.0
795bcdb94381ef82e81c8809726af8b15fad61c57688e8bfa1e6d6fd4781475d,ebee52f54ac534b539d9200b1d91d69f76ceef9abafcfb0be346af369fa2ee45,development,shuffle_oct_to_cfp,mean,4.438573478804431
795bcdb94381ef82e81c8809726af8b15fad61c57688e8bfa1e6d6fd4781475d,ebee52f54ac534b539d9200b1d91d69f76ceef9abafcfb0be346af369fa2ee45,development,shuffle_cfp_to_oct,cfp,0.0
795bcdb94381ef82e81c8809726af8b15fad61c57688e8bfa1e6d6fd4781475d,ebee52f54ac534b539d9200b1d91d69f76ceef9abafcfb0be346af369fa2ee45,development,shuffle_cfp_to_oct,oct,15.734176957011691
795bcdb94381ef82e81c8809726af8b15fad61c57688e8bfa1e6d6fd4781475d,ebee52f54ac534b539d9200b1d91d69f76ceef9abafcfb0be346af369fa2ee45,development,shuffle_cfp_to_oct,mean,7.8670884785058455
795bcdb94381ef82e81c8809726af8b15fad61c57688e8bfa1e6d6fd4781475d,ebee52f54ac534b539d9200b1d91d69f76ceef9abafcfb0be346af369fa2ee45,development,shuffle_both,cfp,8.877146957608872
795bcdb94381ef82e81c8809726af8b15fad61c57688e8bfa1e6d6fd4781475d,ebee52f54ac534b539d9200b1d91d69f76ceef9abafcfb0be346af369fa2ee45,development,shuffle_both,oct,15.734176957011691
795bcdb94381ef82e81c8809726af8b15fad61c57688e8bfa1e6d6fd4781475d,ebee52f54ac534b539d9200b1d91d69f76ceef9abafcfb0be346af369fa2ee45,development,shuffle_both,mean,12.305661957310276
795bcdb94381ef82e81c8809726af8b15fad61c57688e8bfa1e6d6fd4781475d,ebee52f54ac534b539d9200b1d91d69f76ceef9abafcfb0be346af369fa2ee45,test,disable_oct_to_cfp,cfp,21.850270480884955
795bcdb94381ef82e81c8809726af8b15fad61c57688e8bfa1e6d6fd4781475d,ebee52f54ac534b539d9200b1d91d69f76ceef9abafcfb0be346af369fa2ee45,test,disable_oct_to_cfp,oct,0.0
795bcdb94381ef82e81c8809726af8b15fad61c57688e8bfa1e6d6fd4781475d,ebee52f54ac534b539d9200b1d91d69f76ceef9abafcfb0be346af369fa2ee45,test,disable_oct_to_cfp,mean,10.925135240442474
795bcdb94381ef82e81c8809726af8b15fad61c57688e8bfa1e6d6fd4781475d,ebee52f54ac534b539d9200b1d91d69f76ceef9abafcfb0be346af369fa2ee45,test,disable_cfp_to_oct,cfp,0.0
795bcdb94381ef82e81c8809726af8b15fad61c57688e8bfa1e6d6fd4781475d,ebee52f54ac534b539d9200b1d91d69f76ceef9abafcfb0be346af369fa2ee45,test,disable_cfp_to_oct,oct,29.769676214937153
795bcdb94381ef82e81c8809726af8b15fad61c57688e8bfa1e6d6fd4781475d,ebee52f54ac534b539d9200b1d91d69f76ceef9abafcfb0be346af369fa2ee45,test,disable_cfp_to_oct,mean,14.884838107468578
795bcdb94381ef82e81c8809726af8b15fad61c57688e8bfa1e6d6fd4781475d,ebee52f54ac534b539d9200b1d91d69f76ceef9abafcfb0be346af369fa2ee45,test,disable_both,cfp,21.850270480884955
795bcdb94381ef82e81c8809726af8b15fad61c57688e8bfa1e6d6fd4781475d,ebee52f54ac534b539d9200b1d91d69f76ceef9abafcfb0be346af369fa2ee45,test,disable_both,oct,29.769676214937153
795bcdb94381ef82e81c8809726af8b15fad61c57688e8bfa1e6d6fd4781475d,ebee52f54ac534b539d9200b1d91d69f76ceef9abafcfb0be346af369fa2ee45,test,disable_both,mean,25.809973347911054
795bcdb94381ef82e81c8809726af8b15fad61c57688e8bfa1e6d6fd4781475d,ebee52f54ac534b539d9200b1d91d69f76ceef9abafcfb0be346af369fa2ee45,test,shuffle_oct_to_cfp,cfp,2.379445712756012
795bcdb94381ef82e81c8809726af8b15fad61c57688e8bfa1e6d6fd4781475d,ebee52f54ac534b539d9200b1d91d69f76ceef9abafcfb0be346af369fa2ee45,test,shuffle_oct_to_cfp,oct,0.0
795bcdb94381ef82e81c8809726af8b15fad61c57688e8bfa1e6d6fd4781475d,ebee52f54ac534b539d9200b1d91d69f76ceef9abafcfb0be346af369fa2ee45,test,shuffle_oct_to_cfp,mean,1.189722856378006
795bcdb94381ef82e81c8809726af8b15fad61c57688e8bfa1e6d6fd4781475d,ebee52f54ac534b539d9200b1d91d69f76ceef9abafcfb0be346af369fa2ee45,test,shuffle_cfp_to_oct,cfp,0.0
795bcdb94381ef82e81c8809726af8b15fad61c57688e8bfa1e6d6fd4781475d,ebee52f54ac534b539d9200b1d91d69f76ceef9abafcfb0be346af369fa2ee45,test,shuffle_cfp_to_oct,oct,9.27687267979378
795bcdb94381ef82e81c8809726af8b15fad61c57688e8bfa1e6d6fd4781475d,ebee52f54ac534b539d9200b1d91d69f76ceef9abafcfb0be346af369fa2ee45,test,shuffle_cfp_to_oct,mean,4.63843633989689
795bcdb94381ef82e81c8809726af8b15fad61c57688e8bfa1e6d6fd4781475d,ebee52f54ac534b539d9200b1d91d69f76ceef9abafcfb0be346af369fa2ee45,test,shuffle_both,cfp,2.379445712756012
795bcdb94381ef82e81c8809726af8b15fad61c57688e8bfa1e6d6fd4781475d,ebee52f54ac534b539d9200b1d91d69f76ceef9abafcfb0be346af369fa2ee45,test,shuffle_both,oct,9.27687267979378
795bcdb94381ef82e81c8809726af8b15fad61c57688e8bfa1e6d6fd4781475d,ebee52f54ac534b539d9200b1d91d69f76ceef9abafcfb0be346af369fa2ee45,test,shuffle_both,mean,5.828159196274896
029757dfd7148ff75e362f3b6156402594d243f7740efcba3f91eabe8873e27b,4cc177193310704f97d689558acb8d3a1be17b515ea429a7bf0d7d87d74dc861,development,disable_oct_to_cfp,cfp,7.87988861028871
029757dfd7148ff75e362f3b6156402594d243f7740efcba3f91eabe8873e27b,4cc177193310704f97d689558acb8d3a1be17b515ea429a7bf0d7d87d74dc861,development,disable_oct_to_cfp,oct,0.0
029757dfd7148ff75e362f3b6156402594d243f7740efcba3f91eabe8873e27b,4cc177193310704f97d689558acb8d3a1be17b515ea429a7bf0d7d87d74dc861,development,disable_oct_to_cfp,mean,3.9399443051443606
029757dfd7148ff75e362f3b6156402594d243f7740efcba3f91eabe8873e27b,4cc177193310704f97d689558acb8d3a1be17b515ea429a7bf0d7d87d74dc861,development,disable_cfp_to_oct,cfp,0.0
029757dfd7148ff75e362f3b6156402594d243f7740efcba3f91eabe8873e27b,4cc177193310704f97d689558acb8d3a1be17b515ea429a7bf0d7d87d74dc861,development,disable_cfp_to_oct,oct,23.30485615338161
029757dfd7148ff75e362f3b6156402594d243f7740efcba3f91eabe8873e27b,4cc177193310704f97d689558acb8d3a1be17b515ea429a7bf0d7d87d74dc861,development,disable_cfp_to_oct,mean,11.652428076690812
029757dfd7148ff75e362f3b6156402594d243f7740efcba3f91eabe8873e27b,4cc177193310704f97d689558acb8d3a1be17b515ea429a7bf0d7d87d74dc861,development,disable_both,cfp,7.87988861028871
029757dfd7148ff75e362f3b6156402594d243f7740efcba3f91eabe8873e27b,4cc177193310704f97d689558acb8d3a1be17b515ea429a7bf0d7d87d74dc861,development,disable_both,oct,23.30485615338161
029757dfd7148ff75e362f3b6156402594d243f7740efcba3f91eabe8873e27b,4cc177193310704f97d689558acb8d3a1be17b515ea429a7bf0d7d87d74dc861,development,disable_both,mean,15.592372381835162
029757dfd7148ff75e362f3b6156402594d243f7740efcba3f91eabe8873e27b,4cc177193310704f97d689558acb8d3a1be17b515ea429a7bf0d7d87d74dc861,development,shuffle_oct_to_cfp,cfp,7.418975603467592
029757dfd7148ff75e362f3b6156402594d243f7740efcba3f91eabe8873e27b,4cc177193310704f97d689558acb8d3a1be17b515ea429a7bf0d7d87d74dc861,development,shuffle_oct_to_cfp,oct,0.0
029757dfd7148ff75e362f3b6156402594d243f7740efcba3f91eabe8873e27b,4cc177193310704f97d689558acb8d3a1be17b515ea429a7bf0d7d87d74dc861,development,shuffle_oct_to_cfp,mean,3.7094878017338018
029757dfd7148ff75e362f3b6156402594d243f7740efcba3f91eabe8873e27b,4cc177193310704f97d689558acb8d3a1be17b515ea429a7bf0d7d87d74dc861,development,shuffle_cfp_to_oct,cfp,0.0
029757dfd7148ff75e362f3b6156402594d243f7740efcba3f91eabe8873e27b,4cc177193310704f97d689558acb8d3a1be17b515ea429a7bf0d7d87d74dc861,development,shuffle_cfp_to_oct,oct,8.88189457084544
029757dfd7148ff75e362f3b6156402594d243f7740efcba3f91eabe8873e27b,4cc177193310704f97d689558acb8d3a1be17b515ea429a7bf0d7d87d74dc861,development,shuffle_cfp_to_oct,mean,4.440947285422725
029757dfd7148ff75e362f3b6156402594d243f7740efcba3f91eabe8873e27b,4cc177193310704f97d689558acb8d3a1be17b515ea429a7bf0d7d87d74dc861,development,shuffle_both,cfp,7.418975603467592
029757dfd7148ff75e362f3b6156402594d243f7740efcba3f91eabe8873e27b,4cc177193310704f97d689558acb8d3a1be17b515ea429a7bf0d7d87d74dc861,development,shuffle_both,oct,8.88189457084544
029757dfd7148ff75e362f3b6156402594d243f7740efcba3f91eabe8873e27b,4cc177193310704f97d689558acb8d3a1be17b515ea429a7bf0d7d87d74dc861,development,shuffle_both,mean,8.150435087156517
029757dfd7148ff75e362f3b6156402594d243f7740efcba3f91eabe8873e27b,4cc177193310704f97d689558acb8d3a1be17b515ea429a7bf0d7d87d74dc861,test,disable_oct_to_cfp,cfp,2.225055088590866
029757dfd7148ff75e362f3b6156402594d243f7740efcba3f91eabe8873e27b,4cc177193310704f97d689558acb8d3a1be17b515ea429a7bf0d7d87d74dc861,test,disable_oct_to_cfp,oct,0.0
029757dfd7148ff75e362f3b6156402594d243f7740efcba3f91eabe8873e27b,4cc177193310704f97d689558acb8d3a1be17b515ea429a7bf0d7d87d74dc861,test,disable_oct_to_cfp,mean,1.1125275442954385
029757dfd7148ff75e362f3b6156402594d243f7740efcba3f91eabe8873e27b,4cc177193310704f97d689558acb8d3a1be17b515ea429a7bf0d7d87d74dc861,test,disable_cfp_to_oct,cfp,0.0
029757dfd7148ff75e362f3b6156402594d243f7740efcba3f91eabe8873e27b,4cc177193310704f97d689558acb8d3a1be17b515ea429a7bf0d7d87d74dc861,test,disable_cfp_to_oct,oct,13.280826021353603
029757dfd7148ff75e362f3b6156402594d243f7740efcba3f91eabe8873e27b,4cc177193310704f97d689558acb8d3a1be17b515ea429a7bf0d7d87d74dc861,test,disable_cfp_to_oct,mean,6.640413010676804
029757dfd7148ff75e362f3b6156402594d243f7740efcba3f91eabe8873e27b,4cc177193310704f97d689558acb8d3a1be17b515ea429a7bf0d7d87d74dc861,test,disable_both,cfp,2.225055088590866
029757dfd7148ff75e362f3b6156402594d243f7740efcba3f91eabe8873e27b,4cc177193310704f97d689558acb8d3a1be17b515ea429a7bf0d7d87d74dc861,test,disable_both,oct,13.280826021353603
029757dfd7148ff75e362f3b6156402594d243f7740efcba3f91eabe8873e27b,4cc177193310704f97d689558acb8d3a1be17b515ea429a7bf0d7d87d74dc861,test,disable_both,mean,7.752940554972232
029757dfd7148ff75e362f3b6156402594d243f7740efcba3f91eabe8873e27b,4cc177193310704f97d689558acb8d3a1be17b515ea429a7bf0d7d87d74dc861,test,shuffle_oct_to_cfp,cfp,-1.4699047805651344
029757dfd7148ff75e362f3b6156402594d243f7740efcba3f91eabe8873e27b,4cc177193310704f97d689558acb8d3a1be17b515ea429a7bf0d7d87d74dc861,test,shuffle_oct_to_cfp,oct,0.0
029757dfd7148ff75e362f3b6156402594d243f7740efcba3f91eabe8873e27b,4cc177193310704f97d689558acb8d3a1be17b515ea429a7bf0d7d87d74dc861,test,shuffle_oct_to_cfp,mean,-0.7349523902825617
029757dfd7148ff75e362f3b6156402594d243f7740efcba3f91eabe8873e27b,4cc177193310704f97d689558acb8d3a1be17b515ea429a7bf0d7d87d74dc861,test,shuffle_cfp_to_oct,cfp,0.0
029757dfd7148ff75e362f3b6156402594d243f7740efcba3f91eabe8873e27b,4cc177193310704f97d689558acb8d3a1be17b515ea429a7bf0d7d87d74dc861,test,shuffle_cfp_to_oct,oct,-0.49576090898310055
029757dfd7148ff75e362f3b6156402594d243f7740efcba3f91eabe8873e27b,4cc177193310704f97d689558acb8d3a1be17b515ea429a7bf0d7d87d74dc861,test,shuffle_cfp_to_oct,mean,-0.24788045449154472
029757dfd7148ff75e362f3b6156402594d243f7740efcba3f91eabe8873e27b,4cc177193310704f97d689558acb8d3a1be17b515ea429a7bf0d7d87d74dc861,test,shuffle_both,cfp,-1.4699047805651344
029757dfd7148ff75e362f3b6156402594d243f7740efcba3f91eabe8873e27b,4cc177193310704f97d689558acb8d3a1be17b515ea429a7bf0d7d87d74dc861,test,shuffle_both,oct,-0.49576090898310055
029757dfd7148ff75e362f3b6156402594d243f7740efcba3f91eabe8873e27b,4cc177193310704f97d689558acb8d3a1be17b515ea429a7bf0d7d87d74dc861,test,shuffle_both,mean,-0.9828328447741175
e9e9ba7db0e8cd56c9039584435c560e6a78e6580a573ce6e38bfae060855cda,bbf675758e301776db86d8dc413b6885d88fe458ae42c2ccbb472fc21ffe98b7,development,disable_oct_to_cfp,cfp,0.0
e9e9ba7db0e8cd56c9039584435c560e6a78e6580a573ce6e38bfae060855cda,bbf675758e301776db86d8dc413b6885d88fe458ae42c2ccbb472fc21ffe98b7,development,disable_oct_to_cfp,oct,0.0
e9e9ba7db0e8cd56c9039584435c560e6a78e6580a573ce6e38bfae060855cda,bbf675758e301776db86d8dc413b6885d88fe458ae42c2ccbb472fc21ffe98b7,development,disable_oct_to_cfp,mean,0.0
e9e9ba7db0e8cd56c9039584435c560e6a78e6580a573ce6e38bfae060855cda,bbf675758e301776db86d8dc413b6885d88fe458ae42c2ccbb472fc21ffe98b7,development,disable_cfp_to_oct,cfp,0.0
e9e9ba7db0e8cd56c9039584435c560e6a78e6580a573ce6e38bfae060855cda,bbf675758e301776db86d8dc413b6885d88fe458ae42c2ccbb472fc21ffe98b7,development,disable_cfp_to_oct,oct,0.0
e9e9ba7db0e8cd56c9039584435c560e6a78e6580a573ce6e38bfae060855cda,bbf675758e301776db86d8dc413b6885d88fe458ae42c2ccbb472fc21ffe98b7,development,disable_cfp_to_oct,mean,0.0
e9e9ba7db0e8cd56c9039584435c560e6a78e6580a573ce6e38bfae060855cda,bbf675758e301776db86d8dc413b6885d88fe458ae42c2ccbb472fc21ffe98b7,development,disable_both,cfp,0.0
e9e9ba7db0e8cd56c9039584435c560e6a78e6580a573ce6e38bfae060855cda,bbf675758e301776db86d8dc413b6885d88fe458ae42c2ccbb472fc21ffe98b7,development,disable_both,oct,0.0
e9e9ba7db0e8cd56c9039584435c560e6a78e6580a573ce6e38bfae060855cda,bbf675758e301776db86d8dc413b6885d88fe458ae42c2ccbb472fc21ffe98b7,development,disable_both,mean,0.0
e9e9ba7db0e8cd56c9039584435c560e6a78e6580a573ce6e38bfae060855cda,bbf675758e301776db86d8dc413b6885d88fe458ae42c2ccbb472fc21ffe98b7,development,shuffle_oct_to_cfp,cfp,0.0
e9e9ba7db0e8cd56c9039584435c560e6a78e6580a573ce6e38bfae060855cda,bbf675758e301776db86d8dc413b6885d88fe458ae42c2ccbb472fc21ffe98b7,development,shuffle_oct_to_cfp,oct,0.0
e9e9ba7db0e8cd56c9039584435c560e6a78e6580a573ce6e38bfae060855cda,bbf675758e301776db86d8dc413b6885d88fe458ae42c2ccbb472fc21ffe98b7,development,shuffle_oct_to_cfp,mean,0.0
e9e9ba7db0e8cd56c9039584435c560e6a78e6580a573ce6e38bfae060855cda,bbf675758e301776db86d8dc413b6885d88fe458ae42c2ccbb472fc21ffe98b7,development,shuffle_cfp_to_oct,cfp,0.0
e9e9ba7db0e8cd56c9039584435c560e6a78e6580a573ce6e38bfae060855cda,bbf675758e301776db86d8dc413b6885d88fe458ae42c2ccbb472fc21ffe98b7,development,shuffle_cfp_to_oct,oct,0.0
e9e9ba7db0e8cd56c9039584435c560e6a78e6580a573ce6e38bfae060855cda,bbf675758e301776db86d8dc413b6885d88fe458ae42c2ccbb472fc21ffe98b7,development,shuffle_cfp_to_oct,mean,0.0
e9e9ba7db0e8cd56c9039584435c560e6a78e6580a573ce6e38bfae060855cda,bbf675758e301776db86d8dc413b6885d88fe458ae42c2ccbb472fc21ffe98b7,development,shuffle_both,cfp,0.0
e9e9ba7db0e8cd56c9039584435c560e6a78e6580a573ce6e38bfae060855cda,bbf675758e301776db86d8dc413b6885d88fe458ae42c2ccbb472fc21ffe98b7,development,shuffle_both,oct,0.0
e9e9ba7db0e8cd56c9039584435c560e6a78e6580a573ce6e38bfae060855cda,bbf675758e301776db86d8dc413b6885d88fe458ae42c2ccbb472fc21ffe98b7,development,shuffle_both,mean,0.0
e9e9ba7db0e8cd56c9039584435c560e6a78e6580a573ce6e38bfae060855cda,bbf675758e301776db86d8dc413b6885d88fe458ae42c2ccbb472fc21ffe98b7,test,disable_oct_to_cfp,cfp,0.0
e9e9ba7db0e8cd56c9039584435c560e6a78e6580a573ce6e38bfae060855cda,bbf675758e301776db86d8dc413b6885d88fe458ae42c2ccbb472fc21ffe98b7,test,disable_oct_to_cfp,oct,0.0
e9e9ba7db0e8cd56c9039584435c560e6a78e6580a573ce6e38bfae060855cda,bbf675758e301776db86d8dc413b6885d88fe458ae42c2ccbb472fc21ffe98b7,test,disable_oct_to_cfp,mean,0.0
e9e9ba7db0e8cd56c9039584435c560e6a78e6580a573ce6e38bfae060855cda,bbf675758e301776db86d8dc413b6885d88fe458ae42c2ccbb472fc21ffe98b7,test,disable_cfp_to_oct,cfp,0.0
e9e9ba7db0e8cd56c9039584435c560e6a78e6580a573ce6e38bfae060855cda,bbf675758e301776db86d8dc413b6885d88fe458ae42c2ccbb472fc21ffe98b7,test,disable_cfp_to_oct,oct,0.0
e9e9ba7db0e8cd56c9039584435c560e6a78e6580a573ce6e38bfae060855cda,bbf675758e301776db86d8dc413b6885d88fe458ae42c2ccbb472fc21ffe98b7,test,disable_cfp_to_oct,mean,0.0
e9e9ba7db0e8cd56c9039584435c560e6a78e6580a573ce6e38bfae060855cda,bbf675758e301776db86d8dc413b6885d88fe458ae42c2ccbb472fc21ffe98b7,test,disable_both,cfp,0.0
e9e9ba7db0e8cd56c9039584435c560e6a78e6580a573ce6e38bfae060855cda,bbf675758e301776db86d8dc413b6885d88fe458ae42c2ccbb472fc21ffe98b7,test,disable_both,oct,0.0
e9e9ba7db0e8cd56c9039584435c560e6a78e6580a573ce6e38bfae060855cda,bbf675758e301776db86d8dc413b6885d88fe458ae42c2ccbb472fc21ffe98b7,test,disable_both,mean,0.0
e9e9ba7db0e8cd56c9039584435c560e6a78e6580a573ce6e38bfae060855cda,bbf675758e301776db86d8dc413b6885d88fe458ae42c2ccbb472fc21ffe98b7,test,shuffle_oct_to_cfp,cfp,0.0
e9e9ba7db0e8cd56c9039584435c560e6a78e6580a573ce6e38bfae060855cda,bbf675758e301776db86d8dc413b6885d88fe458ae42c2ccbb472fc21ffe98b7,test,shuffle_oct_to_cfp,oct,0.0
e9e9ba7db0e8cd56c9039584435c560e6a78e6580a573ce6e38bfae060855cda,bbf675758e301776db86d8dc413b6885d88fe458ae42c2ccbb472fc21ffe98b7,test,shuffle_oct_to_cfp,mean,0.0
e9e9ba7db0e8cd56c9039584435c560e6a78e6580a573ce6e38bfae060855cda,bbf675758e301776db86d8dc413b6885d88fe458ae42c2ccbb472fc21ffe98b7,test,shuffle_cfp_to_oct,cfp,0.0
e9e9ba7db0e8cd56c9039584435c560e6a78e6580a573ce6e38bfae060855cda,bbf675758e301776db86d8dc413b6885d88fe458ae42c2ccbb472fc21ffe98b7,test,shuffle_cfp_to_oct,oct,0.0
e9e9ba7db0e8cd56c9039584435c560e6a78e6580a573ce6e38bfae060855cda,bbf675758e301776db86d8dc413b6885d88fe458ae42c2ccbb472fc21ffe98b7,test,shuffle_cfp_to_oct,mean,0.0
e9e9ba7db0e8cd56c9039584435c560e6a78e6580a573ce6e38bfae060855cda,bbf675758e301776db86d8dc413b6885d88fe458ae42c2ccbb472fc21ffe98b7,test,shuffle_both,cfp,0.0
e9e9ba7db0e8cd56c9039584435c560e6a78e6580a573ce6e38bfae060855cda,bbf675758e301776db86d8dc413b6885d88fe458ae42c2ccbb472fc21ffe98b7,test,shuffle_both,oct,0.0
e9e9ba7db0e8cd56c9039584435c560e6a78e6580a573ce6e38bfae060855cda,bbf675758e301776db86d8dc413b6885d88fe458ae42c2ccbb472fc21ffe98b7,test,shuffle_both,mean,0.0
9a9380344a72262a218e75f597159186afb7508a0c4a7dc851fddb8cd33f1c0f,4a61de5eefedfbb2f63c4b52419c5d260c3e764e577b71fd0ef3e4dbe83ab7a9,development,disable_oct_to_cfp,cfp,34.28608114546813
9a9380344a72262a218e75f597159186afb7508a0c4a7dc851fddb8cd33f1c0f,4a61de5eefedfbb2f63c4b52419c5d260c3e764e577b71fd0ef3e4dbe83ab7a9,development,disable_oct_to_cfp,oct,0.0
9a9380344a72262a218e75f597159186afb7508a0c4a7dc851fddb8cd33f1c0f,4a61de5eefedfbb2f63c4b52419c5d260c3e764e577b71fd0ef3e4dbe83ab7a9,development,disable_oct_to_cfp,mean,17.14304057273407
9a9380344a72262a218e75f597159186afb7508a0c4a7dc851fddb8cd33f1c0f,4a61de5eefedfbb2f63c4b52419c5d260c3e764e577b71fd0ef3e4dbe83ab7a9,development,disable_cfp_to_oct,cfp,0.0
9a9380344a72262a218e75f597159186afb7508a0c4a7dc851fddb8cd33f1c0f,4a61de5eefedfbb2f63c4b52419c5d260c3e764e577b71fd0ef3e4dbe83ab7a9,development,disable_cfp_to_oct,oct,25.857153827601227
9a9380344a72262a218e75f597159186afb7508a0c4a7dc851fddb8cd33f1c0f,4a61de5eefedfbb2f63c4b52419c5d260c3e764e577b71fd0ef3e4dbe83ab7a9,development,disable_cfp_to_oct,mean,12.928576913800615
9a9380344a72262a218e75f597159186afb7508a0c4a7dc851fddb8cd33f1c0f,4a61de5eefedfbb2f63c4b52419c5d260c3e764e577b71fd0ef3e4dbe83ab7a9,development,disable_both,cfp,34.28608114546813
9a9380344a72262a218e75f597159186afb7508a0c4a7dc851fddb8cd33f1c0f,4a61de5eefedfbb2f63c4b52419c5d260c3e764e577b71fd0ef3e4dbe83ab7a9,development,disable_both,oct,25.857153827601227
9a9380344a72262a218e75f597159186afb7508a0c4a7dc851fddb8cd33f1c0f,4a61de5eefedfbb2f63c4b52419c5d260c3e764e577b71fd0ef3e4dbe83ab7a9,development,disable_both,mean,30.07161748653468
9a9380344a72262a218e75f597159186afb7508a0c4a7dc851fddb8cd33f1c0f,4a61de5eefedfbb2f63c4b52419c5d260c3e764e577b71fd0ef3e4dbe83ab7a9,development,shuffle_oct_to_cfp,cfp,9.8624265735608
9a9380344a72262a218e75f597159186afb7508a0c4a7dc851fddb8cd33f1c0f,4a61de5eefedfbb2f63c4b52419c5d260c3e764e577b71fd0ef3e4dbe83ab7a9,development,shuffle_oct_to_cfp,oct,0.0
9a9380344a72262a218e75f597159186afb7508a0c4a7dc851fddb8cd33f1c0f,4a61de5eefedfbb2f63c4b52419c5d260c3e764e577b71fd0ef3e4dbe83ab7a9,development,shuffle_oct_to_cfp,mean,4.9312132867804
9a9380344a72262a218e75f597159186afb7508a0c4a7dc851fddb8cd33f1c0f,4a61de5eefedfbb2f63c4b52419c5d260c3e764e577b71fd0ef3e4dbe83ab7a9,development,shuffle_cfp_to_oct,cfp,0.0
9a9380344a72262a218e75f597159186afb7508a0c4a7dc851fddb8cd33f1c0f,4a61de5eefedfbb2f63c4b52419c5d260c3e764e577b71fd0ef3e4dbe83ab7a9,development,shuffle_cfp_to_oct,oct,9.70820914891597
9a9380344a72262a218e75f597159186afb7508a0c4a7dc851fddb8cd33f1c0f,4a61de5eefedfbb2f63c4b52419c5d260c3e764e577b71fd0ef3e4dbe83ab7a9,development,shuffle_cfp_to_oct,mean,4.854104574457985
9a9380344a72262a218e75f597159186afb7508a0c4a7dc851fddb8cd33f1c0f,4a61de5eefedfbb2f63c4b52419c5d260c3e764e577b71fd0ef3e4dbe83ab7a9,development,shuffle_both,cfp,9.8624265735608
9a9380344a72262a218e75f597159186afb7508a0c4a7dc851fddb8cd33f1c0f,4a61de5eefedfbb2f63c4b52419c5d260c3e764e577b71fd0ef3e4dbe83ab7a9,development,shuffle_both,oct,9.70820914891597
9a9380344a72262a218e75f597159186afb7508a0c4a7dc851fddb8cd33f1c0f,4a61de5eefedfbb2f63c4b52419c5d260c3e764e577b71fd0ef3e4dbe83ab7a9,development,shuffle_both,mean,9.785317861238385
9a9380344a72262a218e75f597159186afb7508a0c4a7dc851fddb8cd33f1c0f,4a61de5eefedfbb2f63c4b52419c5d260c3e764e577b71fd0ef3e4dbe83ab7a9,test,disable_oct_to_cfp,cfp,29.004777734091096
9a9380344a72262a218e75f597159186afb7508a0c4a7dc851fddb8cd33f1c0f,4a61de5eefedfbb2f63c4b52419c5d260c3e764e577b71fd0ef3e4dbe83ab7a9,test,disable_oct_to_cfp,oct,0.0
9a9380344a72262a218e75f597159186afb7508a0c4a7dc851fddb8cd33f1c0f,4a61de5eefedfbb2f63c4b52419c5d260c3e764e577b71fd0ef3e4dbe83ab7a9,test,disable_oct_to_cfp,mean,14.502388867045546
9a9380344a72262a218e75f597159186afb7508a0c4a7dc851fddb8cd33f1c0f,4a61de5eefedfbb2f63c4b52419c5d260c3e764e577b71fd0ef3e4dbe83ab7a9,test,disable_cfp_to_oct,cfp,0.0
9a9380344a72262a218e75f597159186afb7508a0c4a7dc851fddb8cd33f1c0f,4a61de5eefedfbb2f63c4b52419c5d260c3e764e577b71fd0ef3e4dbe83ab7a9,test,disable_cfp_to_oct,oct,17.13682628845174
9a9380344a72262a218e75f597159186afb7508a0c4a7dc851fddb8cd33f1c0f,4a61de5eefedfbb2f63c4b52419c5d260c3e764e577b71fd0ef3e4dbe83ab7a9,test,disable_cfp_to_oct,mean,8.568413144225872
9a9380344a72262a218e75f597159186afb7508a0c4a7dc851fddb8cd33f1c0f,4a61de5eefedfbb2f63c4b52419c5d260c3e764e577b71fd0ef3e4dbe83ab7a9,test,disable_both,cfp,29.004777734091096
9a9380344a72262a218e75f597159186afb7508a0c4a7dc851fddb8cd33f1c0f,4a61de5eefedfbb2f63c4b52419c5d260c3e764e577b71fd0ef3e4dbe83ab7a9,test,disable_both,oct,17.13682628845174
9a9380344a72262a218e75f597159186afb7508a0c4a7dc851fddb8cd33f1c0f,4a61de5eefedfbb2f63c4b52419c5d260c3e764e577b71fd0ef3e4dbe83ab7a9,test,disable_both,mean,23.070802011271418
9a9380344a72262a218e75f597159186afb7508a0c4a7dc851fddb8cd33f1c0f,4a61de5eefedfbb2f63c4b52419c5d260c3e764e577b71fd0ef3e4dbe83ab7a9,test,shuffle_oct_to_cfp,cfp,3.523320895459059
9a9380344a72262a218e75f597159186afb7508a0c4a7dc851fddb8cd33f1c0f,4a61de5eefedfbb2f63c4b52419c5d260c3e764e577b71fd0ef3e4dbe83ab7a9,test,shuffle_oct_to_cfp,oct,0.0
9a9380344a72262a218e75f597159186afb7508a0c4a7dc851fddb8cd33f1c0f,4a61de5eefedfbb2f63c4b52419c5d260c3e764e577b71fd0ef3e4dbe83ab7a9,test,shuffle_oct_to_cfp,mean,1.7616604477295295
9a9380344a72262a218e75f597159186afb7508a0c4a7dc851fddb8cd33f1c0f,4a61de5eefedfbb2f63c4b52419c5d260c3e764e577b71fd0ef3e4dbe83ab7a9,test,shuffle_cfp_to_oct,cfp,0.0
9a9380344a72262a218e75f597159186afb7508a0c4a7dc851fddb8cd33f1c0f,4a61de5eefedfbb2f63c4b52419c5d260c3e764e577b71fd0ef3e4dbe83ab7a9,test,shuffle_cfp_to_oct,oct,3.4150238261607124
9a9380344a72262a218e75f597159186afb7508a0c4a7dc851fddb8cd33f1c0f,4a61de5eefedfbb2f63c4b52419c5d260c3e764e577b71fd0ef3e4dbe83ab7a9,test,shuffle_cfp_to_oct,mean,1.7075119130803618
9a9380344a72262a218e75f597159186afb7508a0c4a7dc851fddb8cd33f1c0f,4a61de5eefedfbb2f63c4b52419c5d260c3e764e577b71fd0ef3e4dbe83ab7a9,test,shuffle_both,cfp,3.523320895459059
9a9380344a72262a218e75f597159186afb7508a0c4a7dc851fddb8cd33f1c0f,4a61de5eefedfbb2f63c4b52419c5d260c3e764e577b71fd0ef3e4dbe83ab7a9,test,shuffle_both,oct,3.4150238261607124
9a9380344a72262a218e75f597159186afb7508a0c4a7dc851fddb8cd33f1c0f,4a61de5eefedfbb2f63c4b52419c5d260c3e764e577b71fd0ef3e4dbe83ab7a9,test,shuffle_both,mean,3.46917236080988
0225fb388b2da516c28de69d191059b6f3620e9fdda2a4c1d7afedabb6c672df,d055ed6510547aeb898403610016b2a1a4ddb8549dcc54f6f0e02d2e3b41270c,development,disable_oct_to_cfp,cfp,9.710742714767019
0225fb388b2da516c28de69d191059b6f3620e9fdda2a4c1d7afedabb6c672df,d055ed6510547aeb898403610016b2a1a4ddb8549dcc54f6f0e02d2e3b41270c,development,disable_oct_to_cfp,oct,0.0
0225fb388b2da516c28de69d191059b6f3620e9fdda2a4c1d7afedabb6c672df,d055ed6510547aeb898403610016b2a1a4ddb8549dcc54f6f0e02d2e3b41270c,development,disable_oct_to_cfp,mean,4.855371357383509
0225fb388b2da516c28de69d191059b6f3620e9fdda2a4c1d7afedabb6c672df,d055ed6510547aeb898403610016b2a1a4ddb8549dcc54f6f0e02d2e3b41270c,development,disable_cfp_to_oct,cfp,0.0
0225fb388b2da516c28de69d191059b6f3620e9fdda2a4c1d7afedabb6c672df,d055ed6510547aeb898403610016b2a1a4ddb8549dcc54f6f0e02d2e3b41270c,development,disable_cfp_to_oct,oct,17.095010701148816
0225fb388b2da516c28de69d191059b6f3620e9fdda2a4c1d7afedabb6c672df,d055ed6510547aeb898403610016b2a1a4ddb8549dcc54f6f0e02d2e3b41270c,development,disable_cfp_to_oct,mean,8.547505350574413
0225fb388b2da516c28de69d191059b6f3620e9fdda2a4c1d7afedabb6c672df,d055ed6510547aeb898403610016b2a1a4ddb8549dcc54f6f0e02d2e3b41270c,development,disable_both,cfp,9.710742714767019
0225fb388b2da516c28de69d191059b6f3620e9fdda2a4c1d7afedabb6c672df,d055ed6510547aeb898403610016b2a1a4ddb8549dcc54f6f0e02d2e3b41270c,development,disable_both,oct,17.095010701148816
0225fb388b2da516c28de69d191059b6f3620e9fdda2a4c1d7afedabb6c672df,d055ed6510547aeb898403610016b2a1a4ddb8549dcc54f6f0e02d2e3b41270c,development,disable_both,mean,13.402876707957912
0225fb388b2da516c28de69d191059b6f3620e9fdda2a4c1d7afedabb6c672df,d055ed6510547aeb898403610016b2a1a4ddb8549dcc54f6f0e02d2e3b41270c,development,shuffle_oct_to_cfp,cfp,8.419835737052928
0225fb388b2da516c28de69d191059b6f3620e9fdda2a4c1d7afedabb6c672df,d055ed6510547aeb898403610016b2a1a4ddb8549dcc54f6f0e02d2e3b41270c,development,shuffle_oct_to_cfp,oct,0.0
0225fb388b2da516c28de69d191059b6f3620e9fdda2a4c1d7afedabb6c672df,d055ed6510547aeb898403610016b2a1a4ddb8549dcc54f6f0e02d2e3b41270c,development,shuffle_oct_to_cfp,mean,4.209917868526459
0225fb388b2da516c28de69d191059b6f3620e9fdda2a4c1d7afedabb6c672df,d055ed6510547aeb898403610016b2a1a4ddb8549dcc54f6f0e02d2e3b41270c,development,shuffle_cfp_to_oct,cfp,0.0
0225fb388b2da516c28de69d191059b6f3620e9fdda2a4c1d7afedabb6c672df,d055ed6510547aeb898403610016b2a1a4ddb8549dcc54f6f0e02d2e3b41270c,development,shuffle_cfp_to_oct,oct,4.429734430984789
0225fb388b2da516c28de69d191059b6f3620e9fdda2a4c1d7afedabb6c672df,d055ed6510547aeb898403610016b2a1a4ddb8549dcc54f6f0e02d2e3b41270c,development,shuffle_cfp_to_oct,mean,2.2148672154924
0225fb388b2da516c28de69d191059b6f3620e9fdda2a4c1d7afedabb6c672df,d055ed6510547aeb898403610016b2a1a4ddb8549dcc54f6f0e02d2e3b41270c,development,shuffle_both,cfp,8.419835737052928
0225fb388b2da516c28de69d191059b6f3620e9fdda2a4c1d7afedabb6c672df,d055ed6510547aeb898403610016b2a1a4ddb8549dcc54f6f0e02d2e3b41270c,development,shuffle_both,oct,4.429734430984789
0225fb388b2da516c28de69d191059b6f3620e9fdda2a4c1d7afedabb6c672df,d055ed6510547aeb898403610016b2a1a4ddb8549dcc54f6f0e02d2e3b41270c,development,shuffle_both,mean,6.424785084018858
0225fb388b2da516c28de69d191059b6f3620e9fdda2a4c1d7afedabb6c672df,d055ed6510547aeb898403610016b2a1a4ddb8549dcc54f6f0e02d2e3b41270c,test,disable_oct_to_cfp,cfp,-0.5087088722141142
0225fb388b2da516c28de69d191059b6f3620e9fdda2a4c1d7afedabb6c672df,d055ed6510547aeb898403610016b2a1a4ddb8549dcc54f6f0e02d2e3b41270c,test,disable_oct_to_cfp,oct,0.0
0225fb388b2da516c28de69d191059b6f3620e9fdda2a4c1d7afedabb6c672df,d055ed6510547aeb898403610016b2a1a4ddb8549dcc54f6f0e02d2e3b41270c,test,disable_oct_to_cfp,mean,-0.25435443610706265
0225fb388b2da516c28de69d191059b6f3620e9fdda2a4c1d7afedabb6c672df,d055ed6510547aeb898403610016b2a1a4ddb8549dcc54f6f0e02d2e3b41270c,test,disable_cfp_to_oct,cfp,0.0
0225fb388b2da516c28de69d191059b6f3620e9fdda2a4c1d7afedabb6c672df,d055ed6510547aeb898403610016b2a1a4ddb8549dcc54f6f0e02d2e3b41270c,test,disable_cfp_to_oct,oct,15.449335527490371
0225fb388b2da516c28de69d191059b6f3620e9fdda2a4c1d7afedabb6c672df,d055ed6510547aeb898403610016b2a1a4ddb8549dcc54f6f0e02d2e3b41270c,test,disable_cfp_to_oct,mean,7.7246677637451855
0225fb388b2da516c28de69d191059b6f3620e9fdda2a4c1d7afedabb6c672df,d055ed6510547aeb898403610016b2a1a4ddb8549dcc54f6f0e02d2e3b41270c,test,disable_both,cfp,-0.5087088722141142
0225fb388b2da516c28de69d191059b6f3620e9fdda2a4c1d7afedabb6c672df,d055ed6510547aeb898403610016b2a1a4ddb8549dcc54f6f0e02d2e3b41270c,test,disable_both,oct,15.449335527490371
0225fb388b2da516c28de69d191059b6f3620e9fdda2a4c1d7afedabb6c672df,d055ed6510547aeb898403610016b2a1a4ddb8549dcc54f6f0e02d2e3b41270c,test,disable_both,mean,7.470313327638123
0225fb388b2da516c28de69d191059b6f3620e9fdda2a4c1d7afedabb6c672df,d055ed6510547aeb898403610016b2a1a4ddb8549dcc54f6f0e02d2e3b41270c,test,shuffle_oct_to_cfp,cfp,0.7113247420754698
0225fb388b2da516c28de69d191059b6f3620e9fdda2a4c1d7afedabb6c672df,d055ed6510547aeb898403610016b2a1a4ddb8549dcc54f6f0e02d2e3b41270c,test,shuffle_oct_to_cfp,oct,0.0
0225fb388b2da516c28de69d191059b6f3620e9fdda2a4c1d7afedabb6c672df,d055ed6510547aeb898403610016b2a1a4ddb8549dcc54f6f0e02d2e3b41270c,test,shuffle_oct_to_cfp,mean,0.3556623710377349
0225fb388b2da516c28de69d191059b6f3620e9fdda2a4c1d7afedabb6c672df,d055ed6510547aeb898403610016b2a1a4ddb8549dcc54f6f0e02d2e3b41270c,test,shuffle_cfp_to_oct,cfp,0.0
0225fb388b2da516c28de69d191059b6f3620e9fdda2a4c1d7afedabb6c672df,d055ed6510547aeb898403610016b2a1a4ddb8549dcc54f6f0e02d2e3b41270c,test,shuffle_cfp_to_oct,oct,4.486929116994065
0225fb388b2da516c28de69d191059b6f3620e9fdda2a4c1d7afedabb6c672df,d055ed6510547aeb898403610016b2a1a4ddb8549dcc54f6f0e02d2e3b41270c,test,shuffle_cfp_to_oct,mean,2.2434645584970325
0225fb388b2da516c28de69d191059b6f3620e9fdda2a4c1d7afedabb6c672df,d055ed6510547aeb898403610016b2a1a4ddb8549dcc54f6f0e02d2e3b41270c,test,shuffle_both,cfp,0.7113247420754698
0225fb388b2da516c28de69d191059b6f3620e9fdda2a4c1d7afedabb6c672df,d055ed6510547aeb898403610016b2a1a4ddb8549dcc54f6f0e02d2e3b41270c,test,shuffle_both,oct,4.486929116994065
0225fb388b2da516c28de69d191059b6f3620e9fdda2a4c1d7afedabb6c672df,d055ed6510547aeb898403610016b2a1a4ddb8549dcc54f6f0e02d2e3b41270c,test,shuffle_both,mean,2.5991269295347674
3c1fccafc539b03952b2ba3b9f5e7592cb535bd5172348f57a5b74cd75522f8c,69c0fd47fbced2121cb19547ea2c1b4c177923f242468913b661c34efac81ea7,development,disable_oct_to_cfp,cfp,11.80239993053297
3c1fccafc539b03952b2ba3b9f5e7592cb535bd5172348f57a5b74cd75522f8c,69c0fd47fbced2121cb19547ea2c1b4c177923f242468913b661c34efac81ea7,development,disable_oct_to_cfp,oct,0.0
3c1fccafc539b03952b2ba3b9f5e7592cb535bd5172348f57a5b74cd75522f8c,69c0fd47fbced2121cb19547ea2c1b4c177923f242468913b661c34efac81ea7,development,disable_oct_to_cfp,mean,5.901199965266479
3c1fccafc539b03952b2ba3b9f5e7592cb535bd5172348f57a5b74cd75522f8c,69c0fd47fbced2121cb19547ea2c1b4c177923f242468913b661c34efac81ea7,development,disable_cfp_to_oct,cfp,0.0
3c1fccafc539b03952b2ba3b9f5e7592cb535bd5172348f57a5b74cd75522f8c,69c0fd47fbced2121cb19547ea2c1b4c177923f242468913b661c34efac81ea7,development,disable_cfp_to_oct,oct,27.211217793811894
3c1fccafc539b03952b2ba3b9f5e7592cb535bd5172348f57a5b74cd75522f8c,69c0fd47fbced2121cb19547ea2c1b4c177923f242468913b661c34efac81ea7,development,disable_cfp_to_oct,mean,13.605608896905942
3c1fccafc539b03952b2ba3b9f5e7592cb535bd5172348f57a5b74cd75522f8c,69c0fd47fbced2121cb19547ea2c1b4c177923f242468913b661c34efac81ea7,development,disable_both,cfp,11.80239993053297
3c1fccafc539b03952b2ba3b9f5e7592cb535bd5172348f57a5b74cd75522f8c,69c0fd47fbced2121cb19547ea2c1b4c177923f242468913b661c34efac81ea7,development,disable_both,oct,27.211217793811894
3c1fccafc539b03952b2ba3b9f5e7592cb535bd5172348f57a5b74cd75522f8c,69c0fd47fbced2121cb19547ea2c1b4c177923f242468913b661c34efac81ea7,development,disable_both,mean,19.50680886217243
3c1fccafc539b03952b2ba3b9f5e7592cb535bd5172348f57a5b74cd75522f8c,69c0fd47fbced2121cb19547ea2c1b4c177923f242468913b661c34efac81ea7,development,shuffle_oct_to_cfp,cfp,10.025918356932218
3c1fccafc539b03952b2ba3b9f5e7592cb535bd5172348f57a5b74cd75522f8c,69c0fd47fbced2121cb19547ea2c1b4c177923f242468913b661c34efac81ea7,development,shuffle_oct_to_cfp,oct,0.0
3c1fccafc539b03952b2ba3b9f5e7592cb535bd5172348f57a5b74cd75522f8c,69c0fd47fbced2121cb19547ea2c1b4c177923f242468913b661c34efac81ea7,development,shuffle_oct_to_cfp,mean,5.012959178466103
3c1fccafc539b03952b2ba3b9f5e7592cb535bd5172348f57a5b74cd75522f8c,69c0fd47fbced2121cb19547ea2c1b4c177923f242468913b661c34efac81ea7,development,shuffle_cfp_to_oct,cfp,0.0
3c1fccafc539b03952b2ba3b9f5e7592cb535bd5172348f57a5b74cd75522f8c,69c0fd47fbced2121cb19547ea2c1b4c177923f242468913b661c34efac81ea7,development,shuffle_cfp_to_oct,oct,10.936746296323896
3c1fccafc539b03952b2ba3b9f5e7592cb535bd5172348f57a5b74cd75522f8c,69c0fd47fbced2121cb19547ea2c1b4c177923f242468913b661c34efac81ea7,development,shuffle_cfp_to_oct,mean,5.468373148161943
3c1fccafc539b03952b2ba3b9f5e7592cb535bd5172348f57a5b74cd75522f8c,69c0fd47fbced2121cb19547ea2c1b4c177923f242468913b661c34efac81ea7,development,shuffle_both,cfp,10.025918356932218
3c1fccafc539b03952b2ba3b9f5e7592cb535bd5172348f57a5b74cd75522f8c,69c0fd47fbced2121cb19547ea2c1b4c177923f242468913b661c34efac81ea7,development,shuffle_both,oct,10.936746296323896
3c1fccafc539b03952b2ba3b9f5e7592cb535bd5172348f57a5b74cd75522f8c,69c0fd47fbced2121cb19547ea2c1b4c177923f242468913b661c34efac81ea7,development,shuffle_both,mean,10.481332326628056
3c1fccafc539b03952b2ba3b9f5e7592cb535bd5172348f57a5b74cd75522f8c,69c0fd47fbced2121cb19547ea2c1b4c177923f242468913b661c34efac81ea7,test,disable_oct_to_cfp,cfp,3.5673600659717364
3c1fccafc539b03952b2ba3b9f5e7592cb535bd5172348f57a5b74cd75522f8c,69c0fd47fbced2121cb19547ea2c1b4c177923f242468913b661c34efac81ea7,test,disable_oct_to_cfp,oct,0.0
3c1fccafc539b03952b2ba3b9f5e7592cb535bd5172348f57a5b74cd75522f8c,69c0fd47fbced2121cb19547ea2c1b4c177923f242468913b661c34efac81ea7,test,disable_oct_to_cfp,mean,1.783680032985857
3c1fccafc539b03952b2ba3b9f5e7592cb535bd5172348f57a5b74cd75522f8c,69c0fd47fbced2121cb19547ea2c1b4c177923f242468913b661c34efac81ea7,test,disable_cfp_to_oct,cfp,0.0
3c1fccafc539b03952b2ba3b9f5e7592cb535bd5172348f57a5b74cd75522f8c,69c0fd47fbced2121cb19547ea2c1b4c177923f242468913b661c34efac81ea7,test,disable_cfp_to_oct,oct,19.619604882754405
3c1fccafc539b03952b2ba3b9f5e7592cb535bd5172348f57a5b74cd75522f8c,69c0fd47fbced2121cb19547ea2c1b4c177923f242468913b661c34efac81ea7,test,disable_cfp_to_oct,mean,9.809802441377197
3c1fccafc539b03952b2ba3b9f5e7592cb535bd5172348f57a5b74cd75522f8c,69c0fd47fbced2121cb19547ea2c1b4c177923f242468913b661c34efac81ea7,test,disable_both,cfp,3.5673600659717364
3c1fccafc539b03952b2ba3b9f5e7592cb535bd5172348f57a5b74cd75522f8c,69c0fd47fbced2121cb19547ea2c1b4c177923f242468913b661c34efac81ea7,test,disable_both,oct,19.619604882754405
3c1fccafc539b03952b2ba3b9f5e7592cb535bd5172348f57a5b74cd75522f8c,69c0fd47fbced2121cb19547ea2c1b4c177923f242468913b661c34efac81ea7,test,disable_both,mean,11.593482474363064
3c1fccafc539b03952b2ba3b9f5e7592cb535bd5172348f57a5b74cd75522f8c,69c0fd47fbced2121cb19547ea2c1b4c177923f242468913b661c34efac81ea7,test,shuffle_oct_to_cfp,cfp,3.6260275586538326
3c1fccafc539b03952b2ba3b9f5e7592cb535bd5172348f57a5b74cd75522f8c,69c0fd47fbced2121cb19547ea2c1b4c177923f242468913b661c34efac81ea7,test,shuffle_oct_to_cfp,oct,0.0
3c1fccafc539b03952b2ba3b9f5e7592cb535bd5172348f57a5b74cd75522f8c,69c0fd47fbced2121cb19547ea2c1b4c177923f242468913b661c34efac81ea7,test,shuffle_oct_to_cfp,mean,1.8130137793269108
3c1fccafc539b03952b2ba3b9f5e7592cb535bd5172348f57a5b74cd75522f8c,69c0fd47fbced2121cb19547ea2c1b4c177923f242468913b661c34efac81ea7,test,shuffle_cfp_to_oct,cfp,0.0
3c1fccafc539b03952b2ba3b9f5e7592cb535bd5172348f57a5b74cd75522f8c,69c0fd47fbced2121cb19547ea2c1b4c177923f242468913b661c34efac81ea7,test,shuffle_cfp_to_oct,oct,3.100966497423885
3c1fccafc539b03952b2ba3b9f5e7592cb535bd5172348f57a5b74cd75522f8c,69c0fd47fbced2121cb19547ea2c1b4c177923f242468913b661c34efac81ea7,test,shuffle_cfp_to_oct,mean,1.5504832487119424
3c1fccafc539b03952b2ba3b9f5e7592cb535bd5172348f57a5b74cd75522f8c,69c0fd47fbced2121cb19547ea2c1b4c177923f242468913b661c34efac81ea7,test,shuffle_both,cfp,3.6260275586538326
3c1fccafc539b03952b2ba3b9f5e7592cb535bd5172348f57a5b74cd75522f8c,69c0fd47fbced2121cb19547ea2c1b4c177923f242468913b661c34efac81ea7,test,shuffle_both,oct,3.100966497423885
3c1fccafc539b03952b2ba3b9f5e7592cb535bd5172348f57a5b74cd75522f8c,69c0fd47fbced2121cb19547ea2c1b4c177923f242468913b661c34efac81ea7,test,shuffle_both,mean,3.363497028038853
51a70536418f5c93a8db9111e96f5c7f405bab0c40b5611e9a60094807c76813,40b028010b07856c576158d14b5bc96daf9d7984c163c7b1071ff70ba3eb30c1,development,disable_oct_to_cfp,cfp,35.23016661527744
51a70536418f5c93a8db9111e96f5c7f405bab0c40b5611e9a60094807c76813,40b028010b07856c576158d14b5bc96daf9d7984c163c7b1071ff70ba3eb30c1,development,disable_oct_to_cfp,oct,0.0
51a70536418f5c93a8db9111e96f5c7f405bab0c40b5611e9a60094807c76813,40b028010b07856c576158d14b5bc96daf9d7984c163c7b1071ff70ba3eb30c1,development,disable_oct_to_cfp,mean,17.615083307638724
51a70536418f5c93a8db9111e96f5c7f405bab0c40b5611e9a60094807c76813,40b028010b07856c576158d14b5bc96daf9d7984c163c7b1071ff70ba3eb30c1,development,disable_cfp_to_oct,cfp,0.0
51a70536418f5c93a8db9111e96f5c7f405bab0c40b5611e9a60094807c76813,40b028010b07856c576158d14b5bc96daf9d7984c163c7b1071ff70ba3eb30c1,development,disable_cfp_to_oct,oct,34.904109589041106
51a70536418f5c93a8db9111e96f5c7f405bab0c40b5611e9a60094807c76813,40b028010b07856c576158d14b5bc96daf9d7984c163c7b1071ff70ba3eb30c1,development,disable_cfp_to_oct,mean,17.452054794520556
51a70536418f5c93a8db9111e96f5c7f405bab0c40b5611e9a60094807c76813,40b028010b07856c576158d14b5bc96daf9d7984c163c7b1071ff70ba3eb30c1,development,disable_both,cfp,35.23016661527744
51a70536418f5c93a8db9111e96f5c7f405bab0c40b5611e9a60094807c76813,40b028010b07856c576158d14b5bc96daf9d7984c163c7b1071ff70ba3eb30c1,development,disable_both,oct,34.904109589041106
51a70536418f5c93a8db9111e96f5c7f405bab0c40b5611e9a60094807c76813,40b028010b07856c576158d14b5bc96daf9d7984c163c7b1071ff70ba3eb30c1,development,disable_both,mean,35.06713810215928
51a70536418f5c93a8db9111e96f5c7f405bab0c40b5611e9a60094807c76813,40b028010b07856c576158d14b5bc96daf9d7984c163c7b1071ff70ba3eb30c1,development,shuffle_oct_to_cfp,cfp,6.939903688295523
51a70536418f5c93a8db9111e96f5c7f405bab0c40b5611e9a60094807c76813,40b028010b07856c576158d14b5bc96daf9d7984c163c7b1071ff70ba3eb30c1,development,shuffle_oct_to_cfp,oct,0.0
51a70536418f5c93a8db9111e96f5c7f405bab0c40b5611e9a60094807c76813,40b028010b07856c576158d14b5bc96daf9d7984c163c7b1071ff70ba3eb30c1,development,shuffle_oct_to_cfp,mean,3.4699518441477673
51a70536418f5c93a8db9111e96f5c7f405bab0c40b5611e9a60094807c76813,40b028010b07856c576158d14b5bc96daf9d7984c163c7b1071ff70ba3eb30c1,development,shuffle_cfp_to_oct,cfp,0.0
51a70536418f5c93a8db9111e96f5c7f405bab0c40b5611e9a60094807c76813,40b028010b07856c576158d14b5bc96daf9d7984c163c7b1071ff70ba3eb30c1,development,shuffle_cfp_to_oct,oct,13.412017363605921
51a70536418f5c93a8db9111e96f5c7f405bab0c40b5611e9a60094807c76813,40b028010b07856c576158d14b5bc96daf9d7984c163c7b1071ff70ba3eb30c1,development,shuffle_cfp_to_oct,mean,6.706008681802967
51a70536418f5c93a8db9111e96f5c7f405bab0c40b5611e9a60094807c76813,40b028010b07856c576158d14b5bc96daf9d7984c163c7b1071ff70ba3eb30c1,development,shuffle_both,cfp,6.939903688295523
51a70536418f5c93a8db9111e96f5c7f405bab0c40b5611e9a60094807c76813,40b028010b07856c576158d14b5bc96daf9d7984c163c7b1071ff70ba3eb30c1,development,shuffle_both,oct,13.412017363605921
51a70536418f5c93a8db9111e96f5c7f405bab0c40b5611e9a60094807c76813,40b028010b07856c576158d14b5bc96daf9d7984c163c7b1071ff70ba3eb30c1,development,shuffle_both,mean,10.175960525950723
51a70536418f5c93a8db9111e96f5c7f405bab0c40b5611e9a60094807c76813,40b028010b07856c576158d14b5bc96daf9d7984c163c7b1071ff70ba3eb30c1,test,disable_oct_to_cfp,cfp,26.78981336284888
51a70536418f5c93a8db9111e96f5c7f405bab0c40b5611e9a60094807c76813,40b028010b07856c576158d14b5bc96daf9d7984c163c7b1071ff70ba3eb30c1,test,disable_oct_to_cfp,oct,0.0
51a70536418f5c93a8db9111e96f5c7f405bab0c40b5611e9a60094807c76813,40b028010b07856c576158d14b5bc96daf9d7984c163c7b1071ff70ba3eb30c1,test,disable_oct_to_cfp,mean,13.39490668142444
51a70536418f5c93a8db9111e96f5c7f405bab0c40b5611e9a60094807c76813,40b028010b07856c576158d14b5bc96daf9d7984c163c7b1071ff70ba3eb30c1,test,disable_cfp_to_oct,cfp,0.0
51a70536418f5c93a8db9111e96f5c7f405bab0c40b5611e9a60094807c76813,40b028010b07856c576158d14b5bc96daf9d7984c163c7b1071ff70ba3eb30c1,test,disable_cfp_to_oct,oct,27.5667871759077
51a70536418f5c93a8db9111e96f5c7f405bab0c40b5611e9a60094807c76813,40b028010b07856c576158d14b5bc96daf9d7984c163c7b1071ff70ba3eb30c1,test,disable_cfp_to_oct,mean,13.783393587953851
51a70536418f5c93a8db9111e96f5c7f405bab0c40b5611e9a60094807c76813,40b028010b07856c576158d14b5bc96daf9d7984c163c7b1071ff70ba3eb30c1,test,disable_both,cfp,26.78981336284888
51a70536418f5c93a8db9111e96f5c7f405bab0c40b5611e9a60094807c76813,40b028010b07856c576158d14b5bc96daf9d7984c163c7b1071ff70ba3eb30c1,test,disable_both,oct,27.5667871759077
51a70536418f5c93a8db9111e96f5c7f405bab0c40b5611e9a60094807c76813,40b028010b07856c576158d14b5bc96daf9d7984c163c7b1071ff70ba3eb30c1,test,disable_both,mean,27.178300269378287
51a70536418f5c93a8db9111e96f5c7f405bab0c40b5611e9a60094807c76813,40b028010b07856c576158d14b5bc96daf9d7984c163c7b1071ff70ba3eb30c1,test,shuffle_oct_to_cfp,cfp,2.9493478105577453
51a70536418f5c93a8db9111e96f5c7f405bab0c40b5611e9a60094807c76813,40b028010b07856c576158d14b5bc96daf9d7984c163c7b1071ff70ba3eb30c1,test,shuffle_oct_to_cfp,oct,0.0
51a70536418f5c93a8db9111e96f5c7f405bab0c40b5611e9a60094807c76813,40b028010b07856c576158d14b5bc96daf9d7984c163c7b1071ff70ba3eb30c1,test,shuffle_oct_to_cfp,mean,1.474673905278867
51a70536418f5c93a8db9111e96f5c7f405bab0c40b5611e9a60094807c76813,40b028010b07856c576158d14b5bc96daf9d7984c163c7b1071ff70ba3eb30c1,test,shuffle_cfp_to_oct,cfp,0.0
51a70536418f5c93a8db9111e96f5c7f405bab0c40b5611e9a60094807c76813,40b028010b07856c576158d14b5bc96daf9d7984c163c7b1071ff70ba3eb30c1,test,shuffle_cfp_to_oct,oct,6.595073017429931
51a70536418f5c93a8db9111e96f5c7f405bab0c40b5611e9a60094807c76813,40b028010b07856c576158d14b5bc96daf9d7984c163c7b1071ff70ba3eb30c1,test,shuffle_cfp_to_oct,mean,3.29753650871496
51a70536418f5c93a8db9111e96f5c7f405bab0c40b5611e9a60094807c76813,40b028010b07856c576158d14b5bc96daf9d7984c163c7b1071ff70ba3eb30c1,test,shuffle_both,cfp,2.9493478105577453
51a70536418f5c93a8db9111e96f5c7f405bab0c40b5611e9a60094807c76813,40b028010b07856c576158d14b5bc96daf9d7984c163c7b1071ff70ba3eb30c1,test,shuffle_both,oct,6.595073017429931
51a70536418f5c93a8db9111e96f5c7f405bab0c40b5611e9a60094807c76813,40b028010b07856c576158d14b5bc96daf9d7984c163c7b1071ff70ba3eb30c1,test,shuffle_both,mean,4.772210413993838
baaac63aa6a12d9fca6cd835f8a7ef531d9c9ae44adacbc304b93df57a6e7818,9d3ee67bef6f7e38be1d70fcec5a29d4354f933b1866570381983cd186d8deb4,development,disable_oct_to_cfp,cfp,20.807202087891675
baaac63aa6a12d9fca6cd835f8a7ef531d9c9ae44adacbc304b93df57a6e7818,9d3ee67bef6f7e38be1d70fcec5a29d4354f933b1866570381983cd186d8deb4,development,disable_oct_to_cfp,oct,0.0
baaac63aa6a12d9fca6cd835f8a7ef531d9c9ae44adacbc304b93df57a6e7818,9d3ee67bef6f7e38be1d70fcec5a29d4354f933b1866570381983cd186d8deb4,development,disable_oct_to_cfp,mean,10.403601043945832
baaac63aa6a12d9fca6cd835f8a7ef531d9c9ae44adacbc304b93df57a6e7818,9d3ee67bef6f7e38be1d70fcec5a29d4354f933b1866570381983cd186d8deb4,development,disable_cfp_to_oct,cfp,0.0
baaac63aa6a12d9fca6cd835f8a7ef531d9c9ae44adacbc304b93df57a6e7818,9d3ee67bef6f7e38be1d70fcec5a29d4354f933b1866570381983cd186d8deb4,development,disable_cfp_to_oct,oct,18.60138079847261
baaac63aa6a12d9fca6cd835f8a7ef531d9c9ae44adacbc304b93df57a6e7818,9d3ee67bef6f7e38be1d70fcec5a29d4354f933b1866570381983cd186d8deb4,development,disable_cfp_to_oct,mean,9.3006903992363
baaac63aa6a12d9fca6cd835f8a7ef531d9c9ae44adacbc304b93df57a6e7818,9d3ee67bef6f7e38be1d70fcec5a29d4354f933b1866570381983cd186d8deb4,development,disable_both,cfp,20.807202087891675
baaac63aa6a12d9fca6cd835f8a7ef531d9c9ae44adacbc304b93df57a6e7818,9d3ee67bef6f7e38be1d70fcec5a29d4354f933b1866570381983cd186d8deb4,development,disable_both,oct,18.60138079847261
baaac63aa6a12d9fca6cd835f8a7ef531d9c9ae44adacbc304b93df57a6e7818,9d3ee67bef6f7e38be1d70fcec5a29d4354f933b1866570381983cd186d8deb4,development,disable_both,mean,19.704291443182143
baaac63aa6a12d9fca6cd835f8a7ef531d9c9ae44adacbc304b93df57a6e7818,9d3ee67bef6f7e38be1d70fcec5a29d4354f933b1866570381983cd186d8deb4,development,shuffle_oct_to_cfp,cfp,5.591523452283087
baaac63aa6a12d9fca6cd835f8a7ef531d9c9ae44adacbc304b93df57a6e7818,9d3ee67bef6f7e38be1d70fcec5a29d4354f933b1866570381983cd186d8deb4,development,shuffle_oct_to_cfp,oct,0.0
baaac63aa6a12d9fca6cd835f8a7ef531d9c9ae44adacbc304b93df57a6e7818,9d3ee67bef6f7e38be1d70fcec5a29d4354f933b1866570381983cd186d8deb4,development,shuffle_oct_to_cfp,mean,2.7957617261415435
baaac63aa6a12d9fca6cd835f8a7ef531d9c9ae44adacbc304b93df57a6e7818,9d3ee67bef6f7e38be1d70fcec5a29d4354f933b1866570381983cd186d8deb4,development,shuffle_cfp_to_oct,cfp,0.0
baaac63aa6a12d9fca6cd835f8a7ef531d9c9ae44adacbc304b93df57a6e7818,9d3ee67bef6f7e38be1d70fcec5a29d4354f933b1866570381983cd186d8deb4,development,shuffle_cfp_to_oct,oct,11.42439313229524
baaac63aa6a12d9fca6cd835f8a7ef531d9c9ae44adacbc304b93df57a6e7818,9d3ee67bef6f7e38be1d70fcec5a29d4354f933b1866570381983cd186d8deb4,development,shuffle_cfp_to_oct,mean,5.71219656614762
baaac63aa6a12d9fca6cd835f8a7ef531d9c9ae44adacbc304b93df57a6e7818,9d3ee67bef6f7e38be1d70fcec5a29d4354f933b1866570381983cd186d8deb4,development,shuffle_both,cfp,5.591523452283087
baaac63aa6a12d9fca6cd835f8a7ef531d9c9ae44adacbc304b93df57a6e7818,9d3ee67bef6f7e38be1d70fcec5a29d4354f933b1866570381983cd186d8deb4,development,shuffle_both,oct,11.42439313229524
baaac63aa6a12d9fca6cd835f8a7ef531d9c9ae44adacbc304b93df57a6e7818,9d3ee67bef6f7e38be1d70fcec5a29d4354f933b1866570381983cd186d8deb4,development,shuffle_both,mean,8.507958292289164
baaac63aa6a12d9fca6cd835f8a7ef531d9c9ae44adacbc304b93df57a6e7818,9d3ee67bef6f7e38be1d70fcec5a29d4354f933b1866570381983cd186d8deb4,test,disable_oct_to_cfp,cfp,11.183492070321666
baaac63aa6a12d9fca6cd835f8a7ef531d9c9ae44adacbc304b93df57a6e7818,9d3ee67bef6f7e38be1d70fcec5a29d4354f933b1866570381983cd186d8deb4,test,disable_oct_to_cfp,oct,0.0
baaac63aa6a12d9fca6cd835f8a7ef531d9c9ae44adacbc304b93df57a6e7818,9d3ee67bef6f7e38be1d70fcec5a29d4354f933b1866570381983cd186d8deb4,test,disable_oct_to_cfp,mean,5.591746035160838
baaac63aa6a12d9fca6cd835f8a7ef531d9c9ae44adacbc304b93df57a6e7818,9d3ee67bef6f7e38be1d70fcec5a29d4354f933b1866570381983cd186d8deb4,test,disable_cfp_to_oct,cfp,0.0
baaac63aa6a12d9fca6cd835f8a7ef531d9c9ae44adacbc304b93df57a6e7818,9d3ee67bef6f7e38be1d70fcec5a29d4354f933b1866570381983cd186d8deb4,test,disable_cfp_to_oct,oct,16.917150582024227
baaac63aa6a12d9fca6cd835f8a7ef531d9c9ae44adacbc304b93df57a6e7818,9d3ee67bef6f7e38be1d70fcec5a29d4354f933b1866570381983cd186d8deb4,test,disable_cfp_to_oct,mean,8.458575291012115
baaac63aa6a12d9fca6cd835f8a7ef531d9c9ae44adacbc304b93df57a6e7818,9d3ee67bef6f7e38be1d70fcec5a29d4354f933b1866570381983cd186d8deb4,test,disable_both,cfp,11.183492070321666
baaac63aa6a12d9fca6cd835f8a7ef531d9c9ae44adacbc304b93df57a6e7818,9d3ee67bef6f7e38be1d70fcec5a29d4354f933b1866570381983cd186d8deb4,test,disable_both,oct,16.917150582024227
baaac63aa6a12d9fca6cd835f8a7ef531d9c9ae44adacbc304b93df57a6e7818,9d3ee67bef6f7e38be1d70fcec5a29d4354f933b1866570381983cd186d8deb4,test,disable_both,mean,14.050321326172954
baaac63aa6a12d9fca6cd835f8a7ef531d9c9ae44adacbc304b93df57a6e7818,9d3ee67bef6f7e38be1d70fcec5a29d4354f933b1866570381983cd186d8deb4,test,shuffle_oct_to_cfp,cfp,1.9950329521494337
baaac63aa6a12d9fca6cd835f8a7ef531d9c9ae44adacbc304b93df57a6e7818,9d3ee67bef6f7e38be1d70fcec5a29d4354f933b1866570381983cd186d8deb4,test,shuffle_oct_to_cfp,oct,0.0
baaac63aa6a12d9fca6cd835f8a7ef531d9c9ae44adacbc304b93df57a6e7818,9d3ee67bef6f7e38be1d70fcec5a29d4354f933b1866570381983cd186d8deb4,test,shuffle_oct_to_cfp,mean,0.9975164760747224
baaac63aa6a12d9fca6cd835f8a7ef531d9c9ae44adacbc304b93df57a6e7818,9d3ee67bef6f7e38be1d70fcec5a29d4354f933b1866570381983cd186d8deb4,test,shuffle_cfp_to_oct,cfp,0.0
baaac63aa6a12d9fca6cd835f8a7ef531d9c9ae44adacbc304b93df57a6e7818,9d3ee67bef6f7e38be1d70fcec5a29d4354f933b1866570381983cd186d8deb4,test,shuffle_cfp_to_oct,oct,4.888526512221681
baaac63aa6a12d9fca6cd835f8a7ef531d9c9ae44adacbc304b93df57a6e7818,9d3ee67bef6f7e38be1d70fcec5a29d4354f933b1866570381983cd186d8deb4,test,shuffle_cfp_to_oct,mean,2.4442632561108457
baaac63aa6a12d9fca6cd835f8a7ef531d9c9ae44adacbc304b93df57a6e7818,9d3ee67bef6f7e38be1d70fcec5a29d4354f933b1866570381983cd186d8deb4,test,shuffle_both,cfp,1.9950329521494337
baaac63aa6a12d9fca6cd835f8a7ef531d9c9ae44adacbc304b93df57a6e7818,9d3ee67bef6f7e38be1d70fcec5a29d4354f933b1866570381983cd186d8deb4,test,shuffle_both,oct,4.888526512221681
baaac63aa6a12d9fca6cd835f8a7ef531d9c9ae44adacbc304b93df57a6e7818,9d3ee67bef6f7e38be1d70fcec5a29d4354f933b1866570381983cd186d8deb4,test,shuffle_both,mean,3.441779732185557
df5a0ace93a10e050c6928c7402597a664a570f2f39f07f7257cbb28d2d5a57a,2ed360db75a5eda1fb2a305acf8f09f12d8e26aa836535011ba6490bfc18b1c9,development,disable_oct_to_cfp,cfp,5.452401337247236
df5a0ace93a10e050c6928c7402597a664a570f2f39f07f7257cbb28d2d5a57a,2ed360db75a5eda1fb2a305acf8f09f12d8e26aa836535011ba6490bfc18b1c9,development,disable_oct_to_cfp,oct,0.0
df5a0ace93a10e050c6928c7402597a664a570f2f39f07f7257cbb28d2d5a57a,2ed360db75a5eda1fb2a305acf8f09f12d8e26aa836535011ba6490bfc18b1c9,development,disable_oct_to_cfp,mean,2.726200668623624
df5a0ace93a10e050c6928c7402597a664a570f2f39f07f7257cbb28d2d5a57a,2ed360db75a5eda1fb2a305acf8f09f12d8e26aa836535011ba6490bfc18b1c9,development,disable_cfp_to_oct,cfp,0.0
df5a0ace93a10e050c6928c7402597a664a570f2f39f07f7257cbb28d2d5a57a,2ed360db75a5eda1fb2a305acf8f09f12d8e26aa836535011ba6490bfc18b1c9,development,disable_cfp_to_oct,oct,11.778614064010073
df5a0ace93a10e050c6928c7402597a664a570f2f39f07f7257cbb28d2d5a57a,2ed360db75a5eda1fb2a305acf8f09f12d8e26aa836535011ba6490bfc18b1c9,development,disable_cfp_to_oct,mean,5.889307032005043
df5a0ace93a10e050c6928c7402597a664a570f2f39f07f7257cbb28d2d5a57a,2ed360db75a5eda1fb2a305acf8f09f12d8e26aa836535011ba6490bfc18b1c9,development,disable_both,cfp,5.452401337247236
df5a0ace93a10e050c6928c7402597a664a570f2f39f07f7257cbb28d2d5a57a,2ed360db75a5eda1fb2a305acf8f09f12d8e26aa836535011ba6490bfc18b1c9,development,disable_both,oct,11.778614064010073
df5a0ace93a10e050c6928c7402597a664a570f2f39f07f7257cbb28d2d5a57a,2ed360db75a5eda1fb2a305acf8f09f12d8e26aa836535011ba6490bfc18b1c9,development,disable_both,mean,8.615507700628655
df5a0ace93a10e050c6928c7402597a664a570f2f39f07f7257cbb28d2d5a57a,2ed360db75a5eda1fb2a305acf8f09f12d8e26aa836535011ba6490bfc18b1c9,development,shuffle_oct_to_cfp,cfp,1.805315085998771
df5a0ace93a10e050c6928c7402597a664a570f2f39f07f7257cbb28d2d5a57a,2ed360db75a5eda1fb2a305acf8f09f12d8e26aa836535011ba6490bfc18b1c9,development,shuffle_oct_to_cfp,oct,0.0
df5a0ace93a10e050c6928c7402597a664a570f2f39f07f7257cbb28d2d5a57a,2ed360db75a5eda1fb2a305acf8f09f12d8e26aa836535011ba6490bfc18b1c9,development,shuffle_oct_to_cfp,mean,0.9026575429993855
df5a0ace93a10e050c6928c7402597a664a570f2f39f07f7257cbb28d2d5a57a,2ed360db75a5eda1fb2a305acf8f09f12d8e26aa836535011ba6490bfc18b1c9,development,shuffle_cfp_to_oct,cfp,0.0
df5a0ace93a10e050c6928c7402597a664a570f2f39f07f7257cbb28d2d5a57a,2ed360db75a5eda1fb2a305acf8f09f12d8e26aa836535011ba6490bfc18b1c9,development,shuffle_cfp_to_oct,oct,6.409004826124354
df5a0ace93a10e050c6928c7402597a664a570f2f39f07f7257cbb28d2d5a57a,2ed360db75a5eda1fb2a305acf8f09f12d8e26aa836535011ba6490bfc18b1c9,development,shuffle_cfp_to_oct,mean,3.2045024130621824
df5a0ace93a10e050c6928c7402597a664a570f2f39f07f7257cbb28d2d5a57a,2ed360db75a5eda1fb2a305acf8f09f12d8e26aa836535011ba6490bfc18b1c9,development,shuffle_both,cfp,1.805315085998771
df5a0ace93a10e050c6928c7402597a664a570f2f39f07f7257cbb28d2d5a57a,2ed360db75a5eda1fb2a305acf8f09f12d8e26aa836535011ba6490bfc18b1c9,development,shuffle_both,oct,6.409004826124354
df5a0ace93a10e050c6928c7402597a664a570f2f39f07f7257cbb28d2d5a57a,2ed360db75a5eda1fb2a305acf8f09f12d8e26aa836535011ba6490bfc18b1c9,development,shuffle_both,mean,4.107159956061568
df5a0ace93a10e050c6928c7402597a664a570f2f39f07f7257cbb28d2d5a57a,2ed360db75a5eda1fb2a305acf8f09f12d8e26aa836535011ba6490bfc18b1c9,test,disable_oct_to_cfp,cfp,-0.9332276479004475
df5a0ace93a10e050c6928c7402597a664a570f2f39f07f7257cbb28d2d5a57a,2ed360db75a5eda1fb2a305acf8f09f12d8e26aa836535011ba6490bfc18b1c9,test,disable_oct_to_cfp,oct,0.0
df5a0ace93a10e050c6928c7402597a664a570f2f39f07f7257cbb28d2d5a57a,2ed360db75a5eda1fb2a305acf8f09f12d8e26aa836535011ba6490bfc18b1c9,test,disable_oct_to_cfp,mean,-0.46661382395022377
df5a0ace93a10e050c6928c7402597a664a570f2f39f07f7257cbb28d2d5a57a,2ed360db75a5eda1fb2a305acf8f09f12d8e26aa836535011ba6490bfc18b1c9,test,disable_cfp_to_oct,cfp,0.0
df5a0ace93a10e050c6928c7402597a664a570f2f39f07f7257cbb28d2d5a57a,2ed360db75a5eda1fb2a305acf8f09f12d8e26aa836535011ba6490bfc18b1c9,test,disable_cfp_to_oct,oct,9.680815693700584
df5a0ace93a10e050c6928c7402597a664a570f2f39f07f7257cbb28d2d5a57a,2ed360db75a5eda1fb2a305acf8f09f12d8e26aa836535011ba6490bfc18b1c9,test,disable_cfp_to_oct,mean,4.840407846850292
df5a0ace93a10e050c6928c7402597a664a570f2f39f07f7257cbb28d2d5a57a,2ed360db75a5eda1fb2a305acf8f09f12d8e26aa836535011ba6490bfc18b1c9,test,disable_both,cfp,-0.9332276479004475
df5a0ace93a10e050c6928c7402597a664a570f2f39f07f7257cbb28d2d5a57a,2ed360db75a5eda1fb2a305acf8f09f12d8e26aa836535011ba6490bfc18b1c9,test,disable_both,oct,9.680815693700584
df5a0ace93a10e050c6928c7402597a664a570f2f39f07f7257cbb28d2d5a57a,2ed360db75a5eda1fb2a305acf8f09f12d8e26aa836535011ba6490bfc18b1c9,test,disable_both,mean,4.373794022900068
df5a0ace93a10e050c6928c7402597a664a570f2f39f07f7257cbb28d2d5a57a,2ed360db75a5eda1fb2a305acf8f09f12d8e26aa836535011ba6490bfc18b1c9,test,shuffle_oct_to_cfp,cfp,1.3255779680041657
df5a0ace93a10e050c6928c7402597a664a570f2f39f07f7257cbb28d2d5a57a,2ed360db75a5eda1fb2a305acf8f09f12d8e26aa836535011ba6490bfc18b1c9,test,shuffle_oct_to_cfp,oct,0.0
df5a0ace93a10e050c6928c7402597a664a570f2f39f07f7257cbb28d2d5a57a,2ed360db75a5eda1fb2a305acf8f09f12d8e26aa836535011ba6490bfc18b1c9,test,shuffle_oct_to_cfp,mean,0.6627889840020829
df5a0ace93a10e050c6928c7402597a664a570f2f39f07f7257cbb28d2d5a57a,2ed360db75a5eda1fb2a305acf8f09f12d8e26aa836535011ba6490bfc18b1c9,test,shuffle_cfp_to_oct,cfp,0.0
df5a0ace93a10e050c6928c7402597a664a570f2f39f07f7257cbb28d2d5a57a,2ed360db75a5eda1fb2a305acf8f09f12d8e26aa836535011ba6490bfc18b1c9,test,shuffle_cfp_to_oct,oct,3.1227411373628833
df5a0ace93a10e050c6928c7402597a664a570f2f39f07f7257cbb28d2d5a57a,2ed360db75a5eda1fb2a305acf8f09f12d8e26aa836535011ba6490bfc18b1c9,test,shuffle_cfp_to_oct,mean,1.5613705686814416
df5a0ace93a10e050c6928c7402597a664a570f2f39f07f7257cbb28d2d5a57a,2ed360db75a5eda1fb2a305acf8f09f12d8e26aa836535011ba6490bfc18b1c9,test,shuffle_both,cfp,1.3255779680041657
df5a0ace93a10e050c6928c7402597a664a570f2f39f07f7257cbb28d2d5a57a,2ed360db75a5eda1fb2a305acf8f09f12d8e26aa836535011ba6490bfc18b1c9,test,shuffle_both,oct,3.1227411373628833
df5a0ace93a10e050c6928c7402597a664a570f2f39f07f7257cbb28d2d5a57a,2ed360db75a5eda1fb2a305acf8f09f12d8e26aa836535011ba6490bfc18b1c9,test,shuffle_both,mean,2.2241595526835245
ebf9a1d571fae5f98159b8e3d42c9b1980ce3ae4f9e333bfb33d911b38341d2e,91f9c170dbe47c58143bf5e7c71e7e67e8ed906e359ae731fd53d6e435e19bfe,development,disable_oct_to_cfp,cfp,10.626332403418548
ebf9a1d571fae5f98159b8e3d42c9b1980ce3ae4f9e333bfb33d911b38341d2e,91f9c170dbe47c58143bf5e7c71e7e67e8ed906e359ae731fd53d6e435e19bfe,development,disable_oct_to_cfp,oct,0.0
ebf9a1d571fae5f98159b8e3d42c9b1980ce3ae4f9e333bfb33d911b38341d2e,91f9c170dbe47c58143bf5e7c71e7e67e8ed906e359ae731fd53d6e435e19bfe,development,disable_oct_to_cfp,mean,5.313166201709274
ebf9a1d571fae5f98159b8e3d42c9b1980ce3ae4f9e333bfb33d911b38341d2e,91f9c170dbe47c58143bf5e7c71e7e67e8ed906e359ae731fd53d6e435e19bfe,development,disable_cfp_to_oct,cfp,0.0
ebf9a1d571fae5f98159b8e3d42c9b1980ce3ae4f9e333bfb33d911b38341d2e,91f9c170dbe47c58143bf5e7c71e7e67e8ed906e359ae731fd53d6e435e19bfe,development,disable_cfp_to_oct,oct,34.08548890111906
ebf9a1d571fae5f98159b8e3d42c9b1980ce3ae4f9e333bfb33d911b38341d2e,91f9c170dbe47c58143bf5e7c71e7e67e8ed906e359ae731fd53d6e435e19bfe,development,disable_cfp_to_oct,mean,17.042744450559532
ebf9a1d571fae5f98159b8e3d42c9b1980ce3ae4f9e333bfb33d911b38341d2e,91f9c170dbe47c58143bf5e7c71e7e67e8ed906e359ae731fd53d6e435e19bfe,development,disable_both,cfp,10.626332403418548
ebf9a1d571fae5f98159b8e3d42c9b1980ce3ae4f9e333bfb33d911b38341d2e,91f9c170dbe47c58143bf5e7c71e7e67e8ed906e359ae731fd53d6e435e19bfe,development,disable_both,oct,34.08548890111906
ebf9a1d571fae5f98159b8e3d42c9b1980ce3ae4f9e333bfb33d911b38341d2e,91f9c170dbe47c58143bf5e7c71e7e67e8ed906e359ae731fd53d6e435e19bfe,development,disable_both,mean,22.355910652268808
ebf9a1d571fae5f98159b8e3d42c9b1980ce3ae4f9e333bfb33d911b38341d2e,91f9c170dbe47c58143bf5e7c71e7e67e8ed906e359ae731fd53d6e435e19bfe,development,shuffle_oct_to_cfp,cfp,2.994727135093944
ebf9a1d571fae5f98159b8e3d42c9b1980ce3ae4f9e333bfb33d911b38341d2e,91f9c170dbe47c58143bf5e7c71e7e67e8ed906e359ae731fd53d6e435e19bfe,development,shuffle_oct_to_cfp,oct,0.0
ebf9a1d571fae5f98159b8e3d42c9b1980ce3ae4f9e333bfb33d911b38341d2e,91f9c170dbe47c58143bf5e7c71e7e67e8ed906e359ae731fd53d6e435e19bfe,development,shuffle_oct_to_cfp,mean,1.497363567546972
ebf9a1d571fae5f98159b8e3d42c9b1980ce3ae4f9e333bfb33d911b38341d2e,91f9c170dbe47c58143bf5e7c71e7e67e8ed906e359ae731fd53d6e435e19bfe,development,shuffle_cfp_to_oct,cfp,0.0
ebf9a1d571fae5f98159b8e3d42c9b1980ce3ae4f9e333bfb33d911b38341d2e,91f9c170dbe47c58143bf5e7c71e7e67e8ed906e359ae731fd53d6e435e19bfe,development,shuffle_cfp_to_oct,oct,15.02199843658294
ebf9a1d571fae5f98159b8e3d42c9b1980ce3ae4f9e333bfb33d911b38341d2e,91f9c170dbe47c58143bf5e7c71e7e67e8ed906e359ae731fd53d6e435e19bfe,development,shuffle_cfp_to_oct,mean,7.51099921829147
ebf9a1d571fae5f98159b8e3d42c9b1980ce3ae4f9e333bfb33d911b38341d2e,91f9c170dbe47c58143bf5e7c71e7e67e8ed906e359ae731fd53d6e435e19bfe,development,shuffle_both,cfp,2.994727135093944
ebf9a1d571fae5f98159b8e3d42c9b1980ce3ae4f9e333bfb33d911b38341d2e,91f9c170dbe47c58143bf5e7c71e7e67e8ed906e359ae731fd53d6e435e19bfe,development,shuffle_both,oct,15.02199843658294
ebf9a1d571fae5f98159b8e3d42c9b1980ce3ae4f9e333bfb33d911b38341d2e,91f9c170dbe47c58143bf5e7c71e7e67e8ed906e359ae731fd53d6e435e19bfe,development,shuffle_both,mean,9.008362785838441
ebf9a1d571fae5f98159b8e3d42c9b1980ce3ae4f9e333bfb33d911b38341d2e,91f9c170dbe47c58143bf5e7c71e7e67e8ed906e359ae731fd53d6e435e19bfe,test,disable_oct_to_cfp,cfp,5.346299891159168
ebf9a1d571fae5f98159b8e3d42c9b1980ce3ae4f9e333bfb33d911b38341d2e,91f9c170dbe47c58143bf5e7c71e7e67e8ed906e359ae731fd53d6e435e19bfe,test,disable_oct_to_cfp,oct,0.0
ebf9a1d571fae5f98159b8e3d42c9b1980ce3ae4f9e333bfb33d911b38341d2e,91f9c170dbe47c58143bf5e7c71e7e67e8ed906e359ae731fd53d6e435e19bfe,test,disable_oct_to_cfp,mean,2.6731499455795893
ebf9a1d571fae5f98159b8e3d42c9b1980ce3ae4f9e333bfb33d911b38341d2e,91f9c170dbe47c58143bf5e7c71e7e67e8ed906e359ae731fd53d6e435e19bfe,test,disable_cfp_to_oct,cfp,0.0
ebf9a1d571fae5f98159b8e3d42c9b1980ce3ae4f9e333bfb33d911b38341d2e,91f9c170dbe47c58143bf5e7c71e7e67e8ed906e359ae731fd53d6e435e19bfe,test,disable_cfp_to_oct,oct,25.852774199704214
ebf9a1d571fae5f98159b8e3d42c9b1980ce3ae4f9e333bfb33d911b38341d2e,91f9c170dbe47c58143bf5e7c71e7e67e8ed906e359ae731fd53d6e435e19bfe,test,disable_cfp_to_oct,mean,12.92638709985211
ebf9a1d571fae5f98159b8e3d42c9b1980ce3ae4f9e333bfb33d911b38341d2e,91f9c170dbe47c58143bf5e7c71e7e67e8ed906e359ae731fd53d6e435e19bfe,test,disable_both,cfp,5.346299891159168
ebf9a1d571fae5f98159b8e3d42c9b1980ce3ae4f9e333bfb33d911b38341d2e,91f9c170dbe47c58143bf5e7c71e7e67e8ed906e359ae731fd53d6e435e19bfe,test,disable_both,oct,25.852774199704214
ebf9a1d571fae5f98159b8e3d42c9b1980ce3ae4f9e333bfb33d911b38341d2e,91f9c170dbe47c58143bf5e7c71e7e67e8ed906e359ae731fd53d6e435e19bfe,test,disable_both,mean,15.599537045431688
ebf9a1d571fae5f98159b8e3d42c9b1980ce3ae4f9e333bfb33d911b38341d2e,91f9c170dbe47c58143bf5e7c71e7e67e8ed906e359ae731fd53d6e435e19bfe,test,shuffle_oct_to_cfp,cfp,1.3598735332385536
ebf9a1d571fae5f98159b8e3d42c9b1980ce3ae4f9e333bfb33d911b38341d2e,91f9c170dbe47c58143bf5e7c71e7e67e8ed906e359ae731fd53d6e435e19bfe,test,shuffle_oct_to_cfp,oct,0.0
ebf9a1d571fae5f98159b8e3d42c9b1980ce3ae4f9e333bfb33d911b38341d2e,91f9c170dbe47c58143bf5e7c71e7e67e8ed906e359ae731fd53d6e435e19bfe,test,shuffle_oct_to_cfp,mean,0.6799367666192824
ebf9a1d571fae5f98159b8e3d42c9b1980ce3ae4f9e333bfb33d911b38341d2e,91f9c170dbe47c58143bf5e7c71e7e67e8ed906e359ae731fd53d6e435e19bfe,test,shuffle_cfp_to_oct,cfp,0.0
ebf9a1d571fae5f98159b8e3d42c9b1980ce3ae4f9e333bfb33d911b38341d2e,91f9c170dbe47c58143bf5e7c71e7e67e8ed906e359ae731fd53d6e435e19bfe,test,shuffle_cfp_to_oct,oct,6.983894574092586
ebf9a1d571fae5f98159b8e3d42c9b1980ce3ae4f9e333bfb33d911b38341d2e,91f9c170dbe47c58143bf5e7c71e7e67e8ed906e359ae731fd53d6e435e19bfe,test,shuffle_cfp_to_oct,mean,3.491947287046293
ebf9a1d571fae5f98159b8e3d42c9b1980ce3ae4f9e333bfb33d911b38341d2e,91f9c170dbe47c58143bf5e7c71e7e67e8ed906e359ae731fd53d6e435e19bfe,test,shuffle_both,cfp,1.3598735332385536
ebf9a1d571fae5f98159b8e3d42c9b1980ce3ae4f9e333bfb33d911b38341d2e,91f9c170dbe47c58143bf5e7c71e7e67e8ed906e359ae731fd53d6e435e19bfe,test,shuffle_both,oct,6.983894574092586
ebf9a1d571fae5f98159b8e3d42c9b1980ce3ae4f9e333bfb33d911b38341d2e,91f9c170dbe47c58143bf5e7c71e7e67e8ed906e359ae731fd53d6e435e19bfe,test,shuffle_both,mean,4.1718840536655755
d4108b60a91ce7ae61076e5b603fc3a4dc3c3ac6e9c14f99cc05ae29195f0ab1,3ddca0caf0dc1602658a9ce8af6b4606f5bb0f30e7e1f2841f256247c013c3a4,development,disable_oct_to_cfp,cfp,16.529375593565465
d4108b60a91ce7ae61076e5b603fc3a4dc3c3ac6e9c14f99cc05ae29195f0ab1,3ddca0caf0dc1602658a9ce8af6b4606f5bb0f30e7e1f2841f256247c013c3a4,development,disable_oct_to_cfp,oct,0.0
d4108b60a91ce7ae61076e5b603fc3a4dc3c3ac6e9c14f99cc05ae29195f0ab1,3ddca0caf0dc1602658a9ce8af6b4606f5bb0f30e7e1f2841f256247c013c3a4,development,disable_oct_to_cfp,mean,8.264687796782733
d4108b60a91ce7ae61076e5b603fc3a4dc3c3ac6e9c14f99cc05ae29195f0ab1,3ddca0caf0dc1602658a9ce8af6b4606f5bb0f30e7e1f2841f256247c013c3a4,development,disable_cfp_to_oct,cfp,0.0
d4108b60a91ce7ae61076e5b603fc3a4dc3c3ac6e9c14f99cc05ae29195f0ab1,3ddca0caf0dc1602658a9ce8af6b4606f5bb0f30e7e1f2841f256247c013c3a4,development,disable_cfp_to_oct,oct,9.090079594864697
d4108b60a91ce7ae61076e5b603fc3a4dc3c3ac6e9c14f99cc05ae29195f0ab1,3ddca0caf0dc1602658a9ce8af6b4606f5bb0f30e7e1f2841f256247c013c3a4,development,disable_cfp_to_oct,mean,4.545039797432349
d4108b60a91ce7ae61076e5b603fc3a4dc3c3ac6e9c14f99cc05ae29195f0ab1,3ddca0caf0dc1602658a9ce8af6b4606f5bb0f30e7e1f2841f256247c013c3a4,development,disable_both,cfp,16.529375593565465
d4108b60a91ce7ae61076e5b603fc3a4dc3c3ac6e9c14f99cc05ae29195f0ab1,3ddca0caf0dc1602658a9ce8af6b4606f5bb0f30e7e1f2841f256247c013c3a4,development,disable_both,oct,9.090079594864697
d4108b60a91ce7ae61076e5b603fc3a4dc3c3ac6e9c14f99cc05ae29195f0ab1,3ddca0caf0dc1602658a9ce8af6b4606f5bb0f30e7e1f2841f256247c013c3a4,development,disable_both,mean,12.809727594215081
d4108b60a91ce7ae61076e5b603fc3a4dc3c3ac6e9c14f99cc05ae29195f0ab1,3ddca0caf0dc1602658a9ce8af6b4606f5bb0f30e7e1f2841f256247c013c3a4,development,shuffle_oct_to_cfp,cfp,4.082667024115461
d4108b60a91ce7ae61076e5b603fc3a4dc3c3ac6e9c14f99cc05ae29195f0ab1,3ddca0caf0dc1602658a9ce8af6b4606f5bb0f30e7e1f2841f256247c013c3a4,development,shuffle_oct_to_cfp,oct,0.0
d4108b60a91ce7ae61076e5b603fc3a4dc3c3ac6e9c14f99cc05ae29195f0ab1,3ddca0caf0dc1602658a9ce8af6b4606f5bb0f30e7e1f2841f256247c013c3a4,development,shuffle_oct_to_cfp,mean,2.0413335120577303
d4108b60a91ce7ae61076e5b603fc3a4dc3c3ac6e9c14f99cc05ae29195f0ab1,3ddca0caf0dc1602658a9ce8af6b4606f5bb0f30e7e1f2841f256247c013c3a4,development,shuffle_cfp_to_oct,cfp,0.0
d4108b60a91ce7ae61076e5b603fc3a4dc3c3ac6e9c14f99cc05ae29195f0ab1,3ddca0caf0dc1602658a9ce8af6b4606f5bb0f30e7e1f2841f256247c013c3a4,development,shuffle_cfp_to_oct,oct,12.017492357634286
d4108b60a91ce7ae61076e5b603fc3a4dc3c3ac6e9c14f99cc05ae29195f0ab1,3ddca0caf0dc1602658a9ce8af6b4606f5bb0f30e7e1f2841f256247c013c3a4,development,shuffle_cfp_to_oct,mean,6.0087461788171375
d4108b60a91ce7ae61076e5b603fc3a4dc3c3ac6e9c14f99cc05ae29195f0ab1,3ddca0caf0dc1602658a9ce8af6b4606f5bb0f30e7e1f2841f256247c013c3a4,development,shuffle_both,cfp,4.082667024115461
d4108b60a91ce7ae61076e5b603fc3a4dc3c3ac6e9c14f99cc05ae29195f0ab1,3ddca0caf0dc1602658a9ce8af6b4606f5bb0f30e7e1f2841f256247c013c3a4,development,shuffle_both,oct,12.017492357634286
d4108b60a91ce7ae61076e5b603fc3a4dc3c3ac6e9c14f99cc05ae29195f0ab1,3ddca0caf0dc1602658a9ce8af6b4606f5bb0f30e7e1f2841f256247c013c3a4,development,shuffle_both,mean,8.050079690874867
d4108b60a91ce7ae61076e5b603fc3a4dc3c3ac6e9c14f99cc05ae29195f0ab1,3ddca0caf0dc1602658a9ce8af6b4606f5bb0f30e7e1f2841f256247c013c3a4,test,disable_oct_to_cfp,cfp,9.968623159630152
d4108b60a91ce7ae61076e5b603fc3a4dc3c3ac6e9c14f99cc05ae29195f0ab1,3ddca0caf0dc1602658a9ce8af6b4606f5bb0f30e7e1f2841f256247c013c3a4,test,disable_oct_to_cfp,oct,0.0
d4108b60a91ce7ae61076e5b603fc3a4dc3c3ac6e9c14f99cc05ae29195f0ab1,3ddca0caf0dc1602658a9ce8af6b4606f5bb0f30e7e1f2841f256247c013c3a4,test,disable_oct_to_cfp,mean,4.984311579815071
d4108b60a91ce7ae61076e5b603fc3a4dc3c3ac6e9c14f99cc05ae29195f0ab1,3ddca0caf0dc1602658a9ce8af6b4606f5bb0f30e7e1f2841f256247c013c3a4,test,disable_cfp_to_oct,cfp,0.0
d4108b60a91ce7ae61076e5b603fc3a4dc3c3ac6e9c14f99cc05ae29195f0ab1,3ddca0caf0dc1602658a9ce8af6b4606f5bb0f30e7e1f2841f256247c013c3a4,test,disable_cfp_to_oct,oct,5.9385483443376685
d4108b60a91ce7ae61076e5b603fc3a4dc3c3ac6e9c14f99cc05ae29195f0ab1,3ddca0caf0dc1602658a9ce8af6b4606f5bb0f30e7e1f2841f256247c013c3a4,test,disable_cfp_to_oct,mean,2.9692741721688343
d4108b60a91ce7ae61076e5b603fc3a4dc3c3ac6e9c14f99cc05ae29195f0ab1,3ddca0caf0dc1602658a9ce8af6b4606f5bb0f30e7e1f2841f256247c013c3a4,test,disable_both,cfp,9.968623159630152
d4108b60a91ce7ae61076e5b603fc3a4dc3c3ac6e9c14f99cc05ae29195f0ab1,3ddca0caf0dc1602658a9ce8af6b4606f5bb0f30e7e1f2841f256247c013c3a4,test,disable_both,oct,5.9385483443376685
d4108b60a91ce7ae61076e5b603fc3a4dc3c3ac6e9c14f99cc05ae29195f0ab1,3ddca0caf0dc1602658a9ce8af6b4606f5bb0f30e7e1f2841f256247c013c3a4,test,disable_both,mean,7.953585751983905
d4108b60a91ce7ae61076e5b603fc3a4dc3c3ac6e9c14f99cc05ae29195f0ab1,3ddca0caf0dc1602658a9ce8af6b4606f5bb0f30e7e1f2841f256247c013c3a4,test,shuffle_oct_to_cfp,cfp,1.9413822881858667
d4108b60a91ce7ae61076e5b603fc3a4dc3c3ac6e9c14f99cc05ae29195f0ab1,3ddca0caf0dc1602658a9ce8af6b4606f5bb0f30e7e1f2841f256247c013c3a4,test,shuffle_oct_to_cfp,oct,0.0
d4108b60a91ce7ae61076e5b603fc3a4dc3c3ac6e9c14f99cc05ae29195f0ab1,3ddca0caf0dc1602658a9ce8af6b4606f5bb0f30e7e1f2841f256247c013c3a4,test,shuffle_oct_to_cfp,mean,0.9706911440929389
d4108b60a91ce7ae61076e5b603fc3a4dc3c3ac6e9c14f99cc05ae29195f0ab1,3ddca0caf0dc1602658a9ce8af6b4606f5bb0f30e7e1f2841f256247c013c3a4,test,shuffle_cfp_to_oct,cfp,0.0
d4108b60a91ce7ae61076e5b603fc3a4dc3c3ac6e9c14f99cc05ae29195f0ab1,3ddca0caf0dc1602658a9ce8af6b4606f5bb0f30e7e1f2841f256247c013c3a4,test,shuffle_cfp_to_oct,oct,7.237067051683055
d4108b60a91ce7ae61076e5b603fc3a4dc3c3ac6e9c14f99cc05ae29195f0ab1,3ddca0caf0dc1602658a9ce8af6b4606f5bb0f30e7e1f2841f256247c013c3a4,test,shuffle_cfp_to_oct,mean,3.6185335258415274
d4108b60a91ce7ae61076e5b603fc3a4dc3c3ac6e9c14f99cc05ae29195f0ab1,3ddca0caf0dc1602658a9ce8af6b4606f5bb0f30e7e1f2841f256247c013c3a4,test,shuffle_both,cfp,1.9413822881858667
d4108b60a91ce7ae61076e5b603fc3a4dc3c3ac6e9c14f99cc05ae29195f0ab1,3ddca0caf0dc1602658a9ce8af6b4606f5bb0f30e7e1f2841f256247c013c3a4,test,shuffle_both,oct,7.237067051683055
d4108b60a91ce7ae61076e5b603fc3a4dc3c3ac6e9c14f99cc05ae29195f0ab1,3ddca0caf0dc1602658a9ce8af6b4606f5bb0f30e7e1f2841f256247c013c3a4,test,shuffle_both,mean,4.589224669934467
6c4a8ed8bc7aa48acc49265ab97c25d9580c4edcf1cbddf769368b2473949684,f351726da0cedea6ac27d54dde2add4a300a7169dd8a27a9dbb89ed38467cb5d,development,disable_oct_to_cfp,cfp,5.035949637776049
6c4a8ed8bc7aa48acc49265ab97c25d9580c4edcf1cbddf769368b2473949684,f351726da0cedea6ac27d54dde2add4a300a7169dd8a27a9dbb89ed38467cb5d,development,disable_oct_to_cfp,oct,0.0
6c4a8ed8bc7aa48acc49265ab97c25d9580c4edcf1cbddf769368b2473949684,f351726da0cedea6ac27d54dde2add4a300a7169dd8a27a9dbb89ed38467cb5d,development,disable_oct_to_cfp,mean,2.5179748188880247
6c4a8ed8bc7aa48acc49265ab97c25d9580c4edcf1cbddf769368b2473949684,f351726da0cedea6ac27d54dde2add4a300a7169dd8a27a9dbb89ed38467cb5d,development,disable_cfp_to_oct,cfp,0.0
6c4a8ed8bc7aa48acc49265ab97c25d9580c4edcf1cbddf769368b2473949684,f351726da0cedea6ac27d54dde2add4a300a7169dd8a27a9dbb89ed38467cb5d,development,disable_cfp_to_oct,oct,33.48432852894075
6c4a8ed8bc7aa48acc49265ab97c25d9580c4edcf1cbddf769368b2473949684,f351726da0cedea6ac27d54dde2add4a300a7169dd8a27a9dbb89ed38467cb5d,development,disable_cfp_to_oct,mean,16.74216426447037
6c4a8ed8bc7aa48acc49265ab97c25d9580c4edcf1cbddf769368b2473949684,f351726da0cedea6ac27d54dde2add4a300a7169dd8a27a9dbb89ed38467cb5d,development,disable_both,cfp,5.035949637776049
6c4a8ed8bc7aa48acc49265ab97c25d9580c4edcf1cbddf769368b2473949684,f351726da0cedea6ac27d54dde2add4a300a7169dd8a27a9dbb89ed38467cb5d,development,disable_both,oct,33.48432852894075
6c4a8ed8bc7aa48acc49265ab97c25d9580c4edcf1cbddf769368b2473949684,f351726da0cedea6ac27d54dde2add4a300a7169dd8a27a9dbb89ed38467cb5d,development,disable_both,mean,19.260139083358396
6c4a8ed8bc7aa48acc49265ab97c25d9580c4edcf1cbddf769368b2473949684,f351726da0cedea6ac27d54dde2add4a300a7169dd8a27a9dbb89ed38467cb5d,development,shuffle_oct_to_cfp,cfp,3.6930024833357944
6c4a8ed8bc7aa48acc49265ab97c25d9580c4edcf1cbddf769368b2473949684,f351726da0cedea6ac27d54dde2add4a300a7169dd8a27a9dbb89ed38467cb5d,development,shuffle_oct_to_cfp,oct,0.0
6c4a8ed8bc7aa48acc49265ab97c25d9580c4edcf1cbddf769368b2473949684,f351726da0cedea6ac27d54dde2add4a300a7169dd8a27a9dbb89ed38467cb5d,development,shuffle_oct_to_cfp,mean,1.8465012416678972
6c4a8ed8bc7aa48acc49265ab97c25d9580c4edcf1cbddf769368b2473949684,f351726da0cedea6ac27d54dde2add4a300a7169dd8a27a9dbb89ed38467cb5d,development,shuffle_cfp_to_oct,cfp,0.0
6c4a8ed8bc7aa48acc49265ab97c25d9580c4edcf1cbddf769368b2473949684,f351726da0cedea6ac27d54dde2add4a300a7169dd8a27a9dbb89ed38467cb5d,development,shuffle_cfp_to_oct,oct,14.327842908476008
6c4a8ed8bc7aa48acc49265ab97c25d9580c4edcf1cbddf769368b2473949684,f351726da0cedea6ac27d54dde2add4a300a7169dd8a27a9dbb89ed38467cb5d,development,shuffle_cfp_to_oct,mean,7.1639214542379985
6c4a8ed8bc7aa48acc49265ab97c25d9580c4edcf1cbddf769368b2473949684,f351726da0cedea6ac27d54dde2add4a300a7169dd8a27a9dbb89ed38467cb5d,development,shuffle_both,cfp,3.6930024833357944
6c4a8ed8bc7aa48acc49265ab97c25d9580c4edcf1cbddf769368b2473949684,f351726da0cedea6ac27d54dde2add4a300a7169dd8a27a9dbb89ed38467cb5d,development,shuffle_both,oct,14.327842908476008
6c4a8ed8bc7aa48acc49265ab97c25d9580c4edcf1cbddf769368b2473949684,f351726da0cedea6ac27d54dde2add4a300a7169dd8a27a9dbb89ed38467cb5d,development,shuffle_both,mean,9.010422695905895
6c4a8ed8bc7aa48acc49265ab97c25d9580c4edcf1cbddf769368b2473949684,f351726da0cedea6ac27d54dde2add4a300a7169dd8a27a9dbb89ed38467cb5d,test,disable_oct_to_cfp,cfp,-2.999639599411763
6c4a8ed8bc7aa48acc49265ab97c25d9580c4edcf1cbddf769368b2473949684,f351726da0cedea6ac27d54dde2add4a300a7169dd8a27a9dbb89ed38467cb5d,test,disable_oct_to_cfp,oct,0.0
6c4a8ed8bc7aa48acc49265ab97c25d9580c4edcf1cbddf769368b2473949684,f351726da0cedea6ac27d54dde2add4a300a7169dd8a27a9dbb89ed38467cb5d,test,disable_oct_to_cfp,mean,-1.4998197997058815
6c4a8ed8bc7aa48acc49265ab97c25d9580c4edcf1cbddf769368b2473949684,f351726da0cedea6ac27d54dde2add4a300a7169dd8a27a9dbb89ed38467cb5d,test,disable_cfp_to_oct,cfp,0.0
6c4a8ed8bc7aa48acc49265ab97c25d9580c4edcf1cbddf769368b2473949684,f351726da0cedea6ac27d54dde2add4a300a7169dd8a27a9dbb89ed38467cb5d,test,disable_cfp_to_oct,oct,26.282943937284024
6c4a8ed8bc7aa48acc49265ab97c25d9580c4edcf1cbddf769368b2473949684,f351726da0cedea6ac27d54dde2add4a300a7169dd8a27a9dbb89ed38467cb5d,test,disable_cfp_to_oct,mean,13.141471968642016
6c4a8ed8bc7aa48acc49265ab97c25d9580c4edcf1cbddf769368b2473949684,f351726da0cedea6ac27d54dde2add4a300a7169dd8a27a9dbb89ed38467cb5d,test,disable_both,cfp,-2.999639599411763
6c4a8ed8bc7aa48acc49265ab97c25d9580c4edcf1cbddf769368b2473949684,f351726da0cedea6ac27d54dde2add4a300a7169dd8a27a9dbb89ed38467cb5d,test,disable_both,oct,26.282943937284024
6c4a8ed8bc7aa48acc49265ab97c25d9580c4edcf1cbddf769368b2473949684,f351726da0cedea6ac27d54dde2add4a300a7169dd8a27a9dbb89ed38467cb5d,test,disable_both,mean,11.641652168936133
6c4a8ed8bc7aa48acc49265ab97c25d9580c4edcf1cbddf769368b2473949684,f351726da0cedea6ac27d54dde2add4a300a7169dd8a27a9dbb89ed38467cb5d,test,shuffle_oct_to_cfp,cfp,1.2687454462888215
6c4a8ed8bc7aa48acc49265ab97c25d9580c4edcf1cbddf769368b2473949684,f351726da0cedea6ac27d54dde2add4a300a7169dd8a27a9dbb89ed38467cb5d,test,shuffle_oct_to_cfp,oct,0.0
6c4a8ed8bc7aa48acc49265ab97c25d9580c4edcf1cbddf769368b2473949684,f351726da0cedea6ac27d54dde2add4a300a7169dd8a27a9dbb89ed38467cb5d,test,shuffle_oct_to_cfp,mean,0.6343727231444052
6c4a8ed8bc7aa48acc49265ab97c25d9580c4edcf1cbddf769368b2473949684,f351726da0cedea6ac27d54dde2add4a300a7169dd8a27a9dbb89ed38467cb5d,test,shuffle_cfp_to_oct,cfp,0.0
6c4a8ed8bc7aa48acc49265ab97c25d9580c4edcf1cbddf769368b2473949684,f351726da0cedea6ac27d54dde2add4a300a7169dd8a27a9dbb89ed38467cb5d,test,shuffle_cfp_to_oct,oct,6.97245788340537
6c4a8ed8bc7aa48acc49265ab97c25d9580c4edcf1cbddf769368b2473949684,f351726da0cedea6ac27d54dde2add4a300a7169dd8a27a9dbb89ed38467cb5d,test,shuffle_cfp_to_oct,mean,3.486228941702685
6c4a8ed8bc7aa48acc49265ab97c25d9580c4edcf1cbddf769368b2473949684,f351726da0cedea6ac27d54dde2add4a300a7169dd8a27a9dbb89ed38467cb5d,test,shuffle_both,cfp,1.2687454462888215
6c4a8ed8bc7aa48acc49265ab97c25d9580c4edcf1cbddf769368b2473949684,f351726da0cedea6ac27d54dde2add4a300a7169dd8a27a9dbb89ed38467cb5d,test,shuffle_both,oct,6.97245788340537
6c4a8ed8bc7aa48acc49265ab97c25d9580c4edcf1cbddf769368b2473949684,f351726da0cedea6ac27d54dde2add4a300a7169dd8a27a9dbb89ed38467cb5d,test,shuffle_both,mean,4.120601664847101
c19a0a12f5331631faf754b162fac9883f0b702d2a1a607ebe097bd591a63d87,daa7623db9103efc9f2502284017605d7dd3c623d957928b098ca1336ab067d9,development,disable_oct_to_cfp,cfp,34.228310502283115
c19a0a12f5331631faf754b162fac9883f0b702d2a1a607ebe097bd591a63d87,daa7623db9103efc9f2502284017605d7dd3c623d957928b098ca1336ab067d9,development,disable_oct_to_cfp,oct,0.0
c19a0a12f5331631faf754b162fac9883f0b702d2a1a607ebe097bd591a63d87,daa7623db9103efc9f2502284017605d7dd3c623d957928b098ca1336ab067d9,development,disable_oct_to_cfp,mean,17.11415525114156
c19a0a12f5331631faf754b162fac9883f0b702d2a1a607ebe097bd591a63d87,daa7623db9103efc9f2502284017605d7dd3c623d957928b098ca1336ab067d9,development,disable_cfp_to_oct,cfp,0.0
c19a0a12f5331631faf754b162fac9883f0b702d2a1a607ebe097bd591a63d87,daa7623db9103efc9f2502284017605d7dd3c623d957928b098ca1336ab067d9,development,disable_cfp_to_oct,oct,34.56877494568546
c19a0a12f5331631faf754b162fac9883f0b702d2a1a607ebe097bd591a63d87,daa7623db9103efc9f2502284017605d7dd3c623d957928b098ca1336ab067d9,development,disable_cfp_to_oct,mean,17.28438747284273
c19a0a12f5331631faf754b162fac9883f0b702d2a1a607ebe097bd591a63d87,daa7623db9103efc9f2502284017605d7dd3c623d957928b098ca1336ab067d9,development,disable_both,cfp,34.228310502283115
c19a0a12f5331631faf754b162fac9883f0b702d2a1a607ebe097bd591a63d87,daa7623db9103efc9f2502284017605d7dd3c623d957928b098ca1336ab067d9,development,disable_both,oct,34.56877494568546
c19a0a12f5331631faf754b162fac9883f0b702d2a1a607ebe097bd591a63d87,daa7623db9103efc9f2502284017605d7dd3c623d957928b098ca1336ab067d9,development,disable_both,mean,34.398542723984285
c19a0a12f5331631faf754b162fac9883f0b702d2a1a607ebe097bd591a63d87,daa7623db9103efc9f2502284017605d7dd3c623d957928b098ca1336ab067d9,development,shuffle_oct_to_cfp,cfp,3.1443470191788614
c19a0a12f5331631faf754b162fac9883f0b702d2a1a607ebe097bd591a63d87,daa7623db9103efc9f2502284017605d7dd3c623d957928b098ca1336ab067d9,development,shuffle_oct_to_cfp,oct,0.0
c19a0a12f5331631faf754b162fac9883f0b702d2a1a607ebe097bd591a63d87,daa7623db9103efc9f2502284017605d7dd3c623d957928b098ca1336ab067d9,development,shuffle_oct_to_cfp,mean,1.5721735095894251
c19a0a12f5331631faf754b162fac9883f0b702d2a1a607ebe097bd591a63d87,daa7623db9103efc9f2502284017605d7dd3c623d957928b098ca1336ab067d9,development,shuffle_cfp_to_oct,cfp,0.0
c19a0a12f5331631faf754b162fac9883f0b702d2a1a607ebe097bd591a63d87,daa7623db9103efc9f2502284017605d7dd3c623d957928b098ca1336ab067d9,development,shuffle_cfp_to_oct,oct,14.382142490856287
c19a0a12f5331631faf754b162fac9883f0b702d2a1a607ebe097bd591a63d87,daa7623db9103efc9f2502284017605d7dd3c623d957928b098ca1336ab067d9,development,shuffle_cfp_to_oct,mean,7.191071245428137
c19a0a12f5331631faf754b162fac9883f0b702d2a1a607ebe097bd591a63d87,daa7623db9103efc9f2502284017605d7dd3c623d957928b098ca1336ab067d9,development,shuffle_both,cfp,3.1443470191788614
c19a0a12f5331631faf754b162fac9883f0b702d2a1a607ebe097bd591a63d87,daa7623db9103efc9f2502284017605d7dd3c623d957928b098ca1336ab067d9,development,shuffle_both,oct,14.382142490856287
c19a0a12f5331631faf754b162fac9883f0b702d2a1a607ebe097bd591a63d87,daa7623db9103efc9f2502284017605d7dd3c623d957928b098ca1336ab067d9,development,shuffle_both,mean,8.763244755017574
c19a0a12f5331631faf754b162fac9883f0b702d2a1a607ebe097bd591a63d87,daa7623db9103efc9f2502284017605d7dd3c623d957928b098ca1336ab067d9,test,disable_oct_to_cfp,cfp,25.59880055098963
c19a0a12f5331631faf754b162fac9883f0b702d2a1a607ebe097bd591a63d87,daa7623db9103efc9f2502284017605d7dd3c623d957928b098ca1336ab067d9,test,disable_oct_to_cfp,oct,0.0
c19a0a12f5331631faf754b162fac9883f0b702d2a1a607ebe097bd591a63d87,daa7623db9103efc9f2502284017605d7dd3c623d957928b098ca1336ab067d9,test,disable_oct_to_cfp,mean,12.799400275494815
c19a0a12f5331631faf754b162fac9883f0b702d2a1a607ebe097bd591a63d87,daa7623db9103efc9f2502284017605d7dd3c623d957928b098ca1336ab067d9,test,disable_cfp_to_oct,cfp,0.0
c19a0a12f5331631faf754b162fac9883f0b702d2a1a607ebe097bd591a63d87,daa7623db9103efc9f2502284017605d7dd3c623d957928b098ca1336ab067d9,test,disable_cfp_to_oct,oct,28.029437888592817
c19a0a12f5331631faf754b162fac9883f0b702d2a1a607ebe097bd591a63d87,daa7623db9103efc9f2502284017605d7dd3c623d957928b098ca1336ab067d9,test,disable_cfp_to_oct,mean,14.014718944296412
c19a0a12f5331631faf754b162fac9883f0b702d2a1a607ebe097bd591a63d87,daa7623db9103efc9f2502284017605d7dd3c623d957928b098ca1336ab067d9,test,disable_both,cfp,25.59880055098963
c19a0a12f5331631faf754b162fac9883f0b702d2a1a607ebe097bd591a63d87,daa7623db9103efc9f2502284017605d7dd3c623d957928b098ca1336ab067d9,test,disable_both,oct,28.029437888592817
c19a0a12f5331631faf754b162fac9883f0b702d2a1a607ebe097bd591a63d87,daa7623db9103efc9f2502284017605d7dd3c623d957928b098ca1336ab067d9,test,disable_both,mean,26.814119219791223
c19a0a12f5331631faf754b162fac9883f0b702d2a1a607ebe097bd591a63d87,daa7623db9103efc9f2502284017605d7dd3c623d957928b098ca1336ab067d9,test,shuffle_oct_to_cfp,cfp,1.2606703114348194
c19a0a12f5331631faf754b162fac9883f0b702d2a1a607ebe097bd591a63d87,daa7623db9103efc9f2502284017605d7dd3c623d957928b098ca1336ab067d9,test,shuffle_oct_to_cfp,oct,0.0
c19a0a12f5331631faf754b162fac9883f0b702d2a1a607ebe097bd591a63d87,daa7623db9103efc9f2502284017605d7dd3c623d957928b098ca1336ab067d9,test,shuffle_oct_to_cfp,mean,0.6303351557174097
c19a0a12f5331631faf754b162fac9883f0b702d2a1a607ebe097bd591a63d87,daa7623db9103efc9f2502284017605d7dd3c623d957928b098ca1336ab067d9,test,shuffle_cfp_to_oct,cfp,0.0
c19a0a12f5331631faf754b162fac9883f0b702d2a1a607ebe097bd591a63d87,daa7623db9103efc9f2502284017605d7dd3c623d957928b098ca1336ab067d9,test,shuffle_cfp_to_oct,oct,8.295483650010627
c19a0a12f5331631faf754b162fac9883f0b702d2a1a607ebe097bd591a63d87,daa7623db9103efc9f2502284017605d7dd3c623d957928b098ca1336ab067d9,test,shuffle_cfp_to_oct,mean,4.147741825005314
c19a0a12f5331631faf754b162fac9883f0b702d2a1a607ebe097bd591a63d87,daa7623db9103efc9f2502284017605d7dd3c623d957928b098ca1336ab067d9,test,shuffle_both,cfp,1.2606703114348194
c19a0a12f5331631faf754b162fac9883f0b702d2a1a607ebe097bd591a63d87,daa7623db9103efc9f2502284017605d7dd3c623d957928b098ca1336ab067d9,test,shuffle_both,oct,8.295483650010627
c19a0a12f5331631faf754b162fac9883f0b702d2a1a607ebe097bd591a63d87,daa7623db9103efc9f2502284017605d7dd3c623d957928b098ca1336ab067d9,test,shuffle_both,mean,4.778076980722723
0372bb5bb14ab0fcba3a0bb33cf8fecd1da23896011d3961af71380df7a35158,9ebcf5ab88a068bdc4aa60d9ed31ba4ac46dd0e72b6c12f58439826a6538f101,development,disable_oct_to_cfp,cfp,19.010204493259685
0372bb5bb14ab0fcba3a0bb33cf8fecd1da23896011d3961af71380df7a35158,9ebcf5ab88a068bdc4aa60d9ed31ba4ac46dd0e72b6c12f58439826a6538f101,development,disable_oct_to_cfp,oct,0.0
0372bb5bb14ab0fcba3a0bb33cf8fecd1da23896011d3961af71380df7a35158,9ebcf5ab88a068bdc4aa60d9ed31ba4ac46dd0e72b6c12f58439826a6538f101,development,disable_oct_to_cfp,mean,9.505102246629848
0372bb5bb14ab0fcba3a0bb33cf8fecd1da23896011d3961af71380df7a35158,9ebcf5ab88a068bdc4aa60d9ed31ba4ac46dd0e72b6c12f58439826a6538f101,development,disable_cfp_to_oct,cfp,0.0
0372bb5bb14ab0fcba3a0bb33cf8fecd1da23896011d3961af71380df7a35158,9ebcf5ab88a068bdc4aa60d9ed31ba4ac46dd0e72b6c12f58439826a6538f101,development,disable_cfp_to_oct,oct,0.0
0372bb5bb14ab0fcba3a0bb33cf8fecd1da23896011d3961af71380df7a35158,9ebcf5ab88a068bdc4aa60d9ed31ba4ac46dd0e72b6c12f58439826a6538f101,development,disable_cfp_to_oct,mean,0.0
0372bb5bb14ab0fcba3a0bb33cf8fecd1da23896011d3961af71380df7a35158,9ebcf5ab88a068bdc4aa60d9ed31ba4ac46dd0e72b6c12f58439826a6538f101,development,disable_both,cfp,19.010204493259685
0372bb5bb14ab0fcba3a0bb33cf8fecd1da23896011d3961af71380df7a35158,9ebcf5ab88a068bdc4aa60d9ed31ba4ac46dd0e72b6c12f58439826a6538f101,development,disable_both,oct,0.0
0372bb5bb14ab0fcba3a0bb33cf8fecd1da23896011d3961af71380df7a35158,9ebcf5ab88a068bdc4aa60d9ed31ba4ac46dd0e72b6c12f58439826a6538f101,development,disable_both,mean,9.505102246629848
0372bb5bb14ab0fcba3a0bb33cf8fecd1da23896011d3961af71380df7a35158,9ebcf5ab88a068bdc4aa60d9ed31ba4ac46dd0e72b6c12f58439826a6538f101,development,shuffle_oct_to_cfp,cfp,5.801730629019019
0372bb5bb14ab0fcba3a0bb33cf8fecd1da23896011d3961af71380df7a35158,9ebcf5ab88a068bdc4aa60d9ed31ba4ac46dd0e72b6c12f58439826a6538f101,development,shuffle_oct_to_cfp,oct,0.0
0372bb5bb14ab0fcba3a0bb33cf8fecd1da23896011d3961af71380df7a35158,9ebcf5ab88a068bdc4aa60d9ed31ba4ac46dd0e72b6c12f58439826a6538f101,development,shuffle_oct_to_cfp,mean,2.9008653145095042
0372bb5bb14ab0fcba3a0bb33cf8fecd1da23896011d3961af71380df7a35158,9ebcf5ab88a068bdc4aa60d9ed31ba4ac46dd0e72b6c12f58439826a6538f101,development,shuffle_cfp_to_oct,cfp,0.0
0372bb5bb14ab0fcba3a0bb33cf8fecd1da23896011d3961af71380df7a35158,9ebcf5ab88a068bdc4aa60d9ed31ba4ac46dd0e72b6c12f58439826a6538f101,development,shuffle_cfp_to_oct,oct,0.0
0372bb5bb14ab0fcba3a0bb33cf8fecd1da23896011d3961af71380df7a35158,9ebcf5ab88a068bdc4aa60d9ed31ba4ac46dd0e72b6c12f58439826a6538f101,development,shuffle_cfp_to_oct,mean,0.0
0372bb5bb14ab0fcba3a0bb33cf8fecd1da23896011d3961af71380df7a35158,9ebcf5ab88a068bdc4aa60d9ed31ba4ac46dd0e72b6c12f58439826a6538f101,development,shuffle_both,cfp,5.801730629019019
0372bb5bb14ab0fcba3a0bb33cf8fecd1da23896011d3961af71380df7a35158,9ebcf5ab88a068bdc4aa60d9ed31ba4ac46dd0e72b6c12f58439826a6538f101,development,shuffle_both,oct,0.0
0372bb5bb14ab0fcba3a0bb33cf8fecd1da23896011d3961af71380df7a35158,9ebcf5ab88a068bdc4aa60d9ed31ba4ac46dd0e72b6c12f58439826a6538f101,development,shuffle_both,mean,2.9008653145095042
0372bb5bb14ab0fcba3a0bb33cf8fecd1da23896011d3961af71380df7a35158,9ebcf5ab88a068bdc4aa60d9ed31ba4ac46dd0e72b6c12f58439826a6538f101,test,disable_oct_to_cfp,cfp,3.0980278264364336
0372bb5bb14ab0fcba3a0bb33cf8fecd1da23896011d3961af71380df7a35158,9ebcf5ab88a068bdc4aa60d9ed31ba4ac46dd0e72b6c12f58439826a6538f101,test,disable_oct_to_cfp,oct,0.0
0372bb5bb14ab0fcba3a0bb33cf8fecd1da23896011d3961af71380df7a35158,9ebcf5ab88a068bdc4aa60d9ed31ba4ac46dd0e72b6c12f58439826a6538f101,test,disable_oct_to_cfp,mean,1.5490139132182112
0372bb5bb14ab0fcba3a0bb33cf8fecd1da23896011d3961af71380df7a35158,9ebcf5ab88a068bdc4aa60d9ed31ba4ac46dd0e72b6c12f58439826a6538f101,test,disable_cfp_to_oct,cfp,0.0
0372bb5bb14ab0fcba3a0bb33cf8fecd1da23896011d3961af71380df7a35158,9ebcf5ab88a068bdc4aa60d9ed31ba4ac46dd0e72b6c12f58439826a6538f101,test,disable_cfp_to_oct,oct,0.0
0372bb5bb14ab0fcba3a0bb33cf8fecd1da23896011d3961af71380df7a35158,9ebcf5ab88a068bdc4aa60d9ed31ba4ac46dd0e72b6c12f58439826a6538f101,test,disable_cfp_to_oct,mean,0.0
0372bb5bb14ab0fcba3a0bb33cf8fecd1da23896011d3961af71380df7a35158,9ebcf5ab88a068bdc4aa60d9ed31ba4ac46dd0e72b6c12f58439826a6538f101,test,disable_both,cfp,3.0980278264364336
0372bb5bb14ab0fcba3a0bb33cf8fecd1da23896011d3961af71380df7a35158,9ebcf5ab88a068bdc4aa60d9ed31ba4ac46dd0e72b6c12f58439826a6538f101,test,disable_both,oct,0.0
0372bb5bb14ab0fcba3a0bb33cf8fecd1da23896011d3961af71380df7a35158,9ebcf5ab88a068bdc4aa60d9ed31ba4ac46dd0e72b6c12f58439826a6538f101,test,disable_both,mean,1.5490139132182112
0372bb5bb14ab0fcba3a0bb33cf8fecd1da23896011d3961af71380df7a35158,9ebcf5ab88a068bdc4aa60d9ed31ba4ac46dd0e72b6c12f58439826a6538f101,test,shuffle_oct_to_cfp,cfp,-0.8770709367514784
0372bb5bb14ab0fcba3a0bb33cf8fecd1da23896011d3961af71380df7a35158,9ebcf5ab88a068bdc4aa60d9ed31ba4ac46dd0e72b6c12f58439826a6538f101,test,shuffle_oct_to_cfp,oct,0.0
0372bb5bb14ab0fcba3a0bb33cf8fecd1da23896011d3961af71380df7a35158,9ebcf5ab88a068bdc4aa60d9ed31ba4ac46dd0e72b6c12f58439826a6538f101,test,shuffle_oct_to_cfp,mean,-0.43853546837573365
0372bb5bb14ab0fcba3a0bb33cf8fecd1da23896011d3961af71380df7a35158,9ebcf5ab88a068bdc4aa60d9ed31ba4ac46dd0e72b6c12f58439826a6538f101,test,shuffle_cfp_to_oct,cfp,0.0
0372bb5bb14ab0fcba3a0bb33cf8fecd1da23896011d3961af71380df7a35158,9ebcf5ab88a068bdc4aa60d9ed31ba4ac46dd0e72b6c12f58439826a6538f101,test,shuffle_cfp_to_oct,oct,0.0
0372bb5bb14ab0fcba3a0bb33cf8fecd1da23896011d3961af71380df7a35158,9ebcf5ab88a068bdc4aa60d9ed31ba4ac46dd0e72b6c12f58439826a6538f101,test,shuffle_cfp_to_oct,mean,0.0
0372bb5bb14ab0fcba3a0bb33cf8fecd1da23896011d3961af71380df7a35158,9ebcf5ab88a068bdc4aa60d9ed31ba4ac46dd0e72b6c12f58439826a6538f101,test,shuffle_both,cfp,-0.8770709367514784
0372bb5bb14ab0fcba3a0bb33cf8fecd1da23896011d3961af71380df7a35158,9ebcf5ab88a068bdc4aa60d9ed31ba4ac46dd0e72b6c12f58439826a6538f101,test,shuffle_both,oct,0.0
0372bb5bb14ab0fcba3a0bb33cf8fecd1da23896011d3961af71380df7a35158,9ebcf5ab88a068bdc4aa60d9ed31ba4ac46dd0e72b6c12f58439826a6538f101,test,shuffle_both,mean,-0.43853546837573365
820cff47f03b5f78ec5ed384b1bfca6cbfec6cd991632aea610a5ae33dd6cc7f,f48b89614f15e03d04998a6430745b17fc4ce7b1c3ec3a663d91333f19e92ba8,development,disable_oct_to_cfp,cfp,0.0
820cff47f03b5f78ec5ed384b1bfca6cbfec6cd991632aea610a5ae33dd6cc7f,f48b89614f15e03d04998a6430745b17fc4ce7b1c3ec3a663d91333f19e92ba8,development,disable_oct_to_cfp,oct,0.0
820cff47f03b5f78ec5ed384b1bfca6cbfec6cd991632aea610a5ae33dd6cc7f,f48b89614f15e03d04998a6430745b17fc4ce7b1c3ec3a663d91333f19e92ba8,development,disable_oct_to_cfp,mean,0.0
820cff47f03b5f78ec5ed384b1bfca6cbfec6cd991632aea610a5ae33dd6cc7f,f48b89614f15e03d04998a6430745b17fc4ce7b1c3ec3a663d91333f19e92ba8,development,disable_cfp_to_oct,cfp,0.0
820cff47f03b5f78ec5ed384b1bfca6cbfec6cd991632aea610a5ae33dd6cc7f,f48b89614f15e03d04998a6430745b17fc4ce7b1c3ec3a663d91333f19e92ba8,development,disable_cfp_to_oct,oct,5.70757425660291
820cff47f03b5f78ec5ed384b1bfca6cbfec6cd991632aea610a5ae33dd6cc7f,f48b89614f15e03d04998a6430745b17fc4ce7b1c3ec3a663d91333f19e92ba8,development,disable_cfp_to_oct,mean,2.853787128301455
820cff47f03b5f78ec5ed384b1bfca6cbfec6cd991632aea610a5ae33dd6cc7f,f48b89614f15e03d04998a6430745b17fc4ce7b1c3ec3a663d91333f19e92ba8,development,disable_both,cfp,0.0
820cff47f03b5f78ec5ed384b1bfca6cbfec6cd991632aea610a5ae33dd6cc7f,f48b89614f15e03d04998a6430745b17fc4ce7b1c3ec3a663d91333f19e92ba8,development,disable_both,oct,5.70757425660291
820cff47f03b5f78ec5ed384b1bfca6cbfec6cd991632aea610a5ae33dd6cc7f,f48b89614f15e03d04998a6430745b17fc4ce7b1c3ec3a663d91333f19e92ba8,development,disable_both,mean,2.853787128301455
820cff47f03b5f78ec5ed384b1bfca6cbfec6cd991632aea610a5ae33dd6cc7f,f48b89614f15e03d04998a6430745b17fc4ce7b1c3ec3a663d91333f19e92ba8,development,shuffle_oct_to_cfp,cfp,0.0
820cff47f03b5f78ec5ed384b1bfca6cbfec6cd991632aea610a5ae33dd6cc7f,f48b89614f15e03d04998a6430745b17fc4ce7b1c3ec3a663d91333f19e92ba8,development,shuffle_oct_to_cfp,oct,0.0
820cff47f03b5f78ec5ed384b1bfca6cbfec6cd991632aea610a5ae33dd6cc7f,f48b89614f15e03d04998a6430745b17fc4ce7b1c3ec3a663d91333f19e92ba8,development,shuffle_oct_to_cfp,mean,0.0
820cff47f03b5f78ec5ed384b1bfca6cbfec6cd991632aea610a5ae33dd6cc7f,f48b89614f15e03d04998a6430745b17fc4ce7b1c3ec3a663d91333f19e92ba8,development,shuffle_cfp_to_oct,cfp,0.0
820cff47f03b5f78ec5ed384b1bfca6cbfec6cd991632aea610a5ae33dd6cc7f,f48b89614f15e03d04998a6430745b17fc4ce7b1c3ec3a663d91333f19e92ba8,development,shuffle_cfp_to_oct,oct,5.62272480618976
820cff47f03b5f78ec5ed384b1bfca6cbfec6cd991632aea610a5ae33dd6cc7f,f48b89614f15e03d04998a6430745b17fc4ce7b1c3ec3a663d91333f19e92ba8,development,shuffle_cfp_to_oct,mean,2.8113624030948747
820cff47f03b5f78ec5ed384b1bfca6cbfec6cd991632aea610a5ae33dd6cc7f,f48b89614f15e03d04998a6430745b17fc4ce7b1c3ec3a663d91333f19e92ba8,development,shuffle_both,cfp,0.0
820cff47f03b5f78ec5ed384b1bfca6cbfec6cd991632aea610a5ae33dd6cc7f,f48b89614f15e03d04998a6430745b17fc4ce7b1c3ec3a663d91333f19e92ba8,development,shuffle_both,oct,5.62272480618976
820cff47f03b5f78ec5ed384b1bfca6cbfec6cd991632aea610a5ae33dd6cc7f,f48b89614f15e03d04998a6430745b17fc4ce7b1c3ec3a663d91333f19e92ba8,development,shuffle_both,mean,2.8113624030948747
820cff47f03b5f78ec5ed384b1bfca6cbfec6cd991632aea610a5ae33dd6cc7f,f48b89614f15e03d04998a6430745b17fc4ce7b1c3ec3a663d91333f19e92ba8,test,disable_oct_to_cfp,cfp,0.0
820cff47f03b5f78ec5ed384b1bfca6cbfec6cd991632aea610a5ae33dd6cc7f,f48b89614f15e03d04998a6430745b17fc4ce7b1c3ec3a663d91333f19e92ba8,test,disable_oct_to_cfp,oct,0.0
820cff47f03b5f78ec5ed384b1bfca6cbfec6cd991632aea610a5ae33dd6cc7f,f48b89614f15e03d04998a6430745b17fc4ce7b1c3ec3a663d91333f19e92ba8,test,disable_oct_to_cfp,mean,0.0
820cff47f03b5f78ec5ed384b1bfca6cbfec6cd991632aea610a5ae33dd6cc7f,f48b89614f15e03d04998a6430745b17fc4ce7b1c3ec3a663d91333f19e92ba8,test,disable_cfp_to_oct,cfp,0.0
820cff47f03b5f78ec5ed384b1bfca6cbfec6cd991632aea610a5ae33dd6cc7f,f48b89614f15e03d04998a6430745b17fc4ce7b1c3ec3a663d91333f19e92ba8,test,disable_cfp_to_oct,oct,7.466985583551877
820cff47f03b5f78ec5ed384b1bfca6cbfec6cd991632aea610a5ae33dd6cc7f,f48b89614f15e03d04998a6430745b17fc4ce7b1c3ec3a663d91333f19e92ba8,test,disable_cfp_to_oct,mean,3.7334927917759386
820cff47f03b5f78ec5ed384b1bfca6cbfec6cd991632aea610a5ae33dd6cc7f,f48b89614f15e03d04998a6430745b17fc4ce7b1c3ec3a663d91333f19e92ba8,test,disable_both,cfp,0.0
820cff47f03b5f78ec5ed384b1bfca6cbfec6cd991632aea610a5ae33dd6cc7f,f48b89614f15e03d04998a6430745b17fc4ce7b1c3ec3a663d91333f19e92ba8,test,disable_both,oct,7.466985583551877
820cff47f03b5f78ec5ed384b1bfca6cbfec6cd991632aea610a5ae33dd6cc7f,f48b89614f15e03d04998a6430745b17fc4ce7b1c3ec3a663d91333f19e92ba8,test,disable_both,mean,3.7334927917759386
820cff47f03b5f78ec5ed384b1bfca6cbfec6cd991632aea610a5ae33dd6cc7f,f48b89614f15e03d04998a6430745b17fc4ce7b1c3ec3a663d91333f19e92ba8,test,shuffle_oct_to_cfp,cfp,0.0
820cff47f03b5f78ec5ed384b1bfca6cbfec6cd991632aea610a5ae33dd6cc7f,f48b89614f15e03d04998a6430745b17fc4ce7b1c3ec3a663d91333f19e92ba8,test,shuffle_oct_to_cfp,oct,0.0
820cff47f03b5f78ec5ed384b1bfca6cbfec6cd991632aea610a5ae33dd6cc7f,f48b89614f15e03d04998a6430745b17fc4ce7b1c3ec3a663d91333f19e92ba8,test,shuffle_oct_to_cfp,mean,0.0
820cff47f03b5f78ec5ed384b1bfca6cbfec6cd991632aea610a5ae33dd6cc7f,f48b89614f15e03d04998a6430745b17fc4ce7b1c3ec3a663d91333f19e92ba8,test,shuffle_cfp_to_oct,cfp,0.0
820cff47f03b5f78ec5ed384b1bfca6cbfec6cd991632aea610a5ae33dd6cc7f,f48b89614f15e03d04998a6430745b17fc4ce7b1c3ec3a663d91333f19e92ba8,test,shuffle_cfp_to_oct,oct,6.330595928937677
820cff47f03b5f78ec5ed384b1bfca6cbfec6cd991632aea610a5ae33dd6cc7f,f48b89614f15e03d04998a6430745b17fc4ce7b1c3ec3a663d91333f19e92ba8,test,shuffle_cfp_to_oct,mean,3.1652979644688384
820cff47f03b5f78ec5ed384b1bfca6cbfec6cd991632aea610a5ae33dd6cc7f,f48b89614f15e03d04998a6430745b17fc4ce7b1c3ec3a663d91333f19e92ba8,test,shuffle_both,cfp,0.0
820cff47f03b5f78ec5ed384b1bfca6cbfec6cd991632aea610a5ae33dd6cc7f,f48b89614f15e03d04998a6430745b17fc4ce7b1c3ec3a663d91333f19e92ba8,test,shuffle_both,oct,6.330595928937677
820cff47f03b5f78ec5ed384b1bfca6cbfec6cd991632aea610a5ae33dd6cc7f,f48b89614f15e03d04998a6430745b17fc4ce7b1c3ec3a663d91333f19e92ba8,test,shuffle_both,mean,3.1652979644688384
e4e07662f147c45b5783ba22e2ca40410965f0bffd668ee4b47186ae0a4fe699,f715203a9a9fe391998be1235059c580a47fb2eee9e2183113c6a7ab86047b03,development,disable_oct_to_cfp,cfp,0.0
e4e07662f147c45b5783ba22e2ca40410965f0bffd668ee4b47186ae0a4fe699,f715203a9a9fe391998be1235059c580a47fb2eee9e2183113c6a7ab86047b03,development,disable_oct_to_cfp,oct,0.0
e4e07662f147c45b5783ba22e2ca40410965f0bffd668ee4b47186ae0a4fe699,f715203a9a9fe391998be1235059c580a47fb2eee9e2183113c6a7ab86047b03,development,disable_oct_to_cfp,mean,0.0
e4e07662f147c45b5783ba22e2ca40410965f0bffd668ee4b47186ae0a4fe699,f715203a9a9fe391998be1235059c580a47fb2eee9e2183113c6a7ab86047b03,development,disable_cfp_to_oct,cfp,0.0
e4e07662f147c45b5783ba22e2ca40410965f0bffd668ee4b47186ae0a4fe699,f715203a9a9fe391998be1235059c580a47fb2eee9e2183113c6a7ab86047b03,development,disable_cfp_to_oct,oct,0.0
e4e07662f147c45b5783ba22e2ca40410965f0bffd668ee4b47186ae0a4fe699,f715203a9a9fe391998be1235059c580a47fb2eee9e2183113c6a7ab86047b03,development,disable_cfp_to_oct,mean,0.0
e4e07662f147c45b5783ba22e2ca40410965f0bffd668ee4b47186ae0a4fe699,f715203a9a9fe391998be1235059c580a47fb2eee9e2183113c6a7ab86047b03,development,disable_both,cfp,0.0
e4e07662f147c45b5783ba22e2ca40410965f0bffd668ee4b47186ae0a4fe699,f715203a9a9fe391998be1235059c580a47fb2eee9e2183113c6a7ab86047b03,development,disable_both,oct,0.0
e4e07662f147c45b5783ba22e2ca40410965f0bffd668ee4b47186ae0a4fe699,f715203a9a9fe391998be1235059c580a47fb2eee9e2183113c6a7ab86047b03,development,disable_both,mean,0.0
e4e07662f147c45b5783ba22e2ca40410965f0bffd668ee4b47186ae0a4fe699,f715203a9a9fe391998be1235059c580a47fb2eee9e2183113c6a7ab86047b03,development,shuffle_oct_to_cfp,cfp,0.0
e4e07662f147c45b5783ba22e2ca40410965f0bffd668ee4b47186ae0a4fe699,f715203a9a9fe391998be1235059c580a47fb2eee9e2183113c6a7ab86047b03,development,shuffle_oct_to_cfp,oct,0.0
e4e07662f147c45b5783ba22e2ca40410965f0bffd668ee4b47186ae0a4fe699,f715203a9a9fe391998be1235059c580a47fb2eee9e2183113c6a7ab86047b03,development,shuffle_oct_to_cfp,mean,0.0
e4e07662f147c45b5783ba22e2ca40410965f0bffd668ee4b47186ae0a4fe699,f715203a9a9fe391998be1235059c580a47fb2eee9e2183113c6a7ab86047b03,development,shuffle_cfp_to_oct,cfp,0.0
e4e07662f147c45b5783ba22e2ca40410965f0bffd668ee4b47186ae0a4fe699,f715203a9a9fe391998be1235059c580a47fb2eee9e2183113c6a7ab86047b03,development,shuffle_cfp_to_oct,oct,0.0
e4e07662f147c45b5783ba22e2ca40410965f0bffd668ee4b47186ae0a4fe699,f715203a9a9fe391998be1235059c580a47fb2eee9e2183113c6a7ab86047b03,development,shuffle_cfp_to_oct,mean,0.0
e4e07662f147c45b5783ba22e2ca40410965f0bffd668ee4b47186ae0a4fe699,f715203a9a9fe391998be1235059c580a47fb2eee9e2183113c6a7ab86047b03,development,shuffle_both,cfp,0.0
e4e07662f147c45b5783ba22e2ca40410965f0bffd668ee4b47186ae0a4fe699,f715203a9a9fe391998be1235059c580a47fb2eee9e2183113c6a7ab86047b03,development,shuffle_both,oct,0.0
e4e07662f147c45b5783ba22e2ca40410965f0bffd668ee4b47186ae0a4fe699,f715203a9a9fe391998be1235059c580a47fb2eee9e2183113c6a7ab86047b03,development,shuffle_both,mean,0.0
e4e07662f147c45b5783ba22e2ca40410965f0bffd668ee4b47186ae0a4fe699,f715203a9a9fe391998be1235059c580a47fb2eee9e2183113c6a7ab86047b03,test,disable_oct_to_cfp,cfp,0.0
e4e07662f147c45b5783ba22e2ca40410965f0bffd668ee4b47186ae0a4fe699,f715203a9a9fe391998be1235059c580a47fb2eee9e2183113c6a7ab86047b03,test,disable_oct_to_cfp,oct,0.0
e4e07662f147c45b5783ba22e2ca40410965f0bffd668ee4b47186ae0a4fe699,f715203a9a9fe391998be1235059c580a47fb2eee9e2183113c6a7ab86047b03,test,disable_oct_to_cfp,mean,0.0
e4e07662f147c45b5783ba22e2ca40410965f0bffd668ee4b47186ae0a4fe699,f715203a9a9fe391998be1235059c580a47fb2eee9e2183113c6a7ab86047b03,test,disable_cfp_to_oct,cfp,0.0
e4e07662f147c45b5783ba22e2ca40410965f0bffd668ee4b47186ae0a4fe699,f715203a9a9fe391998be1235059c580a47fb2eee9e2183113c6a7ab86047b03,test,disable_cfp_to_oct,oct,0.0
e4e07662f147c45b5783ba22e2ca40410965f0bffd668ee4b47186ae0a4fe699,f715203a9a9fe391998be1235059c580a47fb2eee9e2183113c6a7ab86047b03,test,disable_cfp_to_oct,mean,0.0
e4e07662f147c45b5783ba22e2ca40410965f0bffd668ee4b47186ae0a4fe699,f715203a9a9fe391998be1235059c580a47fb2eee9e2183113c6a7ab86047b03,test,disable_both,cfp,0.0
e4e07662f147c45b5783ba22e2ca40410965f0bffd668ee4b47186ae0a4fe699,f715203a9a9fe391998be1235059c580a47fb2eee9e2183113c6a7ab86047b03,test,disable_both,oct,0.0
e4e07662f147c45b5783ba22e2ca40410965f0bffd668ee4b47186ae0a4fe699,f715203a9a9fe391998be1235059c580a47fb2eee9e2183113c6a7ab86047b03,test,disable_both,mean,0.0
e4e07662f147c45b5783ba22e2ca40410965f0bffd668ee4b47186ae0a4fe699,f715203a9a9fe391998be1235059c580a47fb2eee9e2183113c6a7ab86047b03,test,shuffle_oct_to_cfp,cfp,0.0
e4e07662f147c45b5783ba22e2ca40410965f0bffd668ee4b47186ae0a4fe699,f715203a9a9fe391998be1235059c580a47fb2eee9e2183113c6a7ab86047b03,test,shuffle_oct_to_cfp,oct,0.0
e4e07662f147c45b5783ba22e2ca40410965f0bffd668ee4b47186ae0a4fe699,f715203a9a9fe391998be1235059c580a47fb2eee9e2183113c6a7ab86047b03,test,shuffle_oct_to_cfp,mean,0.0
e4e07662f147c45b5783ba22e2ca40410965f0bffd668ee4b47186ae0a4fe699,f715203a9a9fe391998be1235059c580a47fb2eee9e2183113c6a7ab86047b03,test,shuffle_cfp_to_oct,cfp,0.0
e4e07662f147c45b5783ba22e2ca40410965f0bffd668ee4b47186ae0a4fe699,f715203a9a9fe391998be1235059c580a47fb2eee9e2183113c6a7ab86047b03,test,shuffle_cfp_to_oct,oct,0.0
e4e07662f147c45b5783ba22e2ca40410965f0bffd668ee4b47186ae0a4fe699,f715203a9a9fe391998be1235059c580a47fb2eee9e2183113c6a7ab86047b03,test,shuffle_cfp_to_oct,mean,0.0
e4e07662f147c45b5783ba22e2ca40410965f0bffd668ee4b47186ae0a4fe699,f715203a9a9fe391998be1235059c580a47fb2eee9e2183113c6a7ab86047b03,test,shuffle_both,cfp,0.0
e4e07662f147c45b5783ba22e2ca40410965f0bffd668ee4b47186ae0a4fe699,f715203a9a9fe391998be1235059c580a47fb2eee9e2183113c6a7ab86047b03,test,shuffle_both,oct,0.0
e4e07662f147c45b5783ba22e2ca40410965f0bffd668ee4b47186ae0a4fe699,f715203a9a9fe391998be1235059c580a47fb2eee9e2183113c6a7ab86047b03,test,shuffle_both,mean,0.0
11a1b4e4222e335c1b9aca53b57d1ed090dc466a0becbf430045bffc608fc165,5765ffc22d1a74ad8f22061e1d0c6f3f8d7676e2b6fab108330d4479561256e0,development,disable_oct_to_cfp,cfp,0.0
11a1b4e4222e335c1b9aca53b57d1ed090dc466a0becbf430045bffc608fc165,5765ffc22d1a74ad8f22061e1d0c6f3f8d7676e2b6fab108330d4479561256e0,development,disable_oct_to_cfp,oct,0.0
11a1b4e4222e335c1b9aca53b57d1ed090dc466a0becbf430045bffc608fc165,5765ffc22d1a74ad8f22061e1d0c6f3f8d7676e2b6fab108330d4479561256e0,development,disable_oct_to_cfp,mean,0.0
11a1b4e4222e335c1b9aca53b57d1ed090dc466a0becbf430045bffc608fc165,5765ffc22d1a74ad8f22061e1d0c6f3f8d7676e2b6fab108330d4479561256e0,development,disable_cfp_to_oct,cfp,0.0
11a1b4e4222e335c1b9aca53b57d1ed090dc466a0becbf430045bffc608fc165,5765ffc22d1a74ad8f22061e1d0c6f3f8d7676e2b6fab108330d4479561256e0,development,disable_cfp_to_oct,oct,5.597660381459468
11a1b4e4222e335c1b9aca53b57d1ed090dc466a0becbf430045bffc608fc165,5765ffc22d1a74ad8f22061e1d0c6f3f8d7676e2b6fab108330d4479561256e0,development,disable_cfp_to_oct,mean,2.7988301907297286
11a1b4e4222e335c1b9aca53b57d1ed090dc466a0becbf430045bffc608fc165,5765ffc22d1a74ad8f22061e1d0c6f3f8d7676e2b6fab108330d4479561256e0,development,disable_both,cfp,0.0
11a1b4e4222e335c1b9aca53b57d1ed090dc466a0becbf430045bffc608fc165,5765ffc22d1a74ad8f22061e1d0c6f3f8d7676e2b6fab108330d4479561256e0,development,disable_both,oct,5.597660381459468
11a1b4e4222e335c1b9aca53b57d1ed090dc466a0becbf430045bffc608fc165,5765ffc22d1a74ad8f22061e1d0c6f3f8d7676e2b6fab108330d4479561256e0,development,disable_both,mean,2.7988301907297286
11a1b4e4222e335c1b9aca53b57d1ed090dc466a0becbf430045bffc608fc165,5765ffc22d1a74ad8f22061e1d0c6f3f8d7676e2b6fab108330d4479561256e0,development,shuffle_oct_to_cfp,cfp,0.0
11a1b4e4222e335c1b9aca53b57d1ed090dc466a0becbf430045bffc608fc165,5765ffc22d1a74ad8f22061e1d0c6f3f8d7676e2b6fab108330d4479561256e0,development,shuffle_oct_to_cfp,oct,0.0
11a1b4e4222e335c1b9aca53b57d1ed090dc466a0becbf430045bffc608fc165,5765ffc22d1a74ad8f22061e1d0c6f3f8d7676e2b6fab108330d4479561256e0,development,shuffle_oct_to_cfp,mean,0.0
11a1b4e4222e335c1b9aca53b57d1ed090dc466a0becbf430045bffc608fc165,5765ffc22d1a74ad8f22061e1d0c6f3f8d7676e2b6fab108330d4479561256e0,development,shuffle_cfp_to_oct,cfp,0.0
11a1b4e4222e335c1b9aca53b57d1ed090dc466a0becbf430045bffc608fc165,5765ffc22d1a74ad8f22061e1d0c6f3f8d7676e2b6fab108330d4479561256e0,development,shuffle_cfp_to_oct,oct,6.310765534875773
11a1b4e4222e335c1b9aca53b57d1ed090dc466a0becbf430045bffc608fc165,5765ffc22d1a74ad8f22061e1d0c6f3f8d7676e2b6fab108330d4479561256e0,development,shuffle_cfp_to_oct,mean,3.1553827674378865
11a1b4e4222e335c1b9aca53b57d1ed090dc466a0becbf430045bffc608fc165,5765ffc22d1a74ad8f22061e1d0c6f3f8d7676e2b6fab108330d4479561256e0,development,shuffle_both,cfp,0.0
11a1b4e4222e335c1b9aca53b57d1ed090dc466a0becbf430045bffc608fc165,5765ffc22d1a74ad8f22061e1d0c6f3f8d7676e2b6fab108330d4479561256e0,development,shuffle_both,oct,6.310765534875773
11a1b4e4222e335c1b9aca53b57d1ed090dc466a0becbf430045bffc608fc165,5765ffc22d1a74ad8f22061e1d0c6f3f8d7676e2b6fab108330d4479561256e0,development,shuffle_both,mean,3.1553827674378865
11a1b4e4222e335c1b9aca53b57d1ed090dc466a0becbf430045bffc608fc165,5765ffc22d1a74ad8f22061e1d0c6f3f8d7676e2b6fab108330d4479561256e0,test,disable_oct_to_cfp,cfp,0.0
11a1b4e4222e335c1b9aca53b57d1ed090dc466a0becbf430045bffc608fc165,5765ffc22d1a74ad8f22061e1d0c6f3f8d7676e2b6fab108330d4479561256e0,test,disable_oct_to_cfp,oct,0.0
11a1b4e4222e335c1b9aca53b57d1ed090dc466a0becbf430045bffc608fc165,5765ffc22d1a74ad8f22061e1d0c6f3f8d7676e2b6fab108330d4479561256e0,test,disable_oct_to_cfp,mean,0.0
11a1b4e4222e335c1b9aca53b57d1ed090dc466a0becbf430045bffc608fc165,5765ffc22d1a74ad8f22061e1d0c6f3f8d7676e2b6fab108330d4479561256e0,test,disable_cfp_to_oct,cfp,0.0
11a1b4e4222e335c1b9aca53b57d1ed090dc466a0becbf430045bffc608fc165,5765ffc22d1a74ad8f22061e1d0c6f3f8d7676e2b6fab108330d4479561256e0,test,disable_cfp_to_oct,oct,5.239612586051468
11a1b4e4222e335c1b9aca53b57d1ed090dc466a0becbf430045bffc608fc165,5765ffc22d1a74ad8f22061e1d0c6f3f8d7676e2b6fab108330d4479561256e0,test,disable_cfp_to_oct,mean,2.6198062930257393
11a1b4e4222e335c1b9aca53b57d1ed090dc466a0becbf430045bffc608fc165,5765ffc22d1a74ad8f22061e1d0c6f3f8d7676e2b6fab108330d4479561256e0,test,disable_both,cfp,0.0
11a1b4e4222e335c1b9aca53b57d1ed090dc466a0becbf430045bffc608fc165,5765ffc22d1a74ad8f22061e1d0c6f3f8d7676e2b6fab108330d4479561256e0,test,disable_both,oct,5.239612586051468
11a1b4e4222e335c1b9aca53b57d1ed090dc466a0becbf430045bffc608fc165,5765ffc22d1a74ad8f22061e1d0c6f3f8d7676e2b6fab108330d4479561256e0,test,disable_both,mean,2.6198062930257393
11a1b4e4222e335c1b9aca53b57d1ed090dc466a0becbf430045bffc608fc165,5765ffc22d1a74ad8f22061e1d0c6f3f8d7676e2b6fab108330d4479561256e0,test,shuffle_oct_to_cfp,cfp,0.0
11a1b4e4222e335c1b9aca53b57d1ed090dc466a0becbf430045bffc608fc165,5765ffc22d1a74ad8f22061e1d0c6f3f8d7676e2b6fab108330d4479561256e0,test,shuffle_oct_to_cfp,oct,0.0
11a1b4e4222e335c1b9aca53b57d1ed090dc466a0becbf430045bffc608fc165,5765ffc22d1a74ad8f22061e1d0c6f3f8d7676e2b6fab108330d4479561256e0,test,shuffle_oct_to_cfp,mean,0.0
11a1b4e4222e335c1b9aca53b57d1ed090dc466a0becbf430045bffc608fc165,5765ffc22d1a74ad8f22061e1d0c6f3f8d7676e2b6fab108330d4479561256e0,test,shuffle_cfp_to_oct,cfp,0.0
11a1b4e4222e335c1b9aca53b57d1ed090dc466a0becbf430045bffc608fc165,5765ffc22d1a74ad8f22061e1d0c6f3f8d7676e2b6fab108330d4479561256e0,test,shuffle_cfp_to_oct,oct,4.153775814794514
11a1b4e4222e335c1b9aca53b57d1ed090dc466a0becbf430045bffc608fc165,5765ffc22d1a74ad8f22061e1d0c6f3f8d7676e2b6fab108330d4479561256e0,test,shuffle_cfp_to_oct,mean,2.0768879073972624
11a1b4e4222e335c1b9aca53b57d1ed090dc466a0becbf430045bffc608fc165,5765ffc22d1a74ad8f22061e1d0c6f3f8d7676e2b6fab108330d4479561256e0,test,shuffle_both,cfp,0.0
11a1b4e4222e335c1b9aca53b57d1ed090dc466a0becbf430045bffc608fc165,5765ffc22d1a74ad8f22061e1d0c6f3f8d7676e2b6fab108330d4479561256e0,test,shuffle_both,oct,4.153775814794514
11a1b4e4222e335c1b9aca53b57d1ed090dc466a0becbf430045bffc608fc165,5765ffc22d1a74ad8f22061e1d0c6f3f8d7676e2b6fab108330d4479561256e0,test,shuffle_both,mean,2.0768879073972624
bb8b372336e0842270239678927c240e426223222735fce3a4fb5846ffb56503,ae4881b3e2ce9116faf6d37aa3aab2a57b46f56d793c7be3f8703ef4a35b5575,development,disable_oct_to_cfp,cfp,17.4692606219098
bb8b372336e0842270239678927c240e426223222735fce3a4fb5846ffb56503,ae4881b3e2ce9116faf6d37aa3aab2a57b46f56d793c7be3f8703ef4a35b5575,development,disable_oct_to_cfp,oct,0.0
bb8b372336e0842270239678927c240e426223222735fce3a4fb5846ffb56503,ae4881b3e2ce9116faf6d37aa3aab2a57b46f56d793c7be3f8703ef4a35b5575,development,disable_oct_to_cfp,mean,8.734630310954905
bb8b372336e0842270239678927c240e426223222735fce3a4fb5846ffb56503,ae4881b3e2ce9116faf6d37aa3aab2a57b46f56d793c7be3f8703ef4a35b5575,development,disable_cfp_to_oct,cfp,0.0
bb8b372336e0842270239678927c240e426223222735fce3a4fb5846ffb56503,ae4881b3e2ce9116faf6d37aa3aab2a57b46f56d793c7be3f8703ef4a35b5575,development,disable_cfp_to_oct,oct,0.0
bb8b372336e0842270239678927c240e426223222735fce3a4fb5846ffb56503,ae4881b3e2ce9116faf6d37aa3aab2a57b46f56d793c7be3f8703ef4a35b5575,development,disable_cfp_to_oct,mean,0.0
bb8b372336e0842270239678927c240e426223222735fce3a4fb5846ffb56503,ae4881b3e2ce9116faf6d37aa3aab2a57b46f56d793c7be3f8703ef4a35b5575,development,disable_both,cfp,17.4692606219098
bb8b372336e0842270239678927c240e426223222735fce3a4fb5846ffb56503,ae4881b3e2ce9116faf6d37aa3aab2a57b46f56d793c7be3f8703ef4a35b5575,development,disable_both,oct,0.0
bb8b372336e0842270239678927c240e426223222735fce3a4fb5846ffb56503,ae4881b3e2ce9116faf6d37aa3aab2a57b46f56d793c7be3f8703ef4a35b5575,development,disable_both,mean,8.734630310954905
bb8b372336e0842270239678927c240e426223222735fce3a4fb5846ffb56503,ae4881b3e2ce9116faf6d37aa3aab2a57b46f56d793c7be3f8703ef4a35b5575,development,shuffle_oct_to_cfp,cfp,8.464752953320199
bb8b372336e0842270239678927c240e426223222735fce3a4fb5846ffb56503,ae4881b3e2ce9116faf6d37aa3aab2a57b46f56d793c7be3f8703ef4a35b5575,development,shuffle_oct_to_cfp,oct,0.0
bb8b372336e0842270239678927c240e426223222735fce3a4fb5846ffb56503,ae4881b3e2ce9116faf6d37aa3aab2a57b46f56d793c7be3f8703ef4a35b5575,development,shuffle_oct_to_cfp,mean,4.232376476660105
bb8b372336e0842270239678927c240e426223222735fce3a4fb5846ffb56503,ae4881b3e2ce9116faf6d37aa3aab2a57b46f56d793c7be3f8703ef4a35b5575,development,shuffle_cfp_to_oct,cfp,0.0
bb8b372336e0842270239678927c240e426223222735fce3a4fb5846ffb56503,ae4881b3e2ce9116faf6d37aa3aab2a57b46f56d793c7be3f8703ef4a35b5575,development,shuffle_cfp_to_oct,oct,0.0
bb8b372336e0842270239678927c240e426223222735fce3a4fb5846ffb56503,ae4881b3e2ce9116faf6d37aa3aab2a57b46f56d793c7be3f8703ef4a35b5575,development,shuffle_cfp_to_oct,mean,0.0
bb8b372336e0842270239678927c240e426223222735fce3a4fb5846ffb56503,ae4881b3e2ce9116faf6d37aa3aab2a57b46f56d793c7be3f8703ef4a35b5575,development,shuffle_both,cfp,8.464752953320199
bb8b372336e0842270239678927c240e426223222735fce3a4fb5846ffb56503,ae4881b3e2ce9116faf6d37aa3aab2a57b46f56d793c7be3f8703ef4a35b5575,development,shuffle_both,oct,0.0
bb8b372336e0842270239678927c240e426223222735fce3a4fb5846ffb56503,ae4881b3e2ce9116faf6d37aa3aab2a57b46f56d793c7be3f8703ef4a35b5575,development,shuffle_both,mean,4.232376476660105
bb8b372336e0842270239678927c240e426223222735fce3a4fb5846ffb56503,ae4881b3e2ce9116faf6d37aa3aab2a57b46f56d793c7be3f8703ef4a35b5575,test,disable_oct_to_cfp,cfp,5.94797468262106
bb8b372336e0842270239678927c240e426223222735fce3a4fb5846ffb56503,ae4881b3e2ce9116faf6d37aa3aab2a57b46f56d793c7be3f8703ef4a35b5575,test,disable_oct_to_cfp,oct,0.0
bb8b372336e0842270239678927c240e426223222735fce3a4fb5846ffb56503,ae4881b3e2ce9116faf6d37aa3aab2a57b46f56d793c7be3f8703ef4a35b5575,test,disable_oct_to_cfp,mean,2.9739873413105244
bb8b372336e0842270239678927c240e426223222735fce3a4fb5846ffb56503,ae4881b3e2ce9116faf6d37aa3aab2a57b46f56d793c7be3f8703ef4a35b5575,test,disable_cfp_to_oct,cfp,0.0
bb8b372336e0842270239678927c240e426223222735fce3a4fb5846ffb56503,ae4881b3e2ce9116faf6d37aa3aab2a57b46f56d793c7be3f8703ef4a35b5575,test,disable_cfp_to_oct,oct,0.0
bb8b372336e0842270239678927c240e426223222735fce3a4fb5846ffb56503,ae4881b3e2ce9116faf6d37aa3aab2a57b46f56d793c7be3f8703ef4a35b5575,test,disable_cfp_to_oct,mean,0.0
bb8b372336e0842270239678927c240e426223222735fce3a4fb5846ffb56503,ae4881b3e2ce9116faf6d37aa3aab2a57b46f56d793c7be3f8703ef4a35b5575,test,disable_both,cfp,5.94797468262106
bb8b372336e0842270239678927c240e426223222735fce3a4fb5846ffb56503,ae4881b3e2ce9116faf6d37aa3aab2a57b46f56d793c7be3f8703ef4a35b5575,test,disable_both,oct,0.0
bb8b372336e0842270239678927c240e426223222735fce3a4fb5846ffb56503,ae4881b3e2ce9116faf6d37aa3aab2a57b46f56d793c7be3f8703ef4a35b5575,test,disable_both,mean,2.9739873413105244
bb8b372336e0842270239678927c240e426223222735fce3a4fb5846ffb56503,ae4881b3e2ce9116faf6d37aa3aab2a57b46f56d793c7be3f8703ef4a35b5575,test,shuffle_oct_to_cfp,cfp,4.0241984148464915
bb8b372336e0842270239678927c240e426223222735fce3a4fb5846ffb56503,ae4881b3e2ce9116faf6d37aa3aab2a57b46f56d793c7be3f8703ef4a35b5575,test,shuffle_oct_to_cfp,oct,0.0
bb8b372336e0842270239678927c240e426223222735fce3a4fb5846ffb56503,ae4881b3e2ce9116faf6d37aa3aab2a57b46f56d793c7be3f8703ef4a35b5575,test,shuffle_oct_to_cfp,mean,2.0120992074232347
bb8b372336e0842270239678927c240e426223222735fce3a4fb5846ffb56503,ae4881b3e2ce9116faf6d37aa3aab2a57b46f56d793c7be3f8703ef4a35b5575,test,shuffle_cfp_to_oct,cfp,0.0
bb8b372336e0842270239678927c240e426223222735fce3a4fb5846ffb56503,ae4881b3e2ce9116faf6d37aa3aab2a57b46f56d793c7be3f8703ef4a35b5575,test,shuffle_cfp_to_oct,oct,0.0
bb8b372336e0842270239678927c240e426223222735fce3a4fb5846ffb56503,ae4881b3e2ce9116faf6d37aa3aab2a57b46f56d793c7be3f8703ef4a35b5575,test,shuffle_cfp_to_oct,mean,0.0
bb8b372336e0842270239678927c240e426223222735fce3a4fb5846ffb56503,ae4881b3e2ce9116faf6d37aa3aab2a57b46f56d793c7be3f8703ef4a35b5575,test,shuffle_both,cfp,4.0241984148464915
bb8b372336e0842270239678927c240e426223222735fce3a4fb5846ffb56503,ae4881b3e2ce9116faf6d37aa3aab2a57b46f56d793c7be3f8703ef4a35b5575,test,shuffle_both,oct,0.0
bb8b372336e0842270239678927c240e426223222735fce3a4fb5846ffb56503,ae4881b3e2ce9116faf6d37aa3aab2a57b46f56d793c7be3f8703ef4a35b5575,test,shuffle_both,mean,2.0120992074232347
68881fa0cf8561f2090a2f628aa3e74b399c432f145d66c3b3acbe03cc3043c3,b1c8e00ffe49b23cfd757c2f6670d15dc6ca041a87a4f4c36d9d19bae8235085,development,disable_oct_to_cfp,cfp,0.0
68881fa0cf8561f2090a2f628aa3e74b399c432f145d66c3b3acbe03cc3043c3,b1c8e00ffe49b23cfd757c2f6670d15dc6ca041a87a4f4c36d9d19bae8235085,development,disable_oct_to_cfp,oct,0.0
68881fa0cf8561f2090a2f628aa3e74b399c432f145d66c3b3acbe03cc3043c3,b1c8e00ffe49b23cfd757c2f6670d15dc6ca041a87a4f4c36d9d19bae8235085,development,disable_oct_to_cfp,mean,0.0
68881fa0cf8561f2090a2f628aa3e74b399c432f145d66c3b3acbe03cc3043c3,b1c8e00ffe49b23cfd757c2f6670d15dc6ca041a87a4f4c36d9d19bae8235085,development,disable_cfp_to_oct,cfp,0.0
68881fa0cf8561f2090a2f628aa3e74b399c432f145d66c3b3acbe03cc3043c3,b1c8e00ffe49b23cfd757c2f6670d15dc6ca041a87a4f4c36d9d19bae8235085,development,disable_cfp_to_oct,oct,37.60730593607306
68881fa0cf8561f2090a2f628aa3e74b399c432f145d66c3b3acbe03cc3043c3,b1c8e00ffe49b23cfd757c2f6670d15dc6ca041a87a4f4c36d9d19bae8235085,development,disable_cfp_to_oct,mean,18.803652968036534
68881fa0cf8561f2090a2f628aa3e74b399c432f145d66c3b3acbe03cc3043c3,b1c8e00ffe49b23cfd757c2f6670d15dc6ca041a87a4f4c36d9d19bae8235085,development,disable_both,cfp,0.0
68881fa0cf8561f2090a2f628aa3e74b399c432f145d66c3b3acbe03cc3043c3,b1c8e00ffe49b23cfd757c2f6670d15dc6ca041a87a4f4c36d9d19bae8235085,development,disable_both,oct,37.60730593607306
68881fa0cf8561f2090a2f628aa3e74b399c432f145d66c3b3acbe03cc3043c3,b1c8e00ffe49b23cfd757c2f6670d15dc6ca041a87a4f4c36d9d19bae8235085,development,disable_both,mean,18.803652968036534
68881fa0cf8561f2090a2f628aa3e74b399c432f145d66c3b3acbe03cc3043c3,b1c8e00ffe49b23cfd757c2f6670d15dc6ca041a87a4f4c36d9d19bae8235085,development,shuffle_oct_to_cfp,cfp,0.0
68881fa0cf8561f2090a2f628aa3e74b399c432f145d66c3b3acbe03cc3043c3,b1c8e00ffe49b23cfd757c2f6670d15dc6ca041a87a4f4c36d9d19bae8235085,development,shuffle_oct_to_cfp,oct,0.0
68881fa0cf8561f2090a2f628aa3e74b399c432f145d66c3b3acbe03cc3043c3,b1c8e00ffe49b23cfd757c2f6670d15dc6ca041a87a4f4c36d9d19bae8235085,development,shuffle_oct_to_cfp,mean,0.0
68881fa0cf8561f2090a2f628aa3e74b399c432f145d66c3b3acbe03cc3043c3,b1c8e00ffe49b23cfd757c2f6670d15dc6ca041a87a4f4c36d9d19bae8235085,development,shuffle_cfp_to_oct,cfp,0.0
68881fa0cf8561f2090a2f628aa3e74b399c432f145d66c3b3acbe03cc3043c3,b1c8e00ffe49b23cfd757c2f6670d15dc6ca041a87a4f4c36d9d19bae8235085,development,shuffle_cfp_to_oct,oct,9.265477761078067
68881fa0cf8561f2090a2f628aa3e74b399c432f145d66c3b3acbe03cc3043c3,b1c8e00ffe49b23cfd757c2f6670d15dc6ca041a87a4f4c36d9d19bae8235085,development,shuffle_cfp_to_oct,mean,4.6327388805390335
68881fa0cf8561f2090a2f628aa3e74b399c432f145d66c3b3acbe03cc3043c3,b1c8e00ffe49b23cfd757c2f6670d15dc6ca041a87a4f4c36d9d19bae8235085,development,shuffle_both,cfp,0.0
68881fa0cf8561f2090a2f628aa3e74b399c432f145d66c3b3acbe03cc3043c3,b1c8e00ffe49b23cfd757c2f6670d15dc6ca041a87a4f4c36d9d19bae8235085,development,shuffle_both,oct,9.265477761078067
68881fa0cf8561f2090a2f628aa3e74b399c432f145d66c3b3acbe03cc3043c3,b1c8e00ffe49b23cfd757c2f6670d15dc6ca041a87a4f4c36d9d19bae8235085,development,shuffle_both,mean,4.6327388805390335
68881fa0cf8561f2090a2f628aa3e74b399c432f145d66c3b3acbe03cc3043c3,b1c8e00ffe49b23cfd757c2f6670d15dc6ca041a87a4f4c36d9d19bae8235085,test,disable_oct_to_cfp,cfp,0.0
68881fa0cf8561f2090a2f628aa3e74b399c432f145d66c3b3acbe03cc3043c3,b1c8e00ffe49b23cfd757c2f6670d15dc6ca041a87a4f4c36d9d19bae8235085,test,disable_oct_to_cfp,oct,0.0
68881fa0cf8561f2090a2f628aa3e74b399c432f145d66c3b3acbe03cc3043c3,b1c8e00ffe49b23cfd757c2f6670d15dc6ca041a87a4f4c36d9d19bae8235085,test,disable_oct_to_cfp,mean,0.0
68881fa0cf8561f2090a2f628aa3e74b399c432f145d66c3b3acbe03cc3043c3,b1c8e00ffe49b23cfd757c2f6670d15dc6ca041a87a4f4c36d9d19bae8235085,test,disable_cfp_to_oct,cfp,0.0
68881fa0cf8561f2090a2f628aa3e74b399c432f145d66c3b3acbe03cc3043c3,b1c8e00ffe49b23cfd757c2f6670d15dc6ca041a87a4f4c36d9d19bae8235085,test,disable_cfp_to_oct,oct,29.361411533025233
68881fa0cf8561f2090a2f628aa3e74b399c432f145d66c3b3acbe03cc3043c3,b1c8e00ffe49b23cfd757c2f6670d15dc6ca041a87a4f4c36d9d19bae8235085,test,disable_cfp_to_oct,mean,14.680705766512613
68881fa0cf8561f2090a2f628aa3e74b399c432f145d66c3b3acbe03cc3043c3,b1c8e00ffe49b23cfd757c2f6670d15dc6ca041a87a4f4c36d9d19bae8235085,test,disable_both,cfp,0.0
68881fa0cf8561f2090a2f628aa3e74b399c432f145d66c3b3acbe03cc3043c3,b1c8e00ffe49b23cfd757c2f6670d15dc6ca041a87a4f4c36d9d19bae8235085,test,disable_both,oct,29.361411533025233
68881fa0cf8561f2090a2f628aa3e74b399c432f145d66c3b3acbe03cc3043c3,b1c8e00ffe49b23cfd757c2f6670d15dc6ca041a87a4f4c36d9d19bae8235085,test,disable_both,mean,14.680705766512613
68881fa0cf8561f2090a2f628aa3e74b399c432f145d66c3b3acbe03cc3043c3,b1c8e00ffe49b23cfd757c2f6670d15dc6ca041a87a4f4c36d9d19bae8235085,test,shuffle_oct_to_cfp,cfp,0.0
68881fa0cf8561f2090a2f628aa3e74b399c432f145d66c3b3acbe03cc3043c3,b1c8e00ffe49b23cfd757c2f6670d15dc6ca041a87a4f4c36d9d19bae8235085,test,shuffle_oct_to_cfp,oct,0.0
68881fa0cf8561f2090a2f628aa3e74b399c432f145d66c3b3acbe03cc3043c3,b1c8e00ffe49b23cfd757c2f6670d15dc6ca041a87a4f4c36d9d19bae8235085,test,shuffle_oct_to_cfp,mean,0.0
68881fa0cf8561f2090a2f628aa3e74b399c432f145d66c3b3acbe03cc3043c3,b1c8e00ffe49b23cfd757c2f6670d15dc6ca041a87a4f4c36d9d19bae8235085,test,shuffle_cfp_to_oct,cfp,0.0
68881fa0cf8561f2090a2f628aa3e74b399c432f145d66c3b3acbe03cc3043c3,b1c8e00ffe49b23cfd757c2f6670d15dc6ca041a87a4f4c36d9d19bae8235085,test,shuffle_cfp_to_oct,oct,3.2760716748277185
68881fa0cf8561f2090a2f628aa3e74b399c432f145d66c3b3acbe03cc3043c3,b1c8e00ffe49b23cfd757c2f6670d15dc6ca041a87a4f4c36d9d19bae8235085,test,shuffle_cfp_to_oct,mean,1.6380358374138537
68881fa0cf8561f2090a2f628aa3e74b399c432f145d66c3b3acbe03cc3043c3,b1c8e00ffe49b23cfd757c2f6670d15dc6ca041a87a4f4c36d9d19bae8235085,test,shuffle_both,cfp,0.0
68881fa0cf8561f2090a2f628aa3e74b399c432f145d66c3b3acbe03cc3043c3,b1c8e00ffe49b23cfd757c2f6670d15dc6ca041a87a4f4c36d9d19bae8235085,test,shuffle_both,oct,3.2760716748277185
68881fa0cf8561f2090a2f628aa3e74b399c432f145d66c3b3acbe03cc3043c3,b1c8e00ffe49b23cfd757c2f6670d15dc6ca041a87a4f4c36d9d19bae8235085,test,shuffle_both,mean,1.6380358374138537
6019acb2d7e78751ffa6a91f29ee92ba9094dd549c3825d28e8294c72c09d3a5,62989965575150815c746119201b4c1af50ce58dee091635c6958c6ee0bf4fbb,development,disable_oct_to_cfp,cfp,0.0
6019acb2d7e78751ffa6a91f29ee92ba9094dd549c3825d28e8294c72c09d3a5,62989965575150815c746119201b4c1af50ce58dee091635c6958c6ee0bf4fbb,development,disable_oct_to_cfp,oct,0.0
6019acb2d7e78751ffa6a91f29ee92ba9094dd549c3825d28e8294c72c09d3a5,62989965575150815c746119201b4c1af50ce58dee091635c6958c6ee0bf4fbb,development,disable_oct_to_cfp,mean,0.0
6019acb2d7e78751ffa6a91f29ee92ba9094dd549c3825d28e8294c72c09d3a5,62989965575150815c746119201b4c1af50ce58dee091635c6958c6ee0bf4fbb,development,disable_cfp_to_oct,cfp,0.0
6019acb2d7e78751ffa6a91f29ee92ba9094dd549c3825d28e8294c72c09d3a5,62989965575150815c746119201b4c1af50ce58dee091635c6958c6ee0bf4fbb,development,disable_cfp_to_oct,oct,0.0
6019acb2d7e78751ffa6a91f29ee92ba9094dd549c3825d28e8294c72c09d3a5,62989965575150815c746119201b4c1af50ce58dee091635c6958c6ee0bf4fbb,development,disable_cfp_to_oct,mean,0.0
6019acb2d7e78751ffa6a91f29ee92ba9094dd549c3825d28e8294c72c09d3a5,62989965575150815c746119201b4c1af50ce58dee091635c6958c6ee0bf4fbb,development,disable_both,cfp,0.0
6019acb2d7e78751ffa6a91f29ee92ba9094dd549c3825d28e8294c72c09d3a5,62989965575150815c746119201b4c1af50ce58dee091635c6958c6ee0bf4fbb,development,disable_both,oct,0.0
6019acb2d7e78751ffa6a91f29ee92ba9094dd549c3825d28e8294c72c09d3a5,62989965575150815c746119201b4c1af50ce58dee091635c6958c6ee0bf4fbb,development,disable_both,mean,0.0
6019acb2d7e78751ffa6a91f29ee92ba9094dd549c3825d28e8294c72c09d3a5,62989965575150815c746119201b4c1af50ce58dee091635c6958c6ee0bf4fbb,development,shuffle_oct_to_cfp,cfp,0.0
6019acb2d7e78751ffa6a91f29ee92ba9094dd549c3825d28e8294c72c09d3a5,62989965575150815c746119201b4c1af50ce58dee091635c6958c6ee0bf4fbb,development,shuffle_oct_to_cfp,oct,0.0
6019acb2d7e78751ffa6a91f29ee92ba9094dd549c3825d28e8294c72c09d3a5,62989965575150815c746119201b4c1af50ce58dee091635c6958c6ee0bf4fbb,development,shuffle_oct_to_cfp,mean,0.0
6019acb2d7e78751ffa6a91f29ee92ba9094dd549c3825d28e8294c72c09d3a5,62989965575150815c746119201b4c1af50ce58dee091635c6958c6ee0bf4fbb,development,shuffle_cfp_to_oct,cfp,0.0
6019acb2d7e78751ffa6a91f29ee92ba9094dd549c3825d28e8294c72c09d3a5,62989965575150815c746119201b4c1af50ce58dee091635c6958c6ee0bf4fbb,development,shuffle_cfp_to_oct,oct,0.0
6019acb2d7e78751ffa6a91f29ee92ba9094dd549c3825d28e8294c72c09d3a5,62989965575150815c746119201b4c1af50ce58dee091635c6958c6ee0bf4fbb,development,shuffle_cfp_to_oct,mean,0.0
6019acb2d7e78751ffa6a91f29ee92ba9094dd549c3825d28e8294c72c09d3a5,62989965575150815c746119201b4c1af50ce58dee091635c6958c6ee0bf4fbb,development,shuffle_both,cfp,0.0
6019acb2d7e78751ffa6a91f29ee92ba9094dd549c3825d28e8294c72c09d3a5,62989965575150815c746119201b4c1af50ce58dee091635c6958c6ee0bf4fbb,development,shuffle_both,oct,0.0
6019acb2d7e78751ffa6a91f29ee92ba9094dd549c3825d28e8294c72c09d3a5,62989965575150815c746119201b4c1af50ce58dee091635c6958c6ee0bf4fbb,development,shuffle_both,mean,0.0
6019acb2d7e78751ffa6a91f29ee92ba9094dd549c3825d28e8294c72c09d3a5,62989965575150815c746119201b4c1af50ce58dee091635c6958c6ee0bf4fbb,test,disable_oct_to_cfp,cfp,0.0
6019acb2d7e78751ffa6a91f29ee92ba9094dd549c3825d28e8294c72c09d3a5,62989965575150815c746119201b4c1af50ce58dee091635c6958c6ee0bf4fbb,test,disable_oct_to_cfp,oct,0.0
6019acb2d7e78751ffa6a91f29ee92ba9094dd549c3825d28e8294c72c09d3a5,62989965575150815c746119201b4c1af50ce58dee091635c6958c6ee0bf4fbb,test,disable_oct_to_cfp,mean,0.0
6019acb2d7e78751ffa6a91f29ee92ba9094dd549c3825d28e8294c72c09d3a5,62989965575150815c746119201b4c1af50ce58dee091635c6958c6ee0bf4fbb,test,disable_cfp_to_oct,cfp,0.0
6019acb2d7e78751ffa6a91f29ee92ba9094dd549c3825d28e8294c72c09d3a5,62989965575150815c746119201b4c1af50ce58dee091635c6958c6ee0bf4fbb,test,disable_cfp_to_oct,oct,0.0
6019acb2d7e78751ffa6a91f29ee92ba9094dd549c3825d28e8294c72c09d3a5,62989965575150815c746119201b4c1af50ce58dee091635c6958c6ee0bf4fbb,test,disable_cfp_to_oct,mean,0.0
6019acb2d7e78751ffa6a91f29ee92ba9094dd549c3825d28e8294c72c09d3a5,62989965575150815c746119201b4c1af50ce58dee091635c6958c6ee0bf4fbb,test,disable_both,cfp,0.0
6019acb2d7e78751ffa6a91f29ee92ba9094dd549c3825d28e8294c72c09d3a5,62989965575150815c746119201b4c1af50ce58dee091635c6958c6ee0bf4fbb,test,disable_both,oct,0.0
6019acb2d7e78751ffa6a91f29ee92ba9094dd549c3825d28e8294c72c09d3a5,62989965575150815c746119201b4c1af50ce58dee091635c6958c6ee0bf4fbb,test,disable_both,mean,0.0
6019acb2d7e78751ffa6a91f29ee92ba9094dd549c3825d28e8294c72c09d3a5,62989965575150815c746119201b4c1af50ce58dee091635c6958c6ee0bf4fbb,test,shuffle_oct_to_cfp,cfp,0.0
6019acb2d7e78751ffa6a91f29ee92ba9094dd549c3825d28e8294c72c09d3a5,62989965575150815c746119201b4c1af50ce58dee091635c6958c6ee0bf4fbb,test,shuffle_oct_to_cfp,oct,0.0
6019acb2d7e78751ffa6a91f29ee92ba9094dd549c3825d28e8294c72c09d3a5,62989965575150815c746119201b4c1af50ce58dee091635c6958c6ee0bf4fbb,test,shuffle_oct_to_cfp,mean,0.0
6019acb2d7e78751ffa6a91f29ee92ba9094dd549c3825d28e8294c72c09d3a5,62989965575150815c746119201b4c1af50ce58dee091635c6958c6ee0bf4fbb,test,shuffle_cfp_to_oct,cfp,0.0
6019acb2d7e78751ffa6a91f29ee92ba9094dd549c3825d28e8294c72c09d3a5,62989965575150815c746119201b4c1af50ce58dee091635c6958c6ee0bf4fbb,test,shuffle_cfp_to_oct,oct,0.0
6019acb2d7e78751ffa6a91f29ee92ba9094dd549c3825d28e8294c72c09d3a5,62989965575150815c746119201b4c1af50ce58dee091635c6958c6ee0bf4fbb,test,shuffle_cfp_to_oct,mean,0.0
6019acb2d7e78751ffa6a91f29ee92ba9094dd549c3825d28e8294c72c09d3a5,62989965575150815c746119201b4c1af50ce58dee091635c6958c6ee0bf4fbb,test,shuffle_both,cfp,0.0
6019acb2d7e78751ffa6a91f29ee92ba9094dd549c3825d28e8294c72c09d3a5,62989965575150815c746119201b4c1af50ce58dee091635c6958c6ee0bf4fbb,test,shuffle_both,oct,0.0
6019acb2d7e78751ffa6a91f29ee92ba9094dd549c3825d28e8294c72c09d3a5,62989965575150815c746119201b4c1af50ce58dee091635c6958c6ee0bf4fbb,test,shuffle_both,mean,0.0
aac1722b186dc01f00f7bef92391bdcff974479acc682685f98fe0485932aeec,9d148b44793359c9874ec6678e419121da60cc32a52264857aee8851ad3e62b5,development,disable_oct_to_cfp,cfp,0.0
aac1722b186dc01f00f7bef92391bdcff974479acc682685f98fe0485932aeec,9d148b44793359c9874ec6678e419121da60cc32a52264857aee8851ad3e62b5,development,disable_oct_to_cfp,oct,0.0
aac1722b186dc01f00f7bef92391bdcff974479acc682685f98fe0485932aeec,9d148b44793359c9874ec6678e419121da60cc32a52264857aee8851ad3e62b5,development,disable_oct_to_cfp,mean,0.0
aac1722b186dc01f00f7bef92391bdcff974479acc682685f98fe0485932aeec,9d148b44793359c9874ec6678e419121da60cc32a52264857aee8851ad3e62b5,development,disable_cfp_to_oct,cfp,0.0
aac1722b186dc01f00f7bef92391bdcff974479acc682685f98fe0485932aeec,9d148b44793359c9874ec6678e419121da60cc32a52264857aee8851ad3e62b5,development,disable_cfp_to_oct,oct,33.557046979865774
aac1722b186dc01f00f7bef92391bdcff974479acc682685f98fe0485932aeec,9d148b44793359c9874ec6678e419121da60cc32a52264857aee8851ad3e62b5,development,disable_cfp_to_oct,mean,16.778523489932894
aac1722b186dc01f00f7bef92391bdcff974479acc682685f98fe0485932aeec,9d148b44793359c9874ec6678e419121da60cc32a52264857aee8851ad3e62b5,development,disable_both,cfp,0.0
aac1722b186dc01f00f7bef92391bdcff974479acc682685f98fe0485932aeec,9d148b44793359c9874ec6678e419121da60cc32a52264857aee8851ad3e62b5,development,disable_both,oct,33.557046979865774
aac1722b186dc01f00f7bef92391bdcff974479acc682685f98fe0485932aeec,9d148b44793359c9874ec6678e419121da60cc32a52264857aee8851ad3e62b5,development,disable_both,mean,16.778523489932894
aac1722b186dc01f00f7bef92391bdcff974479acc682685f98fe0485932aeec,9d148b44793359c9874ec6678e419121da60cc32a52264857aee8851ad3e62b5,development,shuffle_oct_to_cfp,cfp,0.0
aac1722b186dc01f00f7bef92391bdcff974479acc682685f98fe0485932aeec,9d148b44793359c9874ec6678e419121da60cc32a52264857aee8851ad3e62b5,development,shuffle_oct_to_cfp,oct,0.0
aac1722b186dc01f00f7bef92391bdcff974479acc682685f98fe0485932aeec,9d148b44793359c9874ec6678e419121da60cc32a52264857aee8851ad3e62b5,development,shuffle_oct_to_cfp,mean,0.0
aac1722b186dc01f00f7bef92391bdcff974479acc682685f98fe0485932aeec,9d148b44793359c9874ec6678e419121da60cc32a52264857aee8851ad3e62b5,development,shuffle_cfp_to_oct,cfp,0.0
aac1722b186dc01f00f7bef92391bdcff974479acc682685f98fe0485932aeec,9d148b44793359c9874ec6678e419121da60cc32a52264857aee8851ad3e62b5,development,shuffle_cfp_to_oct,oct,7.608111046823629
aac1722b186dc01f00f7bef92391bdcff974479acc682685f98fe0485932aeec,9d148b44793359c9874ec6678e419121da60cc32a52264857aee8851ad3e62b5,development,shuffle_cfp_to_oct,mean,3.80405552341182
aac1722b186dc01f00f7bef92391bdcff974479acc682685f98fe0485932aeec,9d148b44793359c9874ec6678e419121da60cc32a52264857aee8851ad3e62b5,development,shuffle_both,cfp,0.0
aac1722b186dc01f00f7bef92391bdcff974479acc682685f98fe0485932aeec,9d148b44793359c9874ec6678e419121da60cc32a52264857aee8851ad3e62b5,development,shuffle_both,oct,7.608111046823629
aac1722b186dc01f00f7bef92391bdcff974479acc682685f98fe0485932aeec,9d148b44793359c9874ec6678e419121da60cc32a52264857aee8851ad3e62b5,development,shuffle_both,mean,3.80405552341182
aac1722b186dc01f00f7bef92391bdcff974479acc682685f98fe0485932aeec,9d148b44793359c9874ec6678e419121da60cc32a52264857aee8851ad3e62b5,test,disable_oct_to_cfp,cfp,0.0
aac1722b186dc01f00f7bef92391bdcff974479acc682685f98fe0485932aeec,9d148b44793359c9874ec6678e419121da60cc32a52264857aee8851ad3e62b5,test,disable_oct_to_cfp,oct,0.0
aac1722b186dc01f00f7bef92391bdcff974479acc682685f98fe0485932aeec,9d148b44793359c9874ec6678e419121da60cc32a52264857aee8851ad3e62b5,test,disable_oct_to_cfp,mean,0.0
aac1722b186dc01f00f7bef92391bdcff974479acc682685f98fe0485932aeec,9d148b44793359c9874ec6678e419121da60cc32a52264857aee8851ad3e62b5,test,disable_cfp_to_oct,cfp,0.0
aac1722b186dc01f00f7bef92391bdcff974479acc682685f98fe0485932aeec,9d148b44793359c9874ec6678e419121da60cc32a52264857aee8851ad3e62b5,test,disable_cfp_to_oct,oct,29.759143621766277
aac1722b186dc01f00f7bef92391bdcff974479acc682685f98fe0485932aeec,9d148b44793359c9874ec6678e419121da60cc32a52264857aee8851ad3e62b5,test,disable_cfp_to_oct,mean,14.87957181088314
aac1722b186dc01f00f7bef92391bdcff974479acc682685f98fe0485932aeec,9d148b44793359c9874ec6678e419121da60cc32a52264857aee8851ad3e62b5,test,disable_both,cfp,0.0
aac1722b186dc01f00f7bef92391bdcff974479acc682685f98fe0485932aeec,9d148b44793359c9874ec6678e419121da60cc32a52264857aee8851ad3e62b5,test,disable_both,oct,29.759143621766277
aac1722b186dc01f00f7bef92391bdcff974479acc682685f98fe0485932aeec,9d148b44793359c9874ec6678e419121da60cc32a52264857aee8851ad3e62b5,test,disable_both,mean,14.87957181088314
aac1722b186dc01f00f7bef92391bdcff974479acc682685f98fe0485932aeec,9d148b44793359c9874ec6678e419121da60cc32a52264857aee8851ad3e62b5,test,shuffle_oct_to_cfp,cfp,0.0
aac1722b186dc01f00f7bef92391bdcff974479acc682685f98fe0485932aeec,9d148b44793359c9874ec6678e419121da60cc32a52264857aee8851ad3e62b5,test,shuffle_oct_to_cfp,oct,0.0
aac1722b186dc01f00f7bef92391bdcff974479acc682685f98fe0485932aeec,9d148b44793359c9874ec6678e419121da60cc32a52264857aee8851ad3e62b5,test,shuffle_oct_to_cfp,mean,0.0
aac1722b186dc01f00f7bef92391bdcff974479acc682685f98fe0485932aeec,9d148b44793359c9874ec6678e419121da60cc32a52264857aee8851ad3e62b5,test,shuffle_cfp_to_oct,cfp,0.0
aac1722b186dc01f00f7bef92391bdcff974479acc682685f98fe0485932aeec,9d148b44793359c9874ec6678e419121da60cc32a52264857aee8851ad3e62b5,test,shuffle_cfp_to_oct,oct,5.944875144605566
aac1722b186dc01f00f7bef92391bdcff974479acc682685f98fe0485932aeec,9d148b44793359c9874ec6678e419121da60cc32a52264857aee8851ad3e62b5,test,shuffle_cfp_to_oct,mean,2.9724375723027885
aac1722b186dc01f00f7bef92391bdcff974479acc682685f98fe0485932aeec,9d148b44793359c9874ec6678e419121da60cc32a52264857aee8851ad3e62b5,test,shuffle_both,cfp,0.0
aac1722b186dc01f00f7bef92391bdcff974479acc682685f98fe0485932aeec,9d148b44793359c9874ec6678e419121da60cc32a52264857aee8851ad3e62b5,test,shuffle_both,oct,5.944875144605566
aac1722b186dc01f00f7bef92391bdcff974479acc682685f98fe0485932aeec,9d148b44793359c9874ec6678e419121da60cc32a52264857aee8851ad3e62b5,test,shuffle_both,mean,2.9724375723027885
5f1ed428444bdbe0ab4aca112dacc46e04d171bad5b646ab8ce4b9b7a353472c,de2dab8c0e92126fa78ea9239083dd9aed9eb1b6fe233ca06bbb9a3a8254f052,development,disable_oct_to_cfp,cfp,5.899060354902397
5f1ed428444bdbe0ab4aca112dacc46e04d171bad5b646ab8ce4b9b7a353472c,de2dab8c0e92126fa78ea9239083dd9aed9eb1b6fe233ca06bbb9a3a8254f052,development,disable_oct_to_cfp,oct,0.0
5f1ed428444bdbe0ab4aca112dacc46e04d171bad5b646ab8ce4b9b7a353472c,de2dab8c0e92126fa78ea9239083dd9aed9eb1b6fe233ca06bbb9a3a8254f052,development,disable_oct_to_cfp,mean,2.9495301774511873
5f1ed428444bdbe0ab4aca112dacc46e04d171bad5b646ab8ce4b9b7a353472c,de2dab8c0e92126fa78ea9239083dd9aed9eb1b6fe233ca06bbb9a3a8254f052,development,disable_cfp_to_oct,cfp,0.0
5f1ed428444bdbe0ab4aca112dacc46e04d171bad5b646ab8ce4b9b7a353472c,de2dab8c0e92126fa78ea9239083dd9aed9eb1b6fe233ca06bbb9a3a8254f052,development,disable_cfp_to_oct,oct,0.0
5f1ed428444bdbe0ab4aca112dacc46e04d171bad5b646ab8ce4b9b7a353472c,de2dab8c0e92126fa78ea9239083dd9aed9eb1b6fe233ca06bbb9a3a8254f052,development,disable_cfp_to_oct,mean,0.0
5f1ed428444bdbe0ab4aca112dacc46e04d171bad5b646ab8ce4b9b7a353472c,de2dab8c0e92126fa78ea9239083dd9aed9eb1b6fe233ca06bbb9a3a8254f052,development,disable_both,cfp,5.899060354902397
5f1ed428444bdbe0ab4aca112dacc46e04d171bad5b646ab8ce4b9b7a353472c,de2dab8c0e92126fa78ea9239083dd9aed9eb1b6fe233ca06bbb9a3a8254f052,development,disable_both,oct,0.0
5f1ed428444bdbe0ab4aca112dacc46e04d171bad5b646ab8ce4b9b7a353472c,de2dab8c0e92126fa78ea9239083dd9aed9eb1b6fe233ca06bbb9a3a8254f052,development,disable_both,mean,2.9495301774511873
5f1ed428444bdbe0ab4aca112dacc46e04d171bad5b646ab8ce4b9b7a353472c,de2dab8c0e92126fa78ea9239083dd9aed9eb1b6fe233ca06bbb9a3a8254f052,development,shuffle_oct_to_cfp,cfp,9.766339678626423
5f1ed428444bdbe0ab4aca112dacc46e04d171bad5b646ab8ce4b9b7a353472c,de2dab8c0e92126fa78ea9239083dd9aed9eb1b6fe233ca06bbb9a3a8254f052,development,shuffle_oct_to_cfp,oct,0.0
5f1ed428444bdbe0ab4aca112dacc46e04d171bad5b646ab8ce4b9b7a353472c,de2dab8c0e92126fa78ea9239083dd9aed9eb1b6fe233ca06bbb9a3a8254f052,development,shuffle_oct_to_cfp,mean,4.883169839313206
5f1ed428444bdbe0ab4aca112dacc46e04d171bad5b646ab8ce4b9b7a353472c,de2dab8c0e92126fa78ea9239083dd9aed9eb1b6fe233ca06bbb9a3a8254f052,development,shuffle_cfp_to_oct,cfp,0.0
5f1ed428444bdbe0ab4aca112dacc46e04d171bad5b646ab8ce4b9b7a353472c,de2dab8c0e92126fa78ea9239083dd9aed9eb1b6fe233ca06bbb9a3a8254f052,development,shuffle_cfp_to_oct,oct,0.0
5f1ed428444bdbe0ab4aca112dacc46e04d171bad5b646ab8ce4b9b7a353472c,de2dab8c0e92126fa78ea9239083dd9aed9eb1b6fe233ca06bbb9a3a8254f052,development,shuffle_cfp_to_oct,mean,0.0
5f1ed428444bdbe0ab4aca112dacc46e04d171bad5b646ab8ce4b9b7a353472c,de2dab8c0e92126fa78ea9239083dd9aed9eb1b6fe233ca06bbb9a3a8254f052,development,shuffle_both,cfp,9.766339678626423
5f1ed428444bdbe0ab4aca112dacc46e04d171bad5b646ab8ce4b9b7a353472c,de2dab8c0e92126fa78ea9239083dd9aed9eb1b6fe233ca06bbb9a3a8254f052,development,shuffle_both,oct,0.0
5f1ed428444bdbe0ab4aca112dacc46e04d171bad5b646ab8ce4b9b7a353472c,de2dab8c0e92126fa78ea9239083dd9aed9eb1b6fe233ca06bbb9a3a8254f052,development,shuffle_both,mean,4.883169839313206
5f1ed428444bdbe0ab4aca112dacc46e04d171bad5b646ab8ce4b9b7a353472c,de2dab8c0e92126fa78ea9239083dd9aed9eb1b6fe233ca06bbb9a3a8254f052,test,disable_oct_to_cfp,cfp,1.4386085449843877
5f1ed428444bdbe0ab4aca112dacc46e04d171bad5b646ab8ce4b9b7a353472c,de2dab8c0e92126fa78ea9239083dd9aed9eb1b6fe233ca06bbb9a3a8254f052,test,disable_oct_to_cfp,oct,0.0
5f1ed428444bdbe0ab4aca112dacc46e04d171bad5b646ab8ce4b9b7a353472c,de2dab8c0e92126fa78ea9239083dd9aed9eb1b6fe233ca06bbb9a3a8254f052,test,disable_oct_to_cfp,mean,0.719304272492205
5f1ed428444bdbe0ab4aca112dacc46e04d171bad5b646ab8ce4b9b7a353472c,de2dab8c0e92126fa78ea9239083dd9aed9eb1b6fe233ca06bbb9a3a8254f052,test,disable_cfp_to_oct,cfp,0.0
5f1ed428444bdbe0ab4aca112dacc46e04d171bad5b646ab8ce4b9b7a353472c,de2dab8c0e92126fa78ea9239083dd9aed9eb1b6fe233ca06bbb9a3a8254f052,test,disable_cfp_to_oct,oct,0.0
5f1ed428444bdbe0ab4aca112dacc46e04d171bad5b646ab8ce4b9b7a353472c,de2dab8c0e92126fa78ea9239083dd9aed9eb1b6fe233ca06bbb9a3a8254f052,test,disable_cfp_to_oct,mean,0.0
5f1ed428444bdbe0ab4aca112dacc46e04d171bad5b646ab8ce4b9b7a353472c,de2dab8c0e92126fa78ea9239083dd9aed9eb1b6fe233ca06bbb9a3a8254f052,test,disable_both,cfp,1.4386085449843877
5f1ed428444bdbe0ab4aca112dacc46e04d171bad5b646ab8ce4b9b7a353472c,de2dab8c0e92126fa78ea9239083dd9aed9eb1b6fe233ca06bbb9a3a8254f052,test,disable_both,oct,0.0
5f1ed428444bdbe0ab4aca112dacc46e04d171bad5b646ab8ce4b9b7a353472c,de2dab8c0e92126fa78ea9239083dd9aed9eb1b6fe233ca06bbb9a3a8254f052,test,disable_both,mean,0.719304272492205
5f1ed428444bdbe0ab4aca112dacc46e04d171bad5b646ab8ce4b9b7a353472c,de2dab8c0e92126fa78ea9239083dd9aed9eb1b6fe233ca06bbb9a3a8254f052,test,shuffle_oct_to_cfp,cfp,5.527920324876645
5f1ed428444bdbe0ab4aca112dacc46e04d171bad5b646ab8ce4b9b7a353472c,de2dab8c0e92126fa78ea9239083dd9aed9eb1b6fe233ca06bbb9a3a8254f052,test,shuffle_oct_to_cfp,oct,0.0
5f1ed428444bdbe0ab4aca112dacc46e04d171bad5b646ab8ce4b9b7a353472c,de2dab8c0e92126fa78ea9239083dd9aed9eb1b6fe233ca06bbb9a3a8254f052,test,shuffle_oct_to_cfp,mean,2.763960162438328
5f1ed428444bdbe0ab4aca112dacc46e04d171bad5b646ab8ce4b9b7a353472c,de2dab8c0e92126fa78ea9239083dd9aed9eb1b6fe233ca06bbb9a3a8254f052,test,shuffle_cfp_to_oct,cfp,0.0
5f1ed428444bdbe0ab4aca112dacc46e04d171bad5b646ab8ce4b9b7a353472c,de2dab8c0e92126fa78ea9239083dd9aed9eb1b6fe233ca06bbb9a3a8254f052,test,shuffle_cfp_to_oct,oct,0.0
5f1ed428444bdbe0ab4aca112dacc46e04d171bad5b646ab8ce4b9b7a353472c,de2dab8c0e92126fa78ea9239083dd9aed9eb1b6fe233ca06bbb9a3a8254f052,test,shuffle_cfp_to_oct,mean,0.0
5f1ed428444bdbe0ab4aca112dacc46e04d171bad5b646ab8ce4b9b7a353472c,de2dab8c0e92126fa78ea9239083dd9aed9eb1b6fe233ca06bbb9a3a8254f052,test,shuffle_both,cfp,5.527920324876645
5f1ed428444bdbe0ab4aca112dacc46e04d171bad5b646ab8ce4b9b7a353472c,de2dab8c0e92126fa78ea9239083dd9aed9eb1b6fe233ca06bbb9a3a8254f052,test,shuffle_both,oct,0.0
5f1ed428444bdbe0ab4aca112dacc46e04d171bad5b646ab8ce4b9b7a353472c,de2dab8c0e92126fa78ea9239083dd9aed9eb1b6fe233ca06bbb9a3a8254f052,test,shuffle_both,mean,2.763960162438328
8d649f50f7454d6c6fd725cecd683f6bf1f758c7dee8282c15e8a21fed9d1e3a,b683b0c8b3c5e60cc9849b54d622cc7a2e45d2072feff2398af9e04987bdf984,development,disable_oct_to_cfp,cfp,0.0
8d649f50f7454d6c6fd725cecd683f6bf1f758c7dee8282c15e8a21fed9d1e3a,b683b0c8b3c5e60cc9849b54d622cc7a2e45d2072feff2398af9e04987bdf984,development,disable_oct_to_cfp,oct,0.0
8d649f50f7454d6c6fd725cecd683f6bf1f758c7dee8282c15e8a21fed9d1e3a,b683b0c8b3c5e60cc9849b54d622cc7a2e45d2072feff2398af9e04987bdf984,development,disable_oct_to_cfp,mean,0.0
8d649f50f7454d6c6fd725cecd683f6bf1f758c7dee8282c15e8a21fed9d1e3a,b683b0c8b3c5e60cc9849b54d622cc7a2e45d2072feff2398af9e04987bdf984,development,disable_cfp_to_oct,cfp,0.0
8d649f50f7454d6c6fd725cecd683f6bf1f758c7dee8282c15e8a21fed9d1e3a,b683b0c8b3c5e60cc9849b54d622cc7a2e45d2072feff2398af9e04987bdf984,development,disable_cfp_to_oct,oct,35.906220379823445
8d649f50f7454d6c6fd725cecd683f6bf1f758c7dee8282c15e8a21fed9d1e3a,b683b0c8b3c5e60cc9849b54d622cc7a2e45d2072feff2398af9e04987bdf984,development,disable_cfp_to_oct,mean,17.953110189911726
8d649f50f7454d6c6fd725cecd683f6bf1f758c7dee8282c15e8a21fed9d1e3a,b683b0c8b3c5e60cc9849b54d622cc7a2e45d2072feff2398af9e04987bdf984,development,disable_both,cfp,0.0
8d649f50f7454d6c6fd725cecd683f6bf1f758c7dee8282c15e8a21fed9d1e3a,b683b0c8b3c5e60cc9849b54d622cc7a2e45d2072feff2398af9e04987bdf984,development,disable_both,oct,35.906220379823445
8d649f50f7454d6c6fd725cecd683f6bf1f758c7dee8282c15e8a21fed9d1e3a,b683b0c8b3c5e60cc9849b54d622cc7a2e45d2072feff2398af9e04987bdf984,development,disable_both,mean,17.953110189911726
8d649f50f7454d6c6fd725cecd683f6bf1f758c7dee8282c15e8a21fed9d1e3a,b683b0c8b3c5e60cc9849b54d622cc7a2e45d2072feff2398af9e04987bdf984,development,shuffle_oct_to_cfp,cfp,0.0
8d649f50f7454d6c6fd725cecd683f6bf1f758c7dee8282c15e8a21fed9d1e3a,b683b0c8b3c5e60cc9849b54d622cc7a2e45d2072feff2398af9e04987bdf984,development,shuffle_oct_to_cfp,oct,0.0
8d649f50f7454d6c6fd725cecd683f6bf1f758c7dee8282c15e8a21fed9d1e3a,b683b0c8b3c5e60cc9849b54d622cc7a2e45d2072feff2398af9e04987bdf984,development,shuffle_oct_to_cfp,mean,0.0
8d649f50f7454d6c6fd725cecd683f6bf1f758c7dee8282c15e8a21fed9d1e3a,b683b0c8b3c5e60cc9849b54d622cc7a2e45d2072feff2398af9e04987bdf984,development,shuffle_cfp_to_oct,cfp,0.0
8d649f50f7454d6c6fd725cecd683f6bf1f758c7dee8282c15e8a21fed9d1e3a,b683b0c8b3c5e60cc9849b54d622cc7a2e45d2072feff2398af9e04987bdf984,development,shuffle_cfp_to_oct,oct,14.526748419536062
8d649f50f7454d6c6fd725cecd683f6bf1f758c7dee8282c15e8a21fed9d1e3a,b683b0c8b3c5e60cc9849b54d622cc7a2e45d2072feff2398af9e04987bdf984,development,shuffle_cfp_to_oct,mean,7.2633742097680365
8d649f50f7454d6c6fd725cecd683f6bf1f758c7dee8282c15e8a21fed9d1e3a,b683b0c8b3c5e60cc9849b54d622cc7a2e45d2072feff2398af9e04987bdf984,development,shuffle_both,cfp,0.0
8d649f50f7454d6c6fd725cecd683f6bf1f758c7dee8282c15e8a21fed9d1e3a,b683b0c8b3c5e60cc9849b54d622cc7a2e45d2072feff2398af9e04987bdf984,development,shuffle_both,oct,14.526748419536062
8d649f50f7454d6c6fd725cecd683f6bf1f758c7dee8282c15e8a21fed9d1e3a,b683b0c8b3c5e60cc9849b54d622cc7a2e45d2072feff2398af9e04987bdf984,development,shuffle_both,mean,7.2633742097680365
8d649f50f7454d6c6fd725cecd683f6bf1f758c7dee8282c15e8a21fed9d1e3a,b683b0c8b3c5e60cc9849b54d622cc7a2e45d2072feff2398af9e04987bdf984,test,disable_oct_to_cfp,cfp,0.0
8d649f50f7454d6c6fd725cecd683f6bf1f758c7dee8282c15e8a21fed9d1e3a,b683b0c8b3c5e60cc9849b54d622cc7a2e45d2072feff2398af9e04987bdf984,test,disable_oct_to_cfp,oct,0.0
8d649f50f7454d6c6fd725cecd683f6bf1f758c7dee8282c15e8a21fed9d1e3a,b683b0c8b3c5e60cc9849b54d622cc7a2e45d2072feff2398af9e04987bdf984,test,disable_oct_to_cfp,mean,0.0
8d649f50f7454d6c6fd725cecd683f6bf1f758c7dee8282c15e8a21fed9d1e3a,b683b0c8b3c5e60cc9849b54d622cc7a2e45d2072feff2398af9e04987bdf984,test,disable_cfp_to_oct,cfp,0.0
8d649f50f7454d6c6fd725cecd683f6bf1f758c7dee8282c15e8a21fed9d1e3a,b683b0c8b3c5e60cc9849b54d622cc7a2e45d2072feff2398af9e04987bdf984,test,disable_cfp_to_oct,oct,25.881960335621663
8d649f50f7454d6c6fd725cecd683f6bf1f758c7dee8282c15e8a21fed9d1e3a,b683b0c8b3c5e60cc9849b54d622cc7a2e45d2072feff2398af9e04987bdf984,test,disable_cfp_to_oct,mean,12.940980167810833
8d649f50f7454d6c6fd725cecd683f6bf1f758c7dee8282c15e8a21fed9d1e3a,b683b0c8b3c5e60cc9849b54d622cc7a2e45d2072feff2398af9e04987bdf984,test,disable_both,cfp,0.0
8d649f50f7454d6c6fd725cecd683f6bf1f758c7dee8282c15e8a21fed9d1e3a,b683b0c8b3c5e60cc9849b54d622cc7a2e45d2072feff2398af9e04987bdf984,test,disable_both,oct,25.881960335621663
8d649f50f7454d6c6fd725cecd683f6bf1f758c7dee8282c15e8a21fed9d1e3a,b683b0c8b3c5e60cc9849b54d622cc7a2e45d2072feff2398af9e04987bdf984,test,disable_both,mean,12.940980167810833
8d649f50f7454d6c6fd725cecd683f6bf1f758c7dee8282c15e8a21fed9d1e3a,b683b0c8b3c5e60cc9849b54d622cc7a2e45d2072feff2398af9e04987bdf984,test,shuffle_oct_to_cfp,cfp,0.0
8d649f50f7454d6c6fd725cecd683f6bf1f758c7dee8282c15e8a21fed9d1e3a,b683b0c8b3c5e60cc9849b54d622cc7a2e45d2072feff2398af9e04987bdf984,test,shuffle_oct_to_cfp,oct,0.0
8d649f50f7454d6c6fd725cecd683f6bf1f758c7dee8282c15e8a21fed9d1e3a,b683b0c8b3c5e60cc9849b54d622cc7a2e45d2072feff2398af9e04987bdf984,test,shuffle_oct_to_cfp,mean,0.0
8d649f50f7454d6c6fd725cecd683f6bf1f758c7dee8282c15e8a21fed9d1e3a,b683b0c8b3c5e60cc9849b54d622cc7a2e45d2072feff2398af9e04987bdf984,test,shuffle_cfp_to_oct,cfp,0.0
8d649f50f7454d6c6fd725cecd683f6bf1f758c7dee8282c15e8a21fed9d1e3a,b683b0c8b3c5e60cc9849b54d622cc7a2e45d2072feff2398af9e04987bdf984,test,shuffle_cfp_to_oct,oct,6.866647605449994
8d649f50f7454d6c6fd725cecd683f6bf1f758c7dee8282c15e8a21fed9d1e3a,b683b0c8b3c5e60cc9849b54d622cc7a2e45d2072feff2398af9e04987bdf984,test,shuffle_cfp_to_oct,mean,3.433323802724997
8d649f50f7454d6c6fd725cecd683f6bf1f758c7dee8282c15e8a21fed9d1e3a,b683b0c8b3c5e60cc9849b54d622cc7a2e45d2072feff2398af9e04987bdf984,test,shuffle_both,cfp,0.0
8d649f50f7454d6c6fd725cecd683f6bf1f758c7dee8282c15e8a21fed9d1e3a,b683b0c8b3c5e60cc9849b54d622cc7a2e45d2072feff2398af9e04987bdf984,test,shuffle_both,oct,6.866647605449994
8d649f50f7454d6c6fd725cecd683f6bf1f758c7dee8282c15e8a21fed9d1e3a,b683b0c8b3c5e60cc9849b54d622cc7a2e45d2072feff2398af9e04987bdf984,test,shuffle_both,mean,3.433323802724997
a8974b337a926956517d0fa2e0e646bcaa9d40b3fbffaa6cd30a811c960b7422,a9b09385d88a3ed55becea93133c24a9134acca2ba3b509c3c9e11bde22d1828,development,disable_oct_to_cfp,cfp,22.252254433047003
a8974b337a926956517d0fa2e0e646bcaa9d40b3fbffaa6cd30a811c960b7422,a9b09385d88a3ed55becea93133c24a9134acca2ba3b509c3c9e11bde22d1828,development,disable_oct_to_cfp,oct,0.0
a8974b337a926956517d0fa2e0e646bcaa9d40b3fbffaa6cd30a811c960b7422,a9b09385d88a3ed55becea93133c24a9134acca2ba3b509c3c9e11bde22d1828,development,disable_oct_to_cfp,mean,11.126127216523507
a8974b337a926956517d0fa2e0e646bcaa9d40b3fbffaa6cd30a811c960b7422,a9b09385d88a3ed55becea93133c24a9134acca2ba3b509c3c9e11bde22d1828,development,disable_cfp_to_oct,cfp,0.0
a8974b337a926956517d0fa2e0e646bcaa9d40b3fbffaa6cd30a811c960b7422,a9b09385d88a3ed55becea93133c24a9134acca2ba3b509c3c9e11bde22d1828,development,disable_cfp_to_oct,oct,0.0
a8974b337a926956517d0fa2e0e646bcaa9d40b3fbffaa6cd30a811c960b7422,a9b09385d88a3ed55becea93133c24a9134acca2ba3b509c3c9e11bde22d1828,development,disable_cfp_to_oct,mean,0.0
a8974b337a926956517d0fa2e0e646bcaa9d40b3fbffaa6cd30a811c960b7422,a9b09385d88a3ed55becea93133c24a9134acca2ba3b509c3c9e11bde22d1828,development,disable_both,cfp,22.252254433047003
a8974b337a926956517d0fa2e0e646bcaa9d40b3fbffaa6cd30a811c960b7422,a9b09385d88a3ed55becea93133c24a9134acca2ba3b509c3c9e11bde22d1828,development,disable_both,oct,0.0
a8974b337a926956517d0fa2e0e646bcaa9d40b3fbffaa6cd30a811c960b7422,a9b09385d88a3ed55becea93133c24a9134acca2ba3b509c3c9e11bde22d1828,development,disable_both,mean,11.126127216523507
a8974b337a926956517d0fa2e0e646bcaa9d40b3fbffaa6cd30a811c960b7422,a9b09385d88a3ed55becea93133c24a9134acca2ba3b509c3c9e11bde22d1828,development,shuffle_oct_to_cfp,cfp,9.547356437635901
a8974b337a926956517d0fa2e0e646bcaa9d40b3fbffaa6cd30a811c960b7422,a9b09385d88a3ed55becea93133c24a9134acca2ba3b509c3c9e11bde22d1828,development,shuffle_oct_to_cfp,oct,0.0
a8974b337a926956517d0fa2e0e646bcaa9d40b3fbffaa6cd30a811c960b7422,a9b09385d88a3ed55becea93133c24a9134acca2ba3b509c3c9e11bde22d1828,development,shuffle_oct_to_cfp,mean,4.773678218817956
a8974b337a926956517d0fa2e0e646bcaa9d40b3fbffaa6cd30a811c960b7422,a9b09385d88a3ed55becea93133c24a9134acca2ba3b509c3c9e11bde22d1828,development,shuffle_cfp_to_oct,cfp,0.0
a8974b337a926956517d0fa2e0e646bcaa9d40b3fbffaa6cd30a811c960b7422,a9b09385d88a3ed55becea93133c24a9134acca2ba3b509c3c9e11bde22d1828,development,shuffle_cfp_to_oct,oct,0.0
a8974b337a926956517d0fa2e0e646bcaa9d40b3fbffaa6cd30a811c960b7422,a9b09385d88a3ed55becea93133c24a9134acca2ba3b509c3c9e11bde22d1828,development,shuffle_cfp_to_oct,mean,0.0
a8974b337a926956517d0fa2e0e646bcaa9d40b3fbffaa6cd30a811c960b7422,a9b09385d88a3ed55becea93133c24a9134acca2ba3b509c3c9e11bde22d1828,development,shuffle_both,cfp,9.547356437635901
a8974b337a926956517d0fa2e0e646bcaa9d40b3fbffaa6cd30a811c960b7422,a9b09385d88a3ed55becea93133c24a9134acca2ba3b509c3c9e11bde22d1828,development,shuffle_both,oct,0.0
a8974b337a926956517d0fa2e0e646bcaa9d40b3fbffaa6cd30a811c960b7422,a9b09385d88a3ed55becea93133c24a9134acca2ba3b509c3c9e11bde22d1828,development,shuffle_both,mean,4.773678218817956
a8974b337a926956517d0fa2e0e646bcaa9d40b3fbffaa6cd30a811c960b7422,a9b09385d88a3ed55becea93133c24a9134acca2ba3b509c3c9e11bde22d1828,test,disable_oct_to_cfp,cfp,13.020090161595267
a8974b337a926956517d0fa2e0e646bcaa9d40b3fbffaa6cd30a811c960b7422,a9b09385d88a3ed55becea93133c24a9134acca2ba3b509c3c9e11bde22d1828,test,disable_oct_to_cfp,oct,0.0
a8974b337a926956517d0fa2e0e646bcaa9d40b3fbffaa6cd30a811c960b7422,a9b09385d88a3ed55becea93133c24a9134acca2ba3b509c3c9e11bde22d1828,test,disable_oct_to_cfp,mean,6.510045080797622
a8974b337a926956517d0fa2e0e646bcaa9d40b3fbffaa6cd30a811c960b7422,a9b09385d88a3ed55becea93133c24a9134acca2ba3b509c3c9e11bde22d1828,test,disable_cfp_to_oct,cfp,0.0
a8974b337a926956517d0fa2e0e646bcaa9d40b3fbffaa6cd30a811c960b7422,a9b09385d88a3ed55becea93133c24a9134acca2ba3b509c3c9e11bde22d1828,test,disable_cfp_to_oct,oct,0.0
a8974b337a926956517d0fa2e0e646bcaa9d40b3fbffaa6cd30a811c960b7422,a9b09385d88a3ed55becea93133c24a9134acca2ba3b509c3c9e11bde22d1828,test,disable_cfp_to_oct,mean,0.0
a8974b337a926956517d0fa2e0e646bcaa9d40b3fbffaa6cd30a811c960b7422,a9b09385d88a3ed55becea93133c24a9134acca2ba3b509c3c9e11bde22d1828,test,disable_both,cfp,13.020090161595267
a8974b337a926956517d0fa2e0e646bcaa9d40b3fbffaa6cd30a811c960b7422,a9b09385d88a3ed55becea93133c24a9134acca2ba3b509c3c9e11bde22d1828,test,disable_both,oct,0.0
a8974b337a926956517d0fa2e0e646bcaa9d40b3fbffaa6cd30a811c960b7422,a9b09385d88a3ed55becea93133c24a9134acca2ba3b509c3c9e11bde22d1828,test,disable_both,mean,6.510045080797622
a8974b337a926956517d0fa2e0e646bcaa9d40b3fbffaa6cd30a811c960b7422,a9b09385d88a3ed55becea93133c24a9134acca2ba3b509c3c9e11bde22d1828,test,shuffle_oct_to_cfp,cfp,5.0783812432532045
a8974b337a926956517d0fa2e0e646bcaa9d40b3fbffaa6cd30a811c960b7422,a9b09385d88a3ed55becea93133c24a9134acca2ba3b509c3c9e11bde22d1828,test,shuffle_oct_to_cfp,oct,0.0
a8974b337a926956517d0fa2e0e646bcaa9d40b3fbffaa6cd30a811c960b7422,a9b09385d88a3ed55becea93133c24a9134acca2ba3b509c3c9e11bde22d1828,test,shuffle_oct_to_cfp,mean,2.539190621626597
a8974b337a926956517d0fa2e0e646bcaa9d40b3fbffaa6cd30a811c960b7422,a9b09385d88a3ed55becea93133c24a9134acca2ba3b509c3c9e11bde22d1828,test,shuffle_cfp_to_oct,cfp,0.0
a8974b337a926956517d0fa2e0e646bcaa9d40b3fbffaa6cd30a811c960b7422,a9b09385d88a3ed55becea93133c24a9134acca2ba3b509c3c9e11bde22d1828,test,shuffle_cfp_to_oct,oct,0.0
a8974b337a926956517d0fa2e0e646bcaa9d40b3fbffaa6cd30a811c960b7422,a9b09385d88a3ed55becea93133c24a9134acca2ba3b509c3c9e11bde22d1828,test,shuffle_cfp_to_oct,mean,0.0
a8974b337a926956517d0fa2e0e646bcaa9d40b3fbffaa6cd30a811c960b7422,a9b09385d88a3ed55becea93133c24a9134acca2ba3b509c3c9e11bde22d1828,test,shuffle_both,cfp,5.0783812432532045
a8974b337a926956517d0fa2e0e646bcaa9d40b3fbffaa6cd30a811c960b7422,a9b09385d88a3ed55becea93133c24a9134acca2ba3b509c3c9e11bde22d1828,test,shuffle_both,oct,0.0
a8974b337a926956517d0fa2e0e646bcaa9d40b3fbffaa6cd30a811c960b7422,a9b09385d88a3ed55becea93133c24a9134acca2ba3b509c3c9e11bde22d1828,test,shuffle_both,mean,2.539190621626597
442cd4a294d6de70ee44c5d648a2246f561c0dd2f11211607880905022cf55da,f363a0d527da251d59c5aba6b0dba6a8cb7e6e075341f7dba0f307defe625b76,development,disable_oct_to_cfp,cfp,0.0
442cd4a294d6de70ee44c5d648a2246f561c0dd2f11211607880905022cf55da,f363a0d527da251d59c5aba6b0dba6a8cb7e6e075341f7dba0f307defe625b76,development,disable_oct_to_cfp,oct,0.0
442cd4a294d6de70ee44c5d648a2246f561c0dd2f11211607880905022cf55da,f363a0d527da251d59c5aba6b0dba6a8cb7e6e075341f7dba0f307defe625b76,development,disable_oct_to_cfp,mean,0.0
442cd4a294d6de70ee44c5d648a2246f561c0dd2f11211607880905022cf55da,f363a0d527da251d59c5aba6b0dba6a8cb7e6e075341f7dba0f307defe625b76,development,disable_cfp_to_oct,cfp,0.0
442cd4a294d6de70ee44c5d648a2246f561c0dd2f11211607880905022cf55da,f363a0d527da251d59c5aba6b0dba6a8cb7e6e075341f7dba0f307defe625b76,development,disable_cfp_to_oct,oct,35.23016661527744
442cd4a294d6de70ee44c5d648a2246f561c0dd2f11211607880905022cf55da,f363a0d527da251d59c5aba6b0dba6a8cb7e6e075341f7dba0f307defe625b76,development,disable_cfp_to_oct,mean,17.615083307638724
442cd4a294d6de70ee44c5d648a2246f561c0dd2f11211607880905022cf55da,f363a0d527da251d59c5aba6b0dba6a8cb7e6e075341f7dba0f307defe625b76,development,disable_both,cfp,0.0
442cd4a294d6de70ee44c5d648a2246f561c0dd2f11211607880905022cf55da,f363a0d527da251d59c5aba6b0dba6a8cb7e6e075341f7dba0f307defe625b76,development,disable_both,oct,35.23016661527744
442cd4a294d6de70ee44c5d648a2246f561c0dd2f11211607880905022cf55da,f363a0d527da251d59c5aba6b0dba6a8cb7e6e075341f7dba0f307defe625b76,development,disable_both,mean,17.615083307638724
442cd4a294d6de70ee44c5d648a2246f561c0dd2f11211607880905022cf55da,f363a0d527da251d59c5aba6b0dba6a8cb7e6e075341f7dba0f307defe625b76,development,shuffle_oct_to_cfp,cfp,0.0
442cd4a294d6de70ee44c5d648a2246f561c0dd2f11211607880905022cf55da,f363a0d527da251d59c5aba6b0dba6a8cb7e6e075341f7dba0f307defe625b76,development,shuffle_oct_to_cfp,oct,0.0
442cd4a294d6de70ee44c5d648a2246f561c0dd2f11211607880905022cf55da,f363a0d527da251d59c5aba6b0dba6a8cb7e6e075341f7dba0f307defe625b76,development,shuffle_oct_to_cfp,mean,0.0
442cd4a294d6de70ee44c5d648a2246f561c0dd2f11211607880905022cf55da,f363a0d527da251d59c5aba6b0dba6a8cb7e6e075341f7dba0f307defe625b76,development,shuffle_cfp_to_oct,cfp,0.0
442cd4a294d6de70ee44c5d648a2246f561c0dd2f11211607880905022cf55da,f363a0d527da251d59c5aba6b0dba6a8cb7e6e075341f7dba0f307defe625b76,development,shuffle_cfp_to_oct,oct,11.386687482088952
442cd4a294d6de70ee44c5d648a2246f561c0dd2f11211607880905022cf55da,f363a0d527da251d59c5aba6b0dba6a8cb7e6e075341f7dba0f307defe625b76,development,shuffle_cfp_to_oct,mean,5.693343741044488
442cd4a294d6de70ee44c5d648a2246f561c0dd2f11211607880905022cf55da,f363a0d527da251d59c5aba6b0dba6a8cb7e6e075341f7dba0f307defe625b76,development,shuffle_both,cfp,0.0
442cd4a294d6de70ee44c5d648a2246f561c0dd2f11211607880905022cf55da,f363a0d527da251d59c5aba6b0dba6a8cb7e6e075341f7dba0f307defe625b76,development,shuffle_both,oct,11.386687482088952
442cd4a294d6de70ee44c5d648a2246f561c0dd2f11211607880905022cf55da,f363a0d527da251d59c5aba6b0dba6a8cb7e6e075341f7dba0f307defe625b76,development,shuffle_both,mean,5.693343741044488
442cd4a294d6de70ee44c5d648a2246f561c0dd2f11211607880905022cf55da,f363a0d527da251d59c5aba6b0dba6a8cb7e6e075341f7dba0f307defe625b76,test,disable_oct_to_cfp,cfp,0.0
442cd4a294d6de70ee44c5d648a2246f561c0dd2f11211607880905022cf55da,f363a0d527da251d59c5aba6b0dba6a8cb7e6e075341f7dba0f307defe625b76,test,disable_oct_to_cfp,oct,0.0
442cd4a294d6de70ee44c5d648a2246f561c0dd2f11211607880905022cf55da,f363a0d527da251d59c5aba6b0dba6a8cb7e6e075341f7dba0f307defe625b76,test,disable_oct_to_cfp,mean,0.0
442cd4a294d6de70ee44c5d648a2246f561c0dd2f11211607880905022cf55da,f363a0d527da251d59c5aba6b0dba6a8cb7e6e075341f7dba0f307defe625b76,test,disable_cfp_to_oct,cfp,0.0
442cd4a294d6de70ee44c5d648a2246f561c0dd2f11211607880905022cf55da,f363a0d527da251d59c5aba6b0dba6a8cb7e6e075341f7dba0f307defe625b76,test,disable_cfp_to_oct,oct,28.288127173373073
442cd4a294d6de70ee44c5d648a2246f561c0dd2f11211607880905022cf55da,f363a0d527da251d59c5aba6b0dba6a8cb7e6e075341f7dba0f307defe625b76,test,disable_cfp_to_oct,mean,14.144063586686539
442cd4a294d6de70ee44c5d648a2246f561c0dd2f11211607880905022cf55da,f363a0d527da251d59c5aba6b0dba6a8cb7e6e075341f7dba0f307defe625b76,test,disable_both,cfp,0.0
442cd4a294d6de70ee44c5d648a2246f561c0dd2f11211607880905022cf55da,f363a0d527da251d59c5aba6b0dba6a8cb7e6e075341f7dba0f307defe625b76,test,disable_both,oct,28.288127173373073
442cd4a294d6de70ee44c5d648a2246f561c0dd2f11211607880905022cf55da,f363a0d527da251d59c5aba6b0dba6a8cb7e6e075341f7dba0f307defe625b76,test,disable_both,mean,14.144063586686539
442cd4a294d6de70ee44c5d648a2246f561c0dd2f11211607880905022cf55da,f363a0d527da251d59c5aba6b0dba6a8cb7e6e075341f7dba0f307defe625b76,test,shuffle_oct_to_cfp,cfp,0.0
442cd4a294d6de70ee44c5d648a2246f561c0dd2f11211607880905022cf55da,f363a0d527da251d59c5aba6b0dba6a8cb7e6e075341f7dba0f307defe625b76,test,shuffle_oct_to_cfp,oct,0.0
442cd4a294d6de70ee44c5d648a2246f561c0dd2f11211607880905022cf55da,f363a0d527da251d59c5aba6b0dba6a8cb7e6e075341f7dba0f307defe625b76,test,shuffle_oct_to_cfp,mean,0.0
442cd4a294d6de70ee44c5d648a2246f561c0dd2f11211607880905022cf55da,f363a0d527da251d59c5aba6b0dba6a8cb7e6e075341f7dba0f307defe625b76,test,shuffle_cfp_to_oct,cfp,0.0
442cd4a294d6de70ee44c5d648a2246f561c0dd2f11211607880905022cf55da,f363a0d527da251d59c5aba6b0dba6a8cb7e6e075341f7dba0f307defe625b76,test,shuffle_cfp_to_oct,oct,7.09919249297144
442cd4a294d6de70ee44c5d648a2246f561c0dd2f11211607880905022cf55da,f363a0d527da251d59c5aba6b0dba6a8cb7e6e075341f7dba0f307defe625b76,test,shuffle_cfp_to_oct,mean,3.54959624648572
442cd4a294d6de70ee44c5d648a2246f561c0dd2f11211607880905022cf55da,f363a0d527da251d59c5aba6b0dba6a8cb7e6e075341f7dba0f307defe625b76,test,shuffle_both,cfp,0.0
442cd4a294d6de70ee44c5d648a2246f561c0dd2f11211607880905022cf55da,f363a0d527da251d59c5aba6b0dba6a8cb7e6e075341f7dba0f307defe625b76,test,shuffle_both,oct,7.09919249297144
442cd4a294d6de70ee44c5d648a2246f561c0dd2f11211607880905022cf55da,f363a0d527da251d59c5aba6b0dba6a8cb7e6e075341f7dba0f307defe625b76,test,shuffle_both,mean,3.54959624648572
b2c8782df8a22d32f9112e4a93d904f0d86ce791c89538b05a480398ebadf0b8,628b98a38679e0745d53e0dabdd87b92726d7af50bd24a2d421b9dd44e31d35d,development,disable_oct_to_cfp,cfp,6.360184574458804
b2c8782df8a22d32f9112e4a93d904f0d86ce791c89538b05a480398ebadf0b8,628b98a38679e0745d53e0dabdd87b92726d7af50bd24a2d421b9dd44e31d35d,development,disable_oct_to_cfp,oct,0.0
b2c8782df8a22d32f9112e4a93d904f0d86ce791c89538b05a480398ebadf0b8,628b98a38679e0745d53e0dabdd87b92726d7af50bd24a2d421b9dd44e31d35d,development,disable_oct_to_cfp,mean,3.180092287229397
b2c8782df8a22d32f9112e4a93d904f0d86ce791c89538b05a480398ebadf0b8,628b98a38679e0745d53e0dabdd87b92726d7af50bd24a2d421b9dd44e31d35d,development,disable_cfp_to_oct,cfp,0.0
b2c8782df8a22d32f9112e4a93d904f0d86ce791c89538b05a480398ebadf0b8,628b98a38679e0745d53e0dabdd87b92726d7af50bd24a2d421b9dd44e31d35d,development,disable_cfp_to_oct,oct,0.0
b2c8782df8a22d32f9112e4a93d904f0d86ce791c89538b05a480398ebadf0b8,628b98a38679e0745d53e0dabdd87b92726d7af50bd24a2d421b9dd44e31d35d,development,disable_cfp_to_oct,mean,0.0
b2c8782df8a22d32f9112e4a93d904f0d86ce791c89538b05a480398ebadf0b8,628b98a38679e0745d53e0dabdd87b92726d7af50bd24a2d421b9dd44e31d35d,development,disable_both,cfp,6.360184574458804
b2c8782df8a22d32f9112e4a93d904f0d86ce791c89538b05a480398ebadf0b8,628b98a38679e0745d53e0dabdd87b92726d7af50bd24a2d421b9dd44e31d35d,development,disable_both,oct,0.0
b2c8782df8a22d32f9112e4a93d904f0d86ce791c89538b05a480398ebadf0b8,628b98a38679e0745d53e0dabdd87b92726d7af50bd24a2d421b9dd44e31d35d,development,disable_both,mean,3.180092287229397
b2c8782df8a22d32f9112e4a93d904f0d86ce791c89538b05a480398ebadf0b8,628b98a38679e0745d53e0dabdd87b92726d7af50bd24a2d421b9dd44e31d35d,development,shuffle_oct_to_cfp,cfp,6.383775861202901
b2c8782df8a22d32f9112e4a93d904f0d86ce791c89538b05a480398ebadf0b8,628b98a38679e0745d53e0dabdd87b92726d7af50bd24a2d421b9dd44e31d35d,development,shuffle_oct_to_cfp,oct,0.0
b2c8782df8a22d32f9112e4a93d904f0d86ce791c89538b05a480398ebadf0b8,628b98a38679e0745d53e0dabdd87b92726d7af50bd24a2d421b9dd44e31d35d,development,shuffle_oct_to_cfp,mean,3.1918879306014447
b2c8782df8a22d32f9112e4a93d904f0d86ce791c89538b05a480398ebadf0b8,628b98a38679e0745d53e0dabdd87b92726d7af50bd24a2d421b9dd44e31d35d,development,shuffle_cfp_to_oct,cfp,0.0
b2c8782df8a22d32f9112e4a93d904f0d86ce791c89538b05a480398ebadf0b8,628b98a38679e0745d53e0dabdd87b92726d7af50bd24a2d421b9dd44e31d35d,development,shuffle_cfp_to_oct,oct,0.0
b2c8782df8a22d32f9112e4a93d904f0d86ce791c89538b05a480398ebadf0b8,628b98a38679e0745d53e0dabdd87b92726d7af50bd24a2d421b9dd44e31d35d,development,shuffle_cfp_to_oct,mean,0.0
b2c8782df8a22d32f9112e4a93d904f0d86ce791c89538b05a480398ebadf0b8,628b98a38679e0745d53e0dabdd87b92726d7af50bd24a2d421b9dd44e31d35d,development,shuffle_both,cfp,6.383775861202901
b2c8782df8a22d32f9112e4a93d904f0d86ce791c89538b05a480398ebadf0b8,628b98a38679e0745d53e0dabdd87b92726d7af50bd24a2d421b9dd44e31d35d,development,shuffle_both,oct,0.0
b2c8782df8a22d32f9112e4a93d904f0d86ce791c89538b05a480398ebadf0b8,628b98a38679e0745d53e0dabdd87b92726d7af50bd24a2d421b9dd44e31d35d,development,shuffle_both,mean,3.1918879306014447
b2c8782df8a22d32f9112e4a93d904f0d86ce791c89538b05a480398ebadf0b8,628b98a38679e0745d53e0dabdd87b92726d7af50bd24a2d421b9dd44e31d35d,test,disable_oct_to_cfp,cfp,4.497417800517245
b2c8782df8a22d32f9112e4a93d904f0d86ce791c89538b05a480398ebadf0b8,628b98a38679e0745d53e0dabdd87b92726d7af50bd24a2d421b9dd44e31d35d,test,disable_oct_to_cfp,oct,0.0
b2c8782df8a22d32f9112e4a93d904f0d86ce791c89538b05a480398ebadf0b8,628b98a38679e0745d53e0dabdd87b92726d7af50bd24a2d421b9dd44e31d35d,test,disable_oct_to_cfp,mean,2.2487089002586225
b2c8782df8a22d32f9112e4a93d904f0d86ce791c89538b05a480398ebadf0b8,628b98a38679e0745d53e0dabdd87b92726d7af50bd24a2d421b9dd44e31d35d,test,disable_cfp_to_oct,cfp,0.0
b2c8782df8a22d32f9112e4a93d904f0d86ce791c89538b05a480398ebadf0b8,628b98a38679e0745d53e0dabdd87b92726d7af50bd24a2d421b9dd44e31d35d,test,disable_cfp_to_oct,oct,0.0
b2c8782df8a22d32f9112e4a93d904f0d86ce791c89538b05a480398ebadf0b8,628b98a38679e0745d53e0dabdd87b92726d7af50bd24a2d421b9dd44e31d35d,test,disable_cfp_to_oct,mean,0.0
b2c8782df8a22d32f9112e4a93d904f0d86ce791c89538b05a480398ebadf0b8,628b98a38679e0745d53e0dabdd87b92726d7af50bd24a2d421b9dd44e31d35d,test,disable_both,cfp,4.497417800517245
b2c8782df8a22d32f9112e4a93d904f0d86ce791c89538b05a480398ebadf0b8,628b98a38679e0745d53e0dabdd87b92726d7af50bd24a2d421b9dd44e31d35d,test,disable_both,oct,0.0
b2c8782df8a22d32f9112e4a93d904f0d86ce791c89538b05a480398ebadf0b8,628b98a38679e0745d53e0dabdd87b92726d7af50bd24a2d421b9dd44e31d35d,test,disable_both,mean,2.2487089002586225
b2c8782df8a22d32f9112e4a93d904f0d86ce791c89538b05a480398ebadf0b8,628b98a38679e0745d53e0dabdd87b92726d7af50bd24a2d421b9dd44e31d35d,test,shuffle_oct_to_cfp,cfp,3.049188924294799
b2c8782df8a22d32f9112e4a93d904f0d86ce791c89538b05a480398ebadf0b8,628b98a38679e0745d53e0dabdd87b92726d7af50bd24a2d421b9dd44e31d35d,test,shuffle_oct_to_cfp,oct,0.0
b2c8782df8a22d32f9112e4a93d904f0d86ce791c89538b05a480398ebadf0b8,628b98a38679e0745d53e0dabdd87b92726d7af50bd24a2d421b9dd44e31d35d,test,shuffle_oct_to_cfp,mean,1.5245944621473995
b2c8782df8a22d32f9112e4a93d904f0d86ce791c89538b05a480398ebadf0b8,628b98a38679e0745d53e0dabdd87b92726d7af50bd24a2d421b9dd44e31d35d,test,shuffle_cfp_to_oct,cfp,0.0
b2c8782df8a22d32f9112e4a93d904f0d86ce791c89538b05a480398ebadf0b8,628b98a38679e0745d53e0dabdd87b92726d7af50bd24a2d421b9dd44e31d35d,test,shuffle_cfp_to_oct,oct,0.0
b2c8782df8a22d32f9112e4a93d904f0d86ce791c89538b05a480398ebadf0b8,628b98a38679e0745d53e0dabdd87b92726d7af50bd24a2d421b9dd44e31d35d,test,shuffle_cfp_to_oct,mean,0.0
b2c8782df8a22d32f9112e4a93d904f0d86ce791c89538b05a480398ebadf0b8,628b98a38679e0745d53e0dabdd87b92726d7af50bd24a2d421b9dd44e31d35d,test,shuffle_both,cfp,3.049188924294799
b2c8782df8a22d32f9112e4a93d904f0d86ce791c89538b05a480398ebadf0b8,628b98a38679e0745d53e0dabdd87b92726d7af50bd24a2d421b9dd44e31d35d,test,shuffle_both,oct,0.0
b2c8782df8a22d32f9112e4a93d904f0d86ce791c89538b05a480398ebadf0b8,628b98a38679e0745d53e0dabdd87b92726d7af50bd24a2d421b9dd44e31d35d,test,shuffle_both,mean,1.5245944621473995
dc0b1e6a07b75caef70234df5fb9c3bc08c108f63e2e61830d2334b52fd68f7a,3383d81ec4168a4848ba5f3d71cfc320445bd7276d829d7526ba741d52e6b310,development,disable_oct_to_cfp,cfp,0.0
dc0b1e6a07b75caef70234df5fb9c3bc08c108f63e2e61830d2334b52fd68f7a,3383d81ec4168a4848ba5f3d71cfc320445bd7276d829d7526ba741d52e6b310,development,disable_oct_to_cfp,oct,0.0
dc0b1e6a07b75caef70234df5fb9c3bc08c108f63e2e61830d2334b52fd68f7a,3383d81ec4168a4848ba5f3d71cfc320445bd7276d829d7526ba741d52e6b310,development,disable_oct_to_cfp,mean,0.0
dc0b1e6a07b75caef70234df5fb9c3bc08c108f63e2e61830d2334b52fd68f7a,3383d81ec4168a4848ba5f3d71cfc320445bd7276d829d7526ba741d52e6b310,development,disable_cfp_to_oct,cfp,0.0
dc0b1e6a07b75caef70234df5fb9c3bc08c108f63e2e61830d2334b52fd68f7a,3383d81ec4168a4848ba5f3d71cfc320445bd7276d829d7526ba741d52e6b310,development,disable_cfp_to_oct,oct,0.0
dc0b1e6a07b75caef70234df5fb9c3bc08c108f63e2e61830d2334b52fd68f7a,3383d81ec4168a4848ba5f3d71cfc320445bd7276d829d7526ba741d52e6b310,development,disable_cfp_to_oct,mean,0.0
dc0b1e6a07b75caef70234df5fb9c3bc08c108f63e2e61830d2334b52fd68f7a,3383d81ec4168a4848ba5f3d71cfc320445bd7276d829d7526ba741d52e6b310,development,disable_both,cfp,0.0
dc0b1e6a07b75caef70234df5fb9c3bc08c108f63e2e61830d2334b52fd68f7a,3383d81ec4168a4848ba5f3d71cfc320445bd7276d829d7526ba741d52e6b310,development,disable_both,oct,0.0
dc0b1e6a07b75caef70234df5fb9c3bc08c108f63e2e61830d2334b52fd68f7a,3383d81ec4168a4848ba5f3d71cfc320445bd7276d829d7526ba741d52e6b310,development,disable_both,mean,0.0
dc0b1e6a07b75caef70234df5fb9c3bc08c108f63e2e61830d2334b52fd68f7a,3383d81ec4168a4848ba5f3d71cfc320445bd7276d829d7526ba741d52e6b310,development,shuffle_oct_to_cfp,cfp,0.0
dc0b1e6a07b75caef70234df5fb9c3bc08c108f63e2e61830d2334b52fd68f7a,3383d81ec4168a4848ba5f3d71cfc320445bd7276d829d7526ba741d52e6b310,development,shuffle_oct_to_cfp,oct,0.0
dc0b1e6a07b75caef70234df5fb9c3bc08c108f63e2e61830d2334b52fd68f7a,3383d81ec4168a4848ba5f3d71cfc320445bd7276d829d7526ba741d52e6b310,development,shuffle_oct_to_cfp,mean,0.0
dc0b1e6a07b75caef70234df5fb9c3bc08c108f63e2e61830d2334b52fd68f7a,3383d81ec4168a4848ba5f3d71cfc320445bd7276d829d7526ba741d52e6b310,development,shuffle_cfp_to_oct,cfp,0.0
dc0b1e6a07b75caef70234df5fb9c3bc08c108f63e2e61830d2334b52fd68f7a,3383d81ec4168a4848ba5f3d71cfc320445bd7276d829d7526ba741d52e6b310,development,shuffle_cfp_to_oct,oct,0.0
dc0b1e6a07b75caef70234df5fb9c3bc08c108f63e2e61830d2334b52fd68f7a,3383d81ec4168a4848ba5f3d71cfc320445bd7276d829d7526ba741d52e6b310,development,shuffle_cfp_to_oct,mean,0.0
dc0b1e6a07b75caef70234df5fb9c3bc08c108f63e2e61830d2334b52fd68f7a,3383d81ec4168a4848ba5f3d71cfc320445bd7276d829d7526ba741d52e6b310,development,shuffle_both,cfp,0.0
dc0b1e6a07b75caef70234df5fb9c3bc08c108f63e2e61830d2334b52fd68f7a,3383d81ec4168a4848ba5f3d71cfc320445bd7276d829d7526ba741d52e6b310,development,shuffle_both,oct,0.0
dc0b1e6a07b75caef70234df5fb9c3bc08c108f63e2e61830d2334b52fd68f7a,3383d81ec4168a4848ba5f3d71cfc320445bd7276d829d7526ba741d52e6b310,development,shuffle_both,mean,0.0
dc0b1e6a07b75caef70234df5fb9c3bc08c108f63e2e61830d2334b52fd68f7a,3383d81ec4168a4848ba5f3d71cfc320445bd7276d829d7526ba741d52e6b310,test,disable_oct_to_cfp,cfp,0.0
dc0b1e6a07b75caef70234df5fb9c3bc08c108f63e2e61830d2334b52fd68f7a,3383d81ec4168a4848ba5f3d71cfc320445bd7276d829d7526ba741d52e6b310,test,disable_oct_to_cfp,oct,0.0
dc0b1e6a07b75caef70234df5fb9c3bc08c108f63e2e61830d2334b52fd68f7a,3383d81ec4168a4848ba5f3d71cfc320445bd7276d829d7526ba741d52e6b310,test,disable_oct_to_cfp,mean,0.0
dc0b1e6a07b75caef70234df5fb9c3bc08c108f63e2e61830d2334b52fd68f7a,3383d81ec4168a4848ba5f3d71cfc320445bd7276d829d7526ba741d52e6b310,test,disable_cfp_to_oct,cfp,0.0
dc0b1e6a07b75caef70234df5fb9c3bc08c108f63e2e61830d2334b52fd68f7a,3383d81ec4168a4848ba5f3d71cfc320445bd7276d829d7526ba741d52e6b310,test,disable_cfp_to_oct,oct,0.0
dc0b1e6a07b75caef70234df5fb9c3bc08c108f63e2e61830d2334b52fd68f7a,3383d81ec4168a4848ba5f3d71cfc320445bd7276d829d7526ba741d52e6b310,test,disable_cfp_to_oct,mean,0.0
dc0b1e6a07b75caef70234df5fb9c3bc08c108f63e2e61830d2334b52fd68f7a,3383d81ec4168a4848ba5f3d71cfc320445bd7276d829d7526ba741d52e6b310,test,disable_both,cfp,0.0
dc0b1e6a07b75caef70234df5fb9c3bc08c108f63e2e61830d2334b52fd68f7a,3383d81ec4168a4848ba5f3d71cfc320445bd7276d829d7526ba741d52e6b310,test,disable_both,oct,0.0
dc0b1e6a07b75caef70234df5fb9c3bc08c108f63e2e61830d2334b52fd68f7a,3383d81ec4168a4848ba5f3d71cfc320445bd7276d829d7526ba741d52e6b310,test,disable_both,mean,0.0
dc0b1e6a07b75caef70234df5fb9c3bc08c108f63e2e61830d2334b52fd68f7a,3383d81ec4168a4848ba5f3d71cfc320445bd7276d829d7526ba741d52e6b310,test,shuffle_oct_to_cfp,cfp,0.0
dc0b1e6a07b75caef70234df5fb9c3bc08c108f63e2e61830d2334b52fd68f7a,3383d81ec4168a4848ba5f3d71cfc320445bd7276d829d7526ba741d52e6b310,test,shuffle_oct_to_cfp,oct,0.0
dc0b1e6a07b75caef70234df5fb9c3bc08c108f63e2e61830d2334b52fd68f7a,3383d81ec4168a4848ba5f3d71cfc320445bd7276d829d7526ba741d52e6b310,test,shuffle_oct_to_cfp,mean,0.0
dc0b1e6a07b75caef70234df5fb9c3bc08c108f63e2e61830d2334b52fd68f7a,3383d81ec4168a4848ba5f3d71cfc320445bd7276d829d7526ba741d52e6b310,test,shuffle_cfp_to_oct,cfp,0.0
dc0b1e6a07b75caef70234df5fb9c3bc08c108f63e2e61830d2334b52fd68f7a,3383d81ec4168a4848ba5f3d71cfc320445bd7276d829d7526ba741d52e6b310,test,shuffle_cfp_to_oct,oct,0.0
dc0b1e6a07b75caef70234df5fb9c3bc08c108f63e2e61830d2334b52fd68f7a,3383d81ec4168a4848ba5f3d71cfc320445bd7276d829d7526ba741d52e6b310,test,shuffle_cfp_to_oct,mean,0.0
dc0b1e6a07b75caef70234df5fb9c3bc08c108f63e2e61830d2334b52fd68f7a,3383d81ec4168a4848ba5f3d71cfc320445bd7276d829d7526ba741d52e6b310,test,shuffle_both,cfp,0.0
dc0b1e6a07b75caef70234df5fb9c3bc08c108f63e2e61830d2334b52fd68f7a,3383d81ec4168a4848ba5f3d71cfc320445bd7276d829d7526ba741d52e6b310,test,shuffle_both,oct,0.0
dc0b1e6a07b75caef70234df5fb9c3bc08c108f63e2e61830d2334b52fd68f7a,3383d81ec4168a4848ba5f3d71cfc320445bd7276d829d7526ba741d52e6b310,test,shuffle_both,mean,0.0
e0013838db01e811780ce8495b263187cee381bec78125023288d0ebfed393e2,88ac9d73732ad6442d966af903273fce694676ee2bbaf3d1af00de4bdbf1f304,development,disable_oct_to_cfp,cfp,0.0
e0013838db01e811780ce8495b263187cee381bec78125023288d0ebfed393e2,88ac9d73732ad6442d966af903273fce694676ee2bbaf3d1af00de4bdbf1f304,development,disable_oct_to_cfp,oct,0.0
e0013838db01e811780ce8495b263187cee381bec78125023288d0ebfed393e2,88ac9d73732ad6442d966af903273fce694676ee2bbaf3d1af00de4bdbf1f304,development,disable_oct_to_cfp,mean,0.0
e0013838db01e811780ce8495b263187cee381bec78125023288d0ebfed393e2,88ac9d73732ad6442d966af903273fce694676ee2bbaf3d1af00de4bdbf1f304,development,disable_cfp_to_oct,cfp,0.0
e0013838db01e811780ce8495b263187cee381bec78125023288d0ebfed393e2,88ac9d73732ad6442d966af903273fce694676ee2bbaf3d1af00de4bdbf1f304,development,disable_cfp_to_oct,oct,0.0
e0013838db01e811780ce8495b263187cee381bec78125023288d0ebfed393e2,88ac9d73732ad6442d966af903273fce694676ee2bbaf3d1af00de4bdbf1f304,development,disable_cfp_to_oct,mean,0.0
e0013838db01e811780ce8495b263187cee381bec78125023288d0ebfed393e2,88ac9d73732ad6442d966af903273fce694676ee2bbaf3d1af00de4bdbf1f304,development,disable_both,cfp,0.0
e0013838db01e811780ce8495b263187cee381bec78125023288d0ebfed393e2,88ac9d73732ad6442d966af903273fce694676ee2bbaf3d1af00de4bdbf1f304,development,disable_both,oct,0.0
e0013838db01e811780ce8495b263187cee381bec78125023288d0ebfed393e2,88ac9d73732ad6442d966af903273fce694676ee2bbaf3d1af00de4bdbf1f304,development,disable_both,mean,0.0
e0013838db01e811780ce8495b263187cee381bec78125023288d0ebfed393e2,88ac9d73732ad6442d966af903273fce694676ee2bbaf3d1af00de4bdbf1f304,development,shuffle_oct_to_cfp,cfp,0.0
e0013838db01e811780ce8495b263187cee381bec78125023288d0ebfed393e2,88ac9d73732ad6442d966af903273fce694676ee2bbaf3d1af00de4bdbf1f304,development,shuffle_oct_to_cfp,oct,0.0
e0013838db01e811780ce8495b263187cee381bec78125023288d0ebfed393e2,88ac9d73732ad6442d966af903273fce694676ee2bbaf3d1af00de4bdbf1f304,development,shuffle_oct_to_cfp,mean,0.0
e0013838db01e811780ce8495b263187cee381bec78125023288d0ebfed393e2,88ac9d73732ad6442d966af903273fce694676ee2bbaf3d1af00de4bdbf1f304,development,shuffle_cfp_to_oct,cfp,0.0
e0013838db01e811780ce8495b263187cee381bec78125023288d0ebfed393e2,88ac9d73732ad6442d966af903273fce694676ee2bbaf3d1af00de4bdbf1f304,development,shuffle_cfp_to_oct,oct,0.0
e0013838db01e811780ce8495b263187cee381bec78125023288d0ebfed393e2,88ac9d73732ad6442d966af903273fce694676ee2bbaf3d1af00de4bdbf1f304,development,shuffle_cfp_to_oct,mean,0.0
e0013838db01e811780ce8495b263187cee381bec78125023288d0ebfed393e2,88ac9d73732ad6442d966af903273fce694676ee2bbaf3d1af00de4bdbf1f304,development,shuffle_both,cfp,0.0
e0013838db01e811780ce8495b263187cee381bec78125023288d0ebfed393e2,88ac9d73732ad6442d966af903273fce694676ee2bbaf3d1af00de4bdbf1f304,development,shuffle_both,oct,0.0
e0013838db01e811780ce8495b263187cee381bec78125023288d0ebfed393e2,88ac9d73732ad6442d966af903273fce694676ee2bbaf3d1af00de4bdbf1f304,development,shuffle_both,mean,0.0
e0013838db01e811780ce8495b263187cee381bec78125023288d0ebfed393e2,88ac9d73732ad6442d966af903273fce694676ee2bbaf3d1af00de4bdbf1f304,test,disable_oct_to_cfp,cfp,0.0
e0013838db01e811780ce8495b263187cee381bec78125023288d0ebfed393e2,88ac9d73732ad6442d966af903273fce694676ee2bbaf3d1af00de4bdbf1f304,test,disable_oct_to_cfp,oct,0.0
e0013838db01e811780ce8495b263187cee381bec78125023288d0ebfed393e2,88ac9d73732ad6442d966af903273fce694676ee2bbaf3d1af00de4bdbf1f304,test,disable_oct_to_cfp,mean,0.0
e0013838db01e811780ce8495b263187cee381bec78125023288d0ebfed393e2,88ac9d73732ad6442d966af903273fce694676ee2bbaf3d1af00de4bdbf1f304,test,disable_cfp_to_oct,cfp,0.0
e0013838db01e811780ce8495b263187cee381bec78125023288d0ebfed393e2,88ac9d73732ad6442d966af903273fce694676ee2bbaf3d1af00de4bdbf1f304,test,disable_cfp_to_oct,oct,0.0
e0013838db01e811780ce8495b263187cee381bec78125023288d0ebfed393e2,88ac9d73732ad6442d966af903273fce694676ee2bbaf3d1af00de4bdbf1f304,test,disable_cfp_to_oct,mean,0.0
e0013838db01e811780ce8495b263187cee381bec78125023288d0ebfed393e2,88ac9d73732ad6442d966af903273fce694676ee2bbaf3d1af00de4bdbf1f304,test,disable_both,cfp,0.0
e0013838db01e811780ce8495b263187cee381bec78125023288d0ebfed393e2,88ac9d73732ad6442d966af903273fce694676ee2bbaf3d1af00de4bdbf1f304,test,disable_both,oct,0.0
e0013838db01e811780ce8495b263187cee381bec78125023288d0ebfed393e2,88ac9d73732ad6442d966af903273fce694676ee2bbaf3d1af00de4bdbf1f304,test,disable_both,mean,0.0
e0013838db01e811780ce8495b263187cee381bec78125023288d0ebfed393e2,88ac9d73732ad6442d966af903273fce694676ee2bbaf3d1af00de4bdbf1f304,test,shuffle_oct_to_cfp,cfp,0.0
e0013838db01e811780ce8495b263187cee381bec78125023288d0ebfed393e2,88ac9d73732ad6442d966af903273fce694676ee2bbaf3d1af00de4bdbf1f304,test,shuffle_oct_to_cfp,oct,0.0
e0013838db01e811780ce8495b263187cee381bec78125023288d0ebfed393e2,88ac9d73732ad6442d966af903273fce694676ee2bbaf3d1af00de4bdbf1f304,test,shuffle_oct_to_cfp,mean,0.0
e0013838db01e811780ce8495b263187cee381bec78125023288d0ebfed393e2,88ac9d73732ad6442d966af903273fce694676ee2bbaf3d1af00de4bdbf1f304,test,shuffle_cfp_to_oct,cfp,0.0
e0013838db01e811780ce8495b263187cee381bec78125023288d0ebfed393e2,88ac9d73732ad6442d966af903273fce694676ee2bbaf3d1af00de4bdbf1f304,test,shuffle_cfp_to_oct,oct,0.0
e0013838db01e811780ce8495b263187cee381bec78125023288d0ebfed393e2,88ac9d73732ad6442d966af903273fce694676ee2bbaf3d1af00de4bdbf1f304,test,shuffle_cfp_to_oct,mean,0.0
e0013838db01e811780ce8495b263187cee381bec78125023288d0ebfed393e2,88ac9d73732ad6442d966af903273fce694676ee2bbaf3d1af00de4bdbf1f304,test,shuffle_both,cfp,0.0
e0013838db01e811780ce8495b263187cee381bec78125023288d0ebfed393e2,88ac9d73732ad6442d966af903273fce694676ee2bbaf3d1af00de4bdbf1f304,test,shuffle_both,oct,0.0
e0013838db01e811780ce8495b263187cee381bec78125023288d0ebfed393e2,88ac9d73732ad6442d966af903273fce694676ee2bbaf3d1af00de4bdbf1f304,test,shuffle_both,mean,0.0
649bf8d1ae751fda5e8420adce1ab00172cfd54fdc9253637a669b7efbc3dba7,fd1d53a75c6cc2a66f6a543cf240c5c39dcdf2bf8983e24cd189549ebf7cf4b2,development,disable_oct_to_cfp,cfp,0.0
649bf8d1ae751fda5e8420adce1ab00172cfd54fdc9253637a669b7efbc3dba7,fd1d53a75c6cc2a66f6a543cf240c5c39dcdf2bf8983e24cd189549ebf7cf4b2,development,disable_oct_to_cfp,oct,0.0
649bf8d1ae751fda5e8420adce1ab00172cfd54fdc9253637a669b7efbc3dba7,fd1d53a75c6cc2a66f6a543cf240c5c39dcdf2bf8983e24cd189549ebf7cf4b2,development,disable_oct_to_cfp,mean,0.0
649bf8d1ae751fda5e8420adce1ab00172cfd54fdc9253637a669b7efbc3dba7,fd1d53a75c6cc2a66f6a543cf240c5c39dcdf2bf8983e24cd189549ebf7cf4b2,development,disable_cfp_to_oct,cfp,0.0
649bf8d1ae751fda5e8420adce1ab00172cfd54fdc9253637a669b7efbc3dba7,fd1d53a75c6cc2a66f6a543cf240c5c39dcdf2bf8983e24cd189549ebf7cf4b2,development,disable_cfp_to_oct,oct,0.0
649bf8d1ae751fda5e8420adce1ab00172cfd54fdc9253637a669b7efbc3dba7,fd1d53a75c6cc2a66f6a543cf240c5c39dcdf2bf8983e24cd189549ebf7cf4b2,development,disable_cfp_to_oct,mean,0.0
649bf8d1ae751fda5e8420adce1ab00172cfd54fdc9253637a669b7efbc3dba7,fd1d53a75c6cc2a66f6a543cf240c5c39dcdf2bf8983e24cd189549ebf7cf4b2,development,disable_both,cfp,0.0
649bf8d1ae751fda5e8420adce1ab00172cfd54fdc9253637a669b7efbc3dba7,fd1d53a75c6cc2a66f6a543cf240c5c39dcdf2bf8983e24cd189549ebf7cf4b2,development,disable_both,oct,0.0
649bf8d1ae751fda5e8420adce1ab00172cfd54fdc9253637a669b7efbc3dba7,fd1d53a75c6cc2a66f6a543cf240c5c39dcdf2bf8983e24cd189549ebf7cf4b2,development,disable_both,mean,0.0
649bf8d1ae751fda5e8420adce1ab00172cfd54fdc9253637a669b7efbc3dba7,fd1d53a75c6cc2a66f6a543cf240c5c39dcdf2bf8983e24cd189549ebf7cf4b2,development,shuffle_oct_to_cfp,cfp,0.0
649bf8d1ae751fda5e8420adce1ab00172cfd54fdc9253637a669b7efbc3dba7,fd1d53a75c6cc2a66f6a543cf240c5c39dcdf2bf8983e24cd189549ebf7cf4b2,development,shuffle_oct_to_cfp,oct,0.0
649bf8d1ae751fda5e8420adce1ab00172cfd54fdc9253637a669b7efbc3dba7,fd1d53a75c6cc2a66f6a543cf240c5c39dcdf2bf8983e24cd189549ebf7cf4b2,development,shuffle_oct_to_cfp,mean,0.0
649bf8d1ae751fda5e8420adce1ab00172cfd54fdc9253637a669b7efbc3dba7,fd1d53a75c6cc2a66f6a543cf240c5c39dcdf2bf8983e24cd189549ebf7cf4b2,development,shuffle_cfp_to_oct,cfp,0.0
649bf8d1ae751fda5e8420adce1ab00172cfd54fdc9253637a669b7efbc3dba7,fd1d53a75c6cc2a66f6a543cf240c5c39dcdf2bf8983e24cd189549ebf7cf4b2,development,shuffle_cfp_to_oct,oct,0.0
649bf8d1ae751fda5e8420adce1ab00172cfd54fdc9253637a669b7efbc3dba7,fd1d53a75c6cc2a66f6a543cf240c5c39dcdf2bf8983e24cd189549ebf7cf4b2,development,shuffle_cfp_to_oct,mean,0.0
649bf8d1ae751fda5e8420adce1ab00172cfd54fdc9253637a669b7efbc3dba7,fd1d53a75c6cc2a66f6a543cf240c5c39dcdf2bf8983e24cd189549ebf7cf4b2,development,shuffle_both,cfp,0.0
649bf8d1ae751fda5e8420adce1ab00172cfd54fdc9253637a669b7efbc3dba7,fd1d53a75c6cc2a66f6a543cf240c5c39dcdf2bf8983e24cd189549ebf7cf4b2,development,shuffle_both,oct,0.0
649bf8d1ae751fda5e8420adce1ab00172cfd54fdc9253637a669b7efbc3dba7,fd1d53a75c6cc2a66f6a543cf240c5c39dcdf2bf8983e24cd189549ebf7cf4b2,development,shuffle_both,mean,0.0
649bf8d1ae751fda5e8420adce1ab00172cfd54fdc9253637a669b7efbc3dba7,fd1d53a75c6cc2a66f6a543cf240c5c39dcdf2bf8983e24cd189549ebf7cf4b2,test,disable_oct_to_cfp,cfp,0.0
649bf8d1ae751fda5e8420adce1ab00172cfd54fdc9253637a669b7efbc3dba7,fd1d53a75c6cc2a66f6a543cf240c5c39dcdf2bf8983e24cd189549ebf7cf4b2,test,disable_oct_to_cfp,oct,0.0
649bf8d1ae751fda5e8420adce1ab00172cfd54fdc9253637a669b7efbc3dba7,fd1d53a75c6cc2a66f6a543cf240c5c39dcdf2bf8983e24cd189549ebf7cf4b2,test,disable_oct_to_cfp,mean,0.0
649bf8d1ae751fda5e8420adce1ab00172cfd54fdc9253637a669b7efbc3dba7,fd1d53a75c6cc2a66f6a543cf240c5c39dcdf2bf8983e24cd189549ebf7cf4b2,test,disable_cfp_to_oct,cfp,0.0
649bf8d1ae751fda5e8420adce1ab00172cfd54fdc9253637a669b7efbc3dba7,fd1d53a75c6cc2a66f6a543cf240c5c39dcdf2bf8983e24cd189549ebf7cf4b2,test,disable_cfp_to_oct,oct,0.0
649bf8d1ae751fda5e8420adce1ab00172cfd54fdc9253637a669b7efbc3dba7,fd1d53a75c6cc2a66f6a543cf240c5c39dcdf2bf8983e24cd189549ebf7cf4b2,test,disable_cfp_to_oct,mean,0.0
649bf8d1ae751fda5e8420adce1ab00172cfd54fdc9253637a669b7efbc3dba7,fd1d53a75c6cc2a66f6a543cf240c5c39dcdf2bf8983e24cd189549ebf7cf4b2,test,disable_both,cfp,0.0
649bf8d1ae751fda5e8420adce1ab00172cfd54fdc9253637a669b7efbc3dba7,fd1d53a75c6cc2a66f6a543cf240c5c39dcdf2bf8983e24cd189549ebf7cf4b2,test,disable_both,oct,0.0
649bf8d1ae751fda5e8420adce1ab00172cfd54fdc9253637a669b7efbc3dba7,fd1d53a75c6cc2a66f6a543cf240c5c39dcdf2bf8983e24cd189549ebf7cf4b2,test,disable_both,mean,0.0
649bf8d1ae751fda5e8420adce1ab00172cfd54fdc9253637a669b7efbc3dba7,fd1d53a75c6cc2a66f6a543cf240c5c39dcdf2bf8983e24cd189549ebf7cf4b2,test,shuffle_oct_to_cfp,cfp,0.0
649bf8d1ae751fda5e8420adce1ab00172cfd54fdc9253637a669b7efbc3dba7,fd1d53a75c6cc2a66f6a543cf240c5c39dcdf2bf8983e24cd189549ebf7cf4b2,test,shuffle_oct_to_cfp,oct,0.0
649bf8d1ae751fda5e8420adce1ab00172cfd54fdc9253637a669b7efbc3dba7,fd1d53a75c6cc2a66f6a543cf240c5c39dcdf2bf8983e24cd189549ebf7cf4b2,test,shuffle_oct_to_cfp,mean,0.0
649bf8d1ae751fda5e8420adce1ab00172cfd54fdc9253637a669b7efbc3dba7,fd1d53a75c6cc2a66f6a543cf240c5c39dcdf2bf8983e24cd189549ebf7cf4b2,test,shuffle_cfp_to_oct,cfp,0.0
649bf8d1ae751fda5e8420adce1ab00172cfd54fdc9253637a669b7efbc3dba7,fd1d53a75c6cc2a66f6a543cf240c5c39dcdf2bf8983e24cd189549ebf7cf4b2,test,shuffle_cfp_to_oct,oct,0.0
649bf8d1ae751fda5e8420adce1ab00172cfd54fdc9253637a669b7efbc3dba7,fd1d53a75c6cc2a66f6a543cf240c5c39dcdf2bf8983e24cd189549ebf7cf4b2,test,shuffle_cfp_to_oct,mean,0.0
649bf8d1ae751fda5e8420adce1ab00172cfd54fdc9253637a669b7efbc3dba7,fd1d53a75c6cc2a66f6a543cf240c5c39dcdf2bf8983e24cd189549ebf7cf4b2,test,shuffle_both,cfp,0.0
649bf8d1ae751fda5e8420adce1ab00172cfd54fdc9253637a669b7efbc3dba7,fd1d53a75c6cc2a66f6a543cf240c5c39dcdf2bf8983e24cd189549ebf7cf4b2,test,shuffle_both,oct,0.0
649bf8d1ae751fda5e8420adce1ab00172cfd54fdc9253637a669b7efbc3dba7,fd1d53a75c6cc2a66f6a543cf240c5c39dcdf2bf8983e24cd189549ebf7cf4b2,test,shuffle_both,mean,0.0
3c0d7307738db7ba6931aa1317d510e57b51f734707ced8cdbf85fd26b1af02a,5776a12a92fc58c6f4f3352d227539b1e7907c642d7adea8c9c4607d1a041ee7,development,disable_oct_to_cfp,cfp,33.825320273778615
3c0d7307738db7ba6931aa1317d510e57b51f734707ced8cdbf85fd26b1af02a,5776a12a92fc58c6f4f3352d227539b1e7907c642d7adea8c9c4607d1a041ee7,development,disable_oct_to_cfp,oct,0.0
3c0d7307738db7ba6931aa1317d510e57b51f734707ced8cdbf85fd26b1af02a,5776a12a92fc58c6f4f3352d227539b1e7907c642d7adea8c9c4607d1a041ee7,development,disable_oct_to_cfp,mean,16.91266013688931
3c0d7307738db7ba6931aa1317d510e57b51f734707ced8cdbf85fd26b1af02a,5776a12a92fc58c6f4f3352d227539b1e7907c642d7adea8c9c4607d1a041ee7,development,disable_cfp_to_oct,cfp,0.0
3c0d7307738db7ba6931aa1317d510e57b51f734707ced8cdbf85fd26b1af02a,5776a12a92fc58c6f4f3352d227539b1e7907c642d7adea8c9c4607d1a041ee7,development,disable_cfp_to_oct,oct,0.0
3c0d7307738db7ba6931aa1317d510e57b51f734707ced8cdbf85fd26b1af02a,5776a12a92fc58c6f4f3352d227539b1e7907c642d7adea8c9c4607d1a041ee7,development,disable_cfp_to_oct,mean,0.0
3c0d7307738db7ba6931aa1317d510e57b51f734707ced8cdbf85fd26b1af02a,5776a12a92fc58c6f4f3352d227539b1e7907c642d7adea8c9c4607d1a041ee7,development,disable_both,cfp,33.825320273778615
3c0d7307738db7ba6931aa1317d510e57b51f734707ced8cdbf85fd26b1af02a,5776a12a92fc58c6f4f3352d227539b1e7907c642d7adea8c9c4607d1a041ee7,development,disable_both,oct,0.0
3c0d7307738db7ba6931aa1317d510e57b51f734707ced8cdbf85fd26b1af02a,5776a12a92fc58c6f4f3352d227539b1e7907c642d7adea8c9c4607d1a041ee7,development,disable_both,mean,16.91266013688931
3c0d7307738db7ba6931aa1317d510e57b51f734707ced8cdbf85fd26b1af02a,5776a12a92fc58c6f4f3352d227539b1e7907c642d7adea8c9c4607d1a041ee7,development,shuffle_oct_to_cfp,cfp,7.872557705362948
3c0d7307738db7ba6931aa1317d510e57b51f734707ced8cdbf85fd26b1af02a,5776a12a92fc58c6f4f3352d227539b1e7907c642d7adea8c9c4607d1a041ee7,development,shuffle_oct_to_cfp,oct,0.0
3c0d7307738db7ba6931aa1317d510e57b51f734707ced8cdbf85fd26b1af02a,5776a12a92fc58c6f4f3352d227539b1e7907c642d7adea8c9c4607d1a041ee7,development,shuffle_oct_to_cfp,mean,3.936278852681474
3c0d7307738db7ba6931aa1317d510e57b51f734707ced8cdbf85fd26b1af02a,5776a12a92fc58c6f4f3352d227539b1e7907c642d7adea8c9c4607d1a041ee7,development,shuffle_cfp_to_oct,cfp,0.0
3c0d7307738db7ba6931aa1317d510e57b51f734707ced8cdbf85fd26b1af02a,5776a12a92fc58c6f4f3352d227539b1e7907c642d7adea8c9c4607d1a041ee7,development,shuffle_cfp_to_oct,oct,0.0
3c0d7307738db7ba6931aa1317d510e57b51f734707ced8cdbf85fd26b1af02a,5776a12a92fc58c6f4f3352d227539b1e7907c642d7adea8c9c4607d1a041ee7,development,shuffle_cfp_to_oct,mean,0.0
3c0d7307738db7ba6931aa1317d510e57b51f734707ced8cdbf85fd26b1af02a,5776a12a92fc58c6f4f3352d227539b1e7907c642d7adea8c9c4607d1a041ee7,development,shuffle_both,cfp,7.872557705362948
3c0d7307738db7ba6931aa1317d510e57b51f734707ced8cdbf85fd26b1af02a,5776a12a92fc58c6f4f3352d227539b1e7907c642d7adea8c9c4607d1a041ee7,development,shuffle_both,oct,0.0
3c0d7307738db7ba6931aa1317d510e57b51f734707ced8cdbf85fd26b1af02a,5776a12a92fc58c6f4f3352d227539b1e7907c642d7adea8c9c4607d1a041ee7,development,shuffle_both,mean,3.936278852681474
3c0d7307738db7ba6931aa1317d510e57b51f734707ced8cdbf85fd26b1af02a,5776a12a92fc58c6f4f3352d227539b1e7907c642d7adea8c9c4607d1a041ee7,test,disable_oct_to_cfp,cfp,25.47386729915207
3c0d7307738db7ba6931aa1317d510e57b51f734707ced8cdbf85fd26b1af02a,5776a12a92fc58c6f4f3352d227539b1e7907c642d7adea8c9c4607d1a041ee7,test,disable_oct_to_cfp,oct,0.0
3c0d7307738db7ba6931aa1317d510e57b51f734707ced8cdbf85fd26b1af02a,5776a12a92fc58c6f4f3352d227539b1e7907c642d7adea8c9c4607d1a041ee7,test,disable_oct_to_cfp,mean,12.736933649576033
3c0d7307738db7ba6931aa1317d510e57b51f734707ced8cdbf85fd26b1af02a,5776a12a92fc58c6f4f3352d227539b1e7907c642d7adea8c9c4607d1a041ee7,test,disable_cfp_to_oct,cfp,0.0
3c0d7307738db7ba6931aa1317d510e57b51f734707ced8cdbf85fd26b1af02a,5776a12a92fc58c6f4f3352d227539b1e7907c642d7adea8c9c4607d1a041ee7,test,disable_cfp_to_oct,oct,0.0
3c0d7307738db7ba6931aa1317d510e57b51f734707ced8cdbf85fd26b1af02a,5776a12a92fc58c6f4f3352d227539b1e7907c642d7adea8c9c4607d1a041ee7,test,disable_cfp_to_oct,mean,0.0
3c0d7307738db7ba6931aa1317d510e57b51f734707ced8cdbf85fd26b1af02a,5776a12a92fc58c6f4f3352d227539b1e7907c642d7adea8c9c4607d1a041ee7,test,disable_both,cfp,25.47386729915207
3c0d7307738db7ba6931aa1317d510e57b51f734707ced8cdbf85fd26b1af02a,5776a12a92fc58c6f4f3352d227539b1e7907c642d7adea8c9c4607d1a041ee7,test,disable_both,oct,0.0
3c0d7307738db7ba6931aa1317d510e57b51f734707ced8cdbf85fd26b1af02a,5776a12a92fc58c6f4f3352d227539b1e7907c642d7adea8c9c4607d1a041ee7,test,disable_both,mean,12.736933649576033
3c0d7307738db7ba6931aa1317d510e57b51f734707ced8cdbf85fd26b1af02a,5776a12a92fc58c6f4f3352d227539b1e7907c642d7adea8c9c4607d1a041ee7,test,shuffle_oct_to_cfp,cfp,3.35055232502125
3c0d7307738db7ba6931aa1317d510e57b51f734707ced8cdbf85fd26b1af02a,5776a12a92fc58c6f4f3352d227539b1e7907c642d7adea8c9c4607d1a041ee7,test,shuffle_oct_to_cfp,oct,0.0
3c0d7307738db7ba6931aa1317d510e57b51f734707ced8cdbf85fd26b1af02a,5776a12a92fc58c6f4f3352d227539b1e7907c642d7adea8c9c4607d1a041ee7,test,shuffle_oct_to_cfp,mean,1.6752761625106194
3c0d7307738db7ba6931aa1317d510e57b51f734707ced8cdbf85fd26b1af02a,5776a12a92fc58c6f4f3352d227539b1e7907c642d7adea8c9c4607d1a041ee7,test,shuffle_cfp_to_oct,cfp,0.0
3c0d7307738db7ba6931aa1317d510e57b51f734707ced8cdbf85fd26b1af02a,5776a12a92fc58c6f4f3352d227539b1e7907c642d7adea8c9c4607d1a041ee7,test,shuffle_cfp_to_oct,oct,0.0
3c0d7307738db7ba6931aa1317d510e57b51f734707ced8cdbf85fd26b1af02a,5776a12a92fc58c6f4f3352d227539b1e7907c642d7adea8c9c4607d1a041ee7,test,shuffle_cfp_to_oct,mean,0.0
3c0d7307738db7ba6931aa1317d510e57b51f734707ced8cdbf85fd26b1af02a,5776a12a92fc58c6f4f3352d227539b1e7907c642d7adea8c9c4607d1a041ee7,test,shuffle_both,cfp,3.35055232502125
3c0d7307738db7ba6931aa1317d510e57b51f734707ced8cdbf85fd26b1af02a,5776a12a92fc58c6f4f3352d227539b1e7907c642d7adea8c9c4607d1a041ee7,test,shuffle_both,oct,0.0
3c0d7307738db7ba6931aa1317d510e57b51f734707ced8cdbf85fd26b1af02a,5776a12a92fc58c6f4f3352d227539b1e7907c642d7adea8c9c4607d1a041ee7,test,shuffle_both,mean,1.6752761625106194
c690623dc8970fa57dbc5840a1edcb8b917fc447af7ddd56dd00dd903664a362,a4d06165b8c33d8f4c1e5a8ae9356bf4cc1cb60d72e51b73caa4a9470767b868,development,disable_oct_to_cfp,cfp,0.0
c690623dc8970fa57dbc5840a1edcb8b917fc447af7ddd56dd00dd903664a362,a4d06165b8c33d8f4c1e5a8ae9356bf4cc1cb60d72e51b73caa4a9470767b868,development,disable_oct_to_cfp,oct,0.0
c690623dc8970fa57dbc5840a1edcb8b917fc447af7ddd56dd00dd903664a362,a4d06165b8c33d8f4c1e5a8ae9356bf4cc1cb60d72e51b73caa4a9470767b868,development,disable_oct_to_cfp,mean,0.0
c690623dc8970fa57dbc5840a1edcb8b917fc447af7ddd56dd00dd903664a362,a4d06165b8c33d8f4c1e5a8ae9356bf4cc1cb60d72e51b73caa4a9470767b868,development,disable_cfp_to_oct,cfp,0.0
c690623dc8970fa57dbc5840a1edcb8b917fc447af7ddd56dd00dd903664a362,a4d06165b8c33d8f4c1e5a8ae9356bf4cc1cb60d72e51b73caa4a9470767b868,development,disable_cfp_to_oct,oct,0.0
c690623dc8970fa57dbc5840a1edcb8b917fc447af7ddd56dd00dd903664a362,a4d06165b8c33d8f4c1e5a8ae9356bf4cc1cb60d72e51b73caa4a9470767b868,development,disable_cfp_to_oct,mean,0.0
c690623dc8970fa57dbc5840a1edcb8b917fc447af7ddd56dd00dd903664a362,a4d06165b8c33d8f4c1e5a8ae9356bf4cc1cb60d72e51b73caa4a9470767b868,development,disable_both,cfp,0.0
c690623dc8970fa57dbc5840a1edcb8b917fc447af7ddd56dd00dd903664a362,a4d06165b8c33d8f4c1e5a8ae9356bf4cc1cb60d72e51b73caa4a9470767b868,development,disable_both,oct,0.0
c690623dc8970fa57dbc5840a1edcb8b917fc447af7ddd56dd00dd903664a362,a4d06165b8c33d8f4c1e5a8ae9356bf4cc1cb60d72e51b73caa4a9470767b868,development,disable_both,mean,0.0
c690623dc8970fa57dbc5840a1edcb8b917fc447af7ddd56dd00dd903664a362,a4d06165b8c33d8f4c1e5a8ae9356bf4cc1cb60d72e51b73caa4a9470767b868,development,shuffle_oct_to_cfp,cfp,0.0
c690623dc8970fa57dbc5840a1edcb8b917fc447af7ddd56dd00dd903664a362,a4d06165b8c33d8f4c1e5a8ae9356bf4cc1cb60d72e51b73caa4a9470767b868,development,shuffle_oct_to_cfp,oct,0.0
c690623dc8970fa57dbc5840a1edcb8b917fc447af7ddd56dd00dd903664a362,a4d06165b8c33d8f4c1e5a8ae9356bf4cc1cb60d72e51b73caa4a9470767b868,development,shuffle_oct_to_cfp,mean,0.0
c690623dc8970fa57dbc5840a1edcb8b917fc447af7ddd56dd00dd903664a362,a4d06165b8c33d8f4c1e5a8ae9356bf4cc1cb60d72e51b73caa4a9470767b868,development,shuffle_cfp_to_oct,cfp,0.0
c690623dc8970fa57dbc5840a1edcb8b917fc447af7ddd56dd00dd903664a362,a4d06165b8c33d8f4c1e5a8ae9356bf4cc1cb60d72e51b73caa4a9470767b868,development,shuffle_cfp_to_oct,oct,0.0
c690623dc8970fa57dbc5840a1edcb8b917fc447af7ddd56dd00dd903664a362,a4d06165b8c33d8f4c1e5a8ae9356bf4cc1cb60d72e51b73caa4a9470767b868,development,shuffle_cfp_to_oct,mean,0.0
c690623dc8970fa57dbc5840a1edcb8b917fc447af7ddd56dd00dd903664a362,a4d06165b8c33d8f4c1e5a8ae9356bf4cc1cb60d72e51b73caa4a9470767b868,development,shuffle_both,cfp,0.0
c690623dc8970fa57dbc5840a1edcb8b917fc447af7ddd56dd00dd903664a362,a4d06165b8c33d8f4c1e5a8ae9356bf4cc1cb60d72e51b73caa4a9470767b868,development,shuffle_both,oct,0.0
c690623dc8970fa57dbc5840a1edcb8b917fc447af7ddd56dd00dd903664a362,a4d06165b8c33d8f4c1e5a8ae9356bf4cc1cb60d72e51b73caa4a9470767b868,development,shuffle_both,mean,0.0
c690623dc8970fa57dbc5840a1edcb8b917fc447af7ddd56dd00dd903664a362,a4d06165b8c33d8f4c1e5a8ae9356bf4cc1cb60d72e51b73caa4a9470767b868,test,disable_oct_to_cfp,cfp,0.0
c690623dc8970fa57dbc5840a1edcb8b917fc447af7ddd56dd00dd903664a362,a4d06165b8c33d8f4c1e5a8ae9356bf4cc1cb60d72e51b73caa4a9470767b868,test,disable_oct_to_cfp,oct,0.0
c690623dc8970fa57dbc5840a1edcb8b917fc447af7ddd56dd00dd903664a362,a4d06165b8c33d8f4c1e5a8ae9356bf4cc1cb60d72e51b73caa4a9470767b868,test,disable_oct_to_cfp,mean,0.0
c690623dc8970fa57dbc5840a1edcb8b917fc447af7ddd56dd00dd903664a362,a4d06165b8c33d8f4c1e5a8ae9356bf4cc1cb60d72e51b73caa4a9470767b868,test,disable_cfp_to_oct,cfp,0.0
c690623dc8970fa57dbc5840a1edcb8b917fc447af7ddd56dd00dd903664a362,a4d06165b8c33d8f4c1e5a8ae9356bf4cc1cb60d72e51b73caa4a9470767b868,test,disable_cfp_to_oct,oct,0.0
c690623dc8970fa57dbc5840a1edcb8b917fc447af7ddd56dd00dd903664a362,a4d06165b8c33d8f4c1e5a8ae9356bf4cc1cb60d72e51b73caa4a9470767b868,test,disable_cfp_to_oct,mean,0.0
c690623dc8970fa57dbc5840a1edcb8b917fc447af7ddd56dd00dd903664a362,a4d06165b8c33d8f4c1e5a8ae9356bf4cc1cb60d72e51b73caa4a9470767b868,test,disable_both,cfp,0.0
c690623dc8970fa57dbc5840a1edcb8b917fc447af7ddd56dd00dd903664a362,a4d06165b8c33d8f4c1e5a8ae9356bf4cc1cb60d72e51b73caa4a9470767b868,test,disable_both,oct,0.0
c690623dc8970fa57dbc5840a1edcb8b917fc447af7ddd56dd00dd903664a362,a4d06165b8c33d8f4c1e5a8ae9356bf4cc1cb60d72e51b73caa4a9470767b868,test,disable_both,mean,0.0
c690623dc8970fa57dbc5840a1edcb8b917fc447af7ddd56dd00dd903664a362,a4d06165b8c33d8f4c1e5a8ae9356bf4cc1cb60d72e51b73caa4a9470767b868,test,shuffle_oct_to_cfp,cfp,0.0
c690623dc8970fa57dbc5840a1edcb8b917fc447af7ddd56dd00dd903664a362,a4d06165b8c33d8f4c1e5a8ae9356bf4cc1cb60d72e51b73caa4a9470767b868,test,shuffle_oct_to_cfp,oct,0.0
c690623dc8970fa57dbc5840a1edcb8b917fc447af7ddd56dd00dd903664a362,a4d06165b8c33d8f4c1e5a8ae9356bf4cc1cb60d72e51b73caa4a9470767b868,test,shuffle_oct_to_cfp,mean,0.0
c690623dc8970fa57dbc5840a1edcb8b917fc447af7ddd56dd00dd903664a362,a4d06165b8c33d8f4c1e5a8ae9356bf4cc1cb60d72e51b73caa4a9470767b868,test,shuffle_cfp_to_oct,cfp,0.0
c690623dc8970fa57dbc5840a1edcb8b917fc447af7ddd56dd00dd903664a362,a4d06165b8c33d8f4c1e5a8ae9356bf4cc1cb60d72e51b73caa4a9470767b868,test,shuffle_cfp_to_oct,oct,0.0
c690623dc8970fa57dbc5840a1edcb8b917fc447af7ddd56dd00dd903664a362,a4d06165b8c33d8f4c1e5a8ae9356bf4cc1cb60d72e51b73caa4a9470767b868,test,shuffle_cfp_to_oct,mean,0.0
c690623dc8970fa57dbc5840a1edcb8b917fc447af7ddd56dd00dd903664a362,a4d06165b8c33d8f4c1e5a8ae9356bf4cc1cb60d72e51b73caa4a9470767b868,test,shuffle_both,cfp,0.0
c690623dc8970fa57dbc5840a1edcb8b917fc447af7ddd56dd00dd903664a362,a4d06165b8c33d8f4c1e5a8ae9356bf4cc1cb60d72e51b73caa4a9470767b868,test,shuffle_both,oct,0.0
c690623dc8970fa57dbc5840a1edcb8b917fc447af7ddd56dd00dd903664a362,a4d06165b8c33d8f4c1e5a8ae9356bf4cc1cb60d72e51b73caa4a9470767b868,test,shuffle_both,mean,0.0
179a4b57d8c0d9731b5496a5548c224e1498da817fa3b929097950021557d6e6,6e08c1c0564e2bf6cb97b5a5fcc1fe3651fed28148de19057130f739820516ff,development,disable_oct_to_cfp,cfp,13.757307418097698
179a4b57d8c0d9731b5496a5548c224e1498da817fa3b929097950021557d6e6,6e08c1c0564e2bf6cb97b5a5fcc1fe3651fed28148de19057130f739820516ff,development,disable_oct_to_cfp,oct,0.0
179a4b57d8c0d9731b5496a5548c224e1498da817fa3b929097950021557d6e6,6e08c1c0564e2bf6cb97b5a5fcc1fe3651fed28148de19057130f739820516ff,development,disable_oct_to_cfp,mean,6.878653709048843
179a4b57d8c0d9731b5496a5548c224e1498da817fa3b929097950021557d6e6,6e08c1c0564e2bf6cb97b5a5fcc1fe3651fed28148de19057130f739820516ff,development,disable_cfp_to_oct,cfp,0.0
179a4b57d8c0d9731b5496a5548c224e1498da817fa3b929097950021557d6e6,6e08c1c0564e2bf6cb97b5a5fcc1fe3651fed28148de19057130f739820516ff,development,disable_cfp_to_oct,oct,0.0
179a4b57d8c0d9731b5496a5548c224e1498da817fa3b929097950021557d6e6,6e08c1c0564e2bf6cb97b5a5fcc1fe3651fed28148de19057130f739820516ff,development,disable_cfp_to_oct,mean,0.0
179a4b57d8c0d9731b5496a5548c224e1498da817fa3b929097950021557d6e6,6e08c1c0564e2bf6cb97b5a5fcc1fe3651fed28148de19057130f739820516ff,development,disable_both,cfp,13.757307418097698
179a4b57d8c0d9731b5496a5548c224e1498da817fa3b929097950021557d6e6,6e08c1c0564e2bf6cb97b5a5fcc1fe3651fed28148de19057130f739820516ff,development,disable_both,oct,0.0
179a4b57d8c0d9731b5496a5548c224e1498da817fa3b929097950021557d6e6,6e08c1c0564e2bf6cb97b5a5fcc1fe3651fed28148de19057130f739820516ff,development,disable_both,mean,6.878653709048843
179a4b57d8c0d9731b5496a5548c224e1498da817fa3b929097950021557d6e6,6e08c1c0564e2bf6cb97b5a5fcc1fe3651fed28148de19057130f739820516ff,development,shuffle_oct_to_cfp,cfp,7.426608705272397
179a4b57d8c0d9731b5496a5548c224e1498da817fa3b929097950021557d6e6,6e08c1c0564e2bf6cb97b5a5fcc1fe3651fed28148de19057130f739820516ff,development,shuffle_oct_to_cfp,oct,0.0
179a4b57d8c0d9731b5496a5548c224e1498da817fa3b929097950021557d6e6,6e08c1c0564e2bf6cb97b5a5fcc1fe3651fed28148de19057130f739820516ff,development,shuffle_oct_to_cfp,mean,3.713304352636204
179a4b57d8c0d9731b5496a5548c224e1498da817fa3b929097950021557d6e6,6e08c1c0564e2bf6cb97b5a5fcc1fe3651fed28148de19057130f739820516ff,development,shuffle_cfp_to_oct,cfp,0.0
179a4b57d8c0d9731b5496a5548c224e1498da817fa3b929097950021557d6e6,6e08c1c0564e2bf6cb97b5a5fcc1fe3651fed28148de19057130f739820516ff,development,shuffle_cfp_to_oct,oct,0.0
179a4b57d8c0d9731b5496a5548c224e1498da817fa3b929097950021557d6e6,6e08c1c0564e2bf6cb97b5a5fcc1fe3651fed28148de19057130f739820516ff,development,shuffle_cfp_to_oct,mean,0.0
179a4b57d8c0d9731b5496a5548c224e1498da817fa3b929097950021557d6e6,6e08c1c0564e2bf6cb97b5a5fcc1fe3651fed28148de19057130f739820516ff,development,shuffle_both,cfp,7.426608705272397
179a4b57d8c0d9731b5496a5548c224e1498da817fa3b929097950021557d6e6,6e08c1c0564e2bf6cb97b5a5fcc1fe3651fed28148de19057130f739820516ff,development,shuffle_both,oct,0.0
179a4b57d8c0d9731b5496a5548c224e1498da817fa3b929097950021557d6e6,6e08c1c0564e2bf6cb97b5a5fcc1fe3651fed28148de19057130f739820516ff,development,shuffle_both,mean,3.713304352636204
179a4b57d8c0d9731b5496a5548c224e1498da817fa3b929097950021557d6e6,6e08c1c0564e2bf6cb97b5a5fcc1fe3651fed28148de19057130f739820516ff,test,disable_oct_to_cfp,cfp,7.518644529320695
179a4b57d8c0d9731b5496a5548c224e1498da817fa3b929097950021557d6e6,6e08c1c0564e2bf6cb97b5a5fcc1fe3651fed28148de19057130f739820516ff,test,disable_oct_to_cfp,oct,0.0
179a4b57d8c0d9731b5496a5548c224e1498da817fa3b929097950021557d6e6,6e08c1c0564e2bf6cb97b5a5fcc1fe3651fed28148de19057130f739820516ff,test,disable_oct_to_cfp,mean,3.7593222646603475
179a4b57d8c0d9731b5496a5548c224e1498da817fa3b929097950021557d6e6,6e08c1c0564e2bf6cb97b5a5fcc1fe3651fed28148de19057130f739820516ff,test,disable_cfp_to_oct,cfp,0.0
179a4b57d8c0d9731b5496a5548c224e1498da817fa3b929097950021557d6e6,6e08c1c0564e2bf6cb97b5a5fcc1fe3651fed28148de19057130f739820516ff,test,disable_cfp_to_oct,oct,0.0
179a4b57d8c0d9731b5496a5548c224e1498da817fa3b929097950021557d6e6,6e08c1c0564e2bf6cb97b5a5fcc1fe3651fed28148de19057130f739820516ff,test,disable_cfp_to_oct,mean,0.0
179a4b57d8c0d9731b5496a5548c224e1498da817fa3b929097950021557d6e6,6e08c1c0564e2bf6cb97b5a5fcc1fe3651fed28148de19057130f739820516ff,test,disable_both,cfp,7.518644529320695
179a4b57d8c0d9731b5496a5548c224e1498da817fa3b929097950021557d6e6,6e08c1c0564e2bf6cb97b5a5fcc1fe3651fed28148de19057130f739820516ff,test,disable_both,oct,0.0
179a4b57d8c0d9731b5496a5548c224e1498da817fa3b929097950021557d6e6,6e08c1c0564e2bf6cb97b5a5fcc1fe3651fed28148de19057130f739820516ff,test,disable_both,mean,3.7593222646603475
179a4b57d8c0d9731b5496a5548c224e1498da817fa3b929097950021557d6e6,6e08c1c0564e2bf6cb97b5a5fcc1fe3651fed28148de19057130f739820516ff,test,shuffle_oct_to_cfp,cfp,3.1928141111884245
179a4b57d8c0d9731b5496a5548c224e1498da817fa3b929097950021557d6e6,6e08c1c0564e2bf6cb97b5a5fcc1fe3651fed28148de19057130f739820516ff,test,shuffle_oct_to_cfp,oct,0.0
179a4b57d8c0d9731b5496a5548c224e1498da817fa3b929097950021557d6e6,6e08c1c0564e2bf6cb97b5a5fcc1fe3651fed28148de19057130f739820516ff,test,shuffle_oct_to_cfp,mean,1.5964070555942178
179a4b57d8c0d9731b5496a5548c224e1498da817fa3b929097950021557d6e6,6e08c1c0564e2bf6cb97b5a5fcc1fe3651fed28148de19057130f739820516ff,test,shuffle_cfp_to_oct,cfp,0.0
179a4b57d8c0d9731b5496a5548c224e1498da817fa3b929097950021557d6e6,6e08c1c0564e2bf6cb97b5a5fcc1fe3651fed28148de19057130f739820516ff,test,shuffle_cfp_to_oct,oct,0.0
179a4b57d8c0d9731b5496a5548c224e1498da817fa3b929097950021557d6e6,6e08c1c0564e2bf6cb97b5a5fcc1fe3651fed28148de19057130f739820516ff,test,shuffle_cfp_to_oct,mean,0.0
179a4b57d8c0d9731b5496a5548c224e1498da817fa3b929097950021557d6e6,6e08c1c0564e2bf6cb97b5a5fcc1fe3651fed28148de19057130f739820516ff,test,shuffle_both,cfp,3.1928141111884245
179a4b57d8c0d9731b5496a5548c224e1498da817fa3b929097950021557d6e6,6e08c1c0564e2bf6cb97b5a5fcc1fe3651fed28148de19057130f739820516ff,test,shuffle_both,oct,0.0
179a4b57d8c0d9731b5496a5548c224e1498da817fa3b929097950021557d6e6,6e08c1c0564e2bf6cb97b5a5fcc1fe3651fed28148de19057130f739820516ff,test,shuffle_both,mean,1.5964070555942178
5d52f2fab7682f768927fb184f6962365f006bcecc76bfe8ad3c516704694bf2,61aeb855e9763eaf4978e123ed0c18cc2a6ee73fea0e47dedafb0511edf2ece2,development,disable_oct_to_cfp,cfp,0.0
5d52f2fab7682f768927fb184f6962365f006bcecc76bfe8ad3c516704694bf2,61aeb855e9763eaf4978e123ed0c18cc2a6ee73fea0e47dedafb0511edf2ece2,development,disable_oct_to_cfp,oct,0.0
5d52f2fab7682f768927fb184f6962365f006bcecc76bfe8ad3c516704694bf2,61aeb855e9763eaf4978e123ed0c18cc2a6ee73fea0e47dedafb0511edf2ece2,development,disable_oct_to_cfp,mean,0.0
5d52f2fab7682f768927fb184f6962365f006bcecc76bfe8ad3c516704694bf2,61aeb855e9763eaf4978e123ed0c18cc2a6ee73fea0e47dedafb0511edf2ece2,development,disable_cfp_to_oct,cfp,0.0
5d52f2fab7682f768927fb184f6962365f006bcecc76bfe8ad3c516704694bf2,61aeb855e9763eaf4978e123ed0c18cc2a6ee73fea0e47dedafb0511edf2ece2,development,disable_cfp_to_oct,oct,0.0
5d52f2fab7682f768927fb184f6962365f006bcecc76bfe8ad3c516704694bf2,61aeb855e9763eaf4978e123ed0c18cc2a6ee73fea0e47dedafb0511edf2ece2,development,disable_cfp_to_oct,mean,0.0
5d52f2fab7682f768927fb184f6962365f006bcecc76bfe8ad3c516704694bf2,61aeb855e9763eaf4978e123ed0c18cc2a6ee73fea0e47dedafb0511edf2ece2,development,disable_both,cfp,0.0
5d52f2fab7682f768927fb184f6962365f006bcecc76bfe8ad3c516704694bf2,61aeb855e9763eaf4978e123ed0c18cc2a6ee73fea0e47dedafb0511edf2ece2,development,disable_both,oct,0.0
5d52f2fab7682f768927fb184f6962365f006bcecc76bfe8ad3c516704694bf2,61aeb855e9763eaf4978e123ed0c18cc2a6ee73fea0e47dedafb0511edf2ece2,development,disable_both,mean,0.0
5d52f2fab7682f768927fb184f6962365f006bcecc76bfe8ad3c516704694bf2,61aeb855e9763eaf4978e123ed0c18cc2a6ee73fea0e47dedafb0511edf2ece2,development,shuffle_oct_to_cfp,cfp,0.0
5d52f2fab7682f768927fb184f6962365f006bcecc76bfe8ad3c516704694bf2,61aeb855e9763eaf4978e123ed0c18cc2a6ee73fea0e47dedafb0511edf2ece2,development,shuffle_oct_to_cfp,oct,0.0
5d52f2fab7682f768927fb184f6962365f006bcecc76bfe8ad3c516704694bf2,61aeb855e9763eaf4978e123ed0c18cc2a6ee73fea0e47dedafb0511edf2ece2,development,shuffle_oct_to_cfp,mean,0.0
5d52f2fab7682f768927fb184f6962365f006bcecc76bfe8ad3c516704694bf2,61aeb855e9763eaf4978e123ed0c18cc2a6ee73fea0e47dedafb0511edf2ece2,development,shuffle_cfp_to_oct,cfp,0.0
5d52f2fab7682f768927fb184f6962365f006bcecc76bfe8ad3c516704694bf2,61aeb855e9763eaf4978e123ed0c18cc2a6ee73fea0e47dedafb0511edf2ece2,development,shuffle_cfp_to_oct,oct,0.0
5d52f2fab7682f768927fb184f6962365f006bcecc76bfe8ad3c516704694bf2,61aeb855e9763eaf4978e123ed0c18cc2a6ee73fea0e47dedafb0511edf2ece2,development,shuffle_cfp_to_oct,mean,0.0
5d52f2fab7682f768927fb184f6962365f006bcecc76bfe8ad3c516704694bf2,61aeb855e9763eaf4978e123ed0c18cc2a6ee73fea0e47dedafb0511edf2ece2,development,shuffle_both,cfp,0.0
5d52f2fab7682f768927fb184f6962365f006bcecc76bfe8ad3c516704694bf2,61aeb855e9763eaf4978e123ed0c18cc2a6ee73fea0e47dedafb0511edf2ece2,development,shuffle_both,oct,0.0
5d52f2fab7682f768927fb184f6962365f006bcecc76bfe8ad3c516704694bf2,61aeb855e9763eaf4978e123ed0c18cc2a6ee73fea0e47dedafb0511edf2ece2,development,shuffle_both,mean,0.0
5d52f2fab7682f768927fb184f6962365f006bcecc76bfe8ad3c516704694bf2,61aeb855e9763eaf4978e123ed0c18cc2a6ee73fea0e47dedafb0511edf2ece2,test,disable_oct_to_cfp,cfp,0.0
5d52f2fab7682f768927fb184f6962365f006bcecc76bfe8ad3c516704694bf2,61aeb855e9763eaf4978e123ed0c18cc2a6ee73fea0e47dedafb0511edf2ece2,test,disable_oct_to_cfp,oct,0.0
5d52f2fab7682f768927fb184f6962365f006bcecc76bfe8ad3c516704694bf2,61aeb855e9763eaf4978e123ed0c18cc2a6ee73fea0e47dedafb0511edf2ece2,test,disable_oct_to_cfp,mean,0.0
5d52f2fab7682f768927fb184f6962365f006bcecc76bfe8ad3c516704694bf2,61aeb855e9763eaf4978e123ed0c18cc2a6ee73fea0e47dedafb0511edf2ece2,test,disable_cfp_to_oct,cfp,0.0
5d52f2fab7682f768927fb184f6962365f006bcecc76bfe8ad3c516704694bf2,61aeb855e9763eaf4978e123ed0c18cc2a6ee73fea0e47dedafb0511edf2ece2,test,disable_cfp_to_oct,oct,0.0
5d52f2fab7682f768927fb184f6962365f006bcecc76bfe8ad3c516704694bf2,61aeb855e9763eaf4978e123ed0c18cc2a6ee73fea0e47dedafb0511edf2ece2,test,disable_cfp_to_oct,mean,0.0
5d52f2fab7682f768927fb184f6962365f006bcecc76bfe8ad3c516704694bf2,61aeb855e9763eaf4978e123ed0c18cc2a6ee73fea0e47dedafb0511edf2ece2,test,disable_both,cfp,0.0
5d52f2fab7682f768927fb184f6962365f006bcecc76bfe8ad3c516704694bf2,61aeb855e9763eaf4978e123ed0c18cc2a6ee73fea0e47dedafb0511edf2ece2,test,disable_both,oct,0.0
5d52f2fab7682f768927fb184f6962365f006bcecc76bfe8ad3c516704694bf2,61aeb855e9763eaf4978e123ed0c18cc2a6ee73fea0e47dedafb0511edf2ece2,test,disable_both,mean,0.0
5d52f2fab7682f768927fb184f6962365f006bcecc76bfe8ad3c516704694bf2,61aeb855e9763eaf4978e123ed0c18cc2a6ee73fea0e47dedafb0511edf2ece2,test,shuffle_oct_to_cfp,cfp,0.0
5d52f2fab7682f768927fb184f6962365f006bcecc76bfe8ad3c516704694bf2,61aeb855e9763eaf4978e123ed0c18cc2a6ee73fea0e47dedafb0511edf2ece2,test,shuffle_oct_to_cfp,oct,0.0
5d52f2fab7682f768927fb184f6962365f006bcecc76bfe8ad3c516704694bf2,61aeb855e9763eaf4978e123ed0c18cc2a6ee73fea0e47dedafb0511edf2ece2,test,shuffle_oct_to_cfp,mean,0.0
5d52f2fab7682f768927fb184f6962365f006bcecc76bfe8ad3c516704694bf2,61aeb855e9763eaf4978e123ed0c18cc2a6ee73fea0e47dedafb0511edf2ece2,test,shuffle_cfp_to_oct,cfp,0.0
5d52f2fab7682f768927fb184f6962365f006bcecc76bfe8ad3c516704694bf2,61aeb855e9763eaf4978e123ed0c18cc2a6ee73fea0e47dedafb0511edf2ece2,test,shuffle_cfp_to_oct,oct,0.0
5d52f2fab7682f768927fb184f6962365f006bcecc76bfe8ad3c516704694bf2,61aeb855e9763eaf4978e123ed0c18cc2a6ee73fea0e47dedafb0511edf2ece2,test,shuffle_cfp_to_oct,mean,0.0
5d52f2fab7682f768927fb184f6962365f006bcecc76bfe8ad3c516704694bf2,61aeb855e9763eaf4978e123ed0c18cc2a6ee73fea0e47dedafb0511edf2ece2,test,shuffle_both,cfp,0.0
5d52f2fab7682f768927fb184f6962365f006bcecc76bfe8ad3c516704694bf2,61aeb855e9763eaf4978e123ed0c18cc2a6ee73fea0e47dedafb0511edf2ece2,test,shuffle_both,oct,0.0
5d52f2fab7682f768927fb184f6962365f006bcecc76bfe8ad3c516704694bf2,61aeb855e9763eaf4978e123ed0c18cc2a6ee73fea0e47dedafb0511edf2ece2,test,shuffle_both,mean,0.0
9efec6323b144d6cb09b9e85b2684419b9059f274324f78bbdc92901c4a713b1,bf0fc1f5b513ab3ba7cc483b7b55367652938dddeed0c6140dfaa3ac1cf38206,development,disable_oct_to_cfp,cfp,22.373122974930702
9efec6323b144d6cb09b9e85b2684419b9059f274324f78bbdc92901c4a713b1,bf0fc1f5b513ab3ba7cc483b7b55367652938dddeed0c6140dfaa3ac1cf38206,development,disable_oct_to_cfp,oct,0.0
9efec6323b144d6cb09b9e85b2684419b9059f274324f78bbdc92901c4a713b1,bf0fc1f5b513ab3ba7cc483b7b55367652938dddeed0c6140dfaa3ac1cf38206,development,disable_oct_to_cfp,mean,11.186561487465351
9efec6323b144d6cb09b9e85b2684419b9059f274324f78bbdc92901c4a713b1,bf0fc1f5b513ab3ba7cc483b7b55367652938dddeed0c6140dfaa3ac1cf38206,development,disable_cfp_to_oct,cfp,0.0
9efec6323b144d6cb09b9e85b2684419b9059f274324f78bbdc92901c4a713b1,bf0fc1f5b513ab3ba7cc483b7b55367652938dddeed0c6140dfaa3ac1cf38206,development,disable_cfp_to_oct,oct,0.0
9efec6323b144d6cb09b9e85b2684419b9059f274324f78bbdc92901c4a713b1,bf0fc1f5b513ab3ba7cc483b7b55367652938dddeed0c6140dfaa3ac1cf38206,development,disable_cfp_to_oct,mean,0.0
9efec6323b144d6cb09b9e85b2684419b9059f274324f78bbdc92901c4a713b1,bf0fc1f5b513ab3ba7cc483b7b55367652938dddeed0c6140dfaa3ac1cf38206,development,disable_both,cfp,22.373122974930702
9efec6323b144d6cb09b9e85b2684419b9059f274324f78bbdc92901c4a713b1,bf0fc1f5b513ab3ba7cc483b7b55367652938dddeed0c6140dfaa3ac1cf38206,development,disable_both,oct,0.0
9efec6323b144d6cb09b9e85b2684419b9059f274324f78bbdc92901c4a713b1,bf0fc1f5b513ab3ba7cc483b7b55367652938dddeed0c6140dfaa3ac1cf38206,development,disable_both,mean,11.186561487465351
9efec6323b144d6cb09b9e85b2684419b9059f274324f78bbdc92901c4a713b1,bf0fc1f5b513ab3ba7cc483b7b55367652938dddeed0c6140dfaa3ac1cf38206,development,shuffle_oct_to_cfp,cfp,10.54591757555542
9efec6323b144d6cb09b9e85b2684419b9059f274324f78bbdc92901c4a713b1,bf0fc1f5b513ab3ba7cc483b7b55367652938dddeed0c6140dfaa3ac1cf38206,development,shuffle_oct_to_cfp,oct,0.0
9efec6323b144d6cb09b9e85b2684419b9059f274324f78bbdc92901c4a713b1,bf0fc1f5b513ab3ba7cc483b7b55367652938dddeed0c6140dfaa3ac1cf38206,development,shuffle_oct_to_cfp,mean,5.272958787777715
9efec6323b144d6cb09b9e85b2684419b9059f274324f78bbdc92901c4a713b1,bf0fc1f5b513ab3ba7cc483b7b55367652938dddeed0c6140dfaa3ac1cf38206,development,shuffle_cfp_to_oct,cfp,0.0
9efec6323b144d6cb09b9e85b2684419b9059f274324f78bbdc92901c4a713b1,bf0fc1f5b513ab3ba7cc483b7b55367652938dddeed0c6140dfaa3ac1cf38206,development,shuffle_cfp_to_oct,oct,0.0
9efec6323b144d6cb09b9e85b2684419b9059f274324f78bbdc92901c4a713b1,bf0fc1f5b513ab3ba7cc483b7b55367652938dddeed0c6140dfaa3ac1cf38206,development,shuffle_cfp_to_oct,mean,0.0
9efec6323b144d6cb09b9e85b2684419b9059f274324f78bbdc92901c4a713b1,bf0fc1f5b513ab3ba7cc483b7b55367652938dddeed0c6140dfaa3ac1cf38206,development,shuffle_both,cfp,10.54591757555542
9efec6323b144d6cb09b9e85b2684419b9059f274324f78bbdc92901c4a713b1,bf0fc1f5b513ab3ba7cc483b7b55367652938dddeed0c6140dfaa3ac1cf38206,development,shuffle_both,oct,0.0
9efec6323b144d6cb09b9e85b2684419b9059f274324f78bbdc92901c4a713b1,bf0fc1f5b513ab3ba7cc483b7b55367652938dddeed0c6140dfaa3ac1cf38206,development,shuffle_both,mean,5.272958787777715
9efec6323b144d6cb09b9e85b2684419b9059f274324f78bbdc92901c4a713b1,bf0fc1f5b513ab3ba7cc483b7b55367652938dddeed0c6140dfaa3ac1cf38206,test,disable_oct_to_cfp,cfp,14.19338230977854
9efec6323b144d6cb09b9e85b2684419b9059f274324f78bbdc92901c4a713b1,bf0fc1f5b513ab3ba7cc483b7b55367652938dddeed0c6140dfaa3ac1cf38206,test,disable_oct_to_cfp,oct,0.0
9efec6323b144d6cb09b9e85b2684419b9059f274324f78bbdc92901c4a713b1,bf0fc1f5b513ab3ba7cc483b7b55367652938dddeed0c6140dfaa3ac1cf38206,test,disable_oct_to_cfp,mean,7.0966911548892675
9efec6323b144d6cb09b9e85b2684419b9059f274324f78bbdc92901c4a713b1,bf0fc1f5b513ab3ba7cc483b7b55367652938dddeed0c6140dfaa3ac1cf38206,test,disable_cfp_to_oct,cfp,0.0
9efec6323b144d6cb09b9e85b2684419b9059f274324f78bbdc92901c4a713b1,bf0fc1f5b513ab3ba7cc483b7b55367652938dddeed0c6140dfaa3ac1cf38206,test,disable_cfp_to_oct,oct,0.0
9efec6323b144d6cb09b9e85b2684419b9059f274324f78bbdc92901c4a713b1,bf0fc1f5b513ab3ba7cc483b7b55367652938dddeed0c6140dfaa3ac1cf38206,test,disable_cfp_to_oct,mean,0.0
9efec6323b144d6cb09b9e85b2684419b9059f274324f78bbdc92901c4a713b1,bf0fc1f5b513ab3ba7cc483b7b55367652938dddeed0c6140dfaa3ac1cf38206,test,disable_both,cfp,14.19338230977854
9efec6323b144d6cb09b9e85b2684419b9059f274324f78bbdc92901c4a713b1,bf0fc1f5b513ab3ba7cc483b7b55367652938dddeed0c6140dfaa3ac1cf38206,test,disable_both,oct,0.0
9efec6323b144d6cb09b9e85b2684419b9059f274324f78bbdc92901c4a713b1,bf0fc1f5b513ab3ba7cc483b7b55367652938dddeed0c6140dfaa3ac1cf38206,test,disable_both,mean,7.0966911548892675
9efec6323b144d6cb09b9e85b2684419b9059f274324f78bbdc92901c4a713b1,bf0fc1f5b513ab3ba7cc483b7b55367652938dddeed0c6140dfaa3ac1cf38206,test,shuffle_oct_to_cfp,cfp,5.654227478762664
9efec6323b144d6cb09b9e85b2684419b9059f274324f78bbdc92901c4a713b1,bf0fc1f5b513ab3ba7cc483b7b55367652938dddeed0c6140dfaa3ac1cf38206,test,shuffle_oct_to_cfp,oct,0.0
9efec6323b144d6cb09b9e85b2684419b9059f274324f78bbdc92901c4a713b1,bf0fc1f5b513ab3ba7cc483b7b55367652938dddeed0c6140dfaa3ac1cf38206,test,shuffle_oct_to_cfp,mean,2.827113739381326
9efec6323b144d6cb09b9e85b2684419b9059f274324f78bbdc92901c4a713b1,bf0fc1f5b513ab3ba7cc483b7b55367652938dddeed0c6140dfaa3ac1cf38206,test,shuffle_cfp_to_oct,cfp,0.0
9efec6323b144d6cb09b9e85b2684419b9059f274324f78bbdc92901c4a713b1,bf0fc1f5b513ab3ba7cc483b7b55367652938dddeed0c6140dfaa3ac1cf38206,test,shuffle_cfp_to_oct,oct,0.0
9efec6323b144d6cb09b9e85b2684419b9059f274324f78bbdc92901c4a713b1,bf0fc1f5b513ab3ba7cc483b7b55367652938dddeed0c6140dfaa3ac1cf38206,test,shuffle_cfp_to_oct,mean,0.0
9efec6323b144d6cb09b9e85b2684419b9059f274324f78bbdc92901c4a713b1,bf0fc1f5b513ab3ba7cc483b7b55367652938dddeed0c6140dfaa3ac1cf38206,test,shuffle_both,cfp,5.654227478762664
9efec6323b144d6cb09b9e85b2684419b9059f274324f78bbdc92901c4a713b1,bf0fc1f5b513ab3ba7cc483b7b55367652938dddeed0c6140dfaa3ac1cf38206,test,shuffle_both,oct,0.0
9efec6323b144d6cb09b9e85b2684419b9059f274324f78bbdc92901c4a713b1,bf0fc1f5b513ab3ba7cc483b7b55367652938dddeed0c6140dfaa3ac1cf38206,test,shuffle_both,mean,2.827113739381326
a3fb8433c6ba3e7bbf37d380fa682df342ce845cffecfa0c2e3c206b0f1e5719,9ce24e9ed61e2c35cba054743c8f50ce82e23c4b8436b41be0d98f77d9e45c18,development,disable_oct_to_cfp,cfp,0.0
a3fb8433c6ba3e7bbf37d380fa682df342ce845cffecfa0c2e3c206b0f1e5719,9ce24e9ed61e2c35cba054743c8f50ce82e23c4b8436b41be0d98f77d9e45c18,development,disable_oct_to_cfp,oct,0.0
a3fb8433c6ba3e7bbf37d380fa682df342ce845cffecfa0c2e3c206b0f1e5719,9ce24e9ed61e2c35cba054743c8f50ce82e23c4b8436b41be0d98f77d9e45c18,development,disable_oct_to_cfp,mean,0.0
a3fb8433c6ba3e7bbf37d380fa682df342ce845cffecfa0c2e3c206b0f1e5719,9ce24e9ed61e2c35cba054743c8f50ce82e23c4b8436b41be0d98f77d9e45c18,development,disable_cfp_to_oct,cfp,0.0
a3fb8433c6ba3e7bbf37d380fa682df342ce845cffecfa0c2e3c206b0f1e5719,9ce24e9ed61e2c35cba054743c8f50ce82e23c4b8436b41be0d98f77d9e45c18,development,disable_cfp_to_oct,oct,19.873185061124378
a3fb8433c6ba3e7bbf37d380fa682df342ce845cffecfa0c2e3c206b0f1e5719,9ce24e9ed61e2c35cba054743c8f50ce82e23c4b8436b41be0d98f77d9e45c18,development,disable_cfp_to_oct,mean,9.936592530562194
a3fb8433c6ba3e7bbf37d380fa682df342ce845cffecfa0c2e3c206b0f1e5719,9ce24e9ed61e2c35cba054743c8f50ce82e23c4b8436b41be0d98f77d9e45c18,development,disable_both,cfp,0.0
a3fb8433c6ba3e7bbf37d380fa682df342ce845cffecfa0c2e3c206b0f1e5719,9ce24e9ed61e2c35cba054743c8f50ce82e23c4b8436b41be0d98f77d9e45c18,development,disable_both,oct,19.873185061124378
a3fb8433c6ba3e7bbf37d380fa682df342ce845cffecfa0c2e3c206b0f1e5719,9ce24e9ed61e2c35cba054743c8f50ce82e23c4b8436b41be0d98f77d9e45c18,development,disable_both,mean,9.936592530562194
a3fb8433c6ba3e7bbf37d380fa682df342ce845cffecfa0c2e3c206b0f1e5719,9ce24e9ed61e2c35cba054743c8f50ce82e23c4b8436b41be0d98f77d9e45c18,development,shuffle_oct_to_cfp,cfp,0.0
a3fb8433c6ba3e7bbf37d380fa682df342ce845cffecfa0c2e3c206b0f1e5719,9ce24e9ed61e2c35cba054743c8f50ce82e23c4b8436b41be0d98f77d9e45c18,development,shuffle_oct_to_cfp,oct,0.0
a3fb8433c6ba3e7bbf37d380fa682df342ce845cffecfa0c2e3c206b0f1e5719,9ce24e9ed61e2c35cba054743c8f50ce82e23c4b8436b41be0d98f77d9e45c18,development,shuffle_oct_to_cfp,mean,0.0
a3fb8433c6ba3e7bbf37d380fa682df342ce845cffecfa0c2e3c206b0f1e5719,9ce24e9ed61e2c35cba054743c8f50ce82e23c4b8436b41be0d98f77d9e45c18,development,shuffle_cfp_to_oct,cfp,0.0
a3fb8433c6ba3e7bbf37d380fa682df342ce845cffecfa0c2e3c206b0f1e5719,9ce24e9ed61e2c35cba054743c8f50ce82e23c4b8436b41be0d98f77d9e45c18,development,shuffle_cfp_to_oct,oct,11.460705800643433
a3fb8433c6ba3e7bbf37d380fa682df342ce845cffecfa0c2e3c206b0f1e5719,9ce24e9ed61e2c35cba054743c8f50ce82e23c4b8436b41be0d98f77d9e45c18,development,shuffle_cfp_to_oct,mean,5.730352900321723
a3fb8433c6ba3e7bbf37d380fa682df342ce845cffecfa0c2e3c206b0f1e5719,9ce24e9ed61e2c35cba054743c8f50ce82e23c4b8436b41be0d98f77d9e45c18,development,shuffle_both,cfp,0.0
a3fb8433c6ba3e7bbf37d380fa682df342ce845cffecfa0c2e3c206b0f1e5719,9ce24e9ed61e2c35cba054743c8f50ce82e23c4b8436b41be0d98f77d9e45c18,development,shuffle_both,oct,11.460705800643433
a3fb8433c6ba3e7bbf37d380fa682df342ce845cffecfa0c2e3c206b0f1e5719,9ce24e9ed61e2c35cba054743c8f50ce82e23c4b8436b41be0d98f77d9e45c18,development,shuffle_both,mean,5.730352900321723
a3fb8433c6ba3e7bbf37d380fa682df342ce845cffecfa0c2e3c206b0f1e5719,9ce24e9ed61e2c35cba054743c8f50ce82e23c4b8436b41be0d98f77d9e45c18,test,disable_oct_to_cfp,cfp,0.0
a3fb8433c6ba3e7bbf37d380fa682df342ce845cffecfa0c2e3c206b0f1e5719,9ce24e9ed61e2c35cba054743c8f50ce82e23c4b8436b41be0d98f77d9e45c18,test,disable_oct_to_cfp,oct,0.0
a3fb8433c6ba3e7bbf37d380fa682df342ce845cffecfa0c2e3c206b0f1e5719,9ce24e9ed61e2c35cba054743c8f50ce82e23c4b8436b41be0d98f77d9e45c18,test,disable_oct_to_cfp,mean,0.0
a3fb8433c6ba3e7bbf37d380fa682df342ce845cffecfa0c2e3c206b0f1e5719,9ce24e9ed61e2c35cba054743c8f50ce82e23c4b8436b41be0d98f77d9e45c18,test,disable_cfp_to_oct,cfp,0.0
a3fb8433c6ba3e7bbf37d380fa682df342ce845cffecfa0c2e3c206b0f1e5719,9ce24e9ed61e2c35cba054743c8f50ce82e23c4b8436b41be0d98f77d9e45c18,test,disable_cfp_to_oct,oct,11.049587320783278
a3fb8433c6ba3e7bbf37d380fa682df342ce845cffecfa0c2e3c206b0f1e5719,9ce24e9ed61e2c35cba054743c8f50ce82e23c4b8436b41be0d98f77d9e45c18,test,disable_cfp_to_oct,mean,5.524793660391635
a3fb8433c6ba3e7bbf37d380fa682df342ce845cffecfa0c2e3c206b0f1e5719,9ce24e9ed61e2c35cba054743c8f50ce82e23c4b8436b41be0d98f77d9e45c18,test,disable_both,cfp,0.0
a3fb8433c6ba3e7bbf37d380fa682df342ce845cffecfa0c2e3c206b0f1e5719,9ce24e9ed61e2c35cba054743c8f50ce82e23c4b8436b41be0d98f77d9e45c18,test,disable_both,oct,11.049587320783278
a3fb8433c6ba3e7bbf37d380fa682df342ce845cffecfa0c2e3c206b0f1e5719,9ce24e9ed61e2c35cba054743c8f50ce82e23c4b8436b41be0d98f77d9e45c18,test,disable_both,mean,5.524793660391635
a3fb8433c6ba3e7bbf37d380fa682df342ce845cffecfa0c2e3c206b0f1e5719,9ce24e9ed61e2c35cba054743c8f50ce82e23c4b8436b41be0d98f77d9e45c18,test,shuffle_oct_to_cfp,cfp,0.0
a3fb8433c6ba3e7bbf37d380fa682df342ce845cffecfa0c2e3c206b0f1e5719,9ce24e9ed61e2c35cba054743c8f50ce82e23c4b8436b41be0d98f77d9e45c18,test,shuffle_oct_to_cfp,oct,0.0
a3fb8433c6ba3e7bbf37d380fa682df342ce845cffecfa0c2e3c206b0f1e5719,9ce24e9ed61e2c35cba054743c8f50ce82e23c4b8436b41be0d98f77d9e45c18,test,shuffle_oct_to_cfp,mean,0.0
a3fb8433c6ba3e7bbf37d380fa682df342ce845cffecfa0c2e3c206b0f1e5719,9ce24e9ed61e2c35cba054743c8f50ce82e23c4b8436b41be0d98f77d9e45c18,test,shuffle_cfp_to_oct,cfp,0.0
a3fb8433c6ba3e7bbf37d380fa682df342ce845cffecfa0c2e3c206b0f1e5719,9ce24e9ed61e2c35cba054743c8f50ce82e23c4b8436b41be0d98f77d9e45c18,test,shuffle_cfp_to_oct,oct,2.926048557584582
a3fb8433c6ba3e7bbf37d380fa682df342ce845cffecfa0c2e3c206b0f1e5719,9ce24e9ed61e2c35cba054743c8f50ce82e23c4b8436b41be0d98f77d9e45c18,test,shuffle_cfp_to_oct,mean,1.463024278792291
a3fb8433c6ba3e7bbf37d380fa682df342ce845cffecfa0c2e3c206b0f1e5719,9ce24e9ed61e2c35cba054743c8f50ce82e23c4b8436b41be0d98f77d9e45c18,test,shuffle_both,cfp,0.0
a3fb8433c6ba3e7bbf37d380fa682df342ce845cffecfa0c2e3c206b0f1e5719,9ce24e9ed61e2c35cba054743c8f50ce82e23c4b8436b41be0d98f77d9e45c18,test,shuffle_both,oct,2.926048557584582
a3fb8433c6ba3e7bbf37d380fa682df342ce845cffecfa0c2e3c206b0f1e5719,9ce24e9ed61e2c35cba054743c8f50ce82e23c4b8436b41be0d98f77d9e45c18,test,shuffle_both,mean,1.463024278792291
b4cb31b3849e55eda2106c6b27c3e57f4a2db4a5484324df4af6c2b4c2a4b058,23adfec41d83fa5fe34a619ecd346f3c3ea3fbadae456a449604b109f1ac90c7,development,disable_oct_to_cfp,cfp,12.994284046915627
b4cb31b3849e55eda2106c6b27c3e57f4a2db4a5484324df4af6c2b4c2a4b058,23adfec41d83fa5fe34a619ecd346f3c3ea3fbadae456a449604b109f1ac90c7,development,disable_oct_to_cfp,oct,0.0
b4cb31b3849e55eda2106c6b27c3e57f4a2db4a5484324df4af6c2b4c2a4b058,23adfec41d83fa5fe34a619ecd346f3c3ea3fbadae456a449604b109f1ac90c7,development,disable_oct_to_cfp,mean,6.497142023457814
b4cb31b3849e55eda2106c6b27c3e57f4a2db4a5484324df4af6c2b4c2a4b058,23adfec41d83fa5fe34a619ecd346f3c3ea3fbadae456a449604b109f1ac90c7,development,disable_cfp_to_oct,cfp,0.0
b4cb31b3849e55eda2106c6b27c3e57f4a2db4a5484324df4af6c2b4c2a4b058,23adfec41d83fa5fe34a619ecd346f3c3ea3fbadae456a449604b109f1ac90c7,development,disable_cfp_to_oct,oct,0.0
b4cb31b3849e55eda2106c6b27c3e57f4a2db4a5484324df4af6c2b4c2a4b058,23adfec41d83fa5fe34a619ecd346f3c3ea3fbadae456a449604b109f1ac90c7,development,disable_cfp_to_oct,mean,0.0
b4cb31b3849e55eda2106c6b27c3e57f4a2db4a5484324df4af6c2b4c2a4b058,23adfec41d83fa5fe34a619ecd346f3c3ea3fbadae456a449604b109f1ac90c7,development,disable_both,cfp,12.994284046915627
b4cb31b3849e55eda2106c6b27c3e57f4a2db4a5484324df4af6c2b4c2a4b058,23adfec41d83fa5fe34a619ecd346f3c3ea3fbadae456a449604b109f1ac90c7,development,disable_both,oct,0.0
b4cb31b3849e55eda2106c6b27c3e57f4a2db4a5484324df4af6c2b4c2a4b058,23adfec41d83fa5fe34a619ecd346f3c3ea3fbadae456a449604b109f1ac90c7,development,disable_both,mean,6.497142023457814
b4cb31b3849e55eda2106c6b27c3e57f4a2db4a5484324df4af6c2b4c2a4b058,23adfec41d83fa5fe34a619ecd346f3c3ea3fbadae456a449604b109f1ac90c7,development,shuffle_oct_to_cfp,cfp,13.122741655644543
b4cb31b3849e55eda2106c6b27c3e57f4a2db4a5484324df4af6c2b4c2a4b058,23adfec41d83fa5fe34a619ecd346f3c3ea3fbadae456a449604b109f1ac90c7,development,shuffle_oct_to_cfp,oct,0.0
b4cb31b3849e55eda2106c6b27c3e57f4a2db4a5484324df4af6c2b4c2a4b058,23adfec41d83fa5fe34a619ecd346f3c3ea3fbadae456a449604b109f1ac90c7,development,shuffle_oct_to_cfp,mean,6.561370827822277
b4cb31b3849e55eda2106c6b27c3e57f4a2db4a5484324df4af6c2b4c2a4b058,23adfec41d83fa5fe34a619ecd346f3c3ea3fbadae456a449604b109f1ac90c7,development,shuffle_cfp_to_oct,cfp,0.0
b4cb31b3849e55eda2106c6b27c3e57f4a2db4a5484324df4af6c2b4c2a4b058,23adfec41d83fa5fe34a619ecd346f3c3ea3fbadae456a449604b109f1ac90c7,development,shuffle_cfp_to_oct,oct,0.0
b4cb31b3849e55eda2106c6b27c3e57f4a2db4a5484324df4af6c2b4c2a4b058,23adfec41d83fa5fe34a619ecd346f3c3ea3fbadae456a449604b109f1ac90c7,development,shuffle_cfp_to_oct,mean,0.0
b4cb31b3849e55eda2106c6b27c3e57f4a2db4a5484324df4af6c2b4c2a4b058,23adfec41d83fa5fe34a619ecd346f3c3ea3fbadae456a449604b109f1ac90c7,development,shuffle_both,cfp,13.122741655644543
b4cb31b3849e55eda2106c6b27c3e57f4a2db4a5484324df4af6c2b4c2a4b058,23adfec41d83fa5fe34a619ecd346f3c3ea3fbadae456a449604b109f1ac90c7,development,shuffle_both,oct,0.0
b4cb31b3849e55eda2106c6b27c3e57f4a2db4a5484324df4af6c2b4c2a4b058,23adfec41d83fa5fe34a619ecd346f3c3ea3fbadae456a449604b109f1ac90c7,development,shuffle_both,mean,6.561370827822277
b4cb31b3849e55eda2106c6b27c3e57f4a2db4a5484324df4af6c2b4c2a4b058,23adfec41d83fa5fe34a619ecd346f3c3ea3fbadae456a449604b109f1ac90c7,test,disable_oct_to_cfp,cfp,10.969974997261778
b4cb31b3849e55eda2106c6b27c3e57f4a2db4a5484324df4af6c2b4c2a4b058,23adfec41d83fa5fe34a619ecd346f3c3ea3fbadae456a449604b109f1ac90c7,test,disable_oct_to_cfp,oct,0.0
b4cb31b3849e55eda2106c6b27c3e57f4a2db4a5484324df4af6c2b4c2a4b058,23adfec41d83fa5fe34a619ecd346f3c3ea3fbadae456a449604b109f1ac90c7,test,disable_oct_to_cfp,mean,5.484987498630889
b4cb31b3849e55eda2106c6b27c3e57f4a2db4a5484324df4af6c2b4c2a4b058,23adfec41d83fa5fe34a619ecd346f3c3ea3fbadae456a449604b109f1ac90c7,test,disable_cfp_to_oct,cfp,0.0
b4cb31b3849e55eda2106c6b27c3e57f4a2db4a5484324df4af6c2b4c2a4b058,23adfec41d83fa5fe34a619ecd346f3c3ea3fbadae456a449604b109f1ac90c7,test,disable_cfp_to_oct,oct,0.0
b4cb31b3849e55eda2106c6b27c3e57f4a2db4a5484324df4af6c2b4c2a4b058,23adfec41d83fa5fe34a619ecd346f3c3ea3fbadae456a449604b109f1ac90c7,test,disable_cfp_to_oct,mean,0.0
b4cb31b3849e55eda2106c6b27c3e57f4a2db4a5484324df4af6c2b4c2a4b058,23adfec41d83fa5fe34a619ecd346f3c3ea3fbadae456a449604b109f1ac90c7,test,disable_both,cfp,10.969974997261778
b4cb31b3849e55eda2106c6b27c3e57f4a2db4a5484324df4af6c2b4c2a4b058,23adfec41d83fa5fe34a619ecd346f3c3ea3fbadae456a449604b109f1ac90c7,test,disable_both,oct,0.0
b4cb31b3849e55eda2106c6b27c3e57f4a2db4a5484324df4af6c2b4c2a4b058,23adfec41d83fa5fe34a619ecd346f3c3ea3fbadae456a449604b109f1ac90c7,test,disable_both,mean,5.484987498630889
b4cb31b3849e55eda2106c6b27c3e57f4a2db4a5484324df4af6c2b4c2a4b058,23adfec41d83fa5fe34a619ecd346f3c3ea3fbadae456a449604b109f1ac90c7,test,shuffle_oct_to_cfp,cfp,4.25524672442662
b4cb31b3849e55eda2106c6b27c3e57f4a2db4a5484324df4af6c2b4c2a4b058,23adfec41d83fa5fe34a619ecd346f3c3ea3fbadae456a449604b109f1ac90c7,test,shuffle_oct_to_cfp,oct,0.0
b4cb31b3849e55eda2106c6b27c3e57f4a2db4a5484324df4af6c2b4c2a4b058,23adfec41d83fa5fe34a619ecd346f3c3ea3fbadae456a449604b109f1ac90c7,test,shuffle_oct_to_cfp,mean,2.1276233622133156
b4cb31b3849e55eda2106c6b27c3e57f4a2db4a5484324df4af6c2b4c2a4b058,23adfec41d83fa5fe34a619ecd346f3c3ea3fbadae456a449604b109f1ac90c7,test,shuffle_cfp_to_oct,cfp,0.0
b4cb31b3849e55eda2106c6b27c3e57f4a2db4a5484324df4af6c2b4c2a4b058,23adfec41d83fa5fe34a619ecd346f3c3ea3fbadae456a449604b109f1ac90c7,test,shuffle_cfp_to_oct,oct,0.0
b4cb31b3849e55eda2106c6b27c3e57f4a2db4a5484324df4af6c2b4c2a4b058,23adfec41d83fa5fe34a619ecd346f3c3ea3fbadae456a449604b109f1ac90c7,test,shuffle_cfp_to_oct,mean,0.0
b4cb31b3849e55eda2106c6b27c3e57f4a2db4a5484324df4af6c2b4c2a4b058,23adfec41d83fa5fe34a619ecd346f3c3ea3fbadae456a449604b109f1ac90c7,test,shuffle_both,cfp,4.25524672442662
b4cb31b3849e55eda2106c6b27c3e57f4a2db4a5484324df4af6c2b4c2a4b058,23adfec41d83fa5fe34a619ecd346f3c3ea3fbadae456a449604b109f1ac90c7,test,shuffle_both,oct,0.0
b4cb31b3849e55eda2106c6b27c3e57f4a2db4a5484324df4af6c2b4c2a4b058,23adfec41d83fa5fe34a619ecd346f3c3ea3fbadae456a449604b109f1ac90c7,test,shuffle_both,mean,2.1276233622133156
c16228d58cc93ca6248988469c2829033184c997d2e78cf90f25414f1c8ea290,e275b4f2b4504c094a4dac22af37df107958a6f00fb0504191425bba0a86199f,development,disable_oct_to_cfp,cfp,0.0
c16228d58cc93ca6248988469c2829033184c997d2e78cf90f25414f1c8ea290,e275b4f2b4504c094a4dac22af37df107958a6f00fb0504191425bba0a86199f,development,disable_oct_to_cfp,oct,0.0
c16228d58cc93ca6248988469c2829033184c997d2e78cf90f25414f1c8ea290,e275b4f2b4504c094a4dac22af37df107958a6f00fb0504191425bba0a86199f,development,disable_oct_to_cfp,mean,0.0
c16228d58cc93ca6248988469c2829033184c997d2e78cf90f25414f1c8ea290,e275b4f2b4504c094a4dac22af37df107958a6f00fb0504191425bba0a86199f,development,disable_cfp_to_oct,cfp,0.0
c16228d58cc93ca6248988469c2829033184c997d2e78cf90f25414f1c8ea290,e275b4f2b4504c094a4dac22af37df107958a6f00fb0504191425bba0a86199f,development,disable_cfp_to_oct,oct,30.64645776753728
c16228d58cc93ca6248988469c2829033184c997d2e78cf90f25414f1c8ea290,e275b4f2b4504c094a4dac22af37df107958a6f00fb0504191425bba0a86199f,development,disable_cfp_to_oct,mean,15.32322888376864
c16228d58cc93ca6248988469c2829033184c997d2e78cf90f25414f1c8ea290,e275b4f2b4504c094a4dac22af37df107958a6f00fb0504191425bba0a86199f,development,disable_both,cfp,0.0
c16228d58cc93ca6248988469c2829033184c997d2e78cf90f25414f1c8ea290,e275b4f2b4504c094a4dac22af37df107958a6f00fb0504191425bba0a86199f,development,disable_both,oct,30.64645776753728
c16228d58cc93ca6248988469c2829033184c997d2e78cf90f25414f1c8ea290,e275b4f2b4504c094a4dac22af37df107958a6f00fb0504191425bba0a86199f,development,disable_both,mean,15.32322888376864
c16228d58cc93ca6248988469c2829033184c997d2e78cf90f25414f1c8ea290,e275b4f2b4504c094a4dac22af37df107958a6f00fb0504191425bba0a86199f,development,shuffle_oct_to_cfp,cfp,0.0
c16228d58cc93ca6248988469c2829033184c997d2e78cf90f25414f1c8ea290,e275b4f2b4504c094a4dac22af37df107958a6f00fb0504191425bba0a86199f,development,shuffle_oct_to_cfp,oct,0.0
c16228d58cc93ca6248988469c2829033184c997d2e78cf90f25414f1c8ea290,e275b4f2b4504c094a4dac22af37df107958a6f00fb0504191425bba0a86199f,development,shuffle_oct_to_cfp,mean,0.0
c16228d58cc93ca6248988469c2829033184c997d2e78cf90f25414f1c8ea290,e275b4f2b4504c094a4dac22af37df107958a6f00fb0504191425bba0a86199f,development,shuffle_cfp_to_oct,cfp,0.0
c16228d58cc93ca6248988469c2829033184c997d2e78cf90f25414f1c8ea290,e275b4f2b4504c094a4dac22af37df107958a6f00fb0504191425bba0a86199f,development,shuffle_cfp_to_oct,oct,12.861606174972874
c16228d58cc93ca6248988469c2829033184c997d2e78cf90f25414f1c8ea290,e275b4f2b4504c094a4dac22af37df107958a6f00fb0504191425bba0a86199f,development,shuffle_cfp_to_oct,mean,6.430803087486437
c16228d58cc93ca6248988469c2829033184c997d2e78cf90f25414f1c8ea290,e275b4f2b4504c094a4dac22af37df107958a6f00fb0504191425bba0a86199f,development,shuffle_both,cfp,0.0
c16228d58cc93ca6248988469c2829033184c997d2e78cf90f25414f1c8ea290,e275b4f2b4504c094a4dac22af37df107958a6f00fb0504191425bba0a86199f,development,shuffle_both,oct,12.861606174972874
c16228d58cc93ca6248988469c2829033184c997d2e78cf90f25414f1c8ea290,e275b4f2b4504c094a4dac22af37df107958a6f00fb0504191425bba0a86199f,development,shuffle_both,mean,6.430803087486437
c16228d58cc93ca6248988469c2829033184c997d2e78cf90f25414f1c8ea290,e275b4f2b4504c094a4dac22af37df107958a6f00fb0504191425bba0a86199f,test,disable_oct_to_cfp,cfp,0.0
c16228d58cc93ca6248988469c2829033184c997d2e78cf90f25414f1c8ea290,e275b4f2b4504c094a4dac22af37df107958a6f00fb0504191425bba0a86199f,test,disable_oct_to_cfp,oct,-0.33103594976762185
c16228d58cc93ca6248988469c2829033184c997d2e78cf90f25414f1c8ea290,e275b4f2b4504c094a4dac22af37df107958a6f00fb0504191425bba0a86199f,test,disable_oct_to_cfp,mean,-0.16551797488381093
c16228d58cc93ca6248988469c2829033184c997d2e78cf90f25414f1c8ea290,e275b4f2b4504c094a4dac22af37df107958a6f00fb0504191425bba0a86199f,test,disable_cfp_to_oct,cfp,0.0
c16228d58cc93ca6248988469c2829033184c997d2e78cf90f25414f1c8ea290,e275b4f2b4504c094a4dac22af37df107958a6f00fb0504191425bba0a86199f,test,disable_cfp_to_oct,oct,24.18010735681111
c16228d58cc93ca6248988469c2829033184c997d2e78cf90f25414f1c8ea290,e275b4f2b4504c094a4dac22af37df107958a6f00fb0504191425bba0a86199f,test,disable_cfp_to_oct,mean,12.090053678405555
c16228d58cc93ca6248988469c2829033184c997d2e78cf90f25414f1c8ea290,e275b4f2b4504c094a4dac22af37df107958a6f00fb0504191425bba0a86199f,test,disable_both,cfp,0.0
c16228d58cc93ca6248988469c2829033184c997d2e78cf90f25414f1c8ea290,e275b4f2b4504c094a4dac22af37df107958a6f00fb0504191425bba0a86199f,test,disable_both,oct,24.18010735681111
c16228d58cc93ca6248988469c2829033184c997d2e78cf90f25414f1c8ea290,e275b4f2b4504c094a4dac22af37df107958a6f00fb0504191425bba0a86199f,test,disable_both,mean,12.090053678405555
c16228d58cc93ca6248988469c2829033184c997d2e78cf90f25414f1c8ea290,e275b4f2b4504c094a4dac22af37df107958a6f00fb0504191425bba0a86199f,test,shuffle_oct_to_cfp,cfp,0.0
c16228d58cc93ca6248988469c2829033184c997d2e78cf90f25414f1c8ea290,e275b4f2b4504c094a4dac22af37df107958a6f00fb0504191425bba0a86199f,test,shuffle_oct_to_cfp,oct,-0.33103594976762185
c16228d58cc93ca6248988469c2829033184c997d2e78cf90f25414f1c8ea290,e275b4f2b4504c094a4dac22af37df107958a6f00fb0504191425bba0a86199f,test,shuffle_oct_to_cfp,mean,-0.16551797488381093
c16228d58cc93ca6248988469c2829033184c997d2e78cf90f25414f1c8ea290,e275b4f2b4504c094a4dac22af37df107958a6f00fb0504191425bba0a86199f,test,shuffle_cfp_to_oct,cfp,0.0
c16228d58cc93ca6248988469c2829033184c997d2e78cf90f25414f1c8ea290,e275b4f2b4504c094a4dac22af37df107958a6f00fb0504191425bba0a86199f,test,shuffle_cfp_to_oct,oct,7.069926610062726
c16228d58cc93ca6248988469c2829033184c997d2e78cf90f25414f1c8ea290,e275b4f2b4504c094a4dac22af37df107958a6f00fb0504191425bba0a86199f,test,shuffle_cfp_to_oct,mean,3.534963305031358
c16228d58cc93ca6248988469c2829033184c997d2e78cf90f25414f1c8ea290,e275b4f2b4504c094a4dac22af37df107958a6f00fb0504191425bba0a86199f,test,shuffle_both,cfp,0.0
c16228d58cc93ca6248988469c2829033184c997d2e78cf90f25414f1c8ea290,e275b4f2b4504c094a4dac22af37df107958a6f00fb0504191425bba0a86199f,test,shuffle_both,oct,7.069926610062726
c16228d58cc93ca6248988469c2829033184c997d2e78cf90f25414f1c8ea290,e275b4f2b4504c094a4dac22af37df107958a6f00fb0504191425bba0a86199f,test,shuffle_both,mean,3.534963305031358
362fb45bd39423322bc9cafbcb01e934c3d479522fc5c28864a6475e3b77bd51,e977c42a0486b3def08a0a06896a225c964063a4740302a2a681a12efa498634,development,disable_oct_to_cfp,cfp,0.0
362fb45bd39423322bc9cafbcb01e934c3d479522fc5c28864a6475e3b77bd51,e977c42a0486b3def08a0a06896a225c964063a4740302a2a681a12efa498634,development,disable_oct_to_cfp,oct,0.0
362fb45bd39423322bc9cafbcb01e934c3d479522fc5c28864a6475e3b77bd51,e977c42a0486b3def08a0a06896a225c964063a4740302a2a681a12efa498634,development,disable_oct_to_cfp,mean,0.0
362fb45bd39423322bc9cafbcb01e934c3d479522fc5c28864a6475e3b77bd51,e977c42a0486b3def08a0a06896a225c964063a4740302a2a681a12efa498634,development,disable_cfp_to_oct,cfp,0.0
362fb45bd39423322bc9cafbcb01e934c3d479522fc5c28864a6475e3b77bd51,e977c42a0486b3def08a0a06896a225c964063a4740302a2a681a12efa498634,development,disable_cfp_to_oct,oct,0.0
362fb45bd39423322bc9cafbcb01e934c3d479522fc5c28864a6475e3b77bd51,e977c42a0486b3def08a0a06896a225c964063a4740302a2a681a12efa498634,development,disable_cfp_to_oct,mean,0.0
362fb45bd39423322bc9cafbcb01e934c3d479522fc5c28864a6475e3b77bd51,e977c42a0486b3def08a0a06896a225c964063a4740302a2a681a12efa498634,development,disable_both,cfp,0.0
362fb45bd39423322bc9cafbcb01e934c3d479522fc5c28864a6475e3b77bd51,e977c42a0486b3def08a0a06896a225c964063a4740302a2a681a12efa498634,development,disable_both,oct,0.0
362fb45bd39423322bc9cafbcb01e934c3d479522fc5c28864a6475e3b77bd51,e977c42a0486b3def08a0a06896a225c964063a4740302a2a681a12efa498634,development,disable_both,mean,0.0
362fb45bd39423322bc9cafbcb01e934c3d479522fc5c28864a6475e3b77bd51,e977c42a0486b3def08a0a06896a225c964063a4740302a2a681a12efa498634,development,shuffle_oct_to_cfp,cfp,0.0
362fb45bd39423322bc9cafbcb01e934c3d479522fc5c28864a6475e3b77bd51,e977c42a0486b3def08a0a06896a225c964063a4740302a2a681a12efa498634,development,shuffle_oct_to_cfp,oct,0.0
362fb45bd39423322bc9cafbcb01e934c3d479522fc5c28864a6475e3b77bd51,e977c42a0486b3def08a0a06896a225c964063a4740302a2a681a12efa498634,development,shuffle_oct_to_cfp,mean,0.0
362fb45bd39423322bc9cafbcb01e934c3d479522fc5c28864a6475e3b77bd51,e977c42a0486b3def08a0a06896a225c964063a4740302a2a681a12efa498634,development,shuffle_cfp_to_oct,cfp,0.0
362fb45bd39423322bc9cafbcb01e934c3d479522fc5c28864a6475e3b77bd51,e977c42a0486b3def08a0a06896a225c964063a4740302a2a681a12efa498634,development,shuffle_cfp_to_oct,oct,0.0
362fb45bd39423322bc9cafbcb01e934c3d479522fc5c28864a6475e3b77bd51,e977c42a0486b3def08a0a06896a225c964063a4740302a2a681a12efa498634,development,shuffle_cfp_to_oct,mean,0.0
362fb45bd39423322bc9cafbcb01e934c3d479522fc5c28864a6475e3b77bd51,e977c42a0486b3def08a0a06896a225c964063a4740302a2a681a12efa498634,development,shuffle_both,cfp,0.0
362fb45bd39423322bc9cafbcb01e934c3d479522fc5c28864a6475e3b77bd51,e977c42a0486b3def08a0a06896a225c964063a4740302a2a681a12efa498634,development,shuffle_both,oct,0.0
362fb45bd39423322bc9cafbcb01e934c3d479522fc5c28864a6475e3b77bd51,e977c42a0486b3def08a0a06896a225c964063a4740302a2a681a12efa498634,development,shuffle_both,mean,0.0
362fb45bd39423322bc9cafbcb01e934c3d479522fc5c28864a6475e3b77bd51,e977c42a0486b3def08a0a06896a225c964063a4740302a2a681a12efa498634,test,disable_oct_to_cfp,cfp,0.0
362fb45bd39423322bc9cafbcb01e934c3d479522fc5c28864a6475e3b77bd51,e977c42a0486b3def08a0a06896a225c964063a4740302a2a681a12efa498634,test,disable_oct_to_cfp,oct,0.0
362fb45bd39423322bc9cafbcb01e934c3d479522fc5c28864a6475e3b77bd51,e977c42a0486b3def08a0a06896a225c964063a4740302a2a681a12efa498634,test,disable_oct_to_cfp,mean,0.0
362fb45bd39423322bc9cafbcb01e934c3d479522fc5c28864a6475e3b77bd51,e977c42a0486b3def08a0a06896a225c964063a4740302a2a681a12efa498634,test,disable_cfp_to_oct,cfp,0.0
362fb45bd39423322bc9cafbcb01e934c3d479522fc5c28864a6475e3b77bd51,e977c42a0486b3def08a0a06896a225c964063a4740302a2a681a12efa498634,test,disable_cfp_to_oct,oct,0.0
362fb45bd39423322bc9cafbcb01e934c3d479522fc5c28864a6475e3b77bd51,e977c42a0486b3def08a0a06896a225c964063a4740302a2a681a12efa498634,test,disable_cfp_to_oct,mean,0.0
362fb45bd39423322bc9cafbcb01e934c3d479522fc5c28864a6475e3b77bd51,e977c42a0486b3def08a0a06896a225c964063a4740302a2a681a12efa498634,test,disable_both,cfp,0.0
362fb45bd39423322bc9cafbcb01e934c3d479522fc5c28864a6475e3b77bd51,e977c42a0486b3def08a0a06896a225c964063a4740302a2a681a12efa498634,test,disable_both,oct,0.0
362fb45bd39423322bc9cafbcb01e934c3d479522fc5c28864a6475e3b77bd51,e977c42a0486b3def08a0a06896a225c964063a4740302a2a681a12efa498634,test,disable_both,mean,0.0
362fb45bd39423322bc9cafbcb01e934c3d479522fc5c28864a6475e3b77bd51,e977c42a0486b3def08a0a06896a225c964063a4740302a2a681a12efa498634,test,shuffle_oct_to_cfp,cfp,0.0
362fb45bd39423322bc9cafbcb01e934c3d479522fc5c28864a6475e3b77bd51,e977c42a0486b3def08a0a06896a225c964063a4740302a2a681a12efa498634,test,shuffle_oct_to_cfp,oct,0.0
362fb45bd39423322bc9cafbcb01e934c3d479522fc5c28864a6475e3b77bd51,e977c42a0486b3def08a0a06896a225c964063a4740302a2a681a12efa498634,test,shuffle_oct_to_cfp,mean,0.0
362fb45bd39423322bc9cafbcb01e934c3d479522fc5c28864a6475e3b77bd51,e977c42a0486b3def08a0a06896a225c964063a4740302a2a681a12efa498634,test,shuffle_cfp_to_oct,cfp,0.0
362fb45bd39423322bc9cafbcb01e934c3d479522fc5c28864a6475e3b77bd51,e977c42a0486b3def08a0a06896a225c964063a4740302a2a681a12efa498634,test,shuffle_cfp_to_oct,oct,0.0
362fb45bd39423322bc9cafbcb01e934c3d479522fc5c28864a6475e3b77bd51,e977c42a0486b3def08a0a06896a225c964063a4740302a2a681a12efa498634,test,shuffle_cfp_to_oct,mean,0.0
362fb45bd39423322bc9cafbcb01e934c3d479522fc5c28864a6475e3b77bd51,e977c42a0486b3def08a0a06896a225c964063a4740302a2a681a12efa498634,test,shuffle_both,cfp,0.0
362fb45bd39423322bc9cafbcb01e934c3d479522fc5c28864a6475e3b77bd51,e977c42a0486b3def08a0a06896a225c964063a4740302a2a681a12efa498634,test,shuffle_both,oct,0.0
362fb45bd39423322bc9cafbcb01e934c3d479522fc5c28864a6475e3b77bd51,e977c42a0486b3def08a0a06896a225c964063a4740302a2a681a12efa498634,test,shuffle_both,mean,0.0
4bbeb1e3fd1015848216bb3fc82319aed11982cce556c9b09d8fbe339dd8e7de,cb4652fcdc677b3d2ecbe2fb0111050512edfe27b587e27687a1ef1759299709,development,disable_oct_to_cfp,cfp,0.0
4bbeb1e3fd1015848216bb3fc82319aed11982cce556c9b09d8fbe339dd8e7de,cb4652fcdc677b3d2ecbe2fb0111050512edfe27b587e27687a1ef1759299709,development,disable_oct_to_cfp,oct,0.0
4bbeb1e3fd1015848216bb3fc82319aed11982cce556c9b09d8fbe339dd8e7de,cb4652fcdc677b3d2ecbe2fb0111050512edfe27b587e27687a1ef1759299709,development,disable_oct_to_cfp,mean,0.0
4bbeb1e3fd1015848216bb3fc82319aed11982cce556c9b09d8fbe339dd8e7de,cb4652fcdc677b3d2ecbe2fb0111050512edfe27b587e27687a1ef1759299709,development,disable_cfp_to_oct,cfp,0.0
4bbeb1e3fd1015848216bb3fc82319aed11982cce556c9b09d8fbe339dd8e7de,cb4652fcdc677b3d2ecbe2fb0111050512edfe27b587e27687a1ef1759299709,development,disable_cfp_to_oct,oct,0.0
4bbeb1e3fd1015848216bb3fc82319aed11982cce556c9b09d8fbe339dd8e7de,cb4652fcdc677b3d2ecbe2fb0111050512edfe27b587e27687a1ef1759299709,development,disable_cfp_to_oct,mean,0.0
4bbeb1e3fd1015848216bb3fc82319aed11982cce556c9b09d8fbe339dd8e7de,cb4652fcdc677b3d2ecbe2fb0111050512edfe27b587e27687a1ef1759299709,development,disable_both,cfp,0.0
4bbeb1e3fd1015848216bb3fc82319aed11982cce556c9b09d8fbe339dd8e7de,cb4652fcdc677b3d2ecbe2fb0111050512edfe27b587e27687a1ef1759299709,development,disable_both,oct,0.0
4bbeb1e3fd1015848216bb3fc82319aed11982cce556c9b09d8fbe339dd8e7de,cb4652fcdc677b3d2ecbe2fb0111050512edfe27b587e27687a1ef1759299709,development,disable_both,mean,0.0
4bbeb1e3fd1015848216bb3fc82319aed11982cce556c9b09d8fbe339dd8e7de,cb4652fcdc677b3d2ecbe2fb0111050512edfe27b587e27687a1ef1759299709,development,shuffle_oct_to_cfp,cfp,0.0
4bbeb1e3fd1015848216bb3fc82319aed11982cce556c9b09d8fbe339dd8e7de,cb4652fcdc677b3d2ecbe2fb0111050512edfe27b587e27687a1ef1759299709,development,shuffle_oct_to_cfp,oct,0.0
4bbeb1e3fd1015848216bb3fc82319aed11982cce556c9b09d8fbe339dd8e7de,cb4652fcdc677b3d2ecbe2fb0111050512edfe27b587e27687a1ef1759299709,development,shuffle_oct_to_cfp,mean,0.0
4bbeb1e3fd1015848216bb3fc82319aed11982cce556c9b09d8fbe339dd8e7de,cb4652fcdc677b3d2ecbe2fb0111050512edfe27b587e27687a1ef1759299709,development,shuffle_cfp_to_oct,cfp,0.0
4bbeb1e3fd1015848216bb3fc82319aed11982cce556c9b09d8fbe339dd8e7de,cb4652fcdc677b3d2ecbe2fb0111050512edfe27b587e27687a1ef1759299709,development,shuffle_cfp_to_oct,oct,0.0
4bbeb1e3fd1015848216bb3fc82319aed11982cce556c9b09d8fbe339dd8e7de,cb4652fcdc677b3d2ecbe2fb0111050512edfe27b587e27687a1ef1759299709,development,shuffle_cfp_to_oct,mean,0.0
4bbeb1e3fd1015848216bb3fc82319aed11982cce556c9b09d8fbe339dd8e7de,cb4652fcdc677b3d2ecbe2fb0111050512edfe27b587e27687a1ef1759299709,development,shuffle_both,cfp,0.0
4bbeb1e3fd1015848216bb3fc82319aed11982cce556c9b09d8fbe339dd8e7de,cb4652fcdc677b3d2ecbe2fb0111050512edfe27b587e27687a1ef1759299709,development,shuffle_both,oct,0.0
4bbeb1e3fd1015848216bb3fc82319aed11982cce556c9b09d8fbe339dd8e7de,cb4652fcdc677b3d2ecbe2fb0111050512edfe27b587e27687a1ef1759299709,development,shuffle_both,mean,0.0
4bbeb1e3fd1015848216bb3fc82319aed11982cce556c9b09d8fbe339dd8e7de,cb4652fcdc677b3d2ecbe2fb0111050512edfe27b587e27687a1ef1759299709,test,disable_oct_to_cfp,cfp,0.0
4bbeb1e3fd1015848216bb3fc82319aed11982cce556c9b09d8fbe339dd8e7de,cb4652fcdc677b3d2ecbe2fb0111050512edfe27b587e27687a1ef1759299709,test,disable_oct_to_cfp,oct,0.0
4bbeb1e3fd1015848216bb3fc82319aed11982cce556c9b09d8fbe339dd8e7de,cb4652fcdc677b3d2ecbe2fb0111050512edfe27b587e27687a1ef1759299709,test,disable_oct_to_cfp,mean,0.0
4bbeb1e3fd1015848216bb3fc82319aed11982cce556c9b09d8fbe339dd8e7de,cb4652fcdc677b3d2ecbe2fb0111050512edfe27b587e27687a1ef1759299709,test,disable_cfp_to_oct,cfp,0.0
4bbeb1e3fd1015848216bb3fc82319aed11982cce556c9b09d8fbe339dd8e7de,cb4652fcdc677b3d2ecbe2fb0111050512edfe27b587e27687a1ef1759299709,test,disable_cfp_to_oct,oct,0.0
4bbeb1e3fd1015848216bb3fc82319aed11982cce556c9b09d8fbe339dd8e7de,cb4652fcdc677b3d2ecbe2fb0111050512edfe27b587e27687a1ef1759299709,test,disable_cfp_to_oct,mean,0.0
4bbeb1e3fd1015848216bb3fc82319aed11982cce556c9b09d8fbe339dd8e7de,cb4652fcdc677b3d2ecbe2fb0111050512edfe27b587e27687a1ef1759299709,test,disable_both,cfp,0.0
4bbeb1e3fd1015848216bb3fc82319aed11982cce556c9b09d8fbe339dd8e7de,cb4652fcdc677b3d2ecbe2fb0111050512edfe27b587e27687a1ef1759299709,test,disable_both,oct,0.0
4bbeb1e3fd1015848216bb3fc82319aed11982cce556c9b09d8fbe339dd8e7de,cb4652fcdc677b3d2ecbe2fb0111050512edfe27b587e27687a1ef1759299709,test,disable_both,mean,0.0
4bbeb1e3fd1015848216bb3fc82319aed11982cce556c9b09d8fbe339dd8e7de,cb4652fcdc677b3d2ecbe2fb0111050512edfe27b587e27687a1ef1759299709,test,shuffle_oct_to_cfp,cfp,0.0
4bbeb1e3fd1015848216bb3fc82319aed11982cce556c9b09d8fbe339dd8e7de,cb4652fcdc677b3d2ecbe2fb0111050512edfe27b587e27687a1ef1759299709,test,shuffle_oct_to_cfp,oct,0.0
4bbeb1e3fd1015848216bb3fc82319aed11982cce556c9b09d8fbe339dd8e7de,cb4652fcdc677b3d2ecbe2fb0111050512edfe27b587e27687a1ef1759299709,test,shuffle_oct_to_cfp,mean,0.0
4bbeb1e3fd1015848216bb3fc82319aed11982cce556c9b09d8fbe339dd8e7de,cb4652fcdc677b3d2ecbe2fb0111050512edfe27b587e27687a1ef1759299709,test,shuffle_cfp_to_oct,cfp,0.0
4bbeb1e3fd1015848216bb3fc82319aed11982cce556c9b09d8fbe339dd8e7de,cb4652fcdc677b3d2ecbe2fb0111050512edfe27b587e27687a1ef1759299709,test,shuffle_cfp_to_oct,oct,0.0
4bbeb1e3fd1015848216bb3fc82319aed11982cce556c9b09d8fbe339dd8e7de,cb4652fcdc677b3d2ecbe2fb0111050512edfe27b587e27687a1ef1759299709,test,shuffle_cfp_to_oct,mean,0.0
4bbeb1e3fd1015848216bb3fc82319aed11982cce556c9b09d8fbe339dd8e7de,cb4652fcdc677b3d2ecbe2fb0111050512edfe27b587e27687a1ef1759299709,test,shuffle_both,cfp,0.0
4bbeb1e3fd1015848216bb3fc82319aed11982cce556c9b09d8fbe339dd8e7de,cb4652fcdc677b3d2ecbe2fb0111050512edfe27b587e27687a1ef1759299709,test,shuffle_both,oct,0.0
4bbeb1e3fd1015848216bb3fc82319aed11982cce556c9b09d8fbe339dd8e7de,cb4652fcdc677b3d2ecbe2fb0111050512edfe27b587e27687a1ef1759299709,test,shuffle_both,mean,0.0
f66309ca58da207fd19491f9d433dda85433136895668e1150243798ccbf372a,3f5c127037a03b6c8e35202609469aabe90b5506ce50c8221b59b84c2a28535b,development,disable_oct_to_cfp,cfp,0.0
f66309ca58da207fd19491f9d433dda85433136895668e1150243798ccbf372a,3f5c127037a03b6c8e35202609469aabe90b5506ce50c8221b59b84c2a28535b,development,disable_oct_to_cfp,oct,0.0
f66309ca58da207fd19491f9d433dda85433136895668e1150243798ccbf372a,3f5c127037a03b6c8e35202609469aabe90b5506ce50c8221b59b84c2a28535b,development,disable_oct_to_cfp,mean,0.0
f66309ca58da207fd19491f9d433dda85433136895668e1150243798ccbf372a,3f5c127037a03b6c8e35202609469aabe90b5506ce50c8221b59b84c2a28535b,development,disable_cfp_to_oct,cfp,0.0
f66309ca58da207fd19491f9d433dda85433136895668e1150243798ccbf372a,3f5c127037a03b6c8e35202609469aabe90b5506ce50c8221b59b84c2a28535b,development,disable_cfp_to_oct,oct,0.0
f66309ca58da207fd19491f9d433dda85433136895668e1150243798ccbf372a,3f5c127037a03b6c8e35202609469aabe90b5506ce50c8221b59b84c2a28535b,development,disable_cfp_to_oct,mean,0.0
f66309ca58da207fd19491f9d433dda85433136895668e1150243798ccbf372a,3f5c127037a03b6c8e35202609469aabe90b5506ce50c8221b59b84c2a28535b,development,disable_both,cfp,0.0
f66309ca58da207fd19491f9d433dda85433136895668e1150243798ccbf372a,3f5c127037a03b6c8e35202609469aabe90b5506ce50c8221b59b84c2a28535b,development,disable_both,oct,0.0
f66309ca58da207fd19491f9d433dda85433136895668e1150243798ccbf372a,3f5c127037a03b6c8e35202609469aabe90b5506ce50c8221b59b84c2a28535b,development,disable_both,mean,0.0
f66309ca58da207fd19491f9d433dda85433136895668e1150243798ccbf372a,3f5c127037a03b6c8e35202609469aabe90b5506ce50c8221b59b84c2a28535b,development,shuffle_oct_to_cfp,cfp,0.0
f66309ca58da207fd19491f9d433dda85433136895668e1150243798ccbf372a,3f5c127037a03b6c8e35202609469aabe90b5506ce50c8221b59b84c2a28535b,development,shuffle_oct_to_cfp,oct,0.0
f66309ca58da207fd19491f9d433dda85433136895668e1150243798ccbf372a,3f5c127037a03b6c8e35202609469aabe90b5506ce50c8221b59b84c2a28535b,development,shuffle_oct_to_cfp,mean,0.0
f66309ca58da207fd19491f9d433dda85433136895668e1150243798ccbf372a,3f5c127037a03b6c8e35202609469aabe90b5506ce50c8221b59b84c2a28535b,development,shuffle_cfp_to_oct,cfp,0.0
f66309ca58da207fd19491f9d433dda85433136895668e1150243798ccbf372a,3f5c127037a03b6c8e35202609469aabe90b5506ce50c8221b59b84c2a28535b,development,shuffle_cfp_to_oct,oct,0.0
f66309ca58da207fd19491f9d433dda85433136895668e1150243798ccbf372a,3f5c127037a03b6c8e35202609469aabe90b5506ce50c8221b59b84c2a28535b,development,shuffle_cfp_to_oct,mean,0.0
f66309ca58da207fd19491f9d433dda85433136895668e1150243798ccbf372a,3f5c127037a03b6c8e35202609469aabe90b5506ce50c8221b59b84c2a28535b,development,shuffle_both,cfp,0.0
f66309ca58da207fd19491f9d433dda85433136895668e1150243798ccbf372a,3f5c127037a03b6c8e35202609469aabe90b5506ce50c8221b59b84c2a28535b,development,shuffle_both,oct,0.0
f66309ca58da207fd19491f9d433dda85433136895668e1150243798ccbf372a,3f5c127037a03b6c8e35202609469aabe90b5506ce50c8221b59b84c2a28535b,development,shuffle_both,mean,0.0
f66309ca58da207fd19491f9d433dda85433136895668e1150243798ccbf372a,3f5c127037a03b6c8e35202609469aabe90b5506ce50c8221b59b84c2a28535b,test,disable_oct_to_cfp,cfp,0.0
f66309ca58da207fd19491f9d433dda85433136895668e1150243798ccbf372a,3f5c127037a03b6c8e35202609469aabe90b5506ce50c8221b59b84c2a28535b,test,disable_oct_to_cfp,oct,0.0
f66309ca58da207fd19491f9d433dda85433136895668e1150243798ccbf372a,3f5c127037a03b6c8e35202609469aabe90b5506ce50c8221b59b84c2a28535b,test,disable_oct_to_cfp,mean,0.0
f66309ca58da207fd19491f9d433dda85433136895668e1150243798ccbf372a,3f5c127037a03b6c8e35202609469aabe90b5506ce50c8221b59b84c2a28535b,test,disable_cfp_to_oct,cfp,0.0
f66309ca58da207fd19491f9d433dda85433136895668e1150243798ccbf372a,3f5c127037a03b6c8e35202609469aabe90b5506ce50c8221b59b84c2a28535b,test,disable_cfp_to_oct,oct,0.0
f66309ca58da207fd19491f9d433dda85433136895668e1150243798ccbf372a,3f5c127037a03b6c8e35202609469aabe90b5506ce50c8221b59b84c2a28535b,test,disable_cfp_to_oct,mean,0.0
f66309ca58da207fd19491f9d433dda85433136895668e1150243798ccbf372a,3f5c127037a03b6c8e35202609469aabe90b5506ce50c8221b59b84c2a28535b,test,disable_both,cfp,0.0
f66309ca58da207fd19491f9d433dda85433136895668e1150243798ccbf372a,3f5c127037a03b6c8e35202609469aabe90b5506ce50c8221b59b84c2a28535b,test,disable_both,oct,0.0
f66309ca58da207fd19491f9d433dda85433136895668e1150243798ccbf372a,3f5c127037a03b6c8e35202609469aabe90b5506ce50c8221b59b84c2a28535b,test,disable_both,mean,0.0
f66309ca58da207fd19491f9d433dda85433136895668e1150243798ccbf372a,3f5c127037a03b6c8e35202609469aabe90b5506ce50c8221b59b84c2a28535b,test,shuffle_oct_to_cfp,cfp,0.0
f66309ca58da207fd19491f9d433dda85433136895668e1150243798ccbf372a,3f5c127037a03b6c8e35202609469aabe90b5506ce50c8221b59b84c2a28535b,test,shuffle_oct_to_cfp,oct,0.0
f66309ca58da207fd19491f9d433dda85433136895668e1150243798ccbf372a,3f5c127037a03b6c8e35202609469aabe90b5506ce50c8221b59b84c2a28535b,test,shuffle_oct_to_cfp,mean,0.0
f66309ca58da207fd19491f9d433dda85433136895668e1150243798ccbf372a,3f5c127037a03b6c8e35202609469aabe90b5506ce50c8221b59b84c2a28535b,test,shuffle_cfp_to_oct,cfp,0.0
f66309ca58da207fd19491f9d433dda85433136895668e1150243798ccbf372a,3f5c127037a03b6c8e35202609469aabe90b5506ce50c8221b59b84c2a28535b,test,shuffle_cfp_to_oct,oct,0.0
f66309ca58da207fd19491f9d433dda85433136895668e1150243798ccbf372a,3f5c127037a03b6c8e35202609469aabe90b5506ce50c8221b59b84c2a28535b,test,shuffle_cfp_to_oct,mean,0.0
f66309ca58da207fd19491f9d433dda85433136895668e1150243798ccbf372a,3f5c127037a03b6c8e35202609469aabe90b5506ce50c8221b59b84c2a28535b,test,shuffle_both,cfp,0.0
f66309ca58da207fd19491f9d433dda85433136895668e1150243798ccbf372a,3f5c127037a03b6c8e35202609469aabe90b5506ce50c8221b59b84c2a28535b,test,shuffle_both,oct,0.0
f66309ca58da207fd19491f9d433dda85433136895668e1150243798ccbf372a,3f5c127037a03b6c8e35202609469aabe90b5506ce50c8221b59b84c2a28535b,test,shuffle_both,mean,0.0
9cc256f596502644fe6198d63650854691c9d0fc54faae92f441eec388255b9b,72157c9827be2068d2829644be0f9b02d8b5d2417283459dbf942f510496c799,development,disable_oct_to_cfp,cfp,0.0
9cc256f596502644fe6198d63650854691c9d0fc54faae92f441eec388255b9b,72157c9827be2068d2829644be0f9b02d8b5d2417283459dbf942f510496c799,development,disable_oct_to_cfp,oct,0.0
9cc256f596502644fe6198d63650854691c9d0fc54faae92f441eec388255b9b,72157c9827be2068d2829644be0f9b02d8b5d2417283459dbf942f510496c799,development,disable_oct_to_cfp,mean,0.0
9cc256f596502644fe6198d63650854691c9d0fc54faae92f441eec388255b9b,72157c9827be2068d2829644be0f9b02d8b5d2417283459dbf942f510496c799,development,disable_cfp_to_oct,cfp,0.0
9cc256f596502644fe6198d63650854691c9d0fc54faae92f441eec388255b9b,72157c9827be2068d2829644be0f9b02d8b5d2417283459dbf942f510496c799,development,disable_cfp_to_oct,oct,0.0
9cc256f596502644fe6198d63650854691c9d0fc54faae92f441eec388255b9b,72157c9827be2068d2829644be0f9b02d8b5d2417283459dbf942f510496c799,development,disable_cfp_to_oct,mean,0.0
9cc256f596502644fe6198d63650854691c9d0fc54faae92f441eec388255b9b,72157c9827be2068d2829644be0f9b02d8b5d2417283459dbf942f510496c799,development,disable_both,cfp,0.0
9cc256f596502644fe6198d63650854691c9d0fc54faae92f441eec388255b9b,72157c9827be2068d2829644be0f9b02d8b5d2417283459dbf942f510496c799,development,disable_both,oct,0.0
9cc256f596502644fe6198d63650854691c9d0fc54faae92f441eec388255b9b,72157c9827be2068d2829644be0f9b02d8b5d2417283459dbf942f510496c799,development,disable_both,mean,0.0
9cc256f596502644fe6198d63650854691c9d0fc54faae92f441eec388255b9b,72157c9827be2068d2829644be0f9b02d8b5d2417283459dbf942f510496c799,development,shuffle_oct_to_cfp,cfp,0.0
9cc256f596502644fe6198d63650854691c9d0fc54faae92f441eec388255b9b,72157c9827be2068d2829644be0f9b02d8b5d2417283459dbf942f510496c799,development,shuffle_oct_to_cfp,oct,0.0
9cc256f596502644fe6198d63650854691c9d0fc54faae92f441eec388255b9b,72157c9827be2068d2829644be0f9b02d8b5d2417283459dbf942f510496c799,development,shuffle_oct_to_cfp,mean,0.0
9cc256f596502644fe6198d63650854691c9d0fc54faae92f441eec388255b9b,72157c9827be2068d2829644be0f9b02d8b5d2417283459dbf942f510496c799,development,shuffle_cfp_to_oct,cfp,0.0
9cc256f596502644fe6198d63650854691c9d0fc54faae92f441eec388255b9b,72157c9827be2068d2829644be0f9b02d8b5d2417283459dbf942f510496c799,development,shuffle_cfp_to_oct,oct,0.0
9cc256f596502644fe6198d63650854691c9d0fc54faae92f441eec388255b9b,72157c9827be2068d2829644be0f9b02d8b5d2417283459dbf942f510496c799,development,shuffle_cfp_to_oct,mean,0.0
9cc256f596502644fe6198d63650854691c9d0fc54faae92f441eec388255b9b,72157c9827be2068d2829644be0f9b02d8b5d2417283459dbf942f510496c799,development,shuffle_both,cfp,0.0
9cc256f596502644fe6198d63650854691c9d0fc54faae92f441eec388255b9b,72157c9827be2068d2829644be0f9b02d8b5d2417283459dbf942f510496c799,development,shuffle_both,oct,0.0
9cc256f596502644fe6198d63650854691c9d0fc54faae92f441eec388255b9b,72157c9827be2068d2829644be0f9b02d8b5d2417283459dbf942f510496c799,development,shuffle_both,mean,0.0
9cc256f596502644fe6198d63650854691c9d0fc54faae92f441eec388255b9b,72157c9827be2068d2829644be0f9b02d8b5d2417283459dbf942f510496c799,test,disable_oct_to_cfp,cfp,0.0
9cc256f596502644fe6198d63650854691c9d0fc54faae92f441eec388255b9b,72157c9827be2068d2829644be0f9b02d8b5d2417283459dbf942f510496c799,test,disable_oct_to_cfp,oct,0.0
9cc256f596502644fe6198d63650854691c9d0fc54faae92f441eec388255b9b,72157c9827be2068d2829644be0f9b02d8b5d2417283459dbf942f510496c799,test,disable_oct_to_cfp,mean,0.0
9cc256f596502644fe6198d63650854691c9d0fc54faae92f441eec388255b9b,72157c9827be2068d2829644be0f9b02d8b5d2417283459dbf942f510496c799,test,disable_cfp_to_oct,cfp,0.0
9cc256f596502644fe6198d63650854691c9d0fc54faae92f441eec388255b9b,72157c9827be2068d2829644be0f9b02d8b5d2417283459dbf942f510496c799,test,disable_cfp_to_oct,oct,0.0
9cc256f596502644fe6198d63650854691c9d0fc54faae92f441eec388255b9b,72157c9827be2068d2829644be0f9b02d8b5d2417283459dbf942f510496c799,test,disable_cfp_to_oct,mean,0.0
9cc256f596502644fe6198d63650854691c9d0fc54faae92f441eec388255b9b,72157c9827be2068d2829644be0f9b02d8b5d2417283459dbf942f510496c799,test,disable_both,cfp,0.0
9cc256f596502644fe6198d63650854691c9d0fc54faae92f441eec388255b9b,72157c9827be2068d2829644be0f9b02d8b5d2417283459dbf942f510496c799,test,disable_both,oct,0.0
9cc256f596502644fe6198d63650854691c9d0fc54faae92f441eec388255b9b,72157c9827be2068d2829644be0f9b02d8b5d2417283459dbf942f510496c799,test,disable_both,mean,0.0
9cc256f596502644fe6198d63650854691c9d0fc54faae92f441eec388255b9b,72157c9827be2068d2829644be0f9b02d8b5d2417283459dbf942f510496c799,test,shuffle_oct_to_cfp,cfp,0.0
9cc256f596502644fe6198d63650854691c9d0fc54faae92f441eec388255b9b,72157c9827be2068d2829644be0f9b02d8b5d2417283459dbf942f510496c799,test,shuffle_oct_to_cfp,oct,0.0
9cc256f596502644fe6198d63650854691c9d0fc54faae92f441eec388255b9b,72157c9827be2068d2829644be0f9b02d8b5d2417283459dbf942f510496c799,test,shuffle_oct_to_cfp,mean,0.0
9cc256f596502644fe6198d63650854691c9d0fc54faae92f441eec388255b9b,72157c9827be2068d2829644be0f9b02d8b5d2417283459dbf942f510496c799,test,shuffle_cfp_to_oct,cfp,0.0
9cc256f596502644fe6198d63650854691c9d0fc54faae92f441eec388255b9b,72157c9827be2068d2829644be0f9b02d8b5d2417283459dbf942f510496c799,test,shuffle_cfp_to_oct,oct,0.0
9cc256f596502644fe6198d63650854691c9d0fc54faae92f441eec388255b9b,72157c9827be2068d2829644be0f9b02d8b5d2417283459dbf942f510496c799,test,shuffle_cfp_to_oct,mean,0.0
9cc256f596502644fe6198d63650854691c9d0fc54faae92f441eec388255b9b,72157c9827be2068d2829644be0f9b02d8b5d2417283459dbf942f510496c799,test,shuffle_both,cfp,0.0
9cc256f596502644fe6198d63650854691c9d0fc54faae92f441eec388255b9b,72157c9827be2068d2829644be0f9b02d8b5d2417283459dbf942f510496c799,test,shuffle_both,oct,0.0
9cc256f596502644fe6198d63650854691c9d0fc54faae92f441eec388255b9b,72157c9827be2068d2829644be0f9b02d8b5d2417283459dbf942f510496c799,test,shuffle_both,mean,0.0
5bb9115e95de536e6034e60cc077d1f224169fe5b59ee44d423307421f52cc9c,eda7f106aca200a55cb27e09223bca90dbbb760b99ad4c58cfc28e109348703c,development,disable_oct_to_cfp,cfp,8.509912094497507
5bb9115e95de536e6034e60cc077d1f224169fe5b59ee44d423307421f52cc9c,eda7f106aca200a55cb27e09223bca90dbbb760b99ad4c58cfc28e109348703c,development,disable_oct_to_cfp,oct,0.0
5bb9115e95de536e6034e60cc077d1f224169fe5b59ee44d423307421f52cc9c,eda7f106aca200a55cb27e09223bca90dbbb760b99ad4c58cfc28e109348703c,development,disable_oct_to_cfp,mean,4.254956047248748
5bb9115e95de536e6034e60cc077d1f224169fe5b59ee44d423307421f52cc9c,eda7f106aca200a55cb27e09223bca90dbbb760b99ad4c58cfc28e109348703c,development,disable_cfp_to_oct,cfp,0.0
5bb9115e95de536e6034e60cc077d1f224169fe5b59ee44d423307421f52cc9c,eda7f106aca200a55cb27e09223bca90dbbb760b99ad4c58cfc28e109348703c,development,disable_cfp_to_oct,oct,0.0
5bb9115e95de536e6034e60cc077d1f224169fe5b59ee44d423307421f52cc9c,eda7f106aca200a55cb27e09223bca90dbbb760b99ad4c58cfc28e109348703c,development,disable_cfp_to_oct,mean,0.0
5bb9115e95de536e6034e60cc077d1f224169fe5b59ee44d423307421f52cc9c,eda7f106aca200a55cb27e09223bca90dbbb760b99ad4c58cfc28e109348703c,development,disable_both,cfp,8.509912094497507
5bb9115e95de536e6034e60cc077d1f224169fe5b59ee44d423307421f52cc9c,eda7f106aca200a55cb27e09223bca90dbbb760b99ad4c58cfc28e109348703c,development,disable_both,oct,0.0
5bb9115e95de536e6034e60cc077d1f224169fe5b59ee44d423307421f52cc9c,eda7f106aca200a55cb27e09223bca90dbbb760b99ad4c58cfc28e109348703c,development,disable_both,mean,4.254956047248748
5bb9115e95de536e6034e60cc077d1f224169fe5b59ee44d423307421f52cc9c,eda7f106aca200a55cb27e09223bca90dbbb760b99ad4c58cfc28e109348703c,development,shuffle_oct_to_cfp,cfp,2.5552364796043725
5bb9115e95de536e6034e60cc077d1f224169fe5b59ee44d423307421f52cc9c,eda7f106aca200a55cb27e09223bca90dbbb760b99ad4c58cfc28e109348703c,development,shuffle_oct_to_cfp,oct,0.0
5bb9115e95de536e6034e60cc077d1f224169fe5b59ee44d423307421f52cc9c,eda7f106aca200a55cb27e09223bca90dbbb760b99ad4c58cfc28e109348703c,development,shuffle_oct_to_cfp,mean,1.2776182398021807
5bb9115e95de536e6034e60cc077d1f224169fe5b59ee44d423307421f52cc9c,eda7f106aca200a55cb27e09223bca90dbbb760b99ad4c58cfc28e109348703c,development,shuffle_cfp_to_oct,cfp,0.0
5bb9115e95de536e6034e60cc077d1f224169fe5b59ee44d423307421f52cc9c,eda7f106aca200a55cb27e09223bca90dbbb760b99ad4c58cfc28e109348703c,development,shuffle_cfp_to_oct,oct,0.0
5bb9115e95de536e6034e60cc077d1f224169fe5b59ee44d423307421f52cc9c,eda7f106aca200a55cb27e09223bca90dbbb760b99ad4c58cfc28e109348703c,development,shuffle_cfp_to_oct,mean,0.0
5bb9115e95de536e6034e60cc077d1f224169fe5b59ee44d423307421f52cc9c,eda7f106aca200a55cb27e09223bca90dbbb760b99ad4c58cfc28e109348703c,development,shuffle_both,cfp,2.5552364796043725
5bb9115e95de536e6034e60cc077d1f224169fe5b59ee44d423307421f52cc9c,eda7f106aca200a55cb27e09223bca90dbbb760b99ad4c58cfc28e109348703c,development,shuffle_both,oct,0.0
5bb9115e95de536e6034e60cc077d1f224169fe5b59ee44d423307421f52cc9c,eda7f106aca200a55cb27e09223bca90dbbb760b99ad4c58cfc28e109348703c,development,shuffle_both,mean,1.2776182398021807
5bb9115e95de536e6034e60cc077d1f224169fe5b59ee44d423307421f52cc9c,eda7f106aca200a55cb27e09223bca90dbbb760b99ad4c58cfc28e109348703c,test,disable_oct_to_cfp,cfp,8.64450488733638
5bb9115e95de536e6034e60cc077d1f224169fe5b59ee44d423307421f52cc9c,eda7f106aca200a55cb27e09223bca90dbbb760b99ad4c58cfc28e109348703c,test,disable_oct_to_cfp,oct,0.0
5bb9115e95de536e6034e60cc077d1f224169fe5b59ee44d423307421f52cc9c,eda7f106aca200a55cb27e09223bca90dbbb760b99ad4c58cfc28e109348703c,test,disable_oct_to_cfp,mean,4.322252443668184
5bb9115e95de536e6034e60cc077d1f224169fe5b59ee44d423307421f52cc9c,eda7f106aca200a55cb27e09223bca90dbbb760b99ad4c58cfc28e109348703c,test,disable_cfp_to_oct,cfp,0.0
5bb9115e95de536e6034e60cc077d1f224169fe5b59ee44d423307421f52cc9c,eda7f106aca200a55cb27e09223bca90dbbb760b99ad4c58cfc28e109348703c,test,disable_cfp_to_oct,oct,0.0
5bb9115e95de536e6034e60cc077d1f224169fe5b59ee44d423307421f52cc9c,eda7f106aca200a55cb27e09223bca90dbbb760b99ad4c58cfc28e109348703c,test,disable_cfp_to_oct,mean,0.0
5bb9115e95de536e6034e60cc077d1f224169fe5b59ee44d423307421f52cc9c,eda7f106aca200a55cb27e09223bca90dbbb760b99ad4c58cfc28e109348703c,test,disable_both,cfp,8.64450488733638
5bb9115e95de536e6034e60cc077d1f224169fe5b59ee44d423307421f52cc9c,eda7f106aca200a55cb27e09223bca90dbbb760b99ad4c58cfc28e109348703c,test,disable_both,oct,0.0
5bb9115e95de536e6034e60cc077d1f224169fe5b59ee44d423307421f52cc9c,eda7f106aca200a55cb27e09223bca90dbbb760b99ad4c58cfc28e109348703c,test,disable_both,mean,4.322252443668184
5bb9115e95de536e6034e60cc077d1f224169fe5b59ee44d423307421f52cc9c,eda7f106aca200a55cb27e09223bca90dbbb760b99ad4c58cfc28e109348703c,test,shuffle_oct_to_cfp,cfp,2.486280027148502
5bb9115e95de536e6034e60cc077d1f224169fe5b59ee44d423307421f52cc9c,eda7f106aca200a55cb27e09223bca90dbbb760b99ad4c58cfc28e109348703c,test,shuffle_oct_to_cfp,oct,0.0
5bb9115e95de536e6034e60cc077d1f224169fe5b59ee44d423307421f52cc9c,eda7f106aca200a55cb27e09223bca90dbbb760b99ad4c58cfc28e109348703c,test,shuffle_oct_to_cfp,mean,1.243140013574251
5bb9115e95de536e6034e60cc077d1f224169fe5b59ee44d423307421f52cc9c,eda7f106aca200a55cb27e09223bca90dbbb760b99ad4c58cfc28e109348703c,test,shuffle_cfp_to_oct,cfp,0.0
5bb9115e95de536e6034e60cc077d1f224169fe5b59ee44d423307421f52cc9c,eda7f106aca200a55cb27e09223bca90dbbb760b99ad4c58cfc28e109348703c,test,shuffle_cfp_to_oct,oct,0.0
5bb9115e95de536e6034e60cc077d1f224169fe5b59ee44d423307421f52cc9c,eda7f106aca200a55cb27e09223bca90dbbb760b99ad4c58cfc28e109348703c,test,shuffle_cfp_to_oct,mean,0.0
5bb9115e95de536e6034e60cc077d1f224169fe5b59ee44d423307421f52cc9c,eda7f106aca200a55cb27e09223bca90dbbb760b99ad4c58cfc28e109348703c,test,shuffle_both,cfp,2.486280027148502
5bb9115e95de536e6034e60cc077d1f224169fe5b59ee44d423307421f52cc9c,eda7f106aca200a55cb27e09223bca90dbbb760b99ad4c58cfc28e109348703c,test,shuffle_both,oct,0.0
5bb9115e95de536e6034e60cc077d1f224169fe5b59ee44d423307421f52cc9c,eda7f106aca200a55cb27e09223bca90dbbb760b99ad4c58cfc28e109348703c,test,shuffle_both,mean,1.243140013574251
df483d0b2a4669041275615fe76b67214e08e46f536780d32c200db9579a12c9,5bb71b089c67e5d00756af25036d2eceb0efe0c917263595a3464519fbb2e464,development,disable_oct_to_cfp,cfp,0.0
df483d0b2a4669041275615fe76b67214e08e46f536780d32c200db9579a12c9,5bb71b089c67e5d00756af25036d2eceb0efe0c917263595a3464519fbb2e464,development,disable_oct_to_cfp,oct,0.0
df483d0b2a4669041275615fe76b67214e08e46f536780d32c200db9579a12c9,5bb71b089c67e5d00756af25036d2eceb0efe0c917263595a3464519fbb2e464,development,disable_oct_to_cfp,mean,0.0
df483d0b2a4669041275615fe76b67214e08e46f536780d32c200db9579a12c9,5bb71b089c67e5d00756af25036d2eceb0efe0c917263595a3464519fbb2e464,development,disable_cfp_to_oct,cfp,0.0
df483d0b2a4669041275615fe76b67214e08e46f536780d32c200db9579a12c9,5bb71b089c67e5d00756af25036d2eceb0efe0c917263595a3464519fbb2e464,development,disable_cfp_to_oct,oct,33.85107720441169
df483d0b2a4669041275615fe76b67214e08e46f536780d32c200db9579a12c9,5bb71b089c67e5d00756af25036d2eceb0efe0c917263595a3464519fbb2e464,development,disable_cfp_to_oct,mean,16.925538602205847
df483d0b2a4669041275615fe76b67214e08e46f536780d32c200db9579a12c9,5bb71b089c67e5d00756af25036d2eceb0efe0c917263595a3464519fbb2e464,development,disable_both,cfp,0.0
df483d0b2a4669041275615fe76b67214e08e46f536780d32c200db9579a12c9,5bb71b089c67e5d00756af25036d2eceb0efe0c917263595a3464519fbb2e464,development,disable_both,oct,33.85107720441169
df483d0b2a4669041275615fe76b67214e08e46f536780d32c200db9579a12c9,5bb71b089c67e5d00756af25036d2eceb0efe0c917263595a3464519fbb2e464,development,disable_both,mean,16.925538602205847
df483d0b2a4669041275615fe76b67214e08e46f536780d32c200db9579a12c9,5bb71b089c67e5d00756af25036d2eceb0efe0c917263595a3464519fbb2e464,development,shuffle_oct_to_cfp,cfp,0.0
df483d0b2a4669041275615fe76b67214e08e46f536780d32c200db9579a12c9,5bb71b089c67e5d00756af25036d2eceb0efe0c917263595a3464519fbb2e464,development,shuffle_oct_to_cfp,oct,0.0
df483d0b2a4669041275615fe76b67214e08e46f536780d32c200db9579a12c9,5bb71b089c67e5d00756af25036d2eceb0efe0c917263595a3464519fbb2e464,development,shuffle_oct_to_cfp,mean,0.0
df483d0b2a4669041275615fe76b67214e08e46f536780d32c200db9579a12c9,5bb71b089c67e5d00756af25036d2eceb0efe0c917263595a3464519fbb2e464,development,shuffle_cfp_to_oct,cfp,0.0
df483d0b2a4669041275615fe76b67214e08e46f536780d32c200db9579a12c9,5bb71b089c67e5d00756af25036d2eceb0efe0c917263595a3464519fbb2e464,development,shuffle_cfp_to_oct,oct,11.85536582658232
df483d0b2a4669041275615fe76b67214e08e46f536780d32c200db9579a12c9,5bb71b089c67e5d00756af25036d2eceb0efe0c917263595a3464519fbb2e464,development,shuffle_cfp_to_oct,mean,5.927682913291166
df483d0b2a4669041275615fe76b67214e08e46f536780d32c200db9579a12c9,5bb71b089c67e5d00756af25036d2eceb0efe0c917263595a3464519fbb2e464,development,shuffle_both,cfp,0.0
df483d0b2a4669041275615fe76b67214e08e46f536780d32c200db9579a12c9,5bb71b089c67e5d00756af25036d2eceb0efe0c917263595a3464519fbb2e464,development,shuffle_both,oct,11.85536582658232
df483d0b2a4669041275615fe76b67214e08e46f536780d32c200db9579a12c9,5bb71b089c67e5d00756af25036d2eceb0efe0c917263595a3464519fbb2e464,development,shuffle_both,mean,5.927682913291166
df483d0b2a4669041275615fe76b67214e08e46f536780d32c200db9579a12c9,5bb71b089c67e5d00756af25036d2eceb0efe0c917263595a3464519fbb2e464,test,disable_oct_to_cfp,cfp,0.0
df483d0b2a4669041275615fe76b67214e08e46f536780d32c200db9579a12c9,5bb71b089c67e5d00756af25036d2eceb0efe0c917263595a3464519fbb2e464,test,disable_oct_to_cfp,oct,0.0
df483d0b2a4669041275615fe76b67214e08e46f536780d32c200db9579a12c9,5bb71b089c67e5d00756af25036d2eceb0efe0c917263595a3464519fbb2e464,test,disable_oct_to_cfp,mean,0.0
df483d0b2a4669041275615fe76b67214e08e46f536780d32c200db9579a12c9,5bb71b089c67e5d00756af25036d2eceb0efe0c917263595a3464519fbb2e464,test,disable_cfp_to_oct,cfp,0.0
df483d0b2a4669041275615fe76b67214e08e46f536780d32c200db9579a12c9,5bb71b089c67e5d00756af25036d2eceb0efe0c917263595a3464519fbb2e464,test,disable_cfp_to_oct,oct,26.573226544622436
df483d0b2a4669041275615fe76b67214e08e46f536780d32c200db9579a12c9,5bb71b089c67e5d00756af25036d2eceb0efe0c917263595a3464519fbb2e464,test,disable_cfp_to_oct,mean,13.286613272311222
df483d0b2a4669041275615fe76b67214e08e46f536780d32c200db9579a12c9,5bb71b089c67e5d00756af25036d2eceb0efe0c917263595a3464519fbb2e464,test,disable_both,cfp,0.0
df483d0b2a4669041275615fe76b67214e08e46f536780d32c200db9579a12c9,5bb71b089c67e5d00756af25036d2eceb0efe0c917263595a3464519fbb2e464,test,disable_both,oct,26.573226544622436
df483d0b2a4669041275615fe76b67214e08e46f536780d32c200db9579a12c9,5bb71b089c67e5d00756af25036d2eceb0efe0c917263595a3464519fbb2e464,test,disable_both,mean,13.286613272311222
df483d0b2a4669041275615fe76b67214e08e46f536780d32c200db9579a12c9,5bb71b089c67e5d00756af25036d2eceb0efe0c917263595a3464519fbb2e464,test,shuffle_oct_to_cfp,cfp,0.0
df483d0b2a4669041275615fe76b67214e08e46f536780d32c200db9579a12c9,5bb71b089c67e5d00756af25036d2eceb0efe0c917263595a3464519fbb2e464,test,shuffle_oct_to_cfp,oct,0.0
df483d0b2a4669041275615fe76b67214e08e46f536780d32c200db9579a12c9,5bb71b089c67e5d00756af25036d2eceb0efe0c917263595a3464519fbb2e464,test,shuffle_oct_to_cfp,mean,0.0
df483d0b2a4669041275615fe76b67214e08e46f536780d32c200db9579a12c9,5bb71b089c67e5d00756af25036d2eceb0efe0c917263595a3464519fbb2e464,test,shuffle_cfp_to_oct,cfp,0.0
df483d0b2a4669041275615fe76b67214e08e46f536780d32c200db9579a12c9,5bb71b089c67e5d00756af25036d2eceb0efe0c917263595a3464519fbb2e464,test,shuffle_cfp_to_oct,oct,3.9256866160295445
df483d0b2a4669041275615fe76b67214e08e46f536780d32c200db9579a12c9,5bb71b089c67e5d00756af25036d2eceb0efe0c917263595a3464519fbb2e464,test,shuffle_cfp_to_oct,mean,1.9628433080147722
df483d0b2a4669041275615fe76b67214e08e46f536780d32c200db9579a12c9,5bb71b089c67e5d00756af25036d2eceb0efe0c917263595a3464519fbb2e464,test,shuffle_both,cfp,0.0
df483d0b2a4669041275615fe76b67214e08e46f536780d32c200db9579a12c9,5bb71b089c67e5d00756af25036d2eceb0efe0c917263595a3464519fbb2e464,test,shuffle_both,oct,3.9256866160295445
df483d0b2a4669041275615fe76b67214e08e46f536780d32c200db9579a12c9,5bb71b089c67e5d00756af25036d2eceb0efe0c917263595a3464519fbb2e464,test,shuffle_both,mean,1.9628433080147722
53ee3b6aea3801571a6a7719d5700f7f79664108aa98a20fe2a6f4baedf63cfe,bee82492973c6c7074665044ea3f2e004f4dea1433105ff157a536cc28474c64,development,disable_oct_to_cfp,cfp,0.0
53ee3b6aea3801571a6a7719d5700f7f79664108aa98a20fe2a6f4baedf63cfe,bee82492973c6c7074665044ea3f2e004f4dea1433105ff157a536cc28474c64,development,disable_oct_to_cfp,oct,0.0
53ee3b6aea3801571a6a7719d5700f7f79664108aa98a20fe2a6f4baedf63cfe,bee82492973c6c7074665044ea3f2e004f4dea1433105ff157a536cc28474c64,development,disable_oct_to_cfp,mean,0.0
53ee3b6aea3801571a6a7719d5700f7f79664108aa98a20fe2a6f4baedf63cfe,bee82492973c6c7074665044ea3f2e004f4dea1433105ff157a536cc28474c64,development,disable_cfp_to_oct,cfp,0.0
53ee3b6aea3801571a6a7719d5700f7f79664108aa98a20fe2a6f4baedf63cfe,bee82492973c6c7074665044ea3f2e004f4dea1433105ff157a536cc28474c64,development,disable_cfp_to_oct,oct,0.0
53ee3b6aea3801571a6a7719d5700f7f79664108aa98a20fe2a6f4baedf63cfe,bee82492973c6c7074665044ea3f2e004f4dea1433105ff157a536cc28474c64,development,disable_cfp_to_oct,mean,0.0
53ee3b6aea3801571a6a7719d5700f7f79664108aa98a20fe2a6f4baedf63cfe,bee82492973c6c7074665044ea3f2e004f4dea1433105ff157a536cc28474c64,development,disable_both,cfp,0.0
53ee3b6aea3801571a6a7719d5700f7f79664108aa98a20fe2a6f4baedf63cfe,bee82492973c6c7074665044ea3f2e004f4dea1433105ff157a536cc28474c64,development,disable_both,oct,0.0
53ee3b6aea3801571a6a7719d5700f7f79664108aa98a20fe2a6f4baedf63cfe,bee82492973c6c7074665044ea3f2e004f4dea1433105ff157a536cc28474c64,development,disable_both,mean,0.0
53ee3b6aea3801571a6a7719d5700f7f79664108aa98a20fe2a6f4baedf63cfe,bee82492973c6c7074665044ea3f2e004f4dea1433105ff157a536cc28474c64,development,shuffle_oct_to_cfp,cfp,0.0
53ee3b6aea3801571a6a7719d5700f7f79664108aa98a20fe2a6f4baedf63cfe,bee82492973c6c7074665044ea3f2e004f4dea1433105ff157a536cc28474c64,development,shuffle_oct_to_cfp,oct,0.0
53ee3b6aea3801571a6a7719d5700f7f79664108aa98a20fe2a6f4baedf63cfe,bee82492973c6c7074665044ea3f2e004f4dea1433105ff157a536cc28474c64,development,shuffle_oct_to_cfp,mean,0.0
53ee3b6aea3801571a6a7719d5700f7f79664108aa98a20fe2a6f4baedf63cfe,bee82492973c6c7074665044ea3f2e004f4dea1433105ff157a536cc28474c64,development,shuffle_cfp_to_oct,cfp,0.0
53ee3b6aea3801571a6a7719d5700f7f79664108aa98a20fe2a6f4baedf63cfe,bee82492973c6c7074665044ea3f2e004f4dea1433105ff157a536cc28474c64,development,shuffle_cfp_to_oct,oct,0.0
53ee3b6aea3801571a6a7719d5700f7f79664108aa98a20fe2a6f4baedf63cfe,bee82492973c6c7074665044ea3f2e004f4dea1433105ff157a536cc28474c64,development,shuffle_cfp_to_oct,mean,0.0
53ee3b6aea3801571a6a7719d5700f7f79664108aa98a20fe2a6f4baedf63cfe,bee82492973c6c7074665044ea3f2e004f4dea1433105ff157a536cc28474c64,development,shuffle_both,cfp,0.0
53ee3b6aea3801571a6a7719d5700f7f79664108aa98a20fe2a6f4baedf63cfe,bee82492973c6c7074665044ea3f2e004f4dea1433105ff157a536cc28474c64,development,shuffle_both,oct,0.0
53ee3b6aea3801571a6a7719d5700f7f79664108aa98a20fe2a6f4baedf63cfe,bee82492973c6c7074665044ea3f2e004f4dea1433105ff157a536cc28474c64,development,shuffle_both,mean,0.0
53ee3b6aea3801571a6a7719d5700f7f79664108aa98a20fe2a6f4baedf63cfe,bee82492973c6c7074665044ea3f2e004f4dea1433105ff157a536cc28474c64,test,disable_oct_to_cfp,cfp,0.0
53ee3b6aea3801571a6a7719d5700f7f79664108aa98a20fe2a6f4baedf63cfe,bee82492973c6c7074665044ea3f2e004f4dea1433105ff157a536cc28474c64,test,disable_oct_to_cfp,oct,0.0
53ee3b6aea3801571a6a7719d5700f7f79664108aa98a20fe2a6f4baedf63cfe,bee82492973c6c7074665044ea3f2e004f4dea1433105ff157a536cc28474c64,test,disable_oct_to_cfp,mean,0.0
53ee3b6aea3801571a6a7719d5700f7f79664108aa98a20fe2a6f4baedf63cfe,bee82492973c6c7074665044ea3f2e004f4dea1433105ff157a536cc28474c64,test,disable_cfp_to_oct,cfp,0.0
53ee3b6aea3801571a6a7719d5700f7f79664108aa98a20fe2a6f4baedf63cfe,bee82492973c6c7074665044ea3f2e004f4dea1433105ff157a536cc28474c64,test,disable_cfp_to_oct,oct,0.0
53ee3b6aea3801571a6a7719d5700f7f79664108aa98a20fe2a6f4baedf63cfe,bee82492973c6c7074665044ea3f2e004f4dea1433105ff157a536cc28474c64,test,disable_cfp_to_oct,mean,0.0
53ee3b6aea3801571a6a7719d5700f7f79664108aa98a20fe2a6f4baedf63cfe,bee82492973c6c7074665044ea3f2e004f4dea1433105ff157a536cc28474c64,test,disable_both,cfp,0.0
53ee3b6aea3801571a6a7719d5700f7f79664108aa98a20fe2a6f4baedf63cfe,bee82492973c6c7074665044ea3f2e004f4dea1433105ff157a536cc28474c64,test,disable_both,oct,0.0
53ee3b6aea3801571a6a7719d5700f7f79664108aa98a20fe2a6f4baedf63cfe,bee82492973c6c7074665044ea3f2e004f4dea1433105ff157a536cc28474c64,test,disable_both,mean,0.0
53ee3b6aea3801571a6a7719d5700f7f79664108aa98a20fe2a6f4baedf63cfe,bee82492973c6c7074665044ea3f2e004f4dea1433105ff157a536cc28474c64,test,shuffle_oct_to_cfp,cfp,0.0
53ee3b6aea3801571a6a7719d5700f7f79664108aa98a20fe2a6f4baedf63cfe,bee82492973c6c7074665044ea3f2e004f4dea1433105ff157a536cc28474c64,test,shuffle_oct_to_cfp,oct,0.0
53ee3b6aea3801571a6a7719d5700f7f79664108aa98a20fe2a6f4baedf63cfe,bee82492973c6c7074665044ea3f2e004f4dea1433105ff157a536cc28474c64,test,shuffle_oct_to_cfp,mean,0.0
53ee3b6aea3801571a6a7719d5700f7f79664108aa98a20fe2a6f4baedf63cfe,bee82492973c6c7074665044ea3f2e004f4dea1433105ff157a536cc28474c64,test,shuffle_cfp_to_oct,cfp,0.0
53ee3b6aea3801571a6a7719d5700f7f79664108aa98a20fe2a6f4baedf63cfe,bee82492973c6c7074665044ea3f2e004f4dea1433105ff157a536cc28474c64,test,shuffle_cfp_to_oct,oct,0.0
53ee3b6aea3801571a6a7719d5700f7f79664108aa98a20fe2a6f4baedf63cfe,bee82492973c6c7074665044ea3f2e004f4dea1433105ff157a536cc28474c64,test,shuffle_cfp_to_oct,mean,0.0
53ee3b6aea3801571a6a7719d5700f7f79664108aa98a20fe2a6f4baedf63cfe,bee82492973c6c7074665044ea3f2e004f4dea1433105ff157a536cc28474c64,test,shuffle_both,cfp,0.0
53ee3b6aea3801571a6a7719d5700f7f79664108aa98a20fe2a6f4baedf63cfe,bee82492973c6c7074665044ea3f2e004f4dea1433105ff157a536cc28474c64,test,shuffle_both,oct,0.0
53ee3b6aea3801571a6a7719d5700f7f79664108aa98a20fe2a6f4baedf63cfe,bee82492973c6c7074665044ea3f2e004f4dea1433105ff157a536cc28474c64,test,shuffle_both,mean,0.0
5f33e932f8d08c45782417fb6454b56c21c8785ac7d7abf022e560d363c94205,ea39cf59370cb98ce80cb847b974f1e2133360d1c372765a9ebe8fcb9a2e00cc,development,disable_oct_to_cfp,cfp,0.0
5f33e932f8d08c45782417fb6454b56c21c8785ac7d7abf022e560d363c94205,ea39cf59370cb98ce80cb847b974f1e2133360d1c372765a9ebe8fcb9a2e00cc,development,disable_oct_to_cfp,oct,0.0
5f33e932f8d08c45782417fb6454b56c21c8785ac7d7abf022e560d363c94205,ea39cf59370cb98ce80cb847b974f1e2133360d1c372765a9ebe8fcb9a2e00cc,development,disable_oct_to_cfp,mean,0.0
5f33e932f8d08c45782417fb6454b56c21c8785ac7d7abf022e560d363c94205,ea39cf59370cb98ce80cb847b974f1e2133360d1c372765a9ebe8fcb9a2e00cc,development,disable_cfp_to_oct,cfp,0.0
5f33e932f8d08c45782417fb6454b56c21c8785ac7d7abf022e560d363c94205,ea39cf59370cb98ce80cb847b974f1e2133360d1c372765a9ebe8fcb9a2e00cc,development,disable_cfp_to_oct,oct,36.21120663374184
5f33e932f8d08c45782417fb6454b56c21c8785ac7d7abf022e560d363c94205,ea39cf59370cb98ce80cb847b974f1e2133360d1c372765a9ebe8fcb9a2e00cc,development,disable_cfp_to_oct,mean,18.105603316870923
5f33e932f8d08c45782417fb6454b56c21c8785ac7d7abf022e560d363c94205,ea39cf59370cb98ce80cb847b974f1e2133360d1c372765a9ebe8fcb9a2e00cc,development,disable_both,cfp,0.0
5f33e932f8d08c45782417fb6454b56c21c8785ac7d7abf022e560d363c94205,ea39cf59370cb98ce80cb847b974f1e2133360d1c372765a9ebe8fcb9a2e00cc,development,disable_both,oct,36.21120663374184
5f33e932f8d08c45782417fb6454b56c21c8785ac7d7abf022e560d363c94205,ea39cf59370cb98ce80cb847b974f1e2133360d1c372765a9ebe8fcb9a2e00cc,development,disable_both,mean,18.105603316870923
5f33e932f8d08c45782417fb6454b56c21c8785ac7d7abf022e560d363c94205,ea39cf59370cb98ce80cb847b974f1e2133360d1c372765a9ebe8fcb9a2e00cc,development,shuffle_oct_to_cfp,cfp,0.0
5f33e932f8d08c45782417fb6454b56c21c8785ac7d7abf022e560d363c94205,ea39cf59370cb98ce80cb847b974f1e2133360d1c372765a9ebe8fcb9a2e00cc,development,shuffle_oct_to_cfp,oct,0.0
5f33e932f8d08c45782417fb6454b56c21c8785ac7d7abf022e560d363c94205,ea39cf59370cb98ce80cb847b974f1e2133360d1c372765a9ebe8fcb9a2e00cc,development,shuffle_oct_to_cfp,mean,0.0
5f33e932f8d08c45782417fb6454b56c21c8785ac7d7abf022e560d363c94205,ea39cf59370cb98ce80cb847b974f1e2133360d1c372765a9ebe8fcb9a2e00cc,development,shuffle_cfp_to_oct,cfp,0.0
5f33e932f8d08c45782417fb6454b56c21c8785ac7d7abf022e560d363c94205,ea39cf59370cb98ce80cb847b974f1e2133360d1c372765a9ebe8fcb9a2e00cc,development,shuffle_cfp_to_oct,oct,12.928665378369775
5f33e932f8d08c45782417fb6454b56c21c8785ac7d7abf022e560d363c94205,ea39cf59370cb98ce80cb847b974f1e2133360d1c372765a9ebe8fcb9a2e00cc,development,shuffle_cfp_to_oct,mean,6.464332689184882
5f33e932f8d08c45782417fb6454b56c21c8785ac7d7abf022e560d363c94205,ea39cf59370cb98ce80cb847b974f1e2133360d1c372765a9ebe8fcb9a2e00cc,development,shuffle_both,cfp,0.0
5f33e932f8d08c45782417fb6454b56c21c8785ac7d7abf022e560d363c94205,ea39cf59370cb98ce80cb847b974f1e2133360d1c372765a9ebe8fcb9a2e00cc,development,shuffle_both,oct,12.928665378369775
5f33e932f8d08c45782417fb6454b56c21c8785ac7d7abf022e560d363c94205,ea39cf59370cb98ce80cb847b974f1e2133360d1c372765a9ebe8fcb9a2e00cc,development,shuffle_both,mean,6.464332689184882
5f33e932f8d08c45782417fb6454b56c21c8785ac7d7abf022e560d363c94205,ea39cf59370cb98ce80cb847b974f1e2133360d1c372765a9ebe8fcb9a2e00cc,test,disable_oct_to_cfp,cfp,0.0
5f33e932f8d08c45782417fb6454b56c21c8785ac7d7abf022e560d363c94205,ea39cf59370cb98ce80cb847b974f1e2133360d1c372765a9ebe8fcb9a2e00cc,test,disable_oct_to_cfp,oct,0.0
5f33e932f8d08c45782417fb6454b56c21c8785ac7d7abf022e560d363c94205,ea39cf59370cb98ce80cb847b974f1e2133360d1c372765a9ebe8fcb9a2e00cc,test,disable_oct_to_cfp,mean,0.0
5f33e932f8d08c45782417fb6454b56c21c8785ac7d7abf022e560d363c94205,ea39cf59370cb98ce80cb847b974f1e2133360d1c372765a9ebe8fcb9a2e00cc,test,disable_cfp_to_oct,cfp,0.0
5f33e932f8d08c45782417fb6454b56c21c8785ac7d7abf022e560d363c94205,ea39cf59370cb98ce80cb847b974f1e2133360d1c372765a9ebe8fcb9a2e00cc,test,disable_cfp_to_oct,oct,27.264492753623188
5f33e932f8d08c45782417fb6454b56c21c8785ac7d7abf022e560d363c94205,ea39cf59370cb98ce80cb847b974f1e2133360d1c372765a9ebe8fcb9a2e00cc,test,disable_cfp_to_oct,mean,13.632246376811597
5f33e932f8d08c45782417fb6454b56c21c8785ac7d7abf022e560d363c94205,ea39cf59370cb98ce80cb847b974f1e2133360d1c372765a9ebe8fcb9a2e00cc,test,disable_both,cfp,0.0
5f33e932f8d08c45782417fb6454b56c21c8785ac7d7abf022e560d363c94205,ea39cf59370cb98ce80cb847b974f1e2133360d1c372765a9ebe8fcb9a2e00cc,test,disable_both,oct,27.264492753623188
5f33e932f8d08c45782417fb6454b56c21c8785ac7d7abf022e560d363c94205,ea39cf59370cb98ce80cb847b974f1e2133360d1c372765a9ebe8fcb9a2e00cc,test,disable_both,mean,13.632246376811597
5f33e932f8d08c45782417fb6454b56c21c8785ac7d7abf022e560d363c94205,ea39cf59370cb98ce80cb847b974f1e2133360d1c372765a9ebe8fcb9a2e00cc,test,shuffle_oct_to_cfp,cfp,0.0
5f33e932f8d08c45782417fb6454b56c21c8785ac7d7abf022e560d363c94205,ea39cf59370cb98ce80cb847b974f1e2133360d1c372765a9ebe8fcb9a2e00cc,test,shuffle_oct_to_cfp,oct,0.0
5f33e932f8d08c45782417fb6454b56c21c8785ac7d7abf022e560d363c94205,ea39cf59370cb98ce80cb847b974f1e2133360d1c372765a9ebe8fcb9a2e00cc,test,shuffle_oct_to_cfp,mean,0.0
5f33e932f8d08c45782417fb6454b56c21c8785ac7d7abf022e560d363c94205,ea39cf59370cb98ce80cb847b974f1e2133360d1c372765a9ebe8fcb9a2e00cc,test,shuffle_cfp_to_oct,cfp,0.0
5f33e932f8d08c45782417fb6454b56c21c8785ac7d7abf022e560d363c94205,ea39cf59370cb98ce80cb847b974f1e2133360d1c372765a9ebe8fcb9a2e00cc,test,shuffle_cfp_to_oct,oct,4.679114061615319
5f33e932f8d08c45782417fb6454b56c21c8785ac7d7abf022e560d363c94205,ea39cf59370cb98ce80cb847b974f1e2133360d1c372765a9ebe8fcb9a2e00cc,test,shuffle_cfp_to_oct,mean,2.3395570308076596
5f33e932f8d08c45782417fb6454b56c21c8785ac7d7abf022e560d363c94205,ea39cf59370cb98ce80cb847b974f1e2133360d1c372765a9ebe8fcb9a2e00cc,test,shuffle_both,cfp,0.0
5f33e932f8d08c45782417fb6454b56c21c8785ac7d7abf022e560d363c94205,ea39cf59370cb98ce80cb847b974f1e2133360d1c372765a9ebe8fcb9a2e00cc,test,shuffle_both,oct,4.679114061615319
5f33e932f8d08c45782417fb6454b56c21c8785ac7d7abf022e560d363c94205,ea39cf59370cb98ce80cb847b974f1e2133360d1c372765a9ebe8fcb9a2e00cc,test,shuffle_both,mean,2.3395570308076596
fc918c193c0baac76658d9731017d99b2ccc89f0f809c1fb9b51458aa75b30c7,dbd44696d3e4457162b3793692d44a261223a79f80f7f3d0f2027368a0bcf5f8,development,disable_oct_to_cfp,cfp,8.675438659728595
fc918c193c0baac76658d9731017d99b2ccc89f0f809c1fb9b51458aa75b30c7,dbd44696d3e4457162b3793692d44a261223a79f80f7f3d0f2027368a0bcf5f8,development,disable_oct_to_cfp,oct,0.0
fc918c193c0baac76658d9731017d99b2ccc89f0f809c1fb9b51458aa75b30c7,dbd44696d3e4457162b3793692d44a261223a79f80f7f3d0f2027368a0bcf5f8,development,disable_oct_to_cfp,mean,4.3377193298642975
fc918c193c0baac76658d9731017d99b2ccc89f0f809c1fb9b51458aa75b30c7,dbd44696d3e4457162b3793692d44a261223a79f80f7f3d0f2027368a0bcf5f8,development,disable_cfp_to_oct,cfp,0.0
fc918c193c0baac76658d9731017d99b2ccc89f0f809c1fb9b51458aa75b30c7,dbd44696d3e4457162b3793692d44a261223a79f80f7f3d0f2027368a0bcf5f8,development,disable_cfp_to_oct,oct,0.0
fc918c193c0baac76658d9731017d99b2ccc89f0f809c1fb9b51458aa75b30c7,dbd44696d3e4457162b3793692d44a261223a79f80f7f3d0f2027368a0bcf5f8,development,disable_cfp_to_oct,mean,0.0
fc918c193c0baac76658d9731017d99b2ccc89f0f809c1fb9b51458aa75b30c7,dbd44696d3e4457162b3793692d44a261223a79f80f7f3d0f2027368a0bcf5f8,development,disable_both,cfp,8.675438659728595
fc918c193c0baac76658d9731017d99b2ccc89f0f809c1fb9b51458aa75b30c7,dbd44696d3e4457162b3793692d44a261223a79f80f7f3d0f2027368a0bcf5f8,development,disable_both,oct,0.0
fc918c193c0baac76658d9731017d99b2ccc89f0f809c1fb9b51458aa75b30c7,dbd44696d3e4457162b3793692d44a261223a79f80f7f3d0f2027368a0bcf5f8,development,disable_both,mean,4.3377193298642975
fc918c193c0baac76658d9731017d99b2ccc89f0f809c1fb9b51458aa75b30c7,dbd44696d3e4457162b3793692d44a261223a79f80f7f3d0f2027368a0bcf5f8,development,shuffle_oct_to_cfp,cfp,9.024825401409387
fc918c193c0baac76658d9731017d99b2ccc89f0f809c1fb9b51458aa75b30c7,dbd44696d3e4457162b3793692d44a261223a79f80f7f3d0f2027368a0bcf5f8,development,shuffle_oct_to_cfp,oct,0.0
fc918c193c0baac76658d9731017d99b2ccc89f0f809c1fb9b51458aa75b30c7,dbd44696d3e4457162b3793692d44a261223a79f80f7f3d0f2027368a0bcf5f8,development,shuffle_oct_to_cfp,mean,4.512412700704694
fc918c193c0baac76658d9731017d99b2ccc89f0f809c1fb9b51458aa75b30c7,dbd44696d3e4457162b3793692d44a261223a79f80f7f3d0f2027368a0bcf5f8,development,shuffle_cfp_to_oct,cfp,0.0
fc918c193c0baac76658d9731017d99b2ccc89f0f809c1fb9b51458aa75b30c7,dbd44696d3e4457162b3793692d44a261223a79f80f7f3d0f2027368a0bcf5f8,development,shuffle_cfp_to_oct,oct,0.0
fc918c193c0baac76658d9731017d99b2ccc89f0f809c1fb9b51458aa75b30c7,dbd44696d3e4457162b3793692d44a261223a79f80f7f3d0f2027368a0bcf5f8,development,shuffle_cfp_to_oct,mean,0.0
fc918c193c0baac76658d9731017d99b2ccc89f0f809c1fb9b51458aa75b30c7,dbd44696d3e4457162b3793692d44a261223a79f80f7f3d0f2027368a0bcf5f8,development,shuffle_both,cfp,9.024825401409387
fc918c193c0baac76658d9731017d99b2ccc89f0f809c1fb9b51458aa75b30c7,dbd44696d3e4457162b3793692d44a261223a79f80f7f3d0f2027368a0bcf5f8,development,shuffle_both,oct,0.0
fc918c193c0baac76658d9731017d99b2ccc89f0f809c1fb9b51458aa75b30c7,dbd44696d3e4457162b3793692d44a261223a79f80f7f3d0f2027368a0bcf5f8,development,shuffle_both,mean,4.512412700704694
fc918c193c0baac76658d9731017d99b2ccc89f0f809c1fb9b51458aa75b30c7,dbd44696d3e4457162b3793692d44a261223a79f80f7f3d0f2027368a0bcf5f8,test,disable_oct_to_cfp,cfp,6.515495205640631
fc918c193c0baac76658d9731017d99b2ccc89f0f809c1fb9b51458aa75b30c7,dbd44696d3e4457162b3793692d44a261223a79f80f7f3d0f2027368a0bcf5f8,test,disable_oct_to_cfp,oct,0.0
fc918c193c0baac76658d9731017d99b2ccc89f0f809c1fb9b51458aa75b30c7,dbd44696d3e4457162b3793692d44a261223a79f80f7f3d0f2027368a0bcf5f8,test,disable_oct_to_cfp,mean,3.2577476028203156
fc918c193c0baac76658d9731017d99b2ccc89f0f809c1fb9b51458aa75b30c7,dbd44696d3e4457162b3793692d44a261223a79f80f7f3d0f2027368a0bcf5f8,test,disable_cfp_to_oct,cfp,0.0
fc918c193c0baac76658d9731017d99b2ccc89f0f809c1fb9b51458aa75b30c7,dbd44696d3e4457162b3793692d44a261223a79f80f7f3d0f2027368a0bcf5f8,test,disable_cfp_to_oct,oct,0.0
fc918c193c0baac76658d9731017d99b2ccc89f0f809c1fb9b51458aa75b30c7,dbd44696d3e4457162b3793692d44a261223a79f80f7f3d0f2027368a0bcf5f8,test,disable_cfp_to_oct,mean,0.0
fc918c193c0baac76658d9731017d99b2ccc89f0f809c1fb9b51458aa75b30c7,dbd44696d3e4457162b3793692d44a261223a79f80f7f3d0f2027368a0bcf5f8,test,disable_both,cfp,6.515495205640631
fc918c193c0baac76658d9731017d99b2ccc89f0f809c1fb9b51458aa75b30c7,dbd44696d3e4457162b3793692d44a261223a79f80f7f3d0f2027368a0bcf5f8,test,disable_both,oct,0.0
fc918c193c0baac76658d9731017d99b2ccc89f0f809c1fb9b51458aa75b30c7,dbd44696d3e4457162b3793692d44a261223a79f80f7f3d0f2027368a0bcf5f8,test,disable_both,mean,3.2577476028203156
fc918c193c0baac76658d9731017d99b2ccc89f0f809c1fb9b51458aa75b30c7,dbd44696d3e4457162b3793692d44a261223a79f80f7f3d0f2027368a0bcf5f8,test,shuffle_oct_to_cfp,cfp,6.460555238637311
fc918c193c0baac76658d9731017d99b2ccc89f0f809c1fb9b51458aa75b30c7,dbd44696d3e4457162b3793692d44a261223a79f80f7f3d0f2027368a0bcf5f8,test,shuffle_oct_to_cfp,oct,0.0
fc918c193c0baac76658d9731017d99b2ccc89f0f809c1fb9b51458aa75b30c7,dbd44696d3e4457162b3793692d44a261223a79f80f7f3d0f2027368a0bcf5f8,test,shuffle_oct_to_cfp,mean,3.2302776193186555
fc918c193c0baac76658d9731017d99b2ccc89f0f809c1fb9b51458aa75b30c7,dbd44696d3e4457162b3793692d44a261223a79f80f7f3d0f2027368a0bcf5f8,test,shuffle_cfp_to_oct,cfp,0.0
fc918c193c0baac76658d9731017d99b2ccc89f0f809c1fb9b51458aa75b30c7,dbd44696d3e4457162b3793692d44a261223a79f80f7f3d0f2027368a0bcf5f8,test,shuffle_cfp_to_oct,oct,0.0
fc918c193c0baac76658d9731017d99b2ccc89f0f809c1fb9b51458aa75b30c7,dbd44696d3e4457162b3793692d44a261223a79f80f7f3d0f2027368a0bcf5f8,test,shuffle_cfp_to_oct,mean,0.0
fc918c193c0baac76658d9731017d99b2ccc89f0f809c1fb9b51458aa75b30c7,dbd44696d3e4457162b3793692d44a261223a79f80f7f3d0f2027368a0bcf5f8,test,shuffle_both,cfp,6.460555238637311
fc918c193c0baac76658d9731017d99b2ccc89f0f809c1fb9b51458aa75b30c7,dbd44696d3e4457162b3793692d44a261223a79f80f7f3d0f2027368a0bcf5f8,test,shuffle_both,oct,0.0
fc918c193c0baac76658d9731017d99b2ccc89f0f809c1fb9b51458aa75b30c7,dbd44696d3e4457162b3793692d44a261223a79f80f7f3d0f2027368a0bcf5f8,test,shuffle_both,mean,3.2302776193186555
4cd1c03fc2de05259e6651c69ec4353882addc62861e596c2a27f8e1bc91e81f,d126d0c0ca950b2a1973baf7d45c5594093668dffcb726a80627c0ba3c94bb9b,development,disable_oct_to_cfp,cfp,0.0
4cd1c03fc2de05259e6651c69ec4353882addc62861e596c2a27f8e1bc91e81f,d126d0c0ca950b2a1973baf7d45c5594093668dffcb726a80627c0ba3c94bb9b,development,disable_oct_to_cfp,oct,0.0
4cd1c03fc2de05259e6651c69ec4353882addc62861e596c2a27f8e1bc91e81f,d126d0c0ca950b2a1973baf7d45c5594093668dffcb726a80627c0ba3c94bb9b,development,disable_oct_to_cfp,mean,0.0
4cd1c03fc2de05259e6651c69ec4353882addc62861e596c2a27f8e1bc91e81f,d126d0c0ca950b2a1973baf7d45c5594093668dffcb726a80627c0ba3c94bb9b,development,disable_cfp_to_oct,cfp,0.0
4cd1c03fc2de05259e6651c69ec4353882addc62861e596c2a27f8e1bc91e81f,d126d0c0ca950b2a1973baf7d45c5594093668dffcb726a80627c0ba3c94bb9b,development,disable_cfp_to_oct,oct,0.0
4cd1c03fc2de05259e6651c69ec4353882addc62861e596c2a27f8e1bc91e81f,d126d0c0ca950b2a1973baf7d45c5594093668dffcb726a80627c0ba3c94bb9b,development,disable_cfp_to_oct,mean,0.0
4cd1c03fc2de05259e6651c69ec4353882addc62861e596c2a27f8e1bc91e81f,d126d0c0ca950b2a1973baf7d45c5594093668dffcb726a80627c0ba3c94bb9b,development,disable_both,cfp,0.0
4cd1c03fc2de05259e6651c69ec4353882addc62861e596c2a27f8e1bc91e81f,d126d0c0ca950b2a1973baf7d45c5594093668dffcb726a80627c0ba3c94bb9b,development,disable_both,oct,0.0
4cd1c03fc2de05259e6651c69ec4353882addc62861e596c2a27f8e1bc91e81f,d126d0c0ca950b2a1973baf7d45c5594093668dffcb726a80627c0ba3c94bb9b,development,disable_both,mean,0.0
4cd1c03fc2de05259e6651c69ec4353882addc62861e596c2a27f8e1bc91e81f,d126d0c0ca950b2a1973baf7d45c5594093668dffcb726a80627c0ba3c94bb9b,development,shuffle_oct_to_cfp,cfp,0.0
4cd1c03fc2de05259e6651c69ec4353882addc62861e596c2a27f8e1bc91e81f,d126d0c0ca950b2a1973baf7d45c5594093668dffcb726a80627c0ba3c94bb9b,development,shuffle_oct_to_cfp,oct,0.0
4cd1c03fc2de05259e6651c69ec4353882addc62861e596c2a27f8e1bc91e81f,d126d0c0ca950b2a1973baf7d45c5594093668dffcb726a80627c0ba3c94bb9b,development,shuffle_oct_to_cfp,mean,0.0
4cd1c03fc2de05259e6651c69ec4353882addc62861e596c2a27f8e1bc91e81f,d126d0c0ca950b2a1973baf7d45c5594093668dffcb726a80627c0ba3c94bb9b,development,shuffle_cfp_to_oct,cfp,0.0
4cd1c03fc2de05259e6651c69ec4353882addc62861e596c2a27f8e1bc91e81f,d126d0c0ca950b2a1973baf7d45c5594093668dffcb726a80627c0ba3c94bb9b,development,shuffle_cfp_to_oct,oct,0.0
4cd1c03fc2de05259e6651c69ec4353882addc62861e596c2a27f8e1bc91e81f,d126d0c0ca950b2a1973baf7d45c5594093668dffcb726a80627c0ba3c94bb9b,development,shuffle_cfp_to_oct,mean,0.0
4cd1c03fc2de05259e6651c69ec4353882addc62861e596c2a27f8e1bc91e81f,d126d0c0ca950b2a1973baf7d45c5594093668dffcb726a80627c0ba3c94bb9b,development,shuffle_both,cfp,0.0
4cd1c03fc2de05259e6651c69ec4353882addc62861e596c2a27f8e1bc91e81f,d126d0c0ca950b2a1973baf7d45c5594093668dffcb726a80627c0ba3c94bb9b,development,shuffle_both,oct,0.0
4cd1c03fc2de05259e6651c69ec4353882addc62861e596c2a27f8e1bc91e81f,d126d0c0ca950b2a1973baf7d45c5594093668dffcb726a80627c0ba3c94bb9b,development,shuffle_both,mean,0.0
4cd1c03fc2de05259e6651c69ec4353882addc62861e596c2a27f8e1bc91e81f,d126d0c0ca950b2a1973baf7d45c5594093668dffcb726a80627c0ba3c94bb9b,test,disable_oct_to_cfp,cfp,0.0
4cd1c03fc2de05259e6651c69ec4353882addc62861e596c2a27f8e1bc91e81f,d126d0c0ca950b2a1973baf7d45c5594093668dffcb726a80627c0ba3c94bb9b,test,disable_oct_to_cfp,oct,0.0
4cd1c03fc2de05259e6651c69ec4353882addc62861e596c2a27f8e1bc91e81f,d126d0c0ca950b2a1973baf7d45c5594093668dffcb726a80627c0ba3c94bb9b,test,disable_oct_to_cfp,mean,0.0
4cd1c03fc2de05259e6651c69ec4353882addc62861e596c2a27f8e1bc91e81f,d126d0c0ca950b2a1973baf7d45c5594093668dffcb726a80627c0ba3c94bb9b,test,disable_cfp_to_oct,cfp,0.0
4cd1c03fc2de05259e6651c69ec4353882addc62861e596c2a27f8e1bc91e81f,d126d0c0ca950b2a1973baf7d45c5594093668dffcb726a80627c0ba3c94bb9b,test,disable_cfp_to_oct,oct,0.0
4cd1c03fc2de05259e6651c69ec4353882addc62861e596c2a27f8e1bc91e81f,d126d0c0ca950b2a1973baf7d45c5594093668dffcb726a80627c0ba3c94bb9b,test,disable_cfp_to_oct,mean,0.0
4cd1c03fc2de05259e6651c69ec4353882addc62861e596c2a27f8e1bc91e81f,d126d0c0ca950b2a1973baf7d45c5594093668dffcb726a80627c0ba3c94bb9b,test,disable_both,cfp,0.0
4cd1c03fc2de05259e6651c69ec4353882addc62861e596c2a27f8e1bc91e81f,d126d0c0ca950b2a1973baf7d45c5594093668dffcb726a80627c0ba3c94bb9b,test,disable_both,oct,0.0
4cd1c03fc2de05259e6651c69ec4353882addc62861e596c2a27f8e1bc91e81f,d126d0c0ca950b2a1973baf7d45c5594093668dffcb726a80627c0ba3c94bb9b,test,disable_both,mean,0.0
4cd1c03fc2de05259e6651c69ec4353882addc62861e596c2a27f8e1bc91e81f,d126d0c0ca950b2a1973baf7d45c5594093668dffcb726a80627c0ba3c94bb9b,test,shuffle_oct_to_cfp,cfp,0.0
4cd1c03fc2de05259e6651c69ec4353882addc62861e596c2a27f8e1bc91e81f,d126d0c0ca950b2a1973baf7d45c5594093668dffcb726a80627c0ba3c94bb9b,test,shuffle_oct_to_cfp,oct,0.0
4cd1c03fc2de05259e6651c69ec4353882addc62861e596c2a27f8e1bc91e81f,d126d0c0ca950b2a1973baf7d45c5594093668dffcb726a80627c0ba3c94bb9b,test,shuffle_oct_to_cfp,mean,0.0
4cd1c03fc2de05259e6651c69ec4353882addc62861e596c2a27f8e1bc91e81f,d126d0c0ca950b2a1973baf7d45c5594093668dffcb726a80627c0ba3c94bb9b,test,shuffle_cfp_to_oct,cfp,0.0
4cd1c03fc2de05259e6651c69ec4353882addc62861e596c2a27f8e1bc91e81f,d126d0c0ca950b2a1973baf7d45c5594093668dffcb726a80627c0ba3c94bb9b,test,shuffle_cfp_to_oct,oct,0.0
4cd1c03fc2de05259e6651c69ec4353882addc62861e596c2a27f8e1bc91e81f,d126d0c0ca950b2a1973baf7d45c5594093668dffcb726a80627c0ba3c94bb9b,test,shuffle_cfp_to_oct,mean,0.0
4cd1c03fc2de05259e6651c69ec4353882addc62861e596c2a27f8e1bc91e81f,d126d0c0ca950b2a1973baf7d45c5594093668dffcb726a80627c0ba3c94bb9b,test,shuffle_both,cfp,0.0
4cd1c03fc2de05259e6651c69ec4353882addc62861e596c2a27f8e1bc91e81f,d126d0c0ca950b2a1973baf7d45c5594093668dffcb726a80627c0ba3c94bb9b,test,shuffle_both,oct,0.0
4cd1c03fc2de05259e6651c69ec4353882addc62861e596c2a27f8e1bc91e81f,d126d0c0ca950b2a1973baf7d45c5594093668dffcb726a80627c0ba3c94bb9b,test,shuffle_both,mean,0.0
32f0c1cae37056424c7524b176edb74567eda9971fa0c1257f89dec03c35f7bb,ca024114563e3b833359703354c80ba0570b0c4d0d99075f664ad28c04dbecaf,development,disable_oct_to_cfp,cfp,37.271755301136515
32f0c1cae37056424c7524b176edb74567eda9971fa0c1257f89dec03c35f7bb,ca024114563e3b833359703354c80ba0570b0c4d0d99075f664ad28c04dbecaf,development,disable_oct_to_cfp,oct,0.0
32f0c1cae37056424c7524b176edb74567eda9971fa0c1257f89dec03c35f7bb,ca024114563e3b833359703354c80ba0570b0c4d0d99075f664ad28c04dbecaf,development,disable_oct_to_cfp,mean,18.63587765056827
32f0c1cae37056424c7524b176edb74567eda9971fa0c1257f89dec03c35f7bb,ca024114563e3b833359703354c80ba0570b0c4d0d99075f664ad28c04dbecaf,development,disable_cfp_to_oct,cfp,0.0
32f0c1cae37056424c7524b176edb74567eda9971fa0c1257f89dec03c35f7bb,ca024114563e3b833359703354c80ba0570b0c4d0d99075f664ad28c04dbecaf,development,disable_cfp_to_oct,oct,0.0
32f0c1cae37056424c7524b176edb74567eda9971fa0c1257f89dec03c35f7bb,ca024114563e3b833359703354c80ba0570b0c4d0d99075f664ad28c04dbecaf,development,disable_cfp_to_oct,mean,0.0
32f0c1cae37056424c7524b176edb74567eda9971fa0c1257f89dec03c35f7bb,ca024114563e3b833359703354c80ba0570b0c4d0d99075f664ad28c04dbecaf,development,disable_both,cfp,37.271755301136515
32f0c1cae37056424c7524b176edb74567eda9971fa0c1257f89dec03c35f7bb,ca024114563e3b833359703354c80ba0570b0c4d0d99075f664ad28c04dbecaf,development,disable_both,oct,0.0
32f0c1cae37056424c7524b176edb74567eda9971fa0c1257f89dec03c35f7bb,ca024114563e3b833359703354c80ba0570b0c4d0d99075f664ad28c04dbecaf,development,disable_both,mean,18.63587765056827
32f0c1cae37056424c7524b176edb74567eda9971fa0c1257f89dec03c35f7bb,ca024114563e3b833359703354c80ba0570b0c4d0d99075f664ad28c04dbecaf,development,shuffle_oct_to_cfp,cfp,6.89439027843367
32f0c1cae37056424c7524b176edb74567eda9971fa0c1257f89dec03c35f7bb,ca024114563e3b833359703354c80ba0570b0c4d0d99075f664ad28c04dbecaf,development,shuffle_oct_to_cfp,oct,0.0
32f0c1cae37056424c7524b176edb74567eda9971fa0c1257f89dec03c35f7bb,ca024114563e3b833359703354c80ba0570b0c4d0d99075f664ad28c04dbecaf,development,shuffle_oct_to_cfp,mean,3.447195139216841
32f0c1cae37056424c7524b176edb74567eda9971fa0c1257f89dec03c35f7bb,ca024114563e3b833359703354c80ba0570b0c4d0d99075f664ad28c04dbecaf,development,shuffle_cfp_to_oct,cfp,0.0
32f0c1cae37056424c7524b176edb74567eda9971fa0c1257f89dec03c35f7bb,ca024114563e3b833359703354c80ba0570b0c4d0d99075f664ad28c04dbecaf,development,shuffle_cfp_to_oct,oct,0.0
32f0c1cae37056424c7524b176edb74567eda9971fa0c1257f89dec03c35f7bb,ca024114563e3b833359703354c80ba0570b0c4d0d99075f664ad28c04dbecaf,development,shuffle_cfp_to_oct,mean,0.0
32f0c1cae37056424c7524b176edb74567eda9971fa0c1257f89dec03c35f7bb,ca024114563e3b833359703354c80ba0570b0c4d0d99075f664ad28c04dbecaf,development,shuffle_both,cfp,6.89439027843367
32f0c1cae37056424c7524b176edb74567eda9971fa0c1257f89dec03c35f7bb,ca024114563e3b833359703354c80ba0570b0c4d0d99075f664ad28c04dbecaf,development,shuffle_both,oct,0.0
32f0c1cae37056424c7524b176edb74567eda9971fa0c1257f89dec03c35f7bb,ca024114563e3b833359703354c80ba0570b0c4d0d99075f664ad28c04dbecaf,development,shuffle_both,mean,3.447195139216841
32f0c1cae37056424c7524b176edb74567eda9971fa0c1257f89dec03c35f7bb,ca024114563e3b833359703354c80ba0570b0c4d0d99075f664ad28c04dbecaf,test,disable_oct_to_cfp,cfp,27.354452054794514
32f0c1cae37056424c7524b176edb74567eda9971fa0c1257f89dec03c35f7bb,ca024114563e3b833359703354c80ba0570b0c4d0d99075f664ad28c04dbecaf,test,disable_oct_to_cfp,oct,0.0
32f0c1cae37056424c7524b176edb74567eda9971fa0c1257f89dec03c35f7bb,ca024114563e3b833359703354c80ba0570b0c4d0d99075f664ad28c04dbecaf,test,disable_oct_to_cfp,mean,13.67722602739726
32f0c1cae37056424c7524b176edb74567eda9971fa0c1257f89dec03c35f7bb,ca024114563e3b833359703354c80ba0570b0c4d0d99075f664ad28c04dbecaf,test,disable_cfp_to_oct,cfp,0.0
32f0c1cae37056424c7524b176edb74567eda9971fa0c1257f89dec03c35f7bb,ca024114563e3b833359703354c80ba0570b0c4d0d99075f664ad28c04dbecaf,test,disable_cfp_to_oct,oct,0.0
32f0c1cae37056424c7524b176edb74567eda9971fa0c1257f89dec03c35f7bb,ca024114563e3b833359703354c80ba0570b0c4d0d99075f664ad28c04dbecaf,test,disable_cfp_to_oct,mean,0.0
32f0c1cae37056424c7524b176edb74567eda9971fa0c1257f89dec03c35f7bb,ca024114563e3b833359703354c80ba0570b0c4d0d99075f664ad28c04dbecaf,test,disable_both,cfp,27.354452054794514
32f0c1cae37056424c7524b176edb74567eda9971fa0c1257f89dec03c35f7bb,ca024114563e3b833359703354c80ba0570b0c4d0d99075f664ad28c04dbecaf,test,disable_both,oct,0.0
32f0c1cae37056424c7524b176edb74567eda9971fa0c1257f89dec03c35f7bb,ca024114563e3b833359703354c80ba0570b0c4d0d99075f664ad28c04dbecaf,test,disable_both,mean,13.67722602739726
32f0c1cae37056424c7524b176edb74567eda9971fa0c1257f89dec03c35f7bb,ca024114563e3b833359703354c80ba0570b0c4d0d99075f664ad28c04dbecaf,test,shuffle_oct_to_cfp,cfp,2.380026414729408
32f0c1cae37056424c7524b176edb74567eda9971fa0c1257f89dec03c35f7bb,ca024114563e3b833359703354c80ba0570b0c4d0d99075f664ad28c04dbecaf,test,shuffle_oct_to_cfp,oct,0.0
32f0c1cae37056424c7524b176edb74567eda9971fa0c1257f89dec03c35f7bb,ca024114563e3b833359703354c80ba0570b0c4d0d99075f664ad28c04dbecaf,test,shuffle_oct_to_cfp,mean,1.190013207364704
32f0c1cae37056424c7524b176edb74567eda9971fa0c1257f89dec03c35f7bb,ca024114563e3b833359703354c80ba0570b0c4d0d99075f664ad28c04dbecaf,test,shuffle_cfp_to_oct,cfp,0.0
32f0c1cae37056424c7524b176edb74567eda9971fa0c1257f89dec03c35f7bb,ca024114563e3b833359703354c80ba0570b0c4d0d99075f664ad28c04dbecaf,test,shuffle_cfp_to_oct,oct,0.0
32f0c1cae37056424c7524b176edb74567eda9971fa0c1257f89dec03c35f7bb,ca024114563e3b833359703354c80ba0570b0c4d0d99075f664ad28c04dbecaf,test,shuffle_cfp_to_oct,mean,0.0
32f0c1cae37056424c7524b176edb74567eda9971fa0c1257f89dec03c35f7bb,ca024114563e3b833359703354c80ba0570b0c4d0d99075f664ad28c04dbecaf,test,shuffle_both,cfp,2.380026414729408
32f0c1cae37056424c7524b176edb74567eda9971fa0c1257f89dec03c35f7bb,ca024114563e3b833359703354c80ba0570b0c4d0d99075f664ad28c04dbecaf,test,shuffle_both,oct,0.0
32f0c1cae37056424c7524b176edb74567eda9971fa0c1257f89dec03c35f7bb,ca024114563e3b833359703354c80ba0570b0c4d0d99075f664ad28c04dbecaf,test,shuffle_both,mean,1.190013207364704
d4f912e13dc9c1f97b69da180154687e4ee61fa60d80ad6b79c387b4a5d501d5,dfaa2cb588402d4f22b53ad8d7b1e17b20e6b4aad64023767e76185be3164044,development,disable_oct_to_cfp,cfp,0.0
d4f912e13dc9c1f97b69da180154687e4ee61fa60d80ad6b79c387b4a5d501d5,dfaa2cb588402d4f22b53ad8d7b1e17b20e6b4aad64023767e76185be3164044,development,disable_oct_to_cfp,oct,0.0
d4f912e13dc9c1f97b69da180154687e4ee61fa60d80ad6b79c387b4a5d501d5,dfaa2cb588402d4f22b53ad8d7b1e17b20e6b4aad64023767e76185be3164044,development,disable_oct_to_cfp,mean,0.0
d4f912e13dc9c1f97b69da180154687e4ee61fa60d80ad6b79c387b4a5d501d5,dfaa2cb588402d4f22b53ad8d7b1e17b20e6b4aad64023767e76185be3164044,development,disable_cfp_to_oct,cfp,0.0
d4f912e13dc9c1f97b69da180154687e4ee61fa60d80ad6b79c387b4a5d501d5,dfaa2cb588402d4f22b53ad8d7b1e17b20e6b4aad64023767e76185be3164044,development,disable_cfp_to_oct,oct,0.0
d4f912e13dc9c1f97b69da180154687e4ee61fa60d80ad6b79c387b4a5d501d5,dfaa2cb588402d4f22b53ad8d7b1e17b20e6b4aad64023767e76185be3164044,development,disable_cfp_to_oct,mean,0.0
d4f912e13dc9c1f97b69da180154687e4ee61fa60d80ad6b79c387b4a5d501d5,dfaa2cb588402d4f22b53ad8d7b1e17b20e6b4aad64023767e76185be3164044,development,disable_both,cfp,0.0
d4f912e13dc9c1f97b69da180154687e4ee61fa60d80ad6b79c387b4a5d501d5,dfaa2cb588402d4f22b53ad8d7b1e17b20e6b4aad64023767e76185be3164044,development,disable_both,oct,0.0
d4f912e13dc9c1f97b69da180154687e4ee61fa60d80ad6b79c387b4a5d501d5,dfaa2cb588402d4f22b53ad8d7b1e17b20e6b4aad64023767e76185be3164044,development,disable_both,mean,0.0
d4f912e13dc9c1f97b69da180154687e4ee61fa60d80ad6b79c387b4a5d501d5,dfaa2cb588402d4f22b53ad8d7b1e17b20e6b4aad64023767e76185be3164044,development,shuffle_oct_to_cfp,cfp,0.0
d4f912e13dc9c1f97b69da180154687e4ee61fa60d80ad6b79c387b4a5d501d5,dfaa2cb588402d4f22b53ad8d7b1e17b20e6b4aad64023767e76185be3164044,development,shuffle_oct_to_cfp,oct,0.0
d4f912e13dc9c1f97b69da180154687e4ee61fa60d80ad6b79c387b4a5d501d5,dfaa2cb588402d4f22b53ad8d7b1e17b20e6b4aad64023767e76185be3164044,development,shuffle_oct_to_cfp,mean,0.0
d4f912e13dc9c1f97b69da180154687e4ee61fa60d80ad6b79c387b4a5d501d5,dfaa2cb588402d4f22b53ad8d7b1e17b20e6b4aad64023767e76185be3164044,development,shuffle_cfp_to_oct,cfp,0.0
d4f912e13dc9c1f97b69da180154687e4ee61fa60d80ad6b79c387b4a5d501d5,dfaa2cb588402d4f22b53ad8d7b1e17b20e6b4aad64023767e76185be3164044,development,shuffle_cfp_to_oct,oct,0.0
d4f912e13dc9c1f97b69da180154687e4ee61fa60d80ad6b79c387b4a5d501d5,dfaa2cb588402d4f22b53ad8d7b1e17b20e6b4aad64023767e76185be3164044,development,shuffle_cfp_to_oct,mean,0.0
d4f912e13dc9c1f97b69da180154687e4ee61fa60d80ad6b79c387b4a5d501d5,dfaa2cb588402d4f22b53ad8d7b1e17b20e6b4aad64023767e76185be3164044,development,shuffle_both,cfp,0.0
d4f912e13dc9c1f97b69da180154687e4ee61fa60d80ad6b79c387b4a5d501d5,dfaa2cb588402d4f22b53ad8d7b1e17b20e6b4aad64023767e76185be3164044,development,shuffle_both,oct,0.0
d4f912e13dc9c1f97b69da180154687e4ee61fa60d80ad6b79c387b4a5d501d5,dfaa2cb588402d4f22b53ad8d7b1e17b20e6b4aad64023767e76185be3164044,development,shuffle_both,mean,0.0
d4f912e13dc9c1f97b69da180154687e4ee61fa60d80ad6b79c387b4a5d501d5,dfaa2cb588402d4f22b53ad8d7b1e17b20e6b4aad64023767e76185be3164044,test,disable_oct_to_cfp,cfp,0.0
d4f912e13dc9c1f97b69da180154687e4ee61fa60d80ad6b79c387b4a5d501d5,dfaa2cb588402d4f22b53ad8d7b1e17b20e6b4aad64023767e76185be3164044,test,disable_oct_to_cfp,oct,0.0
d4f912e13dc9c1f97b69da180154687e4ee61fa60d80ad6b79c387b4a5d501d5,dfaa2cb588402d4f22b53ad8d7b1e17b20e6b4aad64023767e76185be3164044,test,disable_oct_to_cfp,mean,0.0
d4f912e13dc9c1f97b69da180154687e4ee61fa60d80ad6b79c387b4a5d501d5,dfaa2cb588402d4f22b53ad8d7b1e17b20e6b4aad64023767e76185be3164044,test,disable_cfp_to_oct,cfp,0.0
d4f912e13dc9c1f97b69da180154687e4ee61fa60d80ad6b79c387b4a5d501d5,dfaa2cb588402d4f22b53ad8d7b1e17b20e6b4aad64023767e76185be3164044,test,disable_cfp_to_oct,oct,0.0
d4f912e13dc9c1f97b69da180154687e4ee61fa60d80ad6b79c387b4a5d501d5,dfaa2cb588402d4f22b53ad8d7b1e17b20e6b4aad64023767e76185be3164044,test,disable_cfp_to_oct,mean,0.0
d4f912e13dc9c1f97b69da180154687e4ee61fa60d80ad6b79c387b4a5d501d5,dfaa2cb588402d4f22b53ad8d7b1e17b20e6b4aad64023767e76185be3164044,test,disable_both,cfp,0.0
d4f912e13dc9c1f97b69da180154687e4ee61fa60d80ad6b79c387b4a5d501d5,dfaa2cb588402d4f22b53ad8d7b1e17b20e6b4aad64023767e76185be3164044,test,disable_both,oct,0.0
d4f912e13dc9c1f97b69da180154687e4ee61fa60d80ad6b79c387b4a5d501d5,dfaa2cb588402d4f22b53ad8d7b1e17b20e6b4aad64023767e76185be3164044,test,disable_both,mean,0.0
d4f912e13dc9c1f97b69da180154687e4ee61fa60d80ad6b79c387b4a5d501d5,dfaa2cb588402d4f22b53ad8d7b1e17b20e6b4aad64023767e76185be3164044,test,shuffle_oct_to_cfp,cfp,0.0
d4f912e13dc9c1f97b69da180154687e4ee61fa60d80ad6b79c387b4a5d501d5,dfaa2cb588402d4f22b53ad8d7b1e17b20e6b4aad64023767e76185be3164044,test,shuffle_oct_to_cfp,oct,0.0
d4f912e13dc9c1f97b69da180154687e4ee61fa60d80ad6b79c387b4a5d501d5,dfaa2cb588402d4f22b53ad8d7b1e17b20e6b4aad64023767e76185be3164044,test,shuffle_oct_to_cfp,mean,0.0
d4f912e13dc9c1f97b69da180154687e4ee61fa60d80ad6b79c387b4a5d501d5,dfaa2cb588402d4f22b53ad8d7b1e17b20e6b4aad64023767e76185be3164044,test,shuffle_cfp_to_oct,cfp,0.0
d4f912e13dc9c1f97b69da180154687e4ee61fa60d80ad6b79c387b4a5d501d5,dfaa2cb588402d4f22b53ad8d7b1e17b20e6b4aad64023767e76185be3164044,test,shuffle_cfp_to_oct,oct,0.0
d4f912e13dc9c1f97b69da180154687e4ee61fa60d80ad6b79c387b4a5d501d5,dfaa2cb588402d4f22b53ad8d7b1e17b20e6b4aad64023767e76185be3164044,test,shuffle_cfp_to_oct,mean,0.0
d4f912e13dc9c1f97b69da180154687e4ee61fa60d80ad6b79c387b4a5d501d5,dfaa2cb588402d4f22b53ad8d7b1e17b20e6b4aad64023767e76185be3164044,test,shuffle_both,cfp,0.0
d4f912e13dc9c1f97b69da180154687e4ee61fa60d80ad6b79c387b4a5d501d5,dfaa2cb588402d4f22b53ad8d7b1e17b20e6b4aad64023767e76185be3164044,test,shuffle_both,oct,0.0
d4f912e13dc9c1f97b69da180154687e4ee61fa60d80ad6b79c387b4a5d501d5,dfaa2cb588402d4f22b53ad8d7b1e17b20e6b4aad64023767e76185be3164044,test,shuffle_both,mean,0.0
