id,category,protocol,seed,backbone_lr,state,epochs,best_epoch,seconds,parameters,peak_reserved_mib,reused,M,S,k,r,h,rho,mode,family,hidden,attention_dimension,structure_id,cfp_macro_f1,cfp_macro_precision,cfp_macro_recall,cfp_accuracy,cfp_confusion_matrix,cfp_class_support,cfp_log_loss,cfp_auroc,cfp_brier_binary,oct_macro_f1,oct_macro_precision,oct_macro_recall,oct_accuracy,oct_confusion_matrix,oct_class_support,oct_log_loss,oct_auroc,oct_brier_binary,late_fusion_macro_f1,late_fusion_macro_precision,late_fusion_macro_recall,late_fusion_accuracy,late_fusion_confusion_matrix,late_fusion_class_support,late_fusion_log_loss,late_fusion_auroc,late_fusion_brier_binary,branch_mean_macro_f1,primary_macro_f1
branch_linear_resample_M32_S64_k3_r16_lr3e-05_seed3416,direct,branch,3416,3e-05,accepted,8,0,134.09428731698426,47484292,7416.0,,32,64,3,16,512,0.0625,linear_resample,,,,linear_resample_M32_S64_k3_r16,0.668903803131991,0.6689497716894977,0.6689189189189189,0.668918918918919,"[[98, 50], [48, 100]]","[148, 148]",0.9324178618684056,0.7006482834185537,0.26285539630720245,0.6513545347467609,0.6532091097308488,0.652027027027027,0.652027027027027,"[[103, 45], [58, 90]]","[148, 148]",1.1492943787468952,0.6917001460920379,0.28227460370562996,0.7059166124224879,0.7065431251429879,0.7060810810810811,0.706081081081081,"[[108, 40], [47, 101]]","[148, 148]",0.6758155158203725,0.7575785244704165,0.20770928093282298,0.660129168939376,0.660129168939376
branch_linear_resample_M32_S64_k3_r16_lr3e-05_seed3417,direct,branch,3417,3e-05,accepted,8,0,256.73810545000015,47484292,7416.0,,32,64,3,16,512,0.0625,linear_resample,,,,linear_resample_M32_S64_k3_r16,0.6384763774584223,0.6385704498744005,0.6385135135135136,0.6385135135135135,"[[96, 52], [55, 93]]","[148, 148]",1.0895626288614289,0.6638056975894813,0.29553710871228117,0.641875542163174,0.6419178082191781,0.6418918918918919,0.6418918918918919,"[[94, 54], [52, 96]]","[148, 148]",1.7279395690703845,0.6468681519357194,0.3252650593357487,0.6384763774584223,0.6385704498744005,0.6385135135135136,0.6385135135135135,"[[93, 55], [52, 96]]","[148, 148]",0.803161644318559,0.6963568298027757,0.24084937779383492,0.6401759598107981,0.6401759598107981
branch_linear_resample_M32_S64_k3_r16_lr3e-05_seed3418,direct,branch,3418,3e-05,accepted,8,0,132.53331024901127,47484292,7416.0,,32,64,3,16,512,0.0625,linear_resample,,,,linear_resample_M32_S64_k3_r16,0.6587798892883638,0.6587910331918002,0.6587837837837838,0.6587837837837838,"[[98, 50], [51, 97]]","[148, 148]",1.1893489453349242,0.6984112490869248,0.27750285694601773,0.641875542163174,0.6419178082191781,0.6418918918918919,0.6418918918918919,"[[96, 52], [54, 94]]","[148, 148]",1.3959063887945375,0.6615686632578526,0.30768892077363064,0.6855200776832124,0.6865004811437474,0.6858108108108107,0.6858108108108109,"[[106, 42], [51, 97]]","[148, 148]",0.7716415718429044,0.7324689554419285,0.22256635090433152,0.650327715725769,0.650327715725769
branch_linear_resample_M32_S64_k3_r16_lr6e-05_seed3416,direct,branch,3416,6e-05,accepted,8,0,135.79742953799723,47484292,7416.0,True,32,64,3,16,512,0.0625,linear_resample,,,,linear_resample_M32_S64_k3_r16,0.668903803131991,0.6689497716894977,0.6689189189189189,0.668918918918919,"[[98, 50], [48, 100]]","[148, 148]",0.9324178618684056,0.7006482834185537,0.26285539630720245,0.6513545347467609,0.6532091097308488,0.652027027027027,0.652027027027027,"[[103, 45], [58, 90]]","[148, 148]",1.1492943787468952,0.6917001460920379,0.28227460370562996,0.7059166124224879,0.7065431251429879,0.7060810810810811,0.706081081081081,"[[108, 40], [47, 101]]","[148, 148]",0.6758155158203725,0.7575785244704165,0.20770928093282298,0.660129168939376,0.660129168939376
branch_linear_resample_M32_S64_k3_r16_lr6e-05_seed3417,direct,branch,3417,6e-05,accepted,8,0,223.5190194079987,47484292,7416.0,True,32,64,3,16,512,0.0625,linear_resample,,,,linear_resample_M32_S64_k3_r16,0.6384763774584223,0.6385704498744005,0.6385135135135136,0.6385135135135135,"[[96, 52], [55, 93]]","[148, 148]",1.0895626288614289,0.6638056975894813,0.29553710871228117,0.641875542163174,0.6419178082191781,0.6418918918918919,0.6418918918918919,"[[94, 54], [52, 96]]","[148, 148]",1.7279395690703845,0.6468681519357194,0.3252650593357487,0.6384763774584223,0.6385704498744005,0.6385135135135136,0.6385135135135135,"[[93, 55], [52, 96]]","[148, 148]",0.803161644318559,0.6963568298027757,0.24084937779383492,0.6401759598107981,0.6401759598107981
branch_linear_resample_M32_S64_k3_r16_lr6e-05_seed3418,direct,branch,3418,6e-05,accepted,14,10,227.5985947989975,47484292,7416.0,True,32,64,3,16,512,0.0625,linear_resample,,,,linear_resample_M32_S64_k3_r16,0.6683738796414853,0.6700367647058824,0.6689189189189189,0.668918918918919,"[[105, 43], [55, 93]]","[148, 148]",1.516152542169673,0.689508765522279,0.29583735729962224,0.641744690568623,0.6421254801536491,0.6418918918918919,0.6418918918918919,"[[98, 50], [56, 92]]","[148, 148]",1.6219807851673078,0.6765430971512052,0.31241918405314606,0.6923955371315678,0.6929993136582018,0.6925675675675675,0.6925675675675675,"[[106, 42], [49, 99]]","[148, 148]",0.9086577963568088,0.7299579985390796,0.23238001769400463,0.6550592851050542,0.6550592851050542
branch_radon_M32_S64_k3_r16_lr3e-05_seed3416,direct,branch,3416,3e-05,accepted,18,12,508.2576104280015,47484292,7474.0,True,32,64,3,16,512,0.0625,radon,,,,radon_M32_S64_k3_r16,0.7060508863446985,0.7061657912765471,0.7060810810810811,0.706081081081081,"[[106, 42], [45, 103]]","[148, 148]",1.1697289516821898,0.7492238860482103,0.2492843018051648,0.6621004566210045,0.6622807017543859,0.6621621621621622,0.6621621621621622,"[[100, 48], [52, 96]]","[148, 148]",1.8101222501951628,0.6799214755295836,0.3061257960304519,0.6721139241951877,0.6726835964310227,0.6722972972972974,0.6722972972972973,"[[96, 52], [45, 103]]","[148, 148]",0.8943102957443866,0.7473064280496713,0.22465975087683657,0.6840756714828515,0.6840756714828515
branch_radon_M32_S64_k3_r16_lr3e-05_seed3417,direct,branch,3417,3e-05,accepted,8,0,240.0827732200014,47484292,7474.0,True,32,64,3,16,512,0.0625,radon,,,,radon_M32_S64_k3_r16,0.6384763774584223,0.6385704498744005,0.6385135135135136,0.6385135135135135,"[[96, 52], [55, 93]]","[148, 148]",1.0895626288614289,0.6638056975894813,0.29553710871228117,0.641875542163174,0.6419178082191781,0.6418918918918919,0.6418918918918919,"[[94, 54], [52, 96]]","[148, 148]",1.7279395690703845,0.6468681519357194,0.3252650593357487,0.6384763774584223,0.6385704498744005,0.6385135135135136,0.6385135135135135,"[[93, 55], [52, 96]]","[148, 148]",0.803161644318559,0.6963568298027757,0.24084937779383492,0.6401759598107981,0.6401759598107981
branch_radon_M32_S64_k3_r16_lr3e-05_seed3418,direct,branch,3418,3e-05,accepted,14,8,445.03005105399643,47484292,7474.0,,32,64,3,16,512,0.0625,radon,,,,radon_M32_S64_k3_r16,0.6667279411764706,0.6734808702175544,0.6689189189189189,0.668918918918919,"[[87, 61], [37, 111]]","[148, 148]",1.3978894074303831,0.7309623813002191,0.2852134630800302,0.6747252747252748,0.6777531411677753,0.6756756756756757,0.6756756756756757,"[[108, 40], [56, 92]]","[148, 148]",1.8619082026660045,0.6922936449963477,0.29390449145005365,0.6858072247902756,0.6858192941606173,0.6858108108108107,0.6858108108108109,"[[102, 46], [47, 101]]","[148, 148]",0.9619523542788073,0.7436541271000731,0.22628579606423033,0.6707266079508727,0.6707266079508727
branch_radon_M32_S64_k3_r16_lr6e-05_seed3416,direct,branch,3416,6e-05,accepted,15,9,266.973665644,47484292,7474.0,True,32,64,3,16,512,0.0625,radon,,,,radon_M32_S64_k3_r16,0.6957236842105263,0.6965201465201465,0.695945945945946,0.6959459459459459,"[[107, 41], [49, 99]]","[148, 148]",1.1991940794085714,0.7677136596055515,0.2475756908123597,0.6921424081376079,0.6936372400495799,0.6925675675675675,0.6925675675675675,"[[108, 40], [51, 97]]","[148, 148]",1.6205941429506219,0.727150292184076,0.2721080270441184,0.7023629964806435,0.7036323610346725,0.7027027027027027,0.7027027027027027,"[[109, 39], [49, 99]]","[148, 148]",1.057993119147674,0.7610025566106647,0.22663350298000093,0.6939330461740671,0.6939330461740671
branch_radon_M32_S64_k3_r16_lr6e-05_seed3417,direct,branch,3417,6e-05,accepted,22,16,567.5549125680009,47484292,7474.0,True,32,64,3,16,512,0.0625,radon,,,,radon_M32_S64_k3_r16,0.6819096396561185,0.6836397058823529,0.6824324324324325,0.6824324324324325,"[[95, 53], [41, 107]]","[148, 148]",1.4490329872013947,0.7342037983929874,0.2765941514705146,0.6856349994861077,0.6862274079158087,0.6858108108108107,0.6858108108108109,"[[98, 50], [43, 105]]","[148, 148]",1.768975113455634,0.7175173484295105,0.27962795492358694,0.7195145619983788,0.719845513963161,0.7195945945945946,0.7195945945945946,"[[104, 44], [39, 109]]","[148, 148]",1.1979627988053154,0.7395452885317751,0.24466813703677712,0.6837723195711132,0.6837723195711132
branch_radon_M32_S64_k3_r16_lr6e-05_seed3418,direct,branch,3418,6e-05,accepted,20,14,342.6921660990047,47484292,7474.0,True,32,64,3,16,512,0.0625,radon,,,,radon_M32_S64_k3_r16,0.6891581559056026,0.7014038103423579,0.6925675675675675,0.6925675675675675,"[[118, 30], [61, 87]]","[148, 148]",1.5125618621456969,0.7318298027757487,0.27167177770493917,0.6855200776832124,0.6865004811437474,0.6858108108108107,0.6858108108108109,"[[106, 42], [51, 97]]","[148, 148]",1.6516029200981448,0.720621804236669,0.2892060718687629,0.6638485804416404,0.6689419000139776,0.6655405405405406,0.6655405405405406,"[[109, 39], [60, 88]]","[148, 148]",1.2663924212146818,0.7358929875821767,0.2566573274856819,0.6873391167944075,0.6873391167944075
branch_linear_resample_M32_S64_k3_r31_lr3e-05_seed3416,direct,branch,3416,3e-05,accepted,8,0,137.6670143730007,56147332,7524.0,,32,64,3,31,992,0.12109375,linear_resample,,,,linear_resample_M32_S64_k3_r31,0.668903803131991,0.6689497716894977,0.6689189189189189,0.668918918918919,"[[98, 50], [48, 100]]","[148, 148]",0.9324178618684056,0.7006482834185537,0.26285539630720245,0.6513545347467609,0.6532091097308488,0.652027027027027,0.652027027027027,"[[103, 45], [58, 90]]","[148, 148]",1.1492943787468952,0.6917001460920379,0.28227460370562996,0.7059166124224879,0.7065431251429879,0.7060810810810811,0.706081081081081,"[[108, 40], [47, 101]]","[148, 148]",0.6758155158203725,0.7575785244704165,0.20770928093282298,0.660129168939376,0.660129168939376
branch_linear_resample_M32_S64_k3_r31_lr3e-05_seed3417,direct,branch,3417,3e-05,accepted,8,0,265.0373897149984,56147332,7524.0,,32,64,3,31,992,0.12109375,linear_resample,,,,linear_resample_M32_S64_k3_r31,0.6384763774584223,0.6385704498744005,0.6385135135135136,0.6385135135135135,"[[96, 52], [55, 93]]","[148, 148]",1.0895626288614289,0.6638056975894813,0.29553710871228117,0.641875542163174,0.6419178082191781,0.6418918918918919,0.6418918918918919,"[[94, 54], [52, 96]]","[148, 148]",1.7279395690703845,0.6468681519357194,0.3252650593357487,0.6384763774584223,0.6385704498744005,0.6385135135135136,0.6385135135135135,"[[93, 55], [52, 96]]","[148, 148]",0.803161644318559,0.6963568298027757,0.24084937779383492,0.6401759598107981,0.6401759598107981
branch_linear_resample_M32_S64_k3_r31_lr3e-05_seed3418,direct,branch,3418,3e-05,accepted,12,6,202.39084644097602,56147332,7524.0,,32,64,3,31,992,0.12109375,linear_resample,,,,linear_resample_M32_S64_k3_r31,0.6842213937482077,0.6896286632809951,0.6858108108108109,0.6858108108108109,"[[112, 36], [57, 91]]","[148, 148]",1.544784322166906,0.7135682980277573,0.27499467600271443,0.6584680413548867,0.6593731384319296,0.6587837837837838,0.6587837837837838,"[[93, 55], [46, 102]]","[148, 148]",1.8629306437596571,0.6743060628195764,0.3046927112025689,0.7026891293430124,0.7027397260273973,0.7027027027027026,0.7027027027027027,"[[103, 45], [43, 105]]","[148, 148]",0.9110850183605966,0.7546110299488679,0.2129103890568751,0.6713447175515472,0.6713447175515472
branch_linear_resample_M32_S64_k3_r31_lr6e-05_seed3416,direct,branch,3416,6e-05,accepted,8,0,264.1016788109846,56147332,7524.0,,32,64,3,31,992,0.12109375,linear_resample,,,,linear_resample_M32_S64_k3_r31,0.668903803131991,0.6689497716894977,0.6689189189189189,0.668918918918919,"[[98, 50], [48, 100]]","[148, 148]",0.9324178618684056,0.7006482834185537,0.26285539630720245,0.6513545347467609,0.6532091097308488,0.652027027027027,0.652027027027027,"[[103, 45], [58, 90]]","[148, 148]",1.1492943787468952,0.6917001460920379,0.28227460370562996,0.7059166124224879,0.7065431251429879,0.7060810810810811,0.706081081081081,"[[108, 40], [47, 101]]","[148, 148]",0.6758155158203725,0.7575785244704165,0.20770928093282298,0.660129168939376,0.660129168939376
branch_linear_resample_M32_S64_k3_r31_lr6e-05_seed3417,direct,branch,3417,6e-05,accepted,8,0,138.41797358199256,56147332,7524.0,,32,64,3,31,992,0.12109375,linear_resample,,,,linear_resample_M32_S64_k3_r31,0.6384763774584223,0.6385704498744005,0.6385135135135136,0.6385135135135135,"[[96, 52], [55, 93]]","[148, 148]",1.0895626288614289,0.6638056975894813,0.29553710871228117,0.641875542163174,0.6419178082191781,0.6418918918918919,0.6418918918918919,"[[94, 54], [52, 96]]","[148, 148]",1.7279395690703845,0.6468681519357194,0.3252650593357487,0.6384763774584223,0.6385704498744005,0.6385135135135136,0.6385135135135135,"[[93, 55], [52, 96]]","[148, 148]",0.803161644318559,0.6963568298027757,0.24084937779383492,0.6401759598107981,0.6401759598107981
branch_linear_resample_M32_S64_k3_r31_lr6e-05_seed3418,direct,branch,3418,6e-05,accepted,18,12,552.8150466380175,56147332,7524.0,,32,64,3,31,992,0.12109375,linear_resample,,,,linear_resample_M32_S64_k3_r31,0.6721139241951877,0.6726835964310227,0.6722972972972974,0.6722972972972973,"[[103, 45], [52, 96]]","[148, 148]",1.5099340104739138,0.7086376917457998,0.2840910116662244,0.6553424657534247,0.6555190058479532,0.6554054054054055,0.6554054054054054,"[[99, 49], [53, 95]]","[148, 148]",1.7359156595909262,0.6764746165084004,0.3047170660072107,0.6959320641008081,0.6959817351598174,0.6959459459459459,0.6959459459459459,"[[104, 44], [46, 102]]","[148, 148]",0.9355239299307677,0.7363038714390067,0.2266245927826243,0.6637281949743061,0.6637281949743061
branch_linear_resample_M32_S64_k3_r32_lr3e-05_seed3416,direct,branch,3416,3e-05,accepted,8,0,138.24932763900142,56921476,7722.0,,32,64,3,32,1024,0.125,linear_resample,,,,linear_resample_M32_S64_k3_r32,0.668903803131991,0.6689497716894977,0.6689189189189189,0.668918918918919,"[[98, 50], [48, 100]]","[148, 148]",0.9324178618684056,0.7006482834185537,0.26285539630720245,0.6513545347467609,0.6532091097308488,0.652027027027027,0.652027027027027,"[[103, 45], [58, 90]]","[148, 148]",1.1492943787468952,0.6917001460920379,0.28227460370562996,0.7059166124224879,0.7065431251429879,0.7060810810810811,0.706081081081081,"[[108, 40], [47, 101]]","[148, 148]",0.6758155158203725,0.7575785244704165,0.20770928093282298,0.660129168939376,0.660129168939376
branch_linear_resample_M32_S64_k3_r32_lr3e-05_seed3417,direct,branch,3417,3e-05,accepted,8,0,264.07882296299795,56921476,7722.0,,32,64,3,32,1024,0.125,linear_resample,,,,linear_resample_M32_S64_k3_r32,0.6384763774584223,0.6385704498744005,0.6385135135135136,0.6385135135135135,"[[96, 52], [55, 93]]","[148, 148]",1.0895626288614289,0.6638056975894813,0.29553710871228117,0.641875542163174,0.6419178082191781,0.6418918918918919,0.6418918918918919,"[[94, 54], [52, 96]]","[148, 148]",1.7279395690703845,0.6468681519357194,0.3252650593357487,0.6384763774584223,0.6385704498744005,0.6385135135135136,0.6385135135135135,"[[93, 55], [52, 96]]","[148, 148]",0.803161644318559,0.6963568298027757,0.24084937779383492,0.6401759598107981,0.6401759598107981
branch_linear_resample_M32_S64_k3_r32_lr3e-05_seed3418,direct,branch,3418,3e-05,accepted,16,10,266.8067571200081,56921476,7722.0,,32,64,3,32,1024,0.125,linear_resample,,,,linear_resample_M32_S64_k3_r32,0.6993208925412315,0.6993334246450258,0.6993243243243243,0.6993243243243243,"[[104, 44], [45, 103]]","[148, 148]",1.459045068342808,0.725210007304602,0.2718038332409747,0.6249957199109741,0.6250057069807788,0.625,0.625,"[[93, 55], [56, 92]]","[148, 148]",1.953369726820288,0.6686906501095691,0.321914509381568,0.7059971914922766,0.7063165592577357,0.7060810810810811,0.706081081081081,"[[102, 46], [41, 107]]","[148, 148]",0.9317566217936127,0.7418736303871439,0.2272477543843904,0.6621583062261028,0.6621583062261028
branch_linear_resample_M32_S64_k3_r32_lr6e-05_seed3416,direct,branch,3416,6e-05,accepted,15,9,249.15564847200585,56921476,7722.0,True,32,64,3,32,1024,0.125,linear_resample,,,,linear_resample_M32_S64_k3_r32,0.6958904109589041,0.6960891812865497,0.6959459459459459,0.6959459459459459,"[[105, 43], [47, 101]]","[148, 148]",1.270154298053045,0.7254839298758218,0.26289932513294056,0.6546328071379548,0.6568085498433758,0.6554054054054055,0.6554054054054054,"[[104, 44], [58, 90]]","[148, 148]",1.6055514761965435,0.68745434623813,0.30552128027140346,0.6784337941839056,0.6804462847941108,0.6790540540540541,0.6790540540540541,"[[107, 41], [54, 94]]","[148, 148]",0.8905198850205333,0.7381300219138057,0.22505612946282438,0.6752616090484295,0.6752616090484295
branch_linear_resample_M32_S64_k3_r32_lr6e-05_seed3417,direct,branch,3417,6e-05,accepted,8,0,247.11841886099864,56921476,7722.0,True,32,64,3,32,1024,0.125,linear_resample,,,,linear_resample_M32_S64_k3_r32,0.6384763774584223,0.6385704498744005,0.6385135135135136,0.6385135135135135,"[[96, 52], [55, 93]]","[148, 148]",1.0895626288614289,0.6638056975894813,0.29553710871228117,0.641875542163174,0.6419178082191781,0.6418918918918919,0.6418918918918919,"[[94, 54], [52, 96]]","[148, 148]",1.7279395690703845,0.6468681519357194,0.3252650593357487,0.6384763774584223,0.6385704498744005,0.6385135135135136,0.6385135135135135,"[[93, 55], [52, 96]]","[148, 148]",0.803161644318559,0.6963568298027757,0.24084937779383492,0.6401759598107981,0.6401759598107981
branch_linear_resample_M32_S64_k3_r32_lr6e-05_seed3418,direct,branch,3418,6e-05,accepted,12,12,202.5797643140031,56921476,7722.0,True,32,64,3,32,1024,0.125,linear_resample,,,,linear_resample_M32_S64_k3_r32,0.6587798892883638,0.6587910331918002,0.6587837837837838,0.6587837837837838,"[[97, 51], [50, 98]]","[148, 148]",1.5799451398032653,0.7095507669831994,0.2952206511074214,0.6538249862410567,0.6582961309523809,0.6554054054054055,0.6554054054054054,"[[107, 41], [61, 87]]","[148, 148]",1.6342979821148422,0.7028853177501826,0.29410058869113104,0.6716639793246195,0.6736369910282953,0.6722972972972974,0.6722972972972973,"[[106, 42], [55, 93]]","[148, 148]",1.023521425973369,0.7298666910153396,0.23748240285627803,0.6563024377647102,0.6563024377647102
branch_radon_M32_S64_k3_r32_lr3e-05_seed3416,direct,branch,3416,3e-05,accepted,12,6,217.6389267199993,56921476,7580.0,True,32,64,3,32,1024,0.125,radon,,,,radon_M32_S64_k3_r32,0.6858072247902756,0.6858192941606173,0.6858108108108107,0.6858108108108109,"[[102, 46], [47, 101]]","[148, 148]",1.2289460402553651,0.7485847333820307,0.2545877114580772,0.6638485804416404,0.6689419000139776,0.6655405405405406,0.6655405405405406,"[[109, 39], [60, 88]]","[148, 148]",1.4579440249376625,0.7152118334550767,0.2814770835193955,0.6751417596488019,0.6768382352941176,0.6756756756756757,0.6756756756756757,"[[106, 42], [54, 94]]","[148, 148]",1.1333173228443627,0.7401387874360846,0.24972418137787855,0.674827902615958,0.674827902615958
branch_radon_M32_S64_k3_r32_lr3e-05_seed3417,direct,branch,3417,3e-05,accepted,15,9,269.54363345399906,56921476,7580.0,True,32,64,3,32,1024,0.125,radon,,,,radon_M32_S64_k3_r32,0.6754385964912281,0.6761904761904762,0.6756756756756757,0.6756756756756757,"[[104, 44], [52, 96]]","[148, 148]",1.3735737453816406,0.7143900657414172,0.2701818304291911,0.6283783783783784,0.6283783783783784,0.6283783783783784,0.6283783783783784,"[[93, 55], [55, 93]]","[148, 148]",1.8398649448748434,0.6762235208181154,0.30020708988061906,0.6756608683741954,0.6757077625570777,0.6756756756756757,0.6756756756756757,"[[101, 47], [49, 99]]","[148, 148]",1.3579815226410665,0.7054875821767714,0.2678572646690202,0.6519084874348032,0.6519084874348032
branch_radon_M32_S64_k3_r32_lr3e-05_seed3418,direct,branch,3418,3e-05,accepted,11,5,378.5266671679856,56921476,7580.0,,32,64,3,32,1024,0.125,radon,,,,radon_M32_S64_k3_r32,0.708981159685385,0.7108455882352941,0.7094594594594594,0.7094594594594594,"[[111, 37], [49, 99]]","[148, 148]",1.2202603877894684,0.7543827611395179,0.246487097549975,0.6584680413548867,0.6593731384319296,0.6587837837837838,0.6587837837837838,"[[102, 46], [55, 93]]","[148, 148]",1.4694071801896489,0.705989773557341,0.2833509118186007,0.6815018315018315,0.684589800443459,0.6824324324324325,0.6824324324324325,"[[109, 39], [55, 93]]","[148, 148]",1.1017172820796097,0.7408692476260044,0.24089933657777127,0.6837246005201358,0.6837246005201358
branch_radon_M32_S64_k3_r32_lr6e-05_seed3416,direct,branch,3416,6e-05,accepted,17,11,301.3095994189971,56921476,7580.0,True,32,64,3,32,1024,0.125,radon,,,,radon_M32_S64_k3_r32,0.7229603250696252,0.723013698630137,0.722972972972973,0.722972972972973,"[[106, 42], [40, 108]]","[148, 148]",1.164560954883288,0.7687636961285611,0.2357777017590302,0.7127558767453277,0.7130810366104484,0.7128378378378378,0.7128378378378378,"[[108, 40], [45, 103]]","[148, 148]",1.319738123387117,0.7694028487947407,0.23682328427778898,0.7094063926940639,0.7096125730994152,0.7094594594594594,0.7094594594594594,"[[107, 41], [45, 103]]","[148, 148]",1.1006383051738955,0.7735573411249086,0.22756455706663203,0.7178581009074765,0.7178581009074765
branch_radon_M32_S64_k3_r32_lr6e-05_seed3417,direct,branch,3417,6e-05,accepted,16,10,285.2897626349986,56921476,7580.0,True,32,64,3,32,1024,0.125,radon,,,,radon_M32_S64_k3_r32,0.698329268153034,0.7019893592412676,0.6993243243243243,0.6993243243243243,"[[112, 36], [53, 95]]","[148, 148]",1.4069563076367684,0.7220370708546384,0.2698041657569806,0.6788744618406477,0.6794555021734157,0.6790540540540541,0.6790540540540541,"[[104, 44], [51, 97]]","[148, 148]",1.7637320712482525,0.7151205259313368,0.28796844768316204,0.6853763072175553,0.6868429509250333,0.6858108108108109,0.6858108108108109,"[[107, 41], [52, 96]]","[148, 148]",1.3499018124880275,0.7257121986851717,0.2632060137218641,0.6886018649968408,0.6886018649968408
branch_radon_M32_S64_k3_r32_lr6e-05_seed3418,direct,branch,3418,6e-05,accepted,20,14,352.22525525400124,56921476,7580.0,True,32,64,3,32,1024,0.125,radon,,,,radon_M32_S64_k3_r32,0.6809759677123464,0.6858258928571428,0.6824324324324325,0.6824324324324325,"[[111, 37], [57, 91]]","[148, 148]",1.8150837474405135,0.7205304967129291,0.28991723652921403,0.6741882223445239,0.6789434523809523,0.6756756756756757,0.6756756756756757,"[[110, 38], [58, 90]]","[148, 148]",1.4800771314886048,0.7159422936449964,0.2823649233754932,0.6641567818463125,0.6683145337232512,0.6655405405405406,0.6655405405405406,"[[108, 40], [59, 89]]","[148, 148]",1.4943978991812708,0.7173119065010957,0.28001335507032465,0.6775820950284351,0.6775820950284351
branch_linear_resample_M16_S64_k3_r31_lr3e-05_seed3416,direct,branch,3416,3e-05,accepted,8,0,133.93907806600328,47290756,7458.0,,16,64,3,31,496,0.12109375,linear_resample,,,,linear_resample_M16_S64_k3_r31,0.668903803131991,0.6689497716894977,0.6689189189189189,0.668918918918919,"[[98, 50], [48, 100]]","[148, 148]",0.9324178618684056,0.7006482834185537,0.26285539630720245,0.6513545347467609,0.6532091097308488,0.652027027027027,0.652027027027027,"[[103, 45], [58, 90]]","[148, 148]",1.1492943787468952,0.6917001460920379,0.28227460370562996,0.7059166124224879,0.7065431251429879,0.7060810810810811,0.706081081081081,"[[108, 40], [47, 101]]","[148, 148]",0.6758155158203725,0.7575785244704165,0.20770928093282298,0.660129168939376,0.660129168939376
branch_linear_resample_M16_S64_k3_r31_lr3e-05_seed3417,direct,branch,3417,3e-05,accepted,8,0,256.9516424520116,47290756,7458.0,,16,64,3,31,496,0.12109375,linear_resample,,,,linear_resample_M16_S64_k3_r31,0.6384763774584223,0.6385704498744005,0.6385135135135136,0.6385135135135135,"[[96, 52], [55, 93]]","[148, 148]",1.0895626288614289,0.6638056975894813,0.29553710871228117,0.641875542163174,0.6419178082191781,0.6418918918918919,0.6418918918918919,"[[94, 54], [52, 96]]","[148, 148]",1.7279395690703845,0.6468681519357194,0.3252650593357487,0.6384763774584223,0.6385704498744005,0.6385135135135136,0.6385135135135135,"[[93, 55], [52, 96]]","[148, 148]",0.803161644318559,0.6963568298027757,0.24084937779383492,0.6401759598107981,0.6401759598107981
branch_linear_resample_M16_S64_k3_r31_lr3e-05_seed3418,direct,branch,3418,3e-05,accepted,15,9,244.14138487901073,47290756,7458.0,,16,64,3,31,496,0.12109375,linear_resample,,,,linear_resample_M16_S64_k3_r31,0.6925640586657535,0.6925763594028216,0.6925675675675675,0.6925675675675675,"[[103, 45], [46, 102]]","[148, 148]",1.5240692357939862,0.7102812271731191,0.2764415131230235,0.668918918918919,0.668918918918919,0.668918918918919,0.668918918918919,"[[99, 49], [49, 99]]","[148, 148]",1.7332810100462943,0.6895544192841491,0.29192507774461085,0.6959459459459459,0.6959459459459459,0.6959459459459459,0.6959459459459459,"[[103, 45], [45, 103]]","[148, 148]",0.8888267094978299,0.7543827611395179,0.21445032595858587,0.6807414887923362,0.6807414887923362
branch_linear_resample_M16_S64_k3_r31_lr6e-05_seed3416,direct,branch,3416,6e-05,accepted,8,0,248.7037777689984,47290756,7458.0,,16,64,3,31,496,0.12109375,linear_resample,,,,linear_resample_M16_S64_k3_r31,0.668903803131991,0.6689497716894977,0.6689189189189189,0.668918918918919,"[[98, 50], [48, 100]]","[148, 148]",0.9324178618684056,0.7006482834185537,0.26285539630720245,0.6513545347467609,0.6532091097308488,0.652027027027027,0.652027027027027,"[[103, 45], [58, 90]]","[148, 148]",1.1492943787468952,0.6917001460920379,0.28227460370562996,0.7059166124224879,0.7065431251429879,0.7060810810810811,0.706081081081081,"[[108, 40], [47, 101]]","[148, 148]",0.6758155158203725,0.7575785244704165,0.20770928093282298,0.660129168939376,0.660129168939376
branch_linear_resample_M16_S64_k3_r31_lr6e-05_seed3417,direct,branch,3417,6e-05,accepted,8,0,134.59711139200954,47290756,7458.0,,16,64,3,31,496,0.12109375,linear_resample,,,,linear_resample_M16_S64_k3_r31,0.6384763774584223,0.6385704498744005,0.6385135135135136,0.6385135135135135,"[[96, 52], [55, 93]]","[148, 148]",1.0895626288614289,0.6638056975894813,0.29553710871228117,0.641875542163174,0.6419178082191781,0.6418918918918919,0.6418918918918919,"[[94, 54], [52, 96]]","[148, 148]",1.7279395690703845,0.6468681519357194,0.3252650593357487,0.6384763774584223,0.6385704498744005,0.6385135135135136,0.6385135135135135,"[[93, 55], [52, 96]]","[148, 148]",0.803161644318559,0.6963568298027757,0.24084937779383492,0.6401759598107981,0.6401759598107981
branch_linear_resample_M16_S64_k3_r31_lr6e-05_seed3418,direct,branch,3418,6e-05,accepted,8,0,257.41973687999416,47290756,7458.0,,16,64,3,31,496,0.12109375,linear_resample,,,,linear_resample_M16_S64_k3_r31,0.6587798892883638,0.6587910331918002,0.6587837837837838,0.6587837837837838,"[[98, 50], [51, 97]]","[148, 148]",1.1893489453349242,0.6984112490869248,0.27750285694601773,0.641875542163174,0.6419178082191781,0.6418918918918919,0.6418918918918919,"[[96, 52], [54, 94]]","[148, 148]",1.3959063887945375,0.6615686632578526,0.30768892077363064,0.6855200776832124,0.6865004811437474,0.6858108108108107,0.6858108108108109,"[[106, 42], [51, 97]]","[148, 148]",0.7716415718429044,0.7324689554419285,0.22256635090433152,0.650327715725769,0.650327715725769
branch_linear_resample_M16_S64_k3_r32_lr3e-05_seed3416,direct,branch,3416,3e-05,accepted,8,0,134.45298949701828,47484292,7420.0,,16,64,3,32,512,0.125,linear_resample,,,,linear_resample_M16_S64_k3_r32,0.668903803131991,0.6689497716894977,0.6689189189189189,0.668918918918919,"[[98, 50], [48, 100]]","[148, 148]",0.9324178618684056,0.7006482834185537,0.26285539630720245,0.6513545347467609,0.6532091097308488,0.652027027027027,0.652027027027027,"[[103, 45], [58, 90]]","[148, 148]",1.1492943787468952,0.6917001460920379,0.28227460370562996,0.7059166124224879,0.7065431251429879,0.7060810810810811,0.706081081081081,"[[108, 40], [47, 101]]","[148, 148]",0.6758155158203725,0.7575785244704165,0.20770928093282298,0.660129168939376,0.660129168939376
branch_linear_resample_M16_S64_k3_r32_lr3e-05_seed3417,direct,branch,3417,3e-05,accepted,8,0,256.67719155098894,47484292,7420.0,,16,64,3,32,512,0.125,linear_resample,,,,linear_resample_M16_S64_k3_r32,0.6384763774584223,0.6385704498744005,0.6385135135135136,0.6385135135135135,"[[96, 52], [55, 93]]","[148, 148]",1.0895626288614289,0.6638056975894813,0.29553710871228117,0.641875542163174,0.6419178082191781,0.6418918918918919,0.6418918918918919,"[[94, 54], [52, 96]]","[148, 148]",1.7279395690703845,0.6468681519357194,0.3252650593357487,0.6384763774584223,0.6385704498744005,0.6385135135135136,0.6385135135135135,"[[93, 55], [52, 96]]","[148, 148]",0.803161644318559,0.6963568298027757,0.24084937779383492,0.6401759598107981,0.6401759598107981
branch_linear_resample_M16_S64_k3_r32_lr3e-05_seed3418,direct,branch,3418,3e-05,accepted,12,6,195.22735258500325,47484292,7420.0,,16,64,3,32,512,0.125,linear_resample,,,,linear_resample_M16_S64_k3_r32,0.6614047128803477,0.6636263128800441,0.6621621621621622,0.6621621621621622,"[[105, 43], [57, 91]]","[148, 148]",1.5464071855422392,0.6990047479912345,0.29643512432987124,0.6440963275962761,0.6472125838538052,0.6452702702702703,0.6452702702702703,"[[87, 61], [44, 104]]","[148, 148]",1.7548841712428613,0.6859249452154857,0.30533363610692527,0.6993208925412315,0.6993334246450258,0.6993243243243243,0.6993243243243243,"[[103, 45], [44, 104]]","[148, 148]",0.8864417461442705,0.743654127100073,0.22216064130402302,0.6527505202383119,0.6527505202383119
branch_linear_resample_M16_S64_k3_r32_lr6e-05_seed3416,direct,branch,3416,6e-05,accepted,8,0,257.69200595800066,47484292,7420.0,,16,64,3,32,512,0.125,linear_resample,,,,linear_resample_M16_S64_k3_r32,0.668903803131991,0.6689497716894977,0.6689189189189189,0.668918918918919,"[[98, 50], [48, 100]]","[148, 148]",0.9324178618684056,0.7006482834185537,0.26285539630720245,0.6513545347467609,0.6532091097308488,0.652027027027027,0.652027027027027,"[[103, 45], [58, 90]]","[148, 148]",1.1492943787468952,0.6917001460920379,0.28227460370562996,0.7059166124224879,0.7065431251429879,0.7060810810810811,0.706081081081081,"[[108, 40], [47, 101]]","[148, 148]",0.6758155158203725,0.7575785244704165,0.20770928093282298,0.660129168939376,0.660129168939376
branch_linear_resample_M16_S64_k3_r32_lr6e-05_seed3417,direct,branch,3417,6e-05,accepted,8,0,131.6640983010002,47484292,7420.0,,16,64,3,32,512,0.125,linear_resample,,,,linear_resample_M16_S64_k3_r32,0.6384763774584223,0.6385704498744005,0.6385135135135136,0.6385135135135135,"[[96, 52], [55, 93]]","[148, 148]",1.0895626288614289,0.6638056975894813,0.29553710871228117,0.641875542163174,0.6419178082191781,0.6418918918918919,0.6418918918918919,"[[94, 54], [52, 96]]","[148, 148]",1.7279395690703845,0.6468681519357194,0.3252650593357487,0.6384763774584223,0.6385704498744005,0.6385135135135136,0.6385135135135135,"[[93, 55], [52, 96]]","[148, 148]",0.803161644318559,0.6963568298027757,0.24084937779383492,0.6401759598107981,0.6401759598107981
branch_linear_resample_M16_S64_k3_r32_lr6e-05_seed3418,direct,branch,3418,6e-05,accepted,8,0,255.71795656500035,47484292,7420.0,,16,64,3,32,512,0.125,linear_resample,,,,linear_resample_M16_S64_k3_r32,0.6587798892883638,0.6587910331918002,0.6587837837837838,0.6587837837837838,"[[98, 50], [51, 97]]","[148, 148]",1.1893489453349242,0.6984112490869248,0.27750285694601773,0.641875542163174,0.6419178082191781,0.6418918918918919,0.6418918918918919,"[[96, 52], [54, 94]]","[148, 148]",1.3959063887945375,0.6615686632578526,0.30768892077363064,0.6855200776832124,0.6865004811437474,0.6858108108108107,0.6858108108108109,"[[106, 42], [51, 97]]","[148, 148]",0.7716415718429044,0.7324689554419285,0.22256635090433152,0.650327715725769,0.650327715725769
branch_radon_M16_S64_k3_r32_lr3e-05_seed3416,direct,branch,3416,3e-05,accepted,16,10,266.8039242750092,47484292,7418.0,,16,64,3,32,512,0.125,radon,,,,radon_M16_S64_k3_r32,0.6924798209861744,0.6927876045523105,0.6925675675675675,0.6925675675675675,"[[105, 43], [48, 100]]","[148, 148]",1.214532697914354,0.7508217677136595,0.2629274489845501,0.6511311233422206,0.653604871073389,0.652027027027027,0.652027027027027,"[[104, 44], [59, 89]]","[148, 148]",1.6008087238295154,0.6987536523009495,0.296957769929181,0.6553896726475825,0.6554337899543379,0.6554054054054055,0.6554054054054054,"[[98, 50], [52, 96]]","[148, 148]",1.0281973029810552,0.7401844411979548,0.24486368286625457,0.6718054721641975,0.6718054721641975
branch_radon_M16_S64_k3_r32_lr3e-05_seed3417,direct,branch,3417,3e-05,accepted,14,8,447.1817014630069,47484292,7418.0,,16,64,3,32,512,0.125,radon,,,,radon_M16_S64_k3_r32,0.6856349994861077,0.6862274079158087,0.6858108108108107,0.6858108108108109,"[[105, 43], [50, 98]]","[148, 148]",1.3314219690653935,0.7233382030679328,0.27125941483082505,0.6213450292397661,0.621978021978022,0.6216216216216217,0.6216216216216216,"[[88, 60], [52, 96]]","[148, 148]",1.861656819100147,0.6566608838568299,0.3269367798728085,0.6621004566210045,0.6622807017543859,0.6621621621621622,0.6621621621621622,"[[96, 52], [48, 100]]","[148, 148]",1.0919579393659298,0.7129747991234477,0.2511177804994068,0.653490014362937,0.653490014362937
branch_radon_M16_S64_k3_r32_lr3e-05_seed3418,direct,branch,3418,3e-05,accepted,14,8,231.49735950000468,47484292,7418.0,,16,64,3,32,512,0.125,radon,,,,radon_M16_S64_k3_r32,0.6957236842105263,0.6965201465201465,0.695945945945946,0.6959459459459459,"[[107, 41], [49, 99]]","[148, 148]",1.4433203077437287,0.7323776479181885,0.2644696698800544,0.671212797874655,0.6746009715475365,0.6722972972972974,0.6722972972972973,"[[108, 40], [57, 91]]","[148, 148]",1.5490625211956859,0.7221968590211834,0.27697467390295044,0.7125721140115382,0.7136278238555652,0.7128378378378378,0.7128378378378378,"[[110, 38], [47, 101]]","[148, 148]",1.1052202270261358,0.7449324324324323,0.23496637282398983,0.6834682410425907,0.6834682410425907
branch_radon_M16_S64_k3_r32_lr6e-05_seed3416,direct,branch,3416,6e-05,accepted,20,14,615.311447893997,47484292,7418.0,,16,64,3,32,512,0.125,radon,,,,radon_M16_S64_k3_r32,0.6915501505834393,0.6951422623178348,0.6925675675675675,0.6925675675675675,"[[111, 37], [54, 94]]","[148, 148]",1.3162163406752667,0.7429236669101534,0.25278318563913044,0.7022132796780685,0.7040441176470589,0.7027027027027026,0.7027027027027027,"[[110, 38], [50, 98]]","[148, 148]",1.5005872887327756,0.7463476990504019,0.2569740308528412,0.7118875032922235,0.7156835530881333,0.7128378378378378,0.7128378378378378,"[[114, 34], [51, 97]]","[148, 148]",1.2060653206396021,0.7495434623813002,0.23991839523556568,0.6968817151307538,0.6968817151307538
branch_radon_M16_S64_k3_r32_lr6e-05_seed3417,direct,branch,3417,6e-05,accepted,15,9,249.24714953600778,47484292,7418.0,,16,64,3,32,512,0.125,radon,,,,radon_M16_S64_k3_r32,0.6709414933241649,0.6751845146915472,0.6722972972972974,0.6722972972972973,"[[90, 58], [39, 109]]","[148, 148]",1.33460848095094,0.7326972242512783,0.2791812059561291,0.675305087069793,0.6764813795633828,0.6756756756756757,0.6756756756756757,"[[105, 43], [53, 95]]","[148, 148]",1.8814859043149874,0.7197315558802044,0.28805904614365063,0.6925640586657535,0.6925763594028216,0.6925675675675675,0.6925675675675675,"[[102, 46], [45, 103]]","[148, 148]",1.2041748723889054,0.7321950328707085,0.2564055832773063,0.6731232901969789,0.6731232901969789
branch_radon_M16_S64_k3_r32_lr6e-05_seed3418,direct,branch,3418,6e-05,accepted,26,20,811.4615017689939,47484292,7418.0,,16,64,3,32,512,0.125,radon,,,,radon_M16_S64_k3_r32,0.6747252747252748,0.6777531411677753,0.6756756756756757,0.6756756756756757,"[[108, 40], [56, 92]]","[148, 148]",1.5296954033809642,0.7091855368882396,0.28365614301822983,0.6857211357331232,0.6860231271995978,0.6858108108108109,0.6858108108108109,"[[104, 44], [49, 99]]","[148, 148]",1.7070125094185067,0.7203022279035792,0.28111596181659265,0.68849233584992,0.6908973650267183,0.6891891891891893,0.6891891891891891,"[[109, 39], [53, 95]]","[148, 148]",1.4109007476599336,0.7155770635500365,0.26510421429092446,0.680223205229199,0.680223205229199
branch_linear_resample_M16_S64_k3_r63_lr3e-05_seed3416,direct,branch,3416,3e-05,accepted,8,0,137.42683572898386,56531332,7522.0,,16,64,3,63,1008,0.24609375,linear_resample,,,,linear_resample_M16_S64_k3_r63,0.668903803131991,0.6689497716894977,0.6689189189189189,0.668918918918919,"[[98, 50], [48, 100]]","[148, 148]",0.9324178618684056,0.7006482834185537,0.26285539630720245,0.6513545347467609,0.6532091097308488,0.652027027027027,0.652027027027027,"[[103, 45], [58, 90]]","[148, 148]",1.1492943787468952,0.6917001460920379,0.28227460370562996,0.7059166124224879,0.7065431251429879,0.7060810810810811,0.706081081081081,"[[108, 40], [47, 101]]","[148, 148]",0.6758155158203725,0.7575785244704165,0.20770928093282298,0.660129168939376,0.660129168939376
branch_linear_resample_M16_S64_k3_r63_lr3e-05_seed3417,direct,branch,3417,3e-05,accepted,12,6,385.8088822939899,56531332,7522.0,,16,64,3,63,1008,0.24609375,linear_resample,,,,linear_resample_M16_S64_k3_r63,0.6281067251461989,0.6287545787545787,0.6283783783783783,0.6283783783783784,"[[97, 51], [59, 89]]","[148, 148]",1.3883089308892875,0.6909696859021183,0.30910434254805863,0.6616059996341687,0.6632352941176471,0.6621621621621622,0.6621621621621622,"[[104, 44], [56, 92]]","[148, 148]",1.9617293927741957,0.6587837837837838,0.3134573783732447,0.6402494955054119,0.64453125,0.6418918918918919,0.6418918918918919,"[[105, 43], [63, 85]]","[148, 148]",1.0048625004077425,0.705989773557341,0.2455736086959652,0.6448563623901837,0.6448563623901837
branch_linear_resample_M16_S64_k3_r63_lr3e-05_seed3418,direct,branch,3418,3e-05,accepted,8,0,137.45807897800114,56531332,7522.0,,16,64,3,63,1008,0.24609375,linear_resample,,,,linear_resample_M16_S64_k3_r63,0.6587798892883638,0.6587910331918002,0.6587837837837838,0.6587837837837838,"[[98, 50], [51, 97]]","[148, 148]",1.1893489453349242,0.6984112490869248,0.27750285694601773,0.641875542163174,0.6419178082191781,0.6418918918918919,0.6418918918918919,"[[96, 52], [54, 94]]","[148, 148]",1.3959063887945375,0.6615686632578526,0.30768892077363064,0.6855200776832124,0.6865004811437474,0.6858108108108107,0.6858108108108109,"[[106, 42], [51, 97]]","[148, 148]",0.7716415718429044,0.7324689554419285,0.22256635090433152,0.650327715725769,0.650327715725769
branch_linear_resample_M16_S64_k3_r63_lr6e-05_seed3416,direct,branch,3416,6e-05,accepted,8,0,262.40433223199216,56531332,7522.0,,16,64,3,63,1008,0.24609375,linear_resample,,,,linear_resample_M16_S64_k3_r63,0.668903803131991,0.6689497716894977,0.6689189189189189,0.668918918918919,"[[98, 50], [48, 100]]","[148, 148]",0.9324178618684056,0.7006482834185537,0.26285539630720245,0.6513545347467609,0.6532091097308488,0.652027027027027,0.652027027027027,"[[103, 45], [58, 90]]","[148, 148]",1.1492943787468952,0.6917001460920379,0.28227460370562996,0.7059166124224879,0.7065431251429879,0.7060810810810811,0.706081081081081,"[[108, 40], [47, 101]]","[148, 148]",0.6758155158203725,0.7575785244704165,0.20770928093282298,0.660129168939376,0.660129168939376
branch_linear_resample_M16_S64_k3_r63_lr6e-05_seed3417,direct,branch,3417,6e-05,accepted,14,8,231.33205980597995,56531332,7522.0,,16,64,3,63,1008,0.24609375,linear_resample,,,,linear_resample_M16_S64_k3_r63,0.6551535087719298,0.6558608058608059,0.6554054054054055,0.6554054054054054,"[[101, 47], [55, 93]]","[148, 148]",1.338641943632573,0.7033418553688825,0.2896839420204677,0.6347182229535171,0.6357549073564484,0.6351351351351351,0.6351351351351351,"[[99, 49], [59, 89]]","[148, 148]",1.7199698187861236,0.6762235208181153,0.3160561221717665,0.6817204301075268,0.6840796019900497,0.6824324324324325,0.6824324324324325,"[[108, 40], [54, 94]]","[148, 148]",0.9842248448889034,0.7179510591672754,0.2406362071239559,0.6449358658627234,0.6449358658627234
branch_linear_resample_M16_S64_k3_r63_lr6e-05_seed3418,direct,branch,3418,6e-05,accepted,11,5,356.1104842700006,56531332,7522.0,,16,64,3,63,1008,0.24609375,linear_resample,,,,linear_resample_M16_S64_k3_r63,0.6755423612696962,0.6759648801902323,0.6756756756756757,0.6756756756756757,"[[103, 45], [51, 97]]","[148, 148]",1.428292564892575,0.7182249817384952,0.27555011826563575,0.6718441053774502,0.6732543726759399,0.6722972972972973,0.6722972972972973,"[[105, 43], [54, 94]]","[148, 148]",1.4121413434615198,0.7004656683710739,0.2849316443642992,0.6819096396561185,0.6836397058823529,0.6824324324324325,0.6824324324324325,"[[107, 41], [53, 95]]","[148, 148]",0.9393598740109746,0.7417366691015339,0.22510849945451547,0.6736932333235732,0.6736932333235732
branch_linear_resample_M16_S64_k3_r64_lr3e-05_seed3416,direct,branch,3416,3e-05,accepted,8,0,138.4016884479788,56921476,7556.0,,16,64,3,64,1024,0.25,linear_resample,,,,linear_resample_M16_S64_k3_r64,0.668903803131991,0.6689497716894977,0.6689189189189189,0.668918918918919,"[[98, 50], [48, 100]]","[148, 148]",0.9324178618684056,0.7006482834185537,0.26285539630720245,0.6513545347467609,0.6532091097308488,0.652027027027027,0.652027027027027,"[[103, 45], [58, 90]]","[148, 148]",1.1492943787468952,0.6917001460920379,0.28227460370562996,0.7059166124224879,0.7065431251429879,0.7060810810810811,0.706081081081081,"[[108, 40], [47, 101]]","[148, 148]",0.6758155158203725,0.7575785244704165,0.20770928093282298,0.660129168939376,0.660129168939376
branch_linear_resample_M16_S64_k3_r64_lr3e-05_seed3417,direct,branch,3417,3e-05,accepted,8,0,263.2887835659785,56921476,7556.0,,16,64,3,64,1024,0.25,linear_resample,,,,linear_resample_M16_S64_k3_r64,0.6384763774584223,0.6385704498744005,0.6385135135135136,0.6385135135135135,"[[96, 52], [55, 93]]","[148, 148]",1.0895626288614289,0.6638056975894813,0.29553710871228117,0.641875542163174,0.6419178082191781,0.6418918918918919,0.6418918918918919,"[[94, 54], [52, 96]]","[148, 148]",1.7279395690703845,0.6468681519357194,0.3252650593357487,0.6384763774584223,0.6385704498744005,0.6385135135135136,0.6385135135135135,"[[93, 55], [52, 96]]","[148, 148]",0.803161644318559,0.6963568298027757,0.24084937779383492,0.6401759598107981,0.6401759598107981
branch_linear_resample_M16_S64_k3_r64_lr3e-05_seed3418,direct,branch,3418,3e-05,accepted,12,6,201.5408949989942,56921476,7556.0,,16,64,3,64,1024,0.25,linear_resample,,,,linear_resample_M16_S64_k3_r64,0.6703067047894634,0.6765614035087719,0.6722972972972974,0.6722972972972973,"[[111, 37], [60, 88]]","[148, 148]",1.459614256560753,0.7188641344046749,0.27944099367535663,0.6674004769767015,0.6720610119047619,0.6689189189189189,0.668918918918919,"[[89, 59], [39, 109]]","[148, 148]",1.7607264710944504,0.7029766252739227,0.29751636939258697,0.7026891293430124,0.7027397260273973,0.7027027027027026,0.7027027027027027,"[[103, 45], [43, 105]]","[148, 148]",0.9046851236996079,0.754428414901388,0.22149926207151727,0.6688535908830824,0.6688535908830824
branch_linear_resample_M16_S64_k3_r64_lr6e-05_seed3416,direct,branch,3416,6e-05,accepted,8,0,264.213025051984,56921476,7556.0,,16,64,3,64,1024,0.25,linear_resample,,,,linear_resample_M16_S64_k3_r64,0.668903803131991,0.6689497716894977,0.6689189189189189,0.668918918918919,"[[98, 50], [48, 100]]","[148, 148]",0.9324178618684056,0.7006482834185537,0.26285539630720245,0.6513545347467609,0.6532091097308488,0.652027027027027,0.652027027027027,"[[103, 45], [58, 90]]","[148, 148]",1.1492943787468952,0.6917001460920379,0.28227460370562996,0.7059166124224879,0.7065431251429879,0.7060810810810811,0.706081081081081,"[[108, 40], [47, 101]]","[148, 148]",0.6758155158203725,0.7575785244704165,0.20770928093282298,0.660129168939376,0.660129168939376
branch_linear_resample_M16_S64_k3_r64_lr6e-05_seed3417,direct,branch,3417,6e-05,accepted,8,0,138.60151949399733,56921476,7556.0,,16,64,3,64,1024,0.25,linear_resample,,,,linear_resample_M16_S64_k3_r64,0.6384763774584223,0.6385704498744005,0.6385135135135136,0.6385135135135135,"[[96, 52], [55, 93]]","[148, 148]",1.0895626288614289,0.6638056975894813,0.29553710871228117,0.641875542163174,0.6419178082191781,0.6418918918918919,0.6418918918918919,"[[94, 54], [52, 96]]","[148, 148]",1.7279395690703845,0.6468681519357194,0.3252650593357487,0.6384763774584223,0.6385704498744005,0.6385135135135136,0.6385135135135135,"[[93, 55], [52, 96]]","[148, 148]",0.803161644318559,0.6963568298027757,0.24084937779383492,0.6401759598107981,0.6401759598107981
branch_linear_resample_M16_S64_k3_r64_lr6e-05_seed3418,direct,branch,3418,6e-05,accepted,13,12,416.80792200297583,56921476,7556.0,,16,64,3,64,1024,0.25,linear_resample,,,,linear_resample_M16_S64_k3_r64,0.6652310504369681,0.666154974109884,0.6655405405405406,0.6655405405405406,"[[103, 45], [54, 94]]","[148, 148]",1.4376087589318343,0.7254382761139518,0.27911723270159666,0.6553424657534247,0.6555190058479532,0.6554054054054055,0.6554054054054054,"[[99, 49], [53, 95]]","[148, 148]",1.5937929260092663,0.7078844046749452,0.2949152179576519,0.7221611721611723,0.725609756097561,0.722972972972973,0.722972972972973,"[[115, 33], [49, 99]]","[148, 148]",1.0226678664829414,0.741371439006574,0.2325712551338932,0.6602867580951963,0.6602867580951963
branch_radon_M16_S64_k3_r64_lr3e-05_seed3416,direct,branch,3416,3e-05,accepted,12,6,211.7299658029806,56921476,7556.0,,16,64,3,64,1024,0.25,radon,,,,radon_M16_S64_k3_r64,0.6912956277577216,0.695794457596435,0.6925675675675675,0.6925675675675675,"[[93, 55], [36, 112]]","[148, 148]",1.1127798152634594,0.7544740686632578,0.24510193739566458,0.6686769005847953,0.6694139194139195,0.6689189189189189,0.668918918918919,"[[95, 53], [45, 103]]","[148, 148]",1.3464211602017913,0.714572680788897,0.2822179143373677,0.6815018315018315,0.684589800443459,0.6824324324324325,0.6824324324324325,"[[93, 55], [39, 109]]","[148, 148]",1.087783786206573,0.7425127830533235,0.2520818353699762,0.6799862641712584,0.6799862641712584
branch_radon_M16_S64_k3_r64_lr3e-05_seed3417,direct,branch,3417,3e-05,accepted,18,12,597.8727401449869,56921476,7556.0,,16,64,3,64,1024,0.25,radon,,,,radon_M16_S64_k3_r64,0.6957236842105263,0.6965201465201465,0.695945945945946,0.6959459459459459,"[[99, 49], [41, 107]]","[148, 148]",1.4839543796049024,0.7328798392987583,0.2685500772388886,0.7018315018315018,0.70509977827051,0.7027027027027027,0.7027027027027027,"[[96, 52], [36, 112]]","[148, 148]",1.611975542248777,0.7350027392257121,0.2700939098422338,0.6919734239024781,0.6940648723257419,0.6925675675675675,0.6925675675675675,"[[96, 52], [39, 109]]","[148, 148]",1.4396530300947292,0.7361669101533966,0.26281986629059134,0.698777593021014,0.698777593021014
branch_radon_M16_S64_k3_r64_lr3e-05_seed3418,direct,branch,3418,3e-05,accepted,12,6,211.63916922701173,56921476,7556.0,,16,64,3,64,1024,0.25,radon,,,,radon_M16_S64_k3_r64,0.7192068118178181,0.7208143965477666,0.7195945945945946,0.7195945945945946,"[[112, 36], [47, 101]]","[148, 148]",1.306546953879957,0.7589937910883857,0.23674654023067748,0.6877637130801688,0.6927083333333333,0.6891891891891893,0.6891891891891891,"[[112, 36], [56, 92]]","[148, 148]",1.440432746449746,0.7325602629656683,0.2628212878643496,0.7226564285387815,0.7239955971381398,0.722972972972973,0.722972972972973,"[[112, 36], [46, 102]]","[148, 148]",1.2416011378180898,0.7528305332359386,0.23601207751408657,0.7034852624489935,0.7034852624489935
branch_radon_M16_S64_k3_r64_lr6e-05_seed3416,direct,branch,3416,6e-05,accepted,18,12,595.8957522010023,56921476,7556.0,,16,64,3,64,1024,0.25,radon,,,,radon_M16_S64_k3_r64,0.7225169197000183,0.7244485294117647,0.722972972972973,0.722972972972973,"[[113, 35], [47, 101]]","[148, 148]",1.3242805375998652,0.7557067202337473,0.24619780669184738,0.7120984998455218,0.7150468195027446,0.7128378378378378,0.7128378378378378,"[[113, 35], [50, 98]]","[148, 148]",1.5542870358441554,0.7429236669101534,0.2518307452438385,0.7188726527903331,0.7218737026615618,0.7195945945945946,0.7195945945945946,"[[114, 34], [49, 99]]","[148, 148]",1.3053128283206044,0.7556610664718774,0.24337539313679357,0.71730770977277,0.71730770977277
branch_radon_M16_S64_k3_r64_lr6e-05_seed3417,direct,branch,3417,6e-05,accepted,18,12,311.35287269900437,56921476,7556.0,,16,64,3,64,1024,0.25,radon,,,,radon_M16_S64_k3_r64,0.705674609977713,0.7072258182986733,0.7060810810810811,0.706081081081081,"[[99, 49], [38, 110]]","[148, 148]",1.3705348965731745,0.7446813367421475,0.2608095965156837,0.6820695644225057,0.6832691249312053,0.6824324324324325,0.6824324324324325,"[[96, 52], [42, 106]]","[148, 148]",1.595488323648555,0.7259861212563915,0.2832768274865504,0.6889619883040936,0.6897435897435897,0.6891891891891893,0.6891891891891891,"[[98, 50], [42, 106]]","[148, 148]",1.3425814461877228,0.7406409788166546,0.2627066287701071,0.6938720872001094,0.6938720872001094
branch_radon_M16_S64_k3_r64_lr6e-05_seed3418,direct,branch,3418,6e-05,accepted,16,10,489.47097838501213,56921476,7556.0,,16,64,3,64,1024,0.25,radon,,,,radon_M16_S64_k3_r64,0.668918918918919,0.668918918918919,0.668918918918919,0.668918918918919,"[[99, 49], [49, 99]]","[148, 148]",1.5574697064249403,0.7114682249817385,0.28275362703281626,0.6722935570393198,0.6723051636762087,0.6722972972972974,0.6722972972972973,"[[100, 48], [49, 99]]","[148, 148]",1.5369321821615696,0.7140933162892622,0.2881186690326634,0.6621467378897867,0.6621917808219178,0.6621621621621622,0.6621621621621622,"[[99, 49], [51, 97]]","[148, 148]",1.44142492537096,0.7145270270270271,0.2781551435498014,0.6706062379791193,0.6706062379791193
branch_linear_resample_M64_S64_k3_r8_lr3e-05_seed3416,direct,branch,3416,3e-05,accepted,8,0,137.35858730599284,47484292,7470.0,,64,64,3,8,512,0.03125,linear_resample,,,,linear_resample_M64_S64_k3_r8,0.668903803131991,0.6689497716894977,0.6689189189189189,0.668918918918919,"[[98, 50], [48, 100]]","[148, 148]",0.9324178618684056,0.7006482834185537,0.26285539630720245,0.6513545347467609,0.6532091097308488,0.652027027027027,0.652027027027027,"[[103, 45], [58, 90]]","[148, 148]",1.1492943787468952,0.6917001460920379,0.28227460370562996,0.7059166124224879,0.7065431251429879,0.7060810810810811,0.706081081081081,"[[108, 40], [47, 101]]","[148, 148]",0.6758155158203725,0.7575785244704165,0.20770928093282298,0.660129168939376,0.660129168939376
branch_linear_resample_M64_S64_k3_r8_lr3e-05_seed3417,direct,branch,3417,3e-05,accepted,8,0,217.90035619601258,47484292,7470.0,,64,64,3,8,512,0.03125,linear_resample,,,,linear_resample_M64_S64_k3_r8,0.6384763774584223,0.6385704498744005,0.6385135135135136,0.6385135135135135,"[[96, 52], [55, 93]]","[148, 148]",1.0895626288614289,0.6638056975894813,0.29553710871228117,0.641875542163174,0.6419178082191781,0.6418918918918919,0.6418918918918919,"[[94, 54], [52, 96]]","[148, 148]",1.7279395690703845,0.6468681519357194,0.3252650593357487,0.6384763774584223,0.6385704498744005,0.6385135135135136,0.6385135135135135,"[[93, 55], [52, 96]]","[148, 148]",0.803161644318559,0.6963568298027757,0.24084937779383492,0.6401759598107981,0.6401759598107981
branch_linear_resample_M64_S64_k3_r8_lr3e-05_seed3418,direct,branch,3418,3e-05,accepted,8,0,138.60799244599184,47484292,7470.0,,64,64,3,8,512,0.03125,linear_resample,,,,linear_resample_M64_S64_k3_r8,0.6587798892883638,0.6587910331918002,0.6587837837837838,0.6587837837837838,"[[98, 50], [51, 97]]","[148, 148]",1.1893489453349242,0.6984112490869248,0.27750285694601773,0.641875542163174,0.6419178082191781,0.6418918918918919,0.6418918918918919,"[[96, 52], [54, 94]]","[148, 148]",1.3959063887945375,0.6615686632578526,0.30768892077363064,0.6855200776832124,0.6865004811437474,0.6858108108108107,0.6858108108108109,"[[106, 42], [51, 97]]","[148, 148]",0.7716415718429044,0.7324689554419285,0.22256635090433152,0.650327715725769,0.650327715725769
branch_linear_resample_M64_S64_k3_r8_lr6e-05_seed3416,direct,branch,3416,6e-05,accepted,8,0,213.72470082901418,47484292,7470.0,,64,64,3,8,512,0.03125,linear_resample,,,,linear_resample_M64_S64_k3_r8,0.668903803131991,0.6689497716894977,0.6689189189189189,0.668918918918919,"[[98, 50], [48, 100]]","[148, 148]",0.9324178618684056,0.7006482834185537,0.26285539630720245,0.6513545347467609,0.6532091097308488,0.652027027027027,0.652027027027027,"[[103, 45], [58, 90]]","[148, 148]",1.1492943787468952,0.6917001460920379,0.28227460370562996,0.7059166124224879,0.7065431251429879,0.7060810810810811,0.706081081081081,"[[108, 40], [47, 101]]","[148, 148]",0.6758155158203725,0.7575785244704165,0.20770928093282298,0.660129168939376,0.660129168939376
branch_linear_resample_M64_S64_k3_r8_lr6e-05_seed3417,direct,branch,3417,6e-05,accepted,8,0,139.44885011701263,47484292,7470.0,,64,64,3,8,512,0.03125,linear_resample,,,,linear_resample_M64_S64_k3_r8,0.6384763774584223,0.6385704498744005,0.6385135135135136,0.6385135135135135,"[[96, 52], [55, 93]]","[148, 148]",1.0895626288614289,0.6638056975894813,0.29553710871228117,0.641875542163174,0.6419178082191781,0.6418918918918919,0.6418918918918919,"[[94, 54], [52, 96]]","[148, 148]",1.7279395690703845,0.6468681519357194,0.3252650593357487,0.6384763774584223,0.6385704498744005,0.6385135135135136,0.6385135135135135,"[[93, 55], [52, 96]]","[148, 148]",0.803161644318559,0.6963568298027757,0.24084937779383492,0.6401759598107981,0.6401759598107981
branch_linear_resample_M64_S64_k3_r8_lr6e-05_seed3418,direct,branch,3418,6e-05,accepted,8,0,218.71947342299973,47484292,7470.0,,64,64,3,8,512,0.03125,linear_resample,,,,linear_resample_M64_S64_k3_r8,0.6587798892883638,0.6587910331918002,0.6587837837837838,0.6587837837837838,"[[98, 50], [51, 97]]","[148, 148]",1.1893489453349242,0.6984112490869248,0.27750285694601773,0.641875542163174,0.6419178082191781,0.6418918918918919,0.6418918918918919,"[[96, 52], [54, 94]]","[148, 148]",1.3959063887945375,0.6615686632578526,0.30768892077363064,0.6855200776832124,0.6865004811437474,0.6858108108108107,0.6858108108108109,"[[106, 42], [51, 97]]","[148, 148]",0.7716415718429044,0.7324689554419285,0.22256635090433152,0.650327715725769,0.650327715725769
branch_radon_M64_S64_k3_r8_lr3e-05_seed3416,direct,branch,3416,3e-05,accepted,8,0,150.01606604101835,47484292,7462.0,,64,64,3,8,512,0.03125,radon,,,,radon_M64_S64_k3_r8,0.668903803131991,0.6689497716894977,0.6689189189189189,0.668918918918919,"[[98, 50], [48, 100]]","[148, 148]",0.9324178618684056,0.7006482834185537,0.26285539630720245,0.6513545347467609,0.6532091097308488,0.652027027027027,0.652027027027027,"[[103, 45], [58, 90]]","[148, 148]",1.1492943787468952,0.6917001460920379,0.28227460370562996,0.7059166124224879,0.7065431251429879,0.7060810810810811,0.706081081081081,"[[108, 40], [47, 101]]","[148, 148]",0.6758155158203725,0.7575785244704165,0.20770928093282298,0.660129168939376,0.660129168939376
branch_radon_M64_S64_k3_r8_lr3e-05_seed3417,direct,branch,3417,3e-05,accepted,8,0,235.28868713401607,47484292,7462.0,,64,64,3,8,512,0.03125,radon,,,,radon_M64_S64_k3_r8,0.6384763774584223,0.6385704498744005,0.6385135135135136,0.6385135135135135,"[[96, 52], [55, 93]]","[148, 148]",1.0895626288614289,0.6638056975894813,0.29553710871228117,0.641875542163174,0.6419178082191781,0.6418918918918919,0.6418918918918919,"[[94, 54], [52, 96]]","[148, 148]",1.7279395690703845,0.6468681519357194,0.3252650593357487,0.6384763774584223,0.6385704498744005,0.6385135135135136,0.6385135135135135,"[[93, 55], [52, 96]]","[148, 148]",0.803161644318559,0.6963568298027757,0.24084937779383492,0.6401759598107981,0.6401759598107981
branch_radon_M64_S64_k3_r8_lr3e-05_seed3418,direct,branch,3418,3e-05,accepted,8,0,153.95793751598103,47484292,7462.0,,64,64,3,8,512,0.03125,radon,,,,radon_M64_S64_k3_r8,0.6587798892883638,0.6587910331918002,0.6587837837837838,0.6587837837837838,"[[98, 50], [51, 97]]","[148, 148]",1.1893489453349242,0.6984112490869248,0.27750285694601773,0.641875542163174,0.6419178082191781,0.6418918918918919,0.6418918918918919,"[[96, 52], [54, 94]]","[148, 148]",1.3959063887945375,0.6615686632578526,0.30768892077363064,0.6855200776832124,0.6865004811437474,0.6858108108108107,0.6858108108108109,"[[106, 42], [51, 97]]","[148, 148]",0.7716415718429044,0.7324689554419285,0.22256635090433152,0.650327715725769,0.650327715725769
branch_radon_M64_S64_k3_r8_lr6e-05_seed3416,direct,branch,3416,6e-05,accepted,13,11,376.1970787720056,47484292,7462.0,,64,64,3,8,512,0.03125,radon,,,,radon_M64_S64_k3_r8,0.7126771500679481,0.713315030885381,0.7128378378378378,0.7128378378378378,"[[102, 46], [39, 109]]","[148, 148]",1.2118568888907708,0.7454802775748722,0.2477302737767952,0.6551535087719298,0.6558608058608059,0.6554054054054055,0.6554054054054054,"[[101, 47], [55, 93]]","[148, 148]",1.5089087764839864,0.7113084368151935,0.28525502681875076,0.7128345602921874,0.7128475551294343,0.7128378378378378,0.7128378378378378,"[[105, 43], [42, 106]]","[148, 148]",0.9686083043719428,0.7573502556610665,0.22062909225332264,0.6839153294199389,0.6839153294199389
branch_radon_M64_S64_k3_r8_lr6e-05_seed3417,direct,branch,3417,6e-05,accepted,8,0,153.5811725090025,47484292,7462.0,,64,64,3,8,512,0.03125,radon,,,,radon_M64_S64_k3_r8,0.6384763774584223,0.6385704498744005,0.6385135135135136,0.6385135135135135,"[[96, 52], [55, 93]]","[148, 148]",1.0895626288614289,0.6638056975894813,0.29553710871228117,0.641875542163174,0.6419178082191781,0.6418918918918919,0.6418918918918919,"[[94, 54], [52, 96]]","[148, 148]",1.7279395690703845,0.6468681519357194,0.3252650593357487,0.6384763774584223,0.6385704498744005,0.6385135135135136,0.6385135135135135,"[[93, 55], [52, 96]]","[148, 148]",0.803161644318559,0.6963568298027757,0.24084937779383492,0.6401759598107981,0.6401759598107981
branch_radon_M64_S64_k3_r8_lr6e-05_seed3418,direct,branch,3418,6e-05,accepted,8,0,231.21387016499648,47484292,7462.0,,64,64,3,8,512,0.03125,radon,,,,radon_M64_S64_k3_r8,0.6587798892883638,0.6587910331918002,0.6587837837837838,0.6587837837837838,"[[98, 50], [51, 97]]","[148, 148]",1.1893489453349242,0.6984112490869248,0.27750285694601773,0.641875542163174,0.6419178082191781,0.6418918918918919,0.6418918918918919,"[[96, 52], [54, 94]]","[148, 148]",1.3959063887945375,0.6615686632578526,0.30768892077363064,0.6855200776832124,0.6865004811437474,0.6858108108108107,0.6858108108108109,"[[106, 42], [51, 97]]","[148, 148]",0.7716415718429044,0.7324689554419285,0.22256635090433152,0.650327715725769,0.650327715725769
branch_linear_resample_M64_S64_k3_r16_lr3e-05_seed3416,direct,branch,3416,3e-05,accepted,8,0,141.0742801479937,56921476,7552.0,,64,64,3,16,1024,0.0625,linear_resample,,,,linear_resample_M64_S64_k3_r16,0.668903803131991,0.6689497716894977,0.6689189189189189,0.668918918918919,"[[98, 50], [48, 100]]","[148, 148]",0.9324178618684056,0.7006482834185537,0.26285539630720245,0.6513545347467609,0.6532091097308488,0.652027027027027,0.652027027027027,"[[103, 45], [58, 90]]","[148, 148]",1.1492943787468952,0.6917001460920379,0.28227460370562996,0.7059166124224879,0.7065431251429879,0.7060810810810811,0.706081081081081,"[[108, 40], [47, 101]]","[148, 148]",0.6758155158203725,0.7575785244704165,0.20770928093282298,0.660129168939376,0.660129168939376
branch_linear_resample_M64_S64_k3_r16_lr3e-05_seed3417,direct,branch,3417,3e-05,accepted,8,0,239.4549229980039,56921476,7552.0,,64,64,3,16,1024,0.0625,linear_resample,,,,linear_resample_M64_S64_k3_r16,0.6384763774584223,0.6385704498744005,0.6385135135135136,0.6385135135135135,"[[96, 52], [55, 93]]","[148, 148]",1.0895626288614289,0.6638056975894813,0.29553710871228117,0.641875542163174,0.6419178082191781,0.6418918918918919,0.6418918918918919,"[[94, 54], [52, 96]]","[148, 148]",1.7279395690703845,0.6468681519357194,0.3252650593357487,0.6384763774584223,0.6385704498744005,0.6385135135135136,0.6385135135135135,"[[93, 55], [52, 96]]","[148, 148]",0.803161644318559,0.6963568298027757,0.24084937779383492,0.6401759598107981,0.6401759598107981
branch_linear_resample_M64_S64_k3_r16_lr3e-05_seed3418,direct,branch,3418,3e-05,accepted,8,0,141.7884016210155,56921476,7552.0,,64,64,3,16,1024,0.0625,linear_resample,,,,linear_resample_M64_S64_k3_r16,0.6587798892883638,0.6587910331918002,0.6587837837837838,0.6587837837837838,"[[98, 50], [51, 97]]","[148, 148]",1.1893489453349242,0.6984112490869248,0.27750285694601773,0.641875542163174,0.6419178082191781,0.6418918918918919,0.6418918918918919,"[[96, 52], [54, 94]]","[148, 148]",1.3959063887945375,0.6615686632578526,0.30768892077363064,0.6855200776832124,0.6865004811437474,0.6858108108108107,0.6858108108108109,"[[106, 42], [51, 97]]","[148, 148]",0.7716415718429044,0.7324689554419285,0.22256635090433152,0.650327715725769,0.650327715725769
branch_linear_resample_M64_S64_k3_r16_lr6e-05_seed3416,direct,branch,3416,6e-05,accepted,8,0,214.134173798986,56921476,7552.0,,64,64,3,16,1024,0.0625,linear_resample,,,,linear_resample_M64_S64_k3_r16,0.668903803131991,0.6689497716894977,0.6689189189189189,0.668918918918919,"[[98, 50], [48, 100]]","[148, 148]",0.9324178618684056,0.7006482834185537,0.26285539630720245,0.6513545347467609,0.6532091097308488,0.652027027027027,0.652027027027027,"[[103, 45], [58, 90]]","[148, 148]",1.1492943787468952,0.6917001460920379,0.28227460370562996,0.7059166124224879,0.7065431251429879,0.7060810810810811,0.706081081081081,"[[108, 40], [47, 101]]","[148, 148]",0.6758155158203725,0.7575785244704165,0.20770928093282298,0.660129168939376,0.660129168939376
branch_linear_resample_M64_S64_k3_r16_lr6e-05_seed3417,direct,branch,3417,6e-05,accepted,8,0,139.19165933100157,56921476,7552.0,,64,64,3,16,1024,0.0625,linear_resample,,,,linear_resample_M64_S64_k3_r16,0.6384763774584223,0.6385704498744005,0.6385135135135136,0.6385135135135135,"[[96, 52], [55, 93]]","[148, 148]",1.0895626288614289,0.6638056975894813,0.29553710871228117,0.641875542163174,0.6419178082191781,0.6418918918918919,0.6418918918918919,"[[94, 54], [52, 96]]","[148, 148]",1.7279395690703845,0.6468681519357194,0.3252650593357487,0.6384763774584223,0.6385704498744005,0.6385135135135136,0.6385135135135135,"[[93, 55], [52, 96]]","[148, 148]",0.803161644318559,0.6963568298027757,0.24084937779383492,0.6401759598107981,0.6401759598107981
branch_linear_resample_M64_S64_k3_r16_lr6e-05_seed3418,direct,branch,3418,6e-05,accepted,10,4,278.38070814998355,56921476,7552.0,,64,64,3,16,1024,0.0625,linear_resample,,,,linear_resample_M64_S64_k3_r16,0.6508754451658708,0.6540596807772381,0.652027027027027,0.652027027027027,"[[88, 60], [43, 105]]","[148, 148]",1.5551004491370424,0.6869293279766253,0.30614453547084325,0.6616059996341687,0.6632352941176471,0.6621621621621622,0.6621621621621622,"[[104, 44], [56, 92]]","[148, 148]",1.1714229509893108,0.6895087655222791,0.27559140244166797,0.7094594594594594,0.7094594594594594,0.7094594594594594,0.7094594594594594,"[[105, 43], [43, 105]]","[148, 148]",0.8116548481259072,0.741599707815924,0.22260056893299063,0.6562407224000197,0.6562407224000197
branch_radon_M64_S64_k3_r16_lr3e-05_seed3416,direct,branch,3416,3e-05,accepted,17,11,312.28502290399047,56921476,7526.0,,64,64,3,16,1024,0.0625,radon,,,,radon_M64_S64_k3_r16,0.6992934354560709,0.6994062571363324,0.6993243243243243,0.6993243243243243,"[[105, 43], [46, 102]]","[148, 148]",1.2926998517570965,0.7527392257121986,0.256595041885542,0.6754385964912281,0.6761904761904762,0.6756756756756757,0.6756756756756757,"[[96, 52], [44, 104]]","[148, 148]",1.7283449015260801,0.7099159970781592,0.2981803762440723,0.6718441053774502,0.6732543726759399,0.6722972972972973,0.6722972972972973,"[[94, 54], [43, 105]]","[148, 148]",1.1138562399761773,0.7489499634769905,0.2450181069062802,0.6873660159736494,0.6873660159736494
branch_radon_M64_S64_k3_r16_lr3e-05_seed3417,direct,branch,3417,3e-05,accepted,12,6,376.1316932539921,56921476,7526.0,,64,64,3,16,1024,0.0625,radon,,,,radon_M64_S64_k3_r16,0.6683738796414853,0.6700367647058824,0.6689189189189189,0.668918918918919,"[[105, 43], [55, 93]]","[148, 148]",1.3478970478965975,0.7096877282688093,0.27522078992183735,0.634065934065934,0.6367331855136733,0.6351351351351351,0.6351351351351351,"[[86, 62], [46, 102]]","[148, 148]",1.7438841443796607,0.6898283418553689,0.3085511758153259,0.6552637588490523,0.6556612401682824,0.6554054054054054,0.6554054054054054,"[[94, 54], [48, 100]]","[148, 148]",1.1440317884193685,0.7110116873630388,0.25788293605740215,0.6512199068537097,0.6512199068537097
branch_radon_M64_S64_k3_r16_lr3e-05_seed3418,direct,branch,3418,3e-05,accepted,20,14,365.5157993689936,56921476,7526.0,,64,64,3,16,1024,0.0625,radon,,,,radon_M64_S64_k3_r16,0.7160087719298246,0.7168498168498169,0.7162162162162162,0.7162162162162162,"[[110, 38], [46, 102]]","[148, 148]",1.4795840785192582,0.7432432432432432,0.24889815081741687,0.6688584474885845,0.6690423976608187,0.6689189189189189,0.668918918918919,"[[101, 47], [51, 97]]","[148, 148]",1.9739582682111352,0.702154857560263,0.29614559880563424,0.6993208925412315,0.6993334246450258,0.6993243243243243,0.6993243243243243,"[[104, 44], [45, 103]]","[148, 148]",1.3468583174349422,0.7328341855368883,0.24188355054502964,0.6924336097092045,0.6924336097092045
branch_radon_M64_S64_k3_r16_lr6e-05_seed3416,direct,branch,3416,6e-05,accepted,25,19,731.0170152320061,56921476,7526.0,,64,64,3,16,1024,0.0625,radon,,,,radon_M64_S64_k3_r16,0.7092470760233918,0.71007326007326,0.7094594594594594,0.7094594594594594,"[[109, 39], [47, 101]]","[148, 148]",1.388011336314854,0.751871804236669,0.25206954766097495,0.6954453996707517,0.6972426470588236,0.6959459459459459,0.6959459459459459,"[[97, 51], [39, 109]]","[148, 148]",1.476711346024807,0.7546566837107377,0.2632139759748525,0.6957236842105263,0.6965201465201465,0.695945945945946,0.6959459459459459,"[[107, 41], [49, 99]]","[148, 148]",1.2583780795170563,0.7580578889700512,0.24239343763147028,0.7023462378470717,0.7023462378470717
branch_radon_M64_S64_k3_r16_lr6e-05_seed3417,direct,branch,3417,6e-05,accepted,16,10,306.0318186460063,56921476,7526.0,,64,64,3,16,1024,0.0625,radon,,,,radon_M64_S64_k3_r16,0.6617761323643676,0.662905888827738,0.6621621621621622,0.6621621621621622,"[[103, 45], [55, 93]]","[148, 148]",1.3579364490095316,0.7170836376917458,0.28788714162018525,0.6890614295501256,0.6895006402048656,0.6891891891891893,0.6891891891891891,"[[99, 49], [43, 105]]","[148, 148]",1.5714591629568184,0.7277666179693206,0.27107540722354667,0.6756608683741954,0.6757077625570777,0.6756756756756757,0.6756756756756757,"[[101, 47], [49, 99]]","[148, 148]",1.2131477738015708,0.7283144631117604,0.2593314558695089,0.6754187809572466,0.6754187809572466
branch_radon_M64_S64_k3_r16_lr6e-05_seed3418,direct,branch,3418,6e-05,accepted,20,14,586.412746869988,56921476,7526.0,,64,64,3,16,1024,0.0625,radon,,,,radon_M64_S64_k3_r16,0.6718441053774502,0.6732543726759399,0.6722972972972973,0.6722972972972973,"[[105, 43], [54, 94]]","[148, 148]",1.4503394314578557,0.7180880204528853,0.2794482967046037,0.6992385062392255,0.699552081905023,0.6993243243243243,0.6993243243243243,"[[101, 47], [42, 106]]","[148, 148]",1.6200607724466218,0.7358016800584368,0.26817526512733586,0.7026891293430124,0.7027397260273973,0.7027027027027026,0.7027027027027027,"[[105, 43], [45, 103]]","[148, 148]",1.3024309550525834,0.7300493060628195,0.25580792852333445,0.6855413058083378,0.6855413058083378
branch_linear_resample_M32_S32_k3_r16_lr3e-05_seed3416,direct,branch,3416,3e-05,accepted,8,0,135.22052632502164,47484292,7530.0,,32,32,3,16,512,0.0625,linear_resample,,,,linear_resample_M32_S32_k3_r16,0.668903803131991,0.6689497716894977,0.6689189189189189,0.668918918918919,"[[98, 50], [48, 100]]","[148, 148]",0.9324178618684056,0.7006482834185537,0.26285539630720245,0.6513545347467609,0.6532091097308488,0.652027027027027,0.652027027027027,"[[103, 45], [58, 90]]","[148, 148]",1.1492943787468952,0.6917001460920379,0.28227460370562996,0.7059166124224879,0.7065431251429879,0.7060810810810811,0.706081081081081,"[[108, 40], [47, 101]]","[148, 148]",0.6758155158203725,0.7575785244704165,0.20770928093282298,0.660129168939376,0.660129168939376
branch_linear_resample_M32_S32_k3_r16_lr3e-05_seed3417,direct,branch,3417,3e-05,accepted,8,0,204.08218293599202,47484292,7530.0,,32,32,3,16,512,0.0625,linear_resample,,,,linear_resample_M32_S32_k3_r16,0.6384763774584223,0.6385704498744005,0.6385135135135136,0.6385135135135135,"[[96, 52], [55, 93]]","[148, 148]",1.0895626288614289,0.6638056975894813,0.29553710871228117,0.641875542163174,0.6419178082191781,0.6418918918918919,0.6418918918918919,"[[94, 54], [52, 96]]","[148, 148]",1.7279395690703845,0.6468681519357194,0.3252650593357487,0.6384763774584223,0.6385704498744005,0.6385135135135136,0.6385135135135135,"[[93, 55], [52, 96]]","[148, 148]",0.803161644318559,0.6963568298027757,0.24084937779383492,0.6401759598107981,0.6401759598107981
branch_linear_resample_M32_S32_k3_r16_lr3e-05_seed3418,direct,branch,3418,3e-05,accepted,10,4,166.87137811101275,47484292,7530.0,,32,32,3,16,512,0.0625,linear_resample,,,,linear_resample_M32_S32_k3_r16,0.6451690242148166,0.6454362630833219,0.6452702702702703,0.6452702702702703,"[[98, 50], [55, 93]]","[148, 148]",1.554528925772756,0.683802045288532,0.3053230487074726,0.6652310504369681,0.666154974109884,0.6655405405405406,0.6655405405405406,"[[103, 45], [54, 94]]","[148, 148]",1.6688600109953513,0.6787344777209642,0.29878710426992566,0.702648401826484,0.7028508771929824,0.7027027027027026,0.7027027027027027,"[[106, 42], [46, 102]]","[148, 148]",0.8540345160463466,0.7388148283418554,0.22249397253489073,0.6552000373258924,0.6552000373258924
branch_linear_resample_M32_S32_k3_r16_lr6e-05_seed3416,direct,branch,3416,6e-05,accepted,8,0,214.5102490359859,47484292,7530.0,,32,32,3,16,512,0.0625,linear_resample,,,,linear_resample_M32_S32_k3_r16,0.668903803131991,0.6689497716894977,0.6689189189189189,0.668918918918919,"[[98, 50], [48, 100]]","[148, 148]",0.9324178618684056,0.7006482834185537,0.26285539630720245,0.6513545347467609,0.6532091097308488,0.652027027027027,0.652027027027027,"[[103, 45], [58, 90]]","[148, 148]",1.1492943787468952,0.6917001460920379,0.28227460370562996,0.7059166124224879,0.7065431251429879,0.7060810810810811,0.706081081081081,"[[108, 40], [47, 101]]","[148, 148]",0.6758155158203725,0.7575785244704165,0.20770928093282298,0.660129168939376,0.660129168939376
branch_linear_resample_M32_S32_k3_r16_lr6e-05_seed3417,direct,branch,3417,6e-05,accepted,8,0,132.73692995400052,47484292,7530.0,,32,32,3,16,512,0.0625,linear_resample,,,,linear_resample_M32_S32_k3_r16,0.6384763774584223,0.6385704498744005,0.6385135135135136,0.6385135135135135,"[[96, 52], [55, 93]]","[148, 148]",1.0895626288614289,0.6638056975894813,0.29553710871228117,0.641875542163174,0.6419178082191781,0.6418918918918919,0.6418918918918919,"[[94, 54], [52, 96]]","[148, 148]",1.7279395690703845,0.6468681519357194,0.3252650593357487,0.6384763774584223,0.6385704498744005,0.6385135135135136,0.6385135135135135,"[[93, 55], [52, 96]]","[148, 148]",0.803161644318559,0.6963568298027757,0.24084937779383492,0.6401759598107981,0.6401759598107981
branch_linear_resample_M32_S32_k3_r16_lr6e-05_seed3418,direct,branch,3418,6e-05,accepted,19,13,478.51037677997374,47484292,7530.0,,32,32,3,16,512,0.0625,linear_resample,,,,linear_resample_M32_S32_k3_r16,0.6652310504369681,0.666154974109884,0.6655405405405406,0.6655405405405406,"[[94, 54], [45, 103]]","[148, 148]",1.5812075630578595,0.6836650840029219,0.2994431607062559,0.6550116550116549,0.6561181434599156,0.6554054054054054,0.6554054054054054,"[[92, 56], [46, 102]]","[148, 148]",1.649786497458456,0.6880021913805698,0.3024134954327826,0.6886775196634352,0.6904411764705882,0.6891891891891893,0.6891891891891891,"[[96, 52], [40, 108]]","[148, 148]",0.8983796953403438,0.7383126369612856,0.22690905867183447,0.6601213527243115,0.6601213527243115
branch_radon_M32_S32_k3_r16_lr3e-05_seed3416,direct,branch,3416,3e-05,accepted,15,9,258.31370652400074,47484292,7530.0,,32,32,3,16,512,0.0625,radon,,,,radon_M32_S32_k3_r16,0.701599230170004,0.705746061167748,0.7027027027027026,0.7027027027027027,"[[95, 53], [35, 113]]","[148, 148]",1.2400446599427457,0.7429236669101533,0.2647490322100865,0.667948717948718,0.6709164818920916,0.668918918918919,0.668918918918919,"[[107, 41], [57, 91]]","[148, 148]",1.6345903006589633,0.6945763330898467,0.2948160071455734,0.6823744292237444,0.6825657894736843,0.6824324324324325,0.6824324324324325,"[[99, 49], [45, 103]]","[148, 148]",0.8690007810716015,0.7493608473338202,0.22276477565077213,0.684773974059361,0.684773974059361
branch_radon_M32_S32_k3_r16_lr3e-05_seed3417,direct,branch,3417,3e-05,accepted,8,0,209.8817765779968,47484292,7530.0,,32,32,3,16,512,0.0625,radon,,,,radon_M32_S32_k3_r16,0.6384763774584223,0.6385704498744005,0.6385135135135136,0.6385135135135135,"[[96, 52], [55, 93]]","[148, 148]",1.0895626288614289,0.6638056975894813,0.29553710871228117,0.641875542163174,0.6419178082191781,0.6418918918918919,0.6418918918918919,"[[94, 54], [52, 96]]","[148, 148]",1.7279395690703845,0.6468681519357194,0.3252650593357487,0.6384763774584223,0.6385704498744005,0.6385135135135136,0.6385135135135135,"[[93, 55], [52, 96]]","[148, 148]",0.803161644318559,0.6963568298027757,0.24084937779383492,0.6401759598107981,0.6401759598107981
branch_radon_M32_S32_k3_r16_lr3e-05_seed3418,direct,branch,3418,3e-05,accepted,21,15,567.3502038040024,47484292,7530.0,,32,32,3,16,512,0.0625,radon,,,,radon_M32_S32_k3_r16,0.6621004566210045,0.6622807017543859,0.6621621621621622,0.6621621621621622,"[[96, 52], [48, 100]]","[148, 148]",1.647985774470345,0.712563915266618,0.29431656918416715,0.6616059996341687,0.6632352941176471,0.6621621621621622,0.6621621621621622,"[[104, 44], [56, 92]]","[148, 148]",1.8608649843023348,0.7049625639152666,0.29374012467997457,0.6924798209861744,0.6927876045523105,0.6925675675675675,0.6925675675675675,"[[105, 43], [48, 100]]","[148, 148]",1.0465142491624726,0.735527757487217,0.23483141869858531,0.6618532281275866,0.6618532281275866
branch_radon_M32_S32_k3_r16_lr6e-05_seed3416,direct,branch,3416,6e-05,accepted,20,14,341.5087106960127,47484292,7530.0,,32,32,3,16,512,0.0625,radon,,,,radon_M32_S32_k3_r16,0.7059166124224879,0.7065431251429879,0.7060810810810811,0.706081081081081,"[[108, 40], [47, 101]]","[148, 148]",1.2808036609306404,0.7608199415631848,0.25195033070152306,0.7025804978305549,0.7030364002194989,0.7027027027027027,0.7027027027027027,"[[107, 41], [47, 101]]","[148, 148]",1.6369948466156201,0.7494521548575602,0.2588950357663067,0.6958904109589041,0.6960891812865497,0.6959459459459459,0.6959459459459459,"[[105, 43], [47, 101]]","[148, 148]",1.1267546616836477,0.7659331628926225,0.23291083016740985,0.7042485551265214,0.7042485551265214
branch_radon_M32_S32_k3_r16_lr6e-05_seed3417,direct,branch,3417,6e-05,accepted,22,16,375.8857949159865,47484292,7530.0,,32,32,3,16,512,0.0625,radon,,,,radon_M32_S32_k3_r16,0.6687828271294816,0.6691970001829157,0.6689189189189189,0.668918918918919,"[[96, 52], [46, 102]]","[148, 148]",1.4004667970885003,0.7114225712198685,0.28450489864460055,0.68849233584992,0.6908973650267183,0.6891891891891893,0.6891891891891891,"[[95, 53], [39, 109]]","[148, 148]",1.643890235518134,0.7121986851716581,0.2925201693282132,0.698329268153034,0.7019893592412676,0.6993243243243243,0.6993243243243243,"[[95, 53], [36, 112]]","[148, 148]",1.205567861542869,0.7212837837837838,0.2530458781219766,0.6786375814897008,0.6786375814897008
branch_radon_M32_S32_k3_r16_lr6e-05_seed3418,direct,branch,3418,6e-05,accepted,18,12,483.9304524449981,47484292,7530.0,,32,32,3,16,512,0.0625,radon,,,,radon_M32_S32_k3_r16,0.6823744292237444,0.6825657894736843,0.6824324324324325,0.6824324324324325,"[[103, 45], [49, 99]]","[148, 148]",1.470631731936709,0.7285883856829802,0.27754741713652425,0.6790210827901879,0.6791276547156886,0.6790540540540541,0.6790540540540541,"[[99, 49], [46, 102]]","[148, 148]",1.5542535245314446,0.7317841490138788,0.27786816993028424,0.6959320641008081,0.6959817351598174,0.6959459459459459,0.6959459459459459,"[[102, 46], [44, 104]]","[148, 148]",1.1977856270927945,0.7369886778670562,0.24772071632891968,0.6806977560069661,0.6806977560069661
branch_linear_resample_M32_S32_k3_r22_lr3e-05_seed3416,direct,branch,3416,3e-05,accepted,8,0,136.32252198900096,50285956,7490.0,,32,32,3,22,704,0.0859375,linear_resample,,,,linear_resample_M32_S32_k3_r22,0.668903803131991,0.6689497716894977,0.6689189189189189,0.668918918918919,"[[98, 50], [48, 100]]","[148, 148]",0.9324178618684056,0.7006482834185537,0.26285539630720245,0.6513545347467609,0.6532091097308488,0.652027027027027,0.652027027027027,"[[103, 45], [58, 90]]","[148, 148]",1.1492943787468952,0.6917001460920379,0.28227460370562996,0.7059166124224879,0.7065431251429879,0.7060810810810811,0.706081081081081,"[[108, 40], [47, 101]]","[148, 148]",0.6758155158203725,0.7575785244704165,0.20770928093282298,0.660129168939376,0.660129168939376
branch_linear_resample_M32_S32_k3_r22_lr3e-05_seed3417,direct,branch,3417,3e-05,accepted,8,0,136.2559968380083,50285956,7490.0,,32,32,3,22,704,0.0859375,linear_resample,,,,linear_resample_M32_S32_k3_r22,0.6384763774584223,0.6385704498744005,0.6385135135135136,0.6385135135135135,"[[96, 52], [55, 93]]","[148, 148]",1.0895626288614289,0.6638056975894813,0.29553710871228117,0.641875542163174,0.6419178082191781,0.6418918918918919,0.6418918918918919,"[[94, 54], [52, 96]]","[148, 148]",1.7279395690703845,0.6468681519357194,0.3252650593357487,0.6384763774584223,0.6385704498744005,0.6385135135135136,0.6385135135135135,"[[93, 55], [52, 96]]","[148, 148]",0.803161644318559,0.6963568298027757,0.24084937779383492,0.6401759598107981,0.6401759598107981
branch_linear_resample_M32_S32_k3_r22_lr3e-05_seed3418,direct,branch,3418,3e-05,accepted,12,6,198.383730364003,50285956,7490.0,,32,32,3,22,704,0.0859375,linear_resample,,,,linear_resample_M32_S32_k3_r22,0.6819096396561185,0.6836397058823529,0.6824324324324325,0.6824324324324325,"[[107, 41], [53, 95]]","[148, 148]",1.4811009300819473,0.714618334550767,0.2731905492828808,0.6722935570393198,0.6723051636762087,0.6722972972972974,0.6722972972972973,"[[100, 48], [49, 99]]","[148, 148]",1.778455278161803,0.6932980277574872,0.2926870802481991,0.7060777264167095,0.70609048988723,0.7060810810810811,0.706081081081081,"[[105, 43], [44, 104]]","[148, 148]",0.8652941498715987,0.760363403944485,0.21051571789436893,0.6771015983477191,0.6771015983477191
branch_linear_resample_M32_S32_k3_r22_lr6e-05_seed3416,direct,branch,3416,6e-05,accepted,8,0,209.26695012798882,50285956,7490.0,,32,32,3,22,704,0.0859375,linear_resample,,,,linear_resample_M32_S32_k3_r22,0.668903803131991,0.6689497716894977,0.6689189189189189,0.668918918918919,"[[98, 50], [48, 100]]","[148, 148]",0.9324178618684056,0.7006482834185537,0.26285539630720245,0.6513545347467609,0.6532091097308488,0.652027027027027,0.652027027027027,"[[103, 45], [58, 90]]","[148, 148]",1.1492943787468952,0.6917001460920379,0.28227460370562996,0.7059166124224879,0.7065431251429879,0.7060810810810811,0.706081081081081,"[[108, 40], [47, 101]]","[148, 148]",0.6758155158203725,0.7575785244704165,0.20770928093282298,0.660129168939376,0.660129168939376
branch_linear_resample_M32_S32_k3_r22_lr6e-05_seed3417,direct,branch,3417,6e-05,accepted,8,0,133.13549813599093,50285956,7490.0,,32,32,3,22,704,0.0859375,linear_resample,,,,linear_resample_M32_S32_k3_r22,0.6384763774584223,0.6385704498744005,0.6385135135135136,0.6385135135135135,"[[96, 52], [55, 93]]","[148, 148]",1.0895626288614289,0.6638056975894813,0.29553710871228117,0.641875542163174,0.6419178082191781,0.6418918918918919,0.6418918918918919,"[[94, 54], [52, 96]]","[148, 148]",1.7279395690703845,0.6468681519357194,0.3252650593357487,0.6384763774584223,0.6385704498744005,0.6385135135135136,0.6385135135135135,"[[93, 55], [52, 96]]","[148, 148]",0.803161644318559,0.6963568298027757,0.24084937779383492,0.6401759598107981,0.6401759598107981
branch_linear_resample_M32_S32_k3_r22_lr6e-05_seed3418,direct,branch,3418,6e-05,accepted,8,0,205.97039469899028,50285956,7490.0,,32,32,3,22,704,0.0859375,linear_resample,,,,linear_resample_M32_S32_k3_r22,0.6587798892883638,0.6587910331918002,0.6587837837837838,0.6587837837837838,"[[98, 50], [51, 97]]","[148, 148]",1.1893489453349242,0.6984112490869248,0.27750285694601773,0.641875542163174,0.6419178082191781,0.6418918918918919,0.6418918918918919,"[[96, 52], [54, 94]]","[148, 148]",1.3959063887945375,0.6615686632578526,0.30768892077363064,0.6855200776832124,0.6865004811437474,0.6858108108108107,0.6858108108108109,"[[106, 42], [51, 97]]","[148, 148]",0.7716415718429044,0.7324689554419285,0.22256635090433152,0.650327715725769,0.650327715725769
branch_linear_resample_M32_S32_k3_r23_lr3e-05_seed3416,direct,branch,3416,3e-05,accepted,13,7,212.50823040900286,50838916,7500.0,,32,32,3,23,736,0.08984375,linear_resample,,,,linear_resample_M32_S32_k3_r23,0.6985501939558993,0.70139305318511,0.6993243243243243,0.6993243243243243,"[[111, 37], [52, 96]]","[148, 148]",1.2485020702659795,0.7267622352081812,0.2624122266377493,0.6283614116787655,0.6284018264840183,0.6283783783783783,0.6283783783783784,"[[94, 54], [56, 92]]","[148, 148]",1.7856928753813146,0.6606784149013879,0.3299377662334593,0.6552637588490523,0.6556612401682824,0.6554054054054054,0.6554054054054054,"[[100, 48], [54, 94]]","[148, 148]",0.8427726546764107,0.7274470416362309,0.22779642556379917,0.6634558028173324,0.6634558028173324
branch_linear_resample_M32_S32_k3_r23_lr3e-05_seed3417,direct,branch,3417,3e-05,accepted,8,0,211.8864717700053,50838916,7500.0,,32,32,3,23,736,0.08984375,linear_resample,,,,linear_resample_M32_S32_k3_r23,0.6384763774584223,0.6385704498744005,0.6385135135135136,0.6385135135135135,"[[96, 52], [55, 93]]","[148, 148]",1.0895626288614289,0.6638056975894813,0.29553710871228117,0.641875542163174,0.6419178082191781,0.6418918918918919,0.6418918918918919,"[[94, 54], [52, 96]]","[148, 148]",1.7279395690703845,0.6468681519357194,0.3252650593357487,0.6384763774584223,0.6385704498744005,0.6385135135135136,0.6385135135135135,"[[93, 55], [52, 96]]","[148, 148]",0.803161644318559,0.6963568298027757,0.24084937779383492,0.6401759598107981,0.6401759598107981
branch_linear_resample_M32_S32_k3_r23_lr3e-05_seed3418,direct,branch,3418,3e-05,accepted,12,6,198.91026219399646,50838916,7500.0,,32,32,3,23,736,0.08984375,linear_resample,,,,linear_resample_M32_S32_k3_r23,0.6786102062975027,0.6800486618004866,0.6790540540540541,0.6790540540540541,"[[106, 42], [53, 95]]","[148, 148]",1.4572967013665643,0.7098246895544194,0.2821097033608665,0.658311903537345,0.6596657944268466,0.6587837837837838,0.6587837837837838,"[[92, 56], [45, 103]]","[148, 148]",1.7452852757711463,0.6941654492330168,0.29706428052636824,0.7160995661109842,0.7165721602341321,0.7162162162162162,0.7162162162162162,"[[103, 45], [39, 109]]","[148, 148]",0.8479338804539618,0.7589937910883856,0.21115684441469715,0.6684610549174239,0.6684610549174239
branch_linear_resample_M32_S32_k3_r23_lr6e-05_seed3416,direct,branch,3416,6e-05,accepted,8,0,212.31822213399573,50838916,7500.0,,32,32,3,23,736,0.08984375,linear_resample,,,,linear_resample_M32_S32_k3_r23,0.668903803131991,0.6689497716894977,0.6689189189189189,0.668918918918919,"[[98, 50], [48, 100]]","[148, 148]",0.9324178618684056,0.7006482834185537,0.26285539630720245,0.6513545347467609,0.6532091097308488,0.652027027027027,0.652027027027027,"[[103, 45], [58, 90]]","[148, 148]",1.1492943787468952,0.6917001460920379,0.28227460370562996,0.7059166124224879,0.7065431251429879,0.7060810810810811,0.706081081081081,"[[108, 40], [47, 101]]","[148, 148]",0.6758155158203725,0.7575785244704165,0.20770928093282298,0.660129168939376,0.660129168939376
branch_linear_resample_M32_S32_k3_r23_lr6e-05_seed3417,direct,branch,3417,6e-05,accepted,8,0,137.16716059600003,50838916,7500.0,,32,32,3,23,736,0.08984375,linear_resample,,,,linear_resample_M32_S32_k3_r23,0.6384763774584223,0.6385704498744005,0.6385135135135136,0.6385135135135135,"[[96, 52], [55, 93]]","[148, 148]",1.0895626288614289,0.6638056975894813,0.29553710871228117,0.641875542163174,0.6419178082191781,0.6418918918918919,0.6418918918918919,"[[94, 54], [52, 96]]","[148, 148]",1.7279395690703845,0.6468681519357194,0.3252650593357487,0.6384763774584223,0.6385704498744005,0.6385135135135136,0.6385135135135135,"[[93, 55], [52, 96]]","[148, 148]",0.803161644318559,0.6963568298027757,0.24084937779383492,0.6401759598107981,0.6401759598107981
branch_linear_resample_M32_S32_k3_r23_lr6e-05_seed3418,direct,branch,3418,6e-05,accepted,15,9,387.6983502189978,50838916,7500.0,,32,32,3,23,736,0.08984375,linear_resample,,,,linear_resample_M32_S32_k3_r23,0.6655367231638418,0.6655480984340045,0.6655405405405406,0.6655405405405406,"[[98, 50], [49, 99]]","[148, 148]",1.4941710345762362,0.702246165084003,0.2849616650767636,0.6584680413548867,0.6593731384319296,0.6587837837837838,0.6587837837837838,"[[93, 55], [46, 102]]","[148, 148]",1.603198273398939,0.6888696128560993,0.30017074322765497,0.7093400319707696,0.7098042802268154,0.7094594594594594,0.7094594594594594,"[[102, 46], [40, 108]]","[148, 148]",0.9144003065476252,0.7421475529583638,0.22664364829298905,0.6620023822593643,0.6620023822593643
branch_radon_M32_S32_k3_r23_lr3e-05_seed3416,direct,branch,3416,3e-05,accepted,13,7,227.59097122401,50838916,7500.0,,32,32,3,23,736,0.08984375,radon,,,,radon_M32_S32_k3_r23,0.6910123315170633,0.6965242510366678,0.6925675675675675,0.6925675675675675,"[[113, 35], [56, 92]]","[148, 148]",1.2380877640262031,0.7502739225712198,0.25699841841057225,0.6473445447463685,0.6508804448563484,0.6486486486486487,0.6486486486486487,"[[105, 43], [61, 87]]","[148, 148]",1.4974595029841071,0.6984112490869248,0.2963040804733137,0.6749485243651339,0.6772618389533813,0.6756756756756757,0.6756756756756757,"[[107, 41], [55, 93]]","[148, 148]",1.0156565292240427,0.7441563184806428,0.24053389861545904,0.6691784381317158,0.6691784381317158
branch_radon_M32_S32_k3_r23_lr3e-05_seed3417,direct,branch,3417,3e-05,accepted,13,7,228.59609321298194,50838916,7500.0,,32,32,3,23,736,0.08984375,radon,,,,radon_M32_S32_k3_r23,0.6722935570393198,0.6723051636762087,0.6722972972972974,0.6722972972972973,"[[99, 49], [48, 100]]","[148, 148]",1.2939973286705884,0.7115595325054785,0.2792040723880395,0.6511311233422206,0.653604871073389,0.652027027027027,0.652027027027027,"[[104, 44], [59, 89]]","[148, 148]",1.8805973067428583,0.6942567567567568,0.31021859275814656,0.6519277094678677,0.6522007404360346,0.652027027027027,0.652027027027027,"[[94, 54], [49, 99]]","[148, 148]",1.0924835046037575,0.7148466033601169,0.25068762536009864,0.6617123401907702,0.6617123401907702
branch_radon_M32_S32_k3_r23_lr3e-05_seed3418,direct,branch,3418,3e-05,accepted,11,5,306.06866612899466,50838916,7500.0,,32,32,3,23,736,0.08984375,radon,,,,radon_M32_S32_k3_r23,0.7228591002511988,0.7233400402414487,0.722972972972973,0.722972972972973,"[[110, 38], [44, 104]]","[148, 148]",1.341569425233716,0.737216946676406,0.25058309288346875,0.6366848293662174,0.6413595489912873,0.6385135135135135,0.6385135135135135,"[[105, 43], [64, 84]]","[148, 148]",1.5132283091412686,0.7005569758948137,0.28799053573356603,0.7018315018315018,0.70509977827051,0.7027027027027027,0.7027027027027027,"[[112, 36], [52, 96]]","[148, 148]",1.0587924961186348,0.7408235938641343,0.2341521736811897,0.6797719648087082,0.6797719648087082
branch_radon_M32_S32_k3_r23_lr6e-05_seed3416,direct,branch,3416,6e-05,accepted,10,4,178.7413045479916,50838916,7500.0,,32,32,3,23,736,0.08984375,radon,,,,radon_M32_S32_k3_r23,0.7086080586080585,0.7119364375461936,0.7094594594594594,0.7094594594594594,"[[113, 35], [51, 97]]","[148, 148]",1.0150322530216507,0.7466672753834915,0.23842093643997125,0.6739596739596739,0.690990990990991,0.6790540540540541,0.6790540540540541,"[[119, 29], [66, 82]]","[148, 148]",1.0018126403373986,0.7362125639152667,0.25610024875052684,0.7075367647058823,0.7151162790697674,0.7094594594594594,0.7094594594594594,"[[117, 31], [55, 93]]","[148, 148]",0.8853279612071593,0.7510043827611396,0.22989311809274365,0.6912838662838663,0.6912838662838663
branch_radon_M32_S32_k3_r23_lr6e-05_seed3417,direct,branch,3417,6e-05,accepted,18,12,310.83615790499607,50838916,7500.0,,32,32,3,23,736,0.08984375,radon,,,,radon_M32_S32_k3_r23,0.6586863947209188,0.6589652177887473,0.6587837837837838,0.6587837837837838,"[[95, 53], [48, 100]]","[148, 148]",1.4967417538592251,0.7144357195032871,0.28983279733864137,0.6655061810129328,0.6656085864352592,0.6655405405405406,0.6655405405405406,"[[97, 51], [48, 100]]","[148, 148]",1.8946801732831735,0.7079528853177501,0.292560931793268,0.6756164383561645,0.6758040935672515,0.6756756756756757,0.6756756756756757,"[[102, 46], [50, 98]]","[148, 148]",1.3623030590042013,0.7187271731190651,0.27139076470932105,0.6620962878669259,0.6620962878669259
branch_radon_M32_S32_k3_r23_lr6e-05_seed3418,direct,branch,3418,6e-05,accepted,12,6,325.2285528150096,50838916,7500.0,,32,32,3,23,736,0.08984375,radon,,,,radon_M32_S32_k3_r23,0.6853763072175553,0.6868429509250333,0.6858108108108109,0.6858108108108109,"[[107, 41], [52, 96]]","[148, 148]",1.2956613269292774,0.7200967859751642,0.2753076201275137,0.6654827252179528,0.676156922490954,0.6689189189189189,0.668918918918919,"[[114, 34], [64, 84]]","[148, 148]",1.6061416051186639,0.7108747260774287,0.29759673838503087,0.6812537231361407,0.6851714550509731,0.6824324324324325,0.6824324324324325,"[[110, 38], [56, 92]]","[148, 148]",1.1559491789547445,0.724936084733382,0.26136329781054163,0.675429516217754,0.675429516217754
branch_linear_resample_M32_S32_k3_r32_lr3e-05_seed3416,direct,branch,3416,3e-05,accepted,8,0,137.18572991801193,56921476,7620.0,,32,32,3,32,1024,0.125,linear_resample,,,,linear_resample_M32_S32_k3_r32,0.668903803131991,0.6689497716894977,0.6689189189189189,0.668918918918919,"[[98, 50], [48, 100]]","[148, 148]",0.9324178618684056,0.7006482834185537,0.26285539630720245,0.6513545347467609,0.6532091097308488,0.652027027027027,0.652027027027027,"[[103, 45], [58, 90]]","[148, 148]",1.1492943787468952,0.6917001460920379,0.28227460370562996,0.7059166124224879,0.7065431251429879,0.7060810810810811,0.706081081081081,"[[108, 40], [47, 101]]","[148, 148]",0.6758155158203725,0.7575785244704165,0.20770928093282298,0.660129168939376,0.660129168939376
branch_linear_resample_M32_S32_k3_r32_lr3e-05_seed3417,direct,branch,3417,3e-05,accepted,8,0,217.55373137601418,56921476,7620.0,,32,32,3,32,1024,0.125,linear_resample,,,,linear_resample_M32_S32_k3_r32,0.6384763774584223,0.6385704498744005,0.6385135135135136,0.6385135135135135,"[[96, 52], [55, 93]]","[148, 148]",1.0895626288614289,0.6638056975894813,0.29553710871228117,0.641875542163174,0.6419178082191781,0.6418918918918919,0.6418918918918919,"[[94, 54], [52, 96]]","[148, 148]",1.7279395690703845,0.6468681519357194,0.3252650593357487,0.6384763774584223,0.6385704498744005,0.6385135135135136,0.6385135135135135,"[[93, 55], [52, 96]]","[148, 148]",0.803161644318559,0.6963568298027757,0.24084937779383492,0.6401759598107981,0.6401759598107981
branch_linear_resample_M32_S32_k3_r32_lr3e-05_seed3418,direct,branch,3418,3e-05,accepted,15,9,249.05547926799045,56921476,7620.0,,32,32,3,32,1024,0.125,linear_resample,,,,linear_resample_M32_S32_k3_r32,0.6823018954099109,0.6827327601975489,0.6824324324324325,0.6824324324324325,"[[104, 44], [50, 98]]","[148, 148]",1.5557708421767547,0.7026113951789628,0.28472544707282693,0.6480702396195355,0.6496323529411765,0.6486486486486487,0.6486486486486487,"[[90, 58], [46, 102]]","[148, 148]",2.0215160479877423,0.6741234477720965,0.3176396781761855,0.6987432387617643,0.7008741660915574,0.6993243243243243,0.6993243243243243,"[[97, 51], [38, 110]]","[148, 148]",0.9791231592408467,0.741417092768444,0.22599723301470576,0.6651860675147232,0.6651860675147232
branch_linear_resample_M32_S32_k3_r32_lr6e-05_seed3416,direct,branch,3416,6e-05,accepted,12,6,320.8796209249995,56921476,7620.0,,32,32,3,32,1024,0.125,linear_resample,,,,linear_resample_M32_S32_k3_r32,0.6688584474885845,0.6690423976608187,0.6689189189189189,0.668918918918919,"[[97, 51], [47, 101]]","[148, 148]",1.179429914083551,0.7187271731190651,0.2759298885509939,0.6538249862410567,0.6582961309523809,0.6554054054054055,0.6554054054054054,"[[87, 61], [41, 107]]","[148, 148]",1.487554362379523,0.6905131482834186,0.3039051261190274,0.6747252747252748,0.6777531411677753,0.6756756756756757,0.6756756756756757,"[[92, 56], [40, 108]]","[148, 148]",0.8095987596325191,0.7408692476260043,0.22422050810798982,0.6613417168648206,0.6613417168648206
branch_linear_resample_M32_S32_k3_r32_lr6e-05_seed3417,direct,branch,3417,6e-05,accepted,8,0,135.2559059119958,56921476,7620.0,,32,32,3,32,1024,0.125,linear_resample,,,,linear_resample_M32_S32_k3_r32,0.6384763774584223,0.6385704498744005,0.6385135135135136,0.6385135135135135,"[[96, 52], [55, 93]]","[148, 148]",1.0895626288614289,0.6638056975894813,0.29553710871228117,0.641875542163174,0.6419178082191781,0.6418918918918919,0.6418918918918919,"[[94, 54], [52, 96]]","[148, 148]",1.7279395690703845,0.6468681519357194,0.3252650593357487,0.6384763774584223,0.6385704498744005,0.6385135135135136,0.6385135135135135,"[[93, 55], [52, 96]]","[148, 148]",0.803161644318559,0.6963568298027757,0.24084937779383492,0.6401759598107981,0.6401759598107981
branch_linear_resample_M32_S32_k3_r32_lr6e-05_seed3418,direct,branch,3418,6e-05,accepted,15,9,249.0402653219935,56921476,7620.0,,32,32,3,32,1024,0.125,linear_resample,,,,linear_resample_M32_S32_k3_r32,0.6857211357331232,0.6860231271995978,0.6858108108108109,0.6858108108108109,"[[99, 49], [44, 104]]","[148, 148]",1.4940398409672229,0.7219229364499634,0.27202786420122277,0.6586863947209188,0.6589652177887473,0.6587837837837838,0.6587837837837838,"[[95, 53], [48, 100]]","[148, 148]",1.69341405399797,0.6961742147552958,0.2962689460316367,0.7161643835616438,0.7163742690058479,0.7162162162162162,0.7162162162162162,"[[104, 44], [40, 108]]","[148, 148]",0.9318770598175669,0.7555241051862673,0.21977480751350137,0.672203765227021,0.672203765227021
branch_radon_M32_S32_k3_r32_lr3e-05_seed3416,direct,branch,3416,3e-05,accepted,14,8,384.4338194919983,56921476,7620.0,,32,32,3,32,1024,0.125,radon,,,,radon_M32_S32_k3_r32,0.6959459459459459,0.6959459459459459,0.6959459459459459,0.6959459459459459,"[[103, 45], [45, 103]]","[148, 148]",1.286476282938129,0.7531044558071585,0.25349514255767597,0.6754385964912281,0.6761904761904762,0.6756756756756757,0.6756756756756757,"[[104, 44], [52, 96]]","[148, 148]",1.6641526513325204,0.720781592403214,0.2856530077183449,0.6858072247902756,0.6858192941606173,0.6858108108108107,0.6858108108108109,"[[101, 47], [46, 102]]","[148, 148]",1.2441593386913479,0.7428780131482834,0.25247478236380216,0.685692271218587,0.685692271218587
branch_radon_M32_S32_k3_r32_lr3e-05_seed3417,direct,branch,3417,3e-05,accepted,19,13,333.2191410259984,56921476,7620.0,,32,32,3,32,1024,0.125,radon,,,,radon_M32_S32_k3_r32,0.6809759677123464,0.6858258928571428,0.6824324324324325,0.6824324324324325,"[[111, 37], [57, 91]]","[148, 148]",1.5157139287843464,0.7199598246895544,0.2703448840419541,0.6824179336163996,0.6824657534246575,0.6824324324324325,0.6824324324324325,"[[102, 46], [48, 100]]","[148, 148]",1.9133811603707613,0.6930697589481374,0.2896315691007966,0.6782277351214656,0.6809124037086581,0.6790540540540541,0.6790540540540541,"[[108, 40], [55, 93]]","[148, 148]",1.429672424832558,0.7195489408327246,0.2590656120173888,0.681696950664373,0.681696950664373
branch_radon_M32_S32_k3_r32_lr3e-05_seed3418,direct,branch,3418,3e-05,accepted,22,16,619.3779038040084,56921476,7620.0,,32,32,3,32,1024,0.125,radon,,,,radon_M32_S32_k3_r32,0.7195657881219537,0.7196848595569765,0.7195945945945945,0.7195945945945946,"[[105, 43], [40, 108]]","[148, 148]",1.436825024116826,0.7556610664718773,0.2393162331380161,0.6959320641008081,0.6959817351598174,0.6959459459459459,0.6959459459459459,"[[102, 46], [44, 104]]","[148, 148]",1.6709628517550905,0.7302319211102996,0.2636586866953653,0.7229603250696252,0.723013698630137,0.722972972972973,0.722972972972973,"[[106, 42], [40, 108]]","[148, 148]",1.3407980466407332,0.748402118334551,0.23353197936163053,0.707748926111381,0.707748926111381
branch_radon_M32_S32_k3_r32_lr6e-05_seed3416,direct,branch,3416,6e-05,accepted,18,12,318.4439764279814,56921476,7620.0,,32,32,3,32,1024,0.125,radon,,,,radon_M32_S32_k3_r32,0.7094063926940639,0.7096125730994152,0.7094594594594594,0.7094594594594594,"[[107, 41], [45, 103]]","[148, 148]",1.4052998875829181,0.7367832359386414,0.2637511217623792,0.6917760410110881,0.6945661700262927,0.6925675675675675,0.6925675675675675,"[[95, 53], [38, 110]]","[148, 148]",1.810812056087332,0.7274926953981009,0.2806184668851103,0.6923955371315678,0.6929993136582018,0.6925675675675675,0.6925675675675675,"[[99, 49], [42, 106]]","[148, 148]",1.332142131030789,0.7383126369612857,0.26033062901212667,0.7005912168525761,0.7005912168525761
branch_radon_M32_S32_k3_r32_lr6e-05_seed3417,direct,branch,3417,6e-05,accepted,15,9,266.5108783460164,56921476,7620.0,,32,32,3,32,1024,0.125,radon,,,,radon_M32_S32_k3_r32,0.6987432387617643,0.7008741660915574,0.6993243243243243,0.6993243243243243,"[[110, 38], [51, 97]]","[148, 148]",1.3929203918263438,0.7343864134404675,0.2588467801971443,0.6635089048882152,0.6696374269005847,0.6655405405405406,0.6655405405405406,"[[110, 38], [61, 87]]","[148, 148]",1.8320425969022482,0.7080441928414902,0.2849419909063296,0.6915501505834393,0.6951422623178348,0.6925675675675675,0.6925675675675675,"[[111, 37], [54, 94]]","[148, 148]",1.3677935044367224,0.7278579254930607,0.2602831870676765,0.6811260718249897,0.6811260718249897
branch_radon_M32_S32_k3_r32_lr6e-05_seed3418,direct,branch,3418,6e-05,accepted,12,6,344.62515034200624,56921476,7620.0,,32,32,3,32,1024,0.125,radon,,,,radon_M32_S32_k3_r32,0.6470372408732343,0.6514136904761905,0.6486486486486487,0.6486486486486487,"[[106, 42], [62, 86]]","[148, 148]",1.5336213033119048,0.6791453615777939,0.30277161371555006,0.6591118481665745,0.6681818181818182,0.6621621621621622,0.6621621621621622,"[[112, 36], [64, 84]]","[148, 148]",1.5081035233818205,0.7134769905040176,0.29539201275328875,0.6599264705882353,0.6665416354088523,0.6621621621621621,0.6621621621621622,"[[110, 38], [62, 86]]","[148, 148]",1.3352405182580251,0.7008765522279036,0.28202708850595765,0.6530745445199044,0.6530745445199044
branch_linear_resample_M32_S32_k3_r45_lr3e-05_seed3416,direct,branch,3416,3e-05,accepted,8,0,143.22963452499243,69221764,7598.0,,32,32,3,45,1440,0.17578125,linear_resample,,,,linear_resample_M32_S32_k3_r45,0.668903803131991,0.6689497716894977,0.6689189189189189,0.668918918918919,"[[98, 50], [48, 100]]","[148, 148]",0.9324178618684056,0.7006482834185537,0.26285539630720245,0.6513545347467609,0.6532091097308488,0.652027027027027,0.652027027027027,"[[103, 45], [58, 90]]","[148, 148]",1.1492943787468952,0.6917001460920379,0.28227460370562996,0.7059166124224879,0.7065431251429879,0.7060810810810811,0.706081081081081,"[[108, 40], [47, 101]]","[148, 148]",0.6758155158203725,0.7575785244704165,0.20770928093282298,0.660129168939376,0.660129168939376
branch_linear_resample_M32_S32_k3_r45_lr3e-05_seed3417,direct,branch,3417,3e-05,accepted,8,0,142.245527371997,69221764,7598.0,,32,32,3,45,1440,0.17578125,linear_resample,,,,linear_resample_M32_S32_k3_r45,0.6384763774584223,0.6385704498744005,0.6385135135135136,0.6385135135135135,"[[96, 52], [55, 93]]","[148, 148]",1.0895626288614289,0.6638056975894813,0.29553710871228117,0.641875542163174,0.6419178082191781,0.6418918918918919,0.6418918918918919,"[[94, 54], [52, 96]]","[148, 148]",1.7279395690703845,0.6468681519357194,0.3252650593357487,0.6384763774584223,0.6385704498744005,0.6385135135135136,0.6385135135135135,"[[93, 55], [52, 96]]","[148, 148]",0.803161644318559,0.6963568298027757,0.24084937779383492,0.6401759598107981,0.6401759598107981
branch_linear_resample_M32_S32_k3_r45_lr3e-05_seed3418,direct,branch,3418,3e-05,accepted,13,7,364.90802232699934,69221764,7598.0,,32,32,3,45,1440,0.17578125,linear_resample,,,,linear_resample_M32_S32_k3_r45,0.6756756756756757,0.6756756756756757,0.6756756756756757,0.6756756756756757,"[[100, 48], [48, 100]]","[148, 148]",1.559694693577538,0.702017896274653,0.2870254346496392,0.6886775196634352,0.6904411764705882,0.6891891891891893,0.6891891891891891,"[[96, 52], [40, 108]]","[148, 148]",1.7866784654835421,0.7056701972242512,0.2807025131968288,0.6952642415923129,0.6977151280633868,0.6959459459459459,0.6959459459459459,"[[96, 52], [38, 110]]","[148, 148]",0.9709659805217462,0.7473064280496714,0.22465856498577266,0.6821765976695554,0.6821765976695554
branch_linear_resample_M32_S32_k3_r45_lr6e-05_seed3416,direct,branch,3416,6e-05,accepted,10,4,176.36873697998817,69221764,7598.0,,32,32,3,45,1440,0.17578125,linear_resample,,,,linear_resample_M32_S32_k3_r45,0.667948717948718,0.6709164818920916,0.668918918918919,0.668918918918919,"[[107, 41], [57, 91]]","[148, 148]",1.236193276560357,0.7281318480642806,0.2722342104768101,0.6616059996341687,0.6632352941176471,0.6621621621621622,0.6621621621621622,"[[92, 56], [44, 104]]","[148, 148]",1.2136907218941875,0.693800219138057,0.2753101595408569,0.6891749988586038,0.6892237442922374,0.6891891891891893,0.6891891891891891,"[[103, 45], [47, 101]]","[148, 148]",0.8418543730063967,0.7430149744338933,0.22619129276771424,0.6647773587914434,0.6647773587914434
branch_linear_resample_M32_S32_k3_r45_lr6e-05_seed3417,direct,branch,3417,6e-05,accepted,12,6,208.57427159600775,69221764,7598.0,,32,32,3,45,1440,0.17578125,linear_resample,,,,linear_resample_M32_S32_k3_r45,0.6483918128654971,0.6490842490842491,0.6486486486486487,0.6486486486486487,"[[100, 48], [56, 92]]","[148, 148]",1.323418046704701,0.698046018991965,0.2910464140176949,0.6517050322728051,0.6525913027539751,0.652027027027027,0.652027027027027,"[[101, 47], [56, 92]]","[148, 148]",1.780062941465734,0.6650383491599707,0.3109621257652273,0.6850018880662768,0.6877392868674754,0.6858108108108107,0.6858108108108109,"[[109, 39], [54, 94]]","[148, 148]",1.0476012521549984,0.7155314097881665,0.24473364621305269,0.6500484225691511,0.6500484225691511
branch_linear_resample_M32_S32_k3_r45_lr6e-05_seed3418,direct,branch,3418,6e-05,accepted,15,9,417.33945340200444,69221764,7598.0,,32,32,3,45,1440,0.17578125,linear_resample,,,,linear_resample_M32_S32_k3_r45,0.7060777264167095,0.70609048988723,0.7060810810810811,0.706081081081081,"[[105, 43], [44, 104]]","[148, 148]",1.4735851388646226,0.745799853907962,0.261919479168633,0.6688584474885845,0.6690423976608187,0.6689189189189189,0.668918918918919,"[[101, 47], [51, 97]]","[148, 148]",1.6297911289140081,0.7049169101533966,0.29063027960848914,0.6993208925412315,0.6993334246450258,0.6993243243243243,0.6993243243243243,"[[104, 44], [45, 103]]","[148, 148]",0.9762467065322261,0.7543371073776479,0.22400208337176172,0.687468086952647,0.687468086952647
branch_radon_M32_S32_k3_r45_lr3e-05_seed3416,direct,branch,3416,3e-05,accepted,10,4,188.2527577909932,69221764,7560.0,,32,32,3,45,1440,0.17578125,radon,,,,radon_M32_S32_k3_r45,0.6786102062975027,0.6800486618004866,0.6790540540540541,0.6790540540540541,"[[95, 53], [42, 106]]","[148, 148]",0.958705732763412,0.7446128560993426,0.2485552600269063,0.6817204301075268,0.6840796019900497,0.6824324324324325,0.6824324324324325,"[[94, 54], [40, 108]]","[148, 148]",1.1043773538830752,0.7158966398831264,0.2672703449920866,0.6820695644225057,0.6832691249312053,0.6824324324324325,0.6824324324324325,"[[96, 52], [42, 106]]","[148, 148]",0.9503873372523225,0.7370343316289262,0.2490631181526059,0.6801653182025147,0.6801653182025147
branch_radon_M32_S32_k3_r45_lr3e-05_seed3417,direct,branch,3417,3e-05,accepted,12,6,222.11078258001362,69221764,7560.0,,32,32,3,45,1440,0.17578125,radon,,,,radon_M32_S32_k3_r45,0.6919734239024781,0.6940648723257419,0.6925675675675675,0.6925675675675675,"[[109, 39], [52, 96]]","[148, 148]",1.2854884213984987,0.7169923301680058,0.259533875643276,0.6277665995975855,0.6292279411764705,0.6283783783783784,0.6283783783783784,"[[87, 61], [49, 99]]","[148, 148]",1.661727958059603,0.6801497443389335,0.31485828308887864,0.6550116550116549,0.6561181434599156,0.6554054054054054,0.6554054054054054,"[[92, 56], [46, 102]]","[148, 148]",1.3238839312456867,0.7044375456537619,0.2750133349682117,0.6598700117500318,0.6598700117500318
branch_radon_M32_S32_k3_r45_lr3e-05_seed3418,direct,branch,3418,3e-05,accepted,13,7,374.36371297200094,69221764,7560.0,,32,32,3,45,1440,0.17578125,radon,,,,radon_M32_S32_k3_r45,0.7060777264167095,0.70609048988723,0.7060810810810811,0.706081081081081,"[[104, 44], [43, 105]]","[148, 148]",1.4205241318120845,0.749977173119065,0.2478221649579983,0.6722935570393198,0.6723051636762087,0.6722972972972974,0.6722972972972973,"[[99, 49], [48, 100]]","[148, 148]",1.622633996795513,0.7240001826150474,0.27565657525569986,0.6958904109589041,0.6960891812865497,0.6959459459459459,0.6959459459459459,"[[101, 47], [43, 105]]","[148, 148]",1.3685860671289032,0.7403898831263696,0.24817364650894658,0.6891856417280147,0.6891856417280147
branch_radon_M32_S32_k3_r45_lr6e-05_seed3416,direct,branch,3416,6e-05,accepted,10,4,185.31582153899944,69221764,7560.0,,32,32,3,45,1440,0.17578125,radon,,,,radon_M32_S32_k3_r45,0.712808337233326,0.7129253254167618,0.7128378378378379,0.7128378378378378,"[[104, 44], [41, 107]]","[148, 148]",0.8567128214035192,0.7600438276113951,0.23127141480649444,0.7195913941676654,0.7196046203716386,0.7195945945945946,0.7195945945945946,"[[107, 41], [42, 106]]","[148, 148]",0.9731854183716641,0.7459368151935721,0.2397164801890344,0.7296803652968036,0.7298976608187135,0.7297297297297297,0.7297297297297297,"[[106, 42], [38, 110]]","[148, 148]",0.8485310578415921,0.760409057706355,0.22785872950078725,0.7161998657004958,0.7161998657004958
branch_radon_M32_S32_k3_r45_lr6e-05_seed3417,direct,branch,3417,6e-05,accepted,18,12,328.1925284510071,69221764,7560.0,,32,32,3,45,1440,0.17578125,radon,,,,radon_M32_S32_k3_r45,0.7060777264167095,0.70609048988723,0.7060810810810811,0.706081081081081,"[[105, 43], [44, 104]]","[148, 148]",1.527481051261225,0.7326972242512783,0.2681659563319227,0.7058091049294568,0.7068459881776108,0.7060810810810811,0.706081081081081,"[[100, 48], [39, 109]]","[148, 148]",1.400797415183547,0.7326515704894082,0.2580192473659585,0.7128345602921874,0.7128475551294343,0.7128378378378378,0.7128378378378378,"[[105, 43], [42, 106]]","[148, 148]",1.3813940778683695,0.7322406866325786,0.2585580030850346,0.7059434156730832,0.7059434156730832
branch_radon_M32_S32_k3_r45_lr6e-05_seed3418,direct,branch,3418,6e-05,accepted,13,7,389.1762048630044,69221764,7560.0,,32,32,3,45,1440,0.17578125,radon,,,,radon_M32_S32_k3_r45,0.6655061810129328,0.6656085864352592,0.6655405405405406,0.6655405405405406,"[[100, 48], [51, 97]]","[148, 148]",1.3797199969318004,0.7097790357925494,0.2824925913092313,0.6587798892883638,0.6587910331918002,0.6587837837837838,0.6587837837837838,"[[97, 51], [50, 98]]","[148, 148]",1.444311077660798,0.7075876552227904,0.29904953246754234,0.6486326074053783,0.648675799086758,0.6486486486486487,0.6486486486486487,"[[97, 51], [53, 95]]","[148, 148]",1.3022205150706254,0.7081355003652302,0.28114215976473794,0.6621430351506483,0.6621430351506483
branch_linear_resample_M32_S128_k3_r11_lr3e-05_seed3416,direct,branch,3416,3e-05,accepted,8,0,136.88103063998278,45825412,7490.0,,32,128,3,11,352,0.04296875,linear_resample,,,,linear_resample_M32_S128_k3_r11,0.668903803131991,0.6689497716894977,0.6689189189189189,0.668918918918919,"[[98, 50], [48, 100]]","[148, 148]",0.9324178618684056,0.7006482834185537,0.26285539630720245,0.6513545347467609,0.6532091097308488,0.652027027027027,0.652027027027027,"[[103, 45], [58, 90]]","[148, 148]",1.1492943787468952,0.6917001460920379,0.28227460370562996,0.7059166124224879,0.7065431251429879,0.7060810810810811,0.706081081081081,"[[108, 40], [47, 101]]","[148, 148]",0.6758155158203725,0.7575785244704165,0.20770928093282298,0.660129168939376,0.660129168939376
branch_linear_resample_M32_S128_k3_r11_lr3e-05_seed3417,direct,branch,3417,3e-05,accepted,8,0,137.41752074100077,45825412,7490.0,,32,128,3,11,352,0.04296875,linear_resample,,,,linear_resample_M32_S128_k3_r11,0.6384763774584223,0.6385704498744005,0.6385135135135136,0.6385135135135135,"[[96, 52], [55, 93]]","[148, 148]",1.0895626288614289,0.6638056975894813,0.29553710871228117,0.641875542163174,0.6419178082191781,0.6418918918918919,0.6418918918918919,"[[94, 54], [52, 96]]","[148, 148]",1.7279395690703845,0.6468681519357194,0.3252650593357487,0.6384763774584223,0.6385704498744005,0.6385135135135136,0.6385135135135135,"[[93, 55], [52, 96]]","[148, 148]",0.803161644318559,0.6963568298027757,0.24084937779383492,0.6401759598107981,0.6401759598107981
branch_linear_resample_M32_S128_k3_r11_lr3e-05_seed3418,direct,branch,3418,3e-05,accepted,13,7,355.14255618699826,45825412,7490.0,,32,128,3,11,352,0.04296875,linear_resample,,,,linear_resample_M32_S128_k3_r11,0.6551535087719298,0.6558608058608059,0.6554054054054055,0.6554054054054054,"[[101, 47], [55, 93]]","[148, 148]",1.59444233101014,0.6790997078159241,0.3021091583527235,0.6621004566210045,0.6622807017543859,0.6621621621621622,0.6621621621621622,"[[100, 48], [52, 96]]","[148, 148]",1.7882321090906452,0.6920425493060628,0.2904742946127496,0.7059971914922766,0.7063165592577357,0.7060810810810811,0.706081081081081,"[[107, 41], [46, 102]]","[148, 148]",0.8860356637924749,0.7454346238130023,0.21765948214817757,0.6586269826964671,0.6586269826964671
branch_linear_resample_M32_S128_k3_r11_lr6e-05_seed3416,direct,branch,3416,6e-05,accepted,8,0,135.85066460701637,45825412,7490.0,,32,128,3,11,352,0.04296875,linear_resample,,,,linear_resample_M32_S128_k3_r11,0.668903803131991,0.6689497716894977,0.6689189189189189,0.668918918918919,"[[98, 50], [48, 100]]","[148, 148]",0.9324178618684056,0.7006482834185537,0.26285539630720245,0.6513545347467609,0.6532091097308488,0.652027027027027,0.652027027027027,"[[103, 45], [58, 90]]","[148, 148]",1.1492943787468952,0.6917001460920379,0.28227460370562996,0.7059166124224879,0.7065431251429879,0.7060810810810811,0.706081081081081,"[[108, 40], [47, 101]]","[148, 148]",0.6758155158203725,0.7575785244704165,0.20770928093282298,0.660129168939376,0.660129168939376
branch_linear_resample_M32_S128_k3_r11_lr6e-05_seed3417,direct,branch,3417,6e-05,accepted,8,0,136.73391025300953,45825412,7490.0,,32,128,3,11,352,0.04296875,linear_resample,,,,linear_resample_M32_S128_k3_r11,0.6384763774584223,0.6385704498744005,0.6385135135135136,0.6385135135135135,"[[96, 52], [55, 93]]","[148, 148]",1.0895626288614289,0.6638056975894813,0.29553710871228117,0.641875542163174,0.6419178082191781,0.6418918918918919,0.6418918918918919,"[[94, 54], [52, 96]]","[148, 148]",1.7279395690703845,0.6468681519357194,0.3252650593357487,0.6384763774584223,0.6385704498744005,0.6385135135135136,0.6385135135135135,"[[93, 55], [52, 96]]","[148, 148]",0.803161644318559,0.6963568298027757,0.24084937779383492,0.6401759598107981,0.6401759598107981
branch_linear_resample_M32_S128_k3_r11_lr6e-05_seed3418,direct,branch,3418,6e-05,accepted,8,0,208.64539813098963,45825412,7490.0,,32,128,3,11,352,0.04296875,linear_resample,,,,linear_resample_M32_S128_k3_r11,0.6587798892883638,0.6587910331918002,0.6587837837837838,0.6587837837837838,"[[98, 50], [51, 97]]","[148, 148]",1.1893489453349242,0.6984112490869248,0.27750285694601773,0.641875542163174,0.6419178082191781,0.6418918918918919,0.6418918918918919,"[[96, 52], [54, 94]]","[148, 148]",1.3959063887945375,0.6615686632578526,0.30768892077363064,0.6855200776832124,0.6865004811437474,0.6858108108108107,0.6858108108108109,"[[106, 42], [51, 97]]","[148, 148]",0.7716415718429044,0.7324689554419285,0.22256635090433152,0.650327715725769,0.650327715725769
branch_radon_M32_S128_k3_r11_lr3e-05_seed3416,direct,branch,3416,3e-05,accepted,13,7,226.3408870550047,45825412,7608.0,,32,128,3,11,352,0.04296875,radon,,,,radon_M32_S128_k3_r11,0.705674609977713,0.7072258182986733,0.7060810810810811,0.706081081081081,"[[110, 38], [49, 99]]","[148, 148]",1.1753011708941363,0.7368973703433163,0.25014226592206457,0.6380136007771873,0.6392829270532066,0.6385135135135135,0.6385135135135135,"[[100, 48], [59, 89]]","[148, 148]",1.619235369857034,0.6801953981008035,0.30911983759063005,0.6747252747252748,0.6777531411677753,0.6756756756756757,0.6756756756756757,"[[108, 40], [56, 92]]","[148, 148]",0.8095910552365819,0.752145726807889,0.21325862318258346,0.6718441053774502,0.6718441053774502
branch_radon_M32_S128_k3_r11_lr3e-05_seed3417,direct,branch,3417,3e-05,accepted,8,0,233.97147648100508,45825412,7608.0,,32,128,3,11,352,0.04296875,radon,,,,radon_M32_S128_k3_r11,0.6384763774584223,0.6385704498744005,0.6385135135135136,0.6385135135135135,"[[96, 52], [55, 93]]","[148, 148]",1.0895626288614289,0.6638056975894813,0.29553710871228117,0.641875542163174,0.6419178082191781,0.6418918918918919,0.6418918918918919,"[[94, 54], [52, 96]]","[148, 148]",1.7279395690703845,0.6468681519357194,0.3252650593357487,0.6384763774584223,0.6385704498744005,0.6385135135135136,0.6385135135135135,"[[93, 55], [52, 96]]","[148, 148]",0.803161644318559,0.6963568298027757,0.24084937779383492,0.6401759598107981,0.6401759598107981
branch_radon_M32_S128_k3_r11_lr3e-05_seed3418,direct,branch,3418,3e-05,accepted,8,0,145.35174722698866,45825412,7608.0,,32,128,3,11,352,0.04296875,radon,,,,radon_M32_S128_k3_r11,0.6587798892883638,0.6587910331918002,0.6587837837837838,0.6587837837837838,"[[98, 50], [51, 97]]","[148, 148]",1.1893489453349242,0.6984112490869248,0.27750285694601773,0.641875542163174,0.6419178082191781,0.6418918918918919,0.6418918918918919,"[[96, 52], [54, 94]]","[148, 148]",1.3959063887945375,0.6615686632578526,0.30768892077363064,0.6855200776832124,0.6865004811437474,0.6858108108108107,0.6858108108108109,"[[106, 42], [51, 97]]","[148, 148]",0.7716415718429044,0.7324689554419285,0.22256635090433152,0.650327715725769,0.650327715725769
branch_radon_M32_S128_k3_r11_lr6e-05_seed3416,direct,branch,3416,6e-05,accepted,17,11,295.6633827040205,45825412,7608.0,,32,128,3,11,352,0.04296875,radon,,,,radon_M32_S128_k3_r11,0.6993208925412315,0.6993334246450258,0.6993243243243243,0.6993243243243243,"[[104, 44], [45, 103]]","[148, 148]",1.2140725197750797,0.7414627465303141,0.25090317714275434,0.6447797016972399,0.6460772161777533,0.6452702702702703,0.6452702702702703,"[[101, 47], [58, 90]]","[148, 148]",1.6107057829017284,0.6780724981738495,0.303145625268014,0.702648401826484,0.7028508771929824,0.7027027027027026,0.7027027027027027,"[[106, 42], [46, 102]]","[148, 148]",0.9456828742828023,0.7408692476260044,0.22911982411344042,0.6720502971192357,0.6720502971192357
branch_radon_M32_S128_k3_r11_lr6e-05_seed3417,direct,branch,3417,6e-05,accepted,8,0,213.52833841499523,45825412,7608.0,,32,128,3,11,352,0.04296875,radon,,,,radon_M32_S128_k3_r11,0.6384763774584223,0.6385704498744005,0.6385135135135136,0.6385135135135135,"[[96, 52], [55, 93]]","[148, 148]",1.0895626288614289,0.6638056975894813,0.29553710871228117,0.641875542163174,0.6419178082191781,0.6418918918918919,0.6418918918918919,"[[94, 54], [52, 96]]","[148, 148]",1.7279395690703845,0.6468681519357194,0.3252650593357487,0.6384763774584223,0.6385704498744005,0.6385135135135136,0.6385135135135135,"[[93, 55], [52, 96]]","[148, 148]",0.803161644318559,0.6963568298027757,0.24084937779383492,0.6401759598107981,0.6401759598107981
branch_radon_M32_S128_k3_r11_lr6e-05_seed3418,direct,branch,3418,6e-05,accepted,12,6,347.2463816659874,45825412,7608.0,,32,128,3,11,352,0.04296875,radon,,,,radon_M32_S128_k3_r11,0.6541263804243229,0.6577386468952734,0.6554054054054055,0.6554054054054054,"[[106, 42], [60, 88]]","[148, 148]",1.4167309283991902,0.7095051132213295,0.2808652131876128,0.6519912792356775,0.6520895181548299,0.652027027027027,0.652027027027027,"[[95, 53], [50, 98]]","[148, 148]",1.4398800421076097,0.6862673484295105,0.29622212074575827,0.6855200776832124,0.6865004811437474,0.6858108108108107,0.6858108108108109,"[[106, 42], [51, 97]]","[148, 148]",0.9358961670546629,0.7289992695398101,0.23379240941233684,0.6530588298300002,0.6530588298300002
branch_linear_resample_M32_S128_k3_r16_lr3e-05_seed3416,direct,branch,3416,3e-05,accepted,8,0,137.57538865300012,47484292,7510.0,,32,128,3,16,512,0.0625,linear_resample,,,,linear_resample_M32_S128_k3_r16,0.668903803131991,0.6689497716894977,0.6689189189189189,0.668918918918919,"[[98, 50], [48, 100]]","[148, 148]",0.9324178618684056,0.7006482834185537,0.26285539630720245,0.6513545347467609,0.6532091097308488,0.652027027027027,0.652027027027027,"[[103, 45], [58, 90]]","[148, 148]",1.1492943787468952,0.6917001460920379,0.28227460370562996,0.7059166124224879,0.7065431251429879,0.7060810810810811,0.706081081081081,"[[108, 40], [47, 101]]","[148, 148]",0.6758155158203725,0.7575785244704165,0.20770928093282298,0.660129168939376,0.660129168939376
branch_linear_resample_M32_S128_k3_r16_lr3e-05_seed3417,direct,branch,3417,3e-05,accepted,8,0,138.80335740398732,47484292,7510.0,,32,128,3,16,512,0.0625,linear_resample,,,,linear_resample_M32_S128_k3_r16,0.6384763774584223,0.6385704498744005,0.6385135135135136,0.6385135135135135,"[[96, 52], [55, 93]]","[148, 148]",1.0895626288614289,0.6638056975894813,0.29553710871228117,0.641875542163174,0.6419178082191781,0.6418918918918919,0.6418918918918919,"[[94, 54], [52, 96]]","[148, 148]",1.7279395690703845,0.6468681519357194,0.3252650593357487,0.6384763774584223,0.6385704498744005,0.6385135135135136,0.6385135135135135,"[[93, 55], [52, 96]]","[148, 148]",0.803161644318559,0.6963568298027757,0.24084937779383492,0.6401759598107981,0.6401759598107981
branch_linear_resample_M32_S128_k3_r16_lr3e-05_seed3418,direct,branch,3418,3e-05,accepted,8,5,139.2639995799982,47484292,7510.0,,32,128,3,16,512,0.0625,linear_resample,,,,linear_resample_M32_S128_k3_r16,0.6495269625593452,0.6564923163682503,0.652027027027027,0.652027027027027,"[[109, 39], [64, 84]]","[148, 148]",1.524575119756315,0.6969046749452156,0.29346996959642296,0.6515458026172924,0.6528715053023,0.652027027027027,0.652027027027027,"[[102, 46], [57, 91]]","[148, 148]",1.8836984335255444,0.6629382761139518,0.3108204280534556,0.6974979043944561,0.7042573099415205,0.6993243243243243,0.6993243243243243,"[[115, 33], [56, 92]]","[148, 148]",0.8974494653563388,0.7445215485756026,0.21990693124918004,0.6505363825883188,0.6505363825883188
branch_linear_resample_M32_S128_k3_r16_lr6e-05_seed3416,direct,branch,3416,6e-05,accepted,8,0,209.69770197599428,47484292,7510.0,,32,128,3,16,512,0.0625,linear_resample,,,,linear_resample_M32_S128_k3_r16,0.668903803131991,0.6689497716894977,0.6689189189189189,0.668918918918919,"[[98, 50], [48, 100]]","[148, 148]",0.9324178618684056,0.7006482834185537,0.26285539630720245,0.6513545347467609,0.6532091097308488,0.652027027027027,0.652027027027027,"[[103, 45], [58, 90]]","[148, 148]",1.1492943787468952,0.6917001460920379,0.28227460370562996,0.7059166124224879,0.7065431251429879,0.7060810810810811,0.706081081081081,"[[108, 40], [47, 101]]","[148, 148]",0.6758155158203725,0.7575785244704165,0.20770928093282298,0.660129168939376,0.660129168939376
branch_linear_resample_M32_S128_k3_r16_lr6e-05_seed3417,direct,branch,3417,6e-05,accepted,8,0,138.59913729599793,47484292,7510.0,,32,128,3,16,512,0.0625,linear_resample,,,,linear_resample_M32_S128_k3_r16,0.6384763774584223,0.6385704498744005,0.6385135135135136,0.6385135135135135,"[[96, 52], [55, 93]]","[148, 148]",1.0895626288614289,0.6638056975894813,0.29553710871228117,0.641875542163174,0.6419178082191781,0.6418918918918919,0.6418918918918919,"[[94, 54], [52, 96]]","[148, 148]",1.7279395690703845,0.6468681519357194,0.3252650593357487,0.6384763774584223,0.6385704498744005,0.6385135135135136,0.6385135135135135,"[[93, 55], [52, 96]]","[148, 148]",0.803161644318559,0.6963568298027757,0.24084937779383492,0.6401759598107981,0.6401759598107981
branch_linear_resample_M32_S128_k3_r16_lr6e-05_seed3418,direct,branch,3418,6e-05,accepted,8,0,220.86427851501503,47484292,7510.0,,32,128,3,16,512,0.0625,linear_resample,,,,linear_resample_M32_S128_k3_r16,0.6587798892883638,0.6587910331918002,0.6587837837837838,0.6587837837837838,"[[98, 50], [51, 97]]","[148, 148]",1.1893489453349242,0.6984112490869248,0.27750285694601773,0.641875542163174,0.6419178082191781,0.6418918918918919,0.6418918918918919,"[[96, 52], [54, 94]]","[148, 148]",1.3959063887945375,0.6615686632578526,0.30768892077363064,0.6855200776832124,0.6865004811437474,0.6858108108108107,0.6858108108108109,"[[106, 42], [51, 97]]","[148, 148]",0.7716415718429044,0.7324689554419285,0.22256635090433152,0.650327715725769,0.650327715725769
branch_radon_M32_S128_k3_r16_lr3e-05_seed3416,direct,branch,3416,3e-05,accepted,8,0,145.88724929999444,47484292,7506.0,,32,128,3,16,512,0.0625,radon,,,,radon_M32_S128_k3_r16,0.668903803131991,0.6689497716894977,0.6689189189189189,0.668918918918919,"[[98, 50], [48, 100]]","[148, 148]",0.9324178618684056,0.7006482834185537,0.26285539630720245,0.6513545347467609,0.6532091097308488,0.652027027027027,0.652027027027027,"[[103, 45], [58, 90]]","[148, 148]",1.1492943787468952,0.6917001460920379,0.28227460370562996,0.7059166124224879,0.7065431251429879,0.7060810810810811,0.706081081081081,"[[108, 40], [47, 101]]","[148, 148]",0.6758155158203725,0.7575785244704165,0.20770928093282298,0.660129168939376,0.660129168939376
branch_radon_M32_S128_k3_r16_lr3e-05_seed3417,direct,branch,3417,3e-05,accepted,8,0,146.25769425800536,47484292,7506.0,,32,128,3,16,512,0.0625,radon,,,,radon_M32_S128_k3_r16,0.6384763774584223,0.6385704498744005,0.6385135135135136,0.6385135135135135,"[[96, 52], [55, 93]]","[148, 148]",1.0895626288614289,0.6638056975894813,0.29553710871228117,0.641875542163174,0.6419178082191781,0.6418918918918919,0.6418918918918919,"[[94, 54], [52, 96]]","[148, 148]",1.7279395690703845,0.6468681519357194,0.3252650593357487,0.6384763774584223,0.6385704498744005,0.6385135135135136,0.6385135135135135,"[[93, 55], [52, 96]]","[148, 148]",0.803161644318559,0.6963568298027757,0.24084937779383492,0.6401759598107981,0.6401759598107981
branch_radon_M32_S128_k3_r16_lr3e-05_seed3418,direct,branch,3418,3e-05,accepted,12,6,330.7408230630099,47484292,7506.0,,32,128,3,16,512,0.0625,radon,,,,radon_M32_S128_k3_r16,0.7225169197000183,0.7244485294117647,0.722972972972973,0.722972972972973,"[[113, 35], [47, 101]]","[148, 148]",1.373504263554878,0.7364636596055516,0.2545396202354807,0.6450717736133476,0.6455959734614505,0.6452702702702703,0.6452702702702703,"[[99, 49], [56, 92]]","[148, 148]",1.6455950713697842,0.6950785244704164,0.3014622107927748,0.7083810658479586,0.7126042632066729,0.7094594594594594,0.7094594594594594,"[[114, 34], [52, 96]]","[148, 148]",0.9752088478858763,0.7483108108108109,0.22374386697990092,0.6837943466566829,0.6837943466566829
branch_radon_M32_S128_k3_r16_lr6e-05_seed3416,direct,branch,3416,6e-05,accepted,15,9,263.70151564799016,47484292,7506.0,,32,128,3,16,512,0.0625,radon,,,,radon_M32_S128_k3_r16,0.7161643835616438,0.7163742690058479,0.7162162162162162,0.7162162162162162,"[[108, 40], [44, 104]]","[148, 148]",1.1595906823866746,0.7641526661796931,0.23961510456046153,0.6723096083767701,0.6832031993905923,0.6756756756756757,0.6756756756756757,"[[115, 33], [63, 85]]","[148, 148]",1.610881085336433,0.7382213294375457,0.27032489265396564,0.7048650507134262,0.709534419533027,0.7060810810810811,0.706081081081081,"[[114, 34], [53, 95]]","[148, 148]",1.0139009062111997,0.7619156318480643,0.22239713377520803,0.694236995969207,0.694236995969207
branch_radon_M32_S128_k3_r16_lr6e-05_seed3417,direct,branch,3417,6e-05,accepted,15,9,403.2978823799931,47484292,7506.0,,32,128,3,16,512,0.0625,radon,,,,radon_M32_S128_k3_r16,0.6790210827901879,0.6791276547156886,0.6790540540540541,0.6790540540540541,"[[99, 49], [46, 102]]","[148, 148]",1.349623503715735,0.7253013148283419,0.27400954290625307,0.6515458026172924,0.6528715053023,0.652027027027027,0.652027027027027,"[[91, 57], [46, 102]]","[148, 148]",1.483000394651888,0.7057386778670564,0.2980732622823675,0.672203765227021,0.6724941724941724,0.6722972972972973,0.6722972972972973,"[[97, 51], [46, 102]]","[148, 148]",1.0953125907808279,0.727127465303141,0.25210883863357386,0.6652834427037402,0.6652834427037402
branch_radon_M32_S128_k3_r16_lr6e-05_seed3418,direct,branch,3418,6e-05,accepted,12,6,213.59967395901913,47484292,7506.0,,32,128,3,16,512,0.0625,radon,,,,radon_M32_S128_k3_r16,0.6806684111463067,0.6865546218487395,0.6824324324324325,0.6824324324324325,"[[112, 36], [58, 90]]","[148, 148]",1.3342682810113287,0.7259861212563914,0.26182746720440586,0.6824179336163996,0.6824657534246575,0.6824324324324325,0.6824324324324325,"[[100, 48], [46, 102]]","[148, 148]",1.2371310228071237,0.7289992695398101,0.26537380338883804,0.7020361473347061,0.7045328911000552,0.7027027027027026,0.7027027027027027,"[[111, 37], [51, 97]]","[148, 148]",0.9631918845226335,0.7489499634769906,0.23010200153650545,0.6815431723813532,0.6815431723813532
branch_linear_resample_M32_S128_k3_r22_lr3e-05_seed3416,direct,branch,3416,3e-05,accepted,8,0,140.68463988197618,50285956,7586.0,,32,128,3,22,704,0.0859375,linear_resample,,,,linear_resample_M32_S128_k3_r22,0.668903803131991,0.6689497716894977,0.6689189189189189,0.668918918918919,"[[98, 50], [48, 100]]","[148, 148]",0.9324178618684056,0.7006482834185537,0.26285539630720245,0.6513545347467609,0.6532091097308488,0.652027027027027,0.652027027027027,"[[103, 45], [58, 90]]","[148, 148]",1.1492943787468952,0.6917001460920379,0.28227460370562996,0.7059166124224879,0.7065431251429879,0.7060810810810811,0.706081081081081,"[[108, 40], [47, 101]]","[148, 148]",0.6758155158203725,0.7575785244704165,0.20770928093282298,0.660129168939376,0.660129168939376
branch_linear_resample_M32_S128_k3_r22_lr3e-05_seed3417,direct,branch,3417,3e-05,accepted,8,0,235.27967152700876,50285956,7586.0,,32,128,3,22,704,0.0859375,linear_resample,,,,linear_resample_M32_S128_k3_r22,0.6384763774584223,0.6385704498744005,0.6385135135135136,0.6385135135135135,"[[96, 52], [55, 93]]","[148, 148]",1.0895626288614289,0.6638056975894813,0.29553710871228117,0.641875542163174,0.6419178082191781,0.6418918918918919,0.6418918918918919,"[[94, 54], [52, 96]]","[148, 148]",1.7279395690703845,0.6468681519357194,0.3252650593357487,0.6384763774584223,0.6385704498744005,0.6385135135135136,0.6385135135135135,"[[93, 55], [52, 96]]","[148, 148]",0.803161644318559,0.6963568298027757,0.24084937779383492,0.6401759598107981,0.6401759598107981
branch_linear_resample_M32_S128_k3_r22_lr3e-05_seed3418,direct,branch,3418,3e-05,accepted,11,6,188.99737138400087,50285956,7586.0,,32,128,3,22,704,0.0859375,linear_resample,,,,linear_resample_M32_S128_k3_r22,0.6653533865497276,0.6659116906886295,0.6655405405405406,0.6655405405405406,"[[102, 46], [53, 95]]","[148, 148]",1.4950040383067966,0.7050766983199415,0.2871163352025475,0.6641567818463125,0.6683145337232512,0.6655405405405406,0.6655405405405406,"[[89, 59], [40, 108]]","[148, 148]",1.865145953361485,0.6789627465303141,0.301620392599633,0.6915501505834393,0.6951422623178348,0.6925675675675675,0.6925675675675675,"[[94, 54], [37, 111]]","[148, 148]",0.8921095660136544,0.752008765522279,0.21646124796656319,0.6647550841980201,0.6647550841980201
branch_linear_resample_M32_S128_k3_r22_lr6e-05_seed3416,direct,branch,3416,6e-05,accepted,15,9,251.8920994719956,50285956,7586.0,,32,128,3,22,704,0.0859375,linear_resample,,,,linear_resample_M32_S128_k3_r22,0.6824179336163996,0.6824657534246575,0.6824324324324325,0.6824324324324325,"[[100, 48], [46, 102]]","[148, 148]",1.2420741179649204,0.7275840029218408,0.26703551638360723,0.6621004566210045,0.6622807017543859,0.6621621621621622,0.6621621621621622,"[[100, 48], [52, 96]]","[148, 148]",1.650008604914414,0.6770909422936449,0.30761027534759994,0.6756608683741954,0.6757077625570777,0.6756756756756757,0.6756756756756757,"[[99, 49], [47, 101]]","[148, 148]",0.7990816858681908,0.7437454346238129,0.21865946675021836,0.672259195118702,0.672259195118702
branch_linear_resample_M32_S128_k3_r22_lr6e-05_seed3417,direct,branch,3417,6e-05,accepted,8,0,217.2259496859915,50285956,7586.0,,32,128,3,22,704,0.0859375,linear_resample,,,,linear_resample_M32_S128_k3_r22,0.6384763774584223,0.6385704498744005,0.6385135135135136,0.6385135135135135,"[[96, 52], [55, 93]]","[148, 148]",1.0895626288614289,0.6638056975894813,0.29553710871228117,0.641875542163174,0.6419178082191781,0.6418918918918919,0.6418918918918919,"[[94, 54], [52, 96]]","[148, 148]",1.7279395690703845,0.6468681519357194,0.3252650593357487,0.6384763774584223,0.6385704498744005,0.6385135135135136,0.6385135135135135,"[[93, 55], [52, 96]]","[148, 148]",0.803161644318559,0.6963568298027757,0.24084937779383492,0.6401759598107981,0.6401759598107981
branch_linear_resample_M32_S128_k3_r22_lr6e-05_seed3418,direct,branch,3418,6e-05,accepted,8,5,140.01043588700122,50285956,7586.0,,32,128,3,22,704,0.0859375,linear_resample,,,,linear_resample_M32_S128_k3_r22,0.6616059996341687,0.6632352941176471,0.6621621621621622,0.6621621621621622,"[[92, 56], [44, 104]]","[148, 148]",1.3417697630433296,0.7169010226442658,0.2827959101199154,0.6402494955054119,0.64453125,0.6418918918918919,0.6418918918918919,"[[105, 43], [63, 85]]","[148, 148]",1.4560577025381167,0.6843042366691016,0.29779065683884615,0.6992385062392255,0.699552081905023,0.6993243243243243,0.6993243243243243,"[[106, 42], [47, 101]]","[148, 148]",0.7959260752366585,0.7452063550036523,0.21938296202852905,0.6509277475697903,0.6509277475697903
branch_radon_M32_S128_k3_r22_lr3e-05_seed3416,direct,branch,3416,3e-05,accepted,13,7,390.91558538901154,50285956,7588.0,,32,128,3,22,704,0.0859375,radon,,,,radon_M32_S128_k3_r22,0.7118875032922235,0.7156835530881333,0.7128378378378378,0.7128378378378378,"[[114, 34], [51, 97]]","[148, 148]",1.2579424200423341,0.7578067932797662,0.24270823503783215,0.667948717948718,0.6709164818920916,0.668918918918919,0.668918918918919,"[[107, 41], [57, 91]]","[148, 148]",1.6137922625703238,0.7074050401753105,0.2875676548433513,0.7051083857226288,0.7088364561647005,0.7060810810810811,0.706081081081081,"[[113, 35], [52, 96]]","[148, 148]",1.0414754939303457,0.7561632578524471,0.228775946667538,0.6899181106204708,0.6899181106204708
branch_radon_M32_S128_k3_r22_lr3e-05_seed3417,direct,branch,3417,3e-05,accepted,15,9,267.4767558220192,50285956,7588.0,,32,128,3,22,704,0.0859375,radon,,,,radon_M32_S128_k3_r22,0.670639518210496,0.67583748776965,0.6722972972972973,0.6722972972972973,"[[110, 38], [59, 89]]","[148, 148]",1.418643650203717,0.739682249817385,0.2687652857348343,0.6716639793246195,0.6736369910282953,0.6722972972972974,0.6722972972972973,"[[106, 42], [55, 93]]","[148, 148]",2.0157785677037077,0.6926132213294375,0.2917495042294976,0.6767481693508524,0.6843131726114948,0.6790540540540541,0.6790540540540541,"[[113, 35], [60, 88]]","[148, 148]",1.1980526789817365,0.7398648648648649,0.24203632899705463,0.6711517487675578,0.6711517487675578
branch_radon_M32_S128_k3_r22_lr3e-05_seed3418,direct,branch,3418,3e-05,accepted,14,8,399.60160356300185,50285956,7588.0,,32,128,3,22,704,0.0859375,radon,,,,radon_M32_S128_k3_r22,0.7003910743041177,0.7091577162238554,0.7027027027027027,0.7027027027027027,"[[117, 31], [57, 91]]","[148, 148]",1.4117290636109519,0.7363495252008766,0.2609705371769544,0.6570576426727845,0.662046312258305,0.6587837837837838,0.6587837837837838,"[[87, 61], [40, 108]]","[148, 148]",1.839974371243282,0.7010135135135135,0.30698507179477186,0.66544507997397,0.6657296951414599,0.6655405405405406,0.6655405405405406,"[[96, 52], [47, 101]]","[148, 148]",1.024119053905413,0.7414170927684441,0.2316228523634849,0.6787243584884511,0.6787243584884511
branch_radon_M32_S128_k3_r22_lr6e-05_seed3416,direct,branch,3416,6e-05,accepted,26,20,455.1706203680078,50285956,7588.0,,32,128,3,22,704,0.0859375,radon,,,,radon_M32_S128_k3_r22,0.7263482280431433,0.7263616856138428,0.7263513513513513,0.7263513513513513,"[[107, 41], [40, 108]]","[148, 148]",1.2281116872196416,0.7624178232286339,0.2384594768931293,0.7025804978305549,0.7030364002194989,0.7027027027027027,0.7027027027027027,"[[101, 47], [41, 107]]","[148, 148]",1.437208728158047,0.7560719503287072,0.25578227500480744,0.712808337233326,0.7129253254167618,0.7128378378378379,0.7128378378378378,"[[104, 44], [41, 107]]","[148, 148]",1.1319064462767041,0.7682615047479913,0.2281784423229319,0.714464362936849,0.714464362936849
branch_radon_M32_S128_k3_r22_lr6e-05_seed3417,direct,branch,3417,6e-05,accepted,18,12,502.2585372820031,50285956,7588.0,,32,128,3,22,704,0.0859375,radon,,,,radon_M32_S128_k3_r22,0.6722935570393198,0.6723051636762087,0.6722972972972974,0.6722972972972973,"[[99, 49], [48, 100]]","[148, 148]",1.4846696359084142,0.7149379108838568,0.28540262637897534,0.6620232929892669,0.6624291201755991,0.6621621621621622,0.6621621621621622,"[[95, 53], [47, 101]]","[148, 148]",1.7697841614851684,0.712655222790358,0.3021733429749585,0.6655061810129328,0.6656085864352592,0.6655405405405406,0.6655405405405406,"[[100, 48], [51, 97]]","[148, 148]",1.3254637949753418,0.7177684441197956,0.2682399839511203,0.6671584250142933,0.6671584250142933
branch_radon_M32_S128_k3_r22_lr6e-05_seed3418,direct,branch,3418,6e-05,accepted,13,11,227.9188507060171,50285956,7588.0,,32,128,3,22,704,0.0859375,radon,,,,radon_M32_S128_k3_r22,0.6685406097170803,0.6696936341955604,0.6689189189189189,0.668918918918919,"[[94, 54], [44, 104]]","[148, 148]",1.4274038984252089,0.7097790357925493,0.2955847800715414,0.6586863947209188,0.6589652177887473,0.6587837837837838,0.6587837837837838,"[[95, 53], [48, 100]]","[148, 148]",1.6376141341147206,0.7024744338933528,0.2941824806122094,0.6517050322728051,0.6525913027539751,0.652027027027027,0.652027027027027,"[[92, 56], [47, 101]]","[148, 148]",1.2917824645666254,0.7100529583637692,0.27417398151811645,0.6636135022189995,0.6636135022189995
branch_linear_resample_M32_S128_k3_r32_lr3e-05_seed3416,direct,branch,3416,3e-05,accepted,8,0,140.71622574300272,56921476,7548.0,,32,128,3,32,1024,0.125,linear_resample,,,,linear_resample_M32_S128_k3_r32,0.668903803131991,0.6689497716894977,0.6689189189189189,0.668918918918919,"[[98, 50], [48, 100]]","[148, 148]",0.9324178618684056,0.7006482834185537,0.26285539630720245,0.6513545347467609,0.6532091097308488,0.652027027027027,0.652027027027027,"[[103, 45], [58, 90]]","[148, 148]",1.1492943787468952,0.6917001460920379,0.28227460370562996,0.7059166124224879,0.7065431251429879,0.7060810810810811,0.706081081081081,"[[108, 40], [47, 101]]","[148, 148]",0.6758155158203725,0.7575785244704165,0.20770928093282298,0.660129168939376,0.660129168939376
branch_linear_resample_M32_S128_k3_r32_lr3e-05_seed3417,direct,branch,3417,3e-05,accepted,8,0,141.7573813039926,56921476,7548.0,,32,128,3,32,1024,0.125,linear_resample,,,,linear_resample_M32_S128_k3_r32,0.6384763774584223,0.6385704498744005,0.6385135135135136,0.6385135135135135,"[[96, 52], [55, 93]]","[148, 148]",1.0895626288614289,0.6638056975894813,0.29553710871228117,0.641875542163174,0.6419178082191781,0.6418918918918919,0.6418918918918919,"[[94, 54], [52, 96]]","[148, 148]",1.7279395690703845,0.6468681519357194,0.3252650593357487,0.6384763774584223,0.6385704498744005,0.6385135135135136,0.6385135135135135,"[[93, 55], [52, 96]]","[148, 148]",0.803161644318559,0.6963568298027757,0.24084937779383492,0.6401759598107981,0.6401759598107981
branch_linear_resample_M32_S128_k3_r32_lr3e-05_seed3418,direct,branch,3418,3e-05,accepted,12,6,323.3217760169937,56921476,7548.0,,32,128,3,32,1024,0.125,linear_resample,,,,linear_resample_M32_S128_k3_r32,0.7055130536210505,0.7076834598573729,0.7060810810810811,0.706081081081081,"[[111, 37], [50, 98]]","[148, 148]",1.4754850395544954,0.7119704163623082,0.2653577796361792,0.6551535087719298,0.6558608058608059,0.6554054054054055,0.6554054054054054,"[[93, 55], [47, 101]]","[148, 148]",1.7391327384413848,0.6922479912344777,0.28869040543117935,0.7094461945852166,0.7094977168949772,0.7094594594594594,0.7094594594594594,"[[104, 44], [42, 106]]","[148, 148]",0.8204981462515251,0.7703159240321402,0.20372569317240707,0.6803332811964902,0.6803332811964902
branch_linear_resample_M32_S128_k3_r32_lr6e-05_seed3416,direct,branch,3416,6e-05,accepted,13,7,223.65289960199152,56921476,7548.0,,32,128,3,32,1024,0.125,linear_resample,,,,linear_resample_M32_S128_k3_r32,0.6763612508200306,0.6852184179456907,0.6790540540540541,0.6790540540540541,"[[114, 34], [61, 87]]","[148, 148]",1.2023607934208393,0.7287253469685903,0.26505397691913746,0.6482471776589424,0.6493303980920933,0.6486486486486487,0.6486486486486487,"[[101, 47], [57, 91]]","[148, 148]",1.5402273664352344,0.6777757487216947,0.3074761225655674,0.6812537231361407,0.6851714550509731,0.6824324324324325,0.6824324324324325,"[[110, 38], [56, 92]]","[148, 148]",0.8836795716356473,0.7357103725346968,0.22636496805591622,0.6623042142394865,0.6623042142394865
branch_linear_resample_M32_S128_k3_r32_lr6e-05_seed3417,direct,branch,3417,6e-05,accepted,8,0,143.90103472099872,56921476,7548.0,,32,128,3,32,1024,0.125,linear_resample,,,,linear_resample_M32_S128_k3_r32,0.6384763774584223,0.6385704498744005,0.6385135135135136,0.6385135135135135,"[[96, 52], [55, 93]]","[148, 148]",1.0895626288614289,0.6638056975894813,0.29553710871228117,0.641875542163174,0.6419178082191781,0.6418918918918919,0.6418918918918919,"[[94, 54], [52, 96]]","[148, 148]",1.7279395690703845,0.6468681519357194,0.3252650593357487,0.6384763774584223,0.6385704498744005,0.6385135135135136,0.6385135135135135,"[[93, 55], [52, 96]]","[148, 148]",0.803161644318559,0.6963568298027757,0.24084937779383492,0.6401759598107981,0.6401759598107981
branch_linear_resample_M32_S128_k3_r32_lr6e-05_seed3418,direct,branch,3418,6e-05,accepted,8,0,230.72211426499416,56921476,7548.0,,32,128,3,32,1024,0.125,linear_resample,,,,linear_resample_M32_S128_k3_r32,0.6587798892883638,0.6587910331918002,0.6587837837837838,0.6587837837837838,"[[98, 50], [51, 97]]","[148, 148]",1.1893489453349242,0.6984112490869248,0.27750285694601773,0.641875542163174,0.6419178082191781,0.6418918918918919,0.6418918918918919,"[[96, 52], [54, 94]]","[148, 148]",1.3959063887945375,0.6615686632578526,0.30768892077363064,0.6855200776832124,0.6865004811437474,0.6858108108108107,0.6858108108108109,"[[106, 42], [51, 97]]","[148, 148]",0.7716415718429044,0.7324689554419285,0.22256635090433152,0.650327715725769,0.650327715725769
branch_radon_M32_S128_k3_r32_lr3e-05_seed3416,direct,branch,3416,3e-05,accepted,16,10,293.240322808997,56921476,7516.0,,32,128,3,32,1024,0.125,radon,,,,radon_M32_S128_k3_r32,0.701599230170004,0.705746061167748,0.7027027027027026,0.7027027027027027,"[[113, 35], [53, 95]]","[148, 148]",1.412735518397392,0.7456628926223521,0.260766087017953,0.6465817876606259,0.6842258594205202,0.6587837837837838,0.6587837837837838,"[[125, 23], [78, 70]]","[148, 148]",1.9622791687429673,0.7106921110299489,0.30052412434831993,0.6839808754583856,0.7025415444770283,0.6891891891891893,0.6891891891891891,"[[121, 27], [65, 83]]","[148, 148]",1.3508835062594289,0.7387691745799854,0.25834888963866026,0.674090508915315,0.674090508915315
branch_radon_M32_S128_k3_r32_lr3e-05_seed3417,direct,branch,3417,3e-05,accepted,14,10,412.1600793589896,56921476,7516.0,,32,128,3,32,1024,0.125,radon,,,,radon_M32_S128_k3_r32,0.6955985191279309,0.6968446156668502,0.6959459459459459,0.6959459459459459,"[[108, 40], [50, 98]]","[148, 148]",1.5758988014523432,0.714800949598247,0.2755337596712757,0.6148648648648649,0.6148648648648649,0.6148648648648649,0.6148648648648649,"[[91, 57], [57, 91]]","[148, 148]",1.9313501476110313,0.6848749086924764,0.3233987713264812,0.66544507997397,0.6657296951414599,0.6655405405405406,0.6655405405405406,"[[101, 47], [52, 96]]","[148, 148]",1.4758717644836135,0.705875639152666,0.27957701816960084,0.6552316919963979,0.6552316919963979
branch_radon_M32_S128_k3_r32_lr3e-05_seed3418,direct,branch,3418,3e-05,accepted,13,12,242.52156567000202,56921476,7516.0,,32,128,3,32,1024,0.125,radon,,,,radon_M32_S128_k3_r32,0.7122828684803366,0.7144927536231884,0.7128378378378379,0.7128378378378378,"[[112, 36], [49, 99]]","[148, 148]",1.5780644489181221,0.7378104455807157,0.2598770223492196,0.6638485804416404,0.6689419000139776,0.6655405405405406,0.6655405405405406,"[[109, 39], [60, 88]]","[148, 148]",1.8459484631998517,0.7054419284149014,0.2999856397588101,0.6847710330138446,0.688295165394402,0.6858108108108107,0.6858108108108109,"[[110, 38], [55, 93]]","[148, 148]",1.4363936432467337,0.72895361577794,0.26038716570222176,0.6880657244609885,0.6880657244609885
branch_radon_M32_S128_k3_r32_lr6e-05_seed3416,direct,branch,3416,6e-05,accepted,14,8,429.08218655202654,56921476,7516.0,,32,128,3,32,1024,0.125,radon,,,,radon_M32_S128_k3_r32,0.7122828684803366,0.7144927536231884,0.7128378378378379,0.7128378378378378,"[[112, 36], [49, 99]]","[148, 148]",1.2442492194388959,0.7415997078159241,0.24570680872624803,0.6922830867652939,0.6932823168217018,0.6925675675675675,0.6925675675675675,"[[107, 41], [50, 98]]","[148, 148]",1.4976101469125416,0.7411888239590941,0.2542977087616616,0.7051083857226288,0.7088364561647005,0.7060810810810811,0.706081081081081,"[[113, 35], [52, 96]]","[148, 148]",1.1839251914767714,0.75004565376187,0.23832466934334212,0.7022829776228152,0.7022829776228152
branch_radon_M32_S128_k3_r32_lr6e-05_seed3417,direct,branch,3417,6e-05,accepted,24,18,431.5985716599971,56921476,7516.0,,32,128,3,32,1024,0.125,radon,,,,radon_M32_S128_k3_r32,0.7013392038158136,0.7064732142857143,0.7027027027027026,0.7027027027027027,"[[114, 34], [54, 94]]","[148, 148]",1.6324390308740766,0.7358473338203069,0.2647753376065867,0.6856349994861077,0.6862274079158087,0.6858108108108107,0.6858108108108109,"[[105, 43], [50, 98]]","[148, 148]",1.7579006852615326,0.7276296566837106,0.2673171186697891,0.7051083857226288,0.7088364561647005,0.7060810810810811,0.706081081081081,"[[113, 35], [52, 96]]","[148, 148]",1.5434924296072081,0.733267896274653,0.25426975181318345,0.6934871016509607,0.6934871016509607
branch_radon_M32_S128_k3_r32_lr6e-05_seed3418,direct,branch,3418,6e-05,accepted,20,14,574.8187373330002,56921476,7516.0,,32,128,3,32,1024,0.125,radon,,,,radon_M32_S128_k3_r32,0.6478609013955616,0.6499907868067072,0.6486486486486487,0.6486486486486487,"[[103, 45], [59, 89]]","[148, 148]",1.5563494829912254,0.7106464572680788,0.29872064506709894,0.6856349994861077,0.6862274079158087,0.6858108108108107,0.6858108108108109,"[[105, 43], [50, 98]]","[148, 148]",1.525916249509493,0.7225620891161432,0.2833695669654781,0.6644336803050603,0.6677538746241036,0.6655405405405406,0.6655405405405406,"[[107, 41], [58, 90]]","[148, 148]",1.3561901366259668,0.716855368882396,0.2768119766832823,0.6667479504408347,0.6667479504408347
branch_linear_resample_M32_S64_k1_r16_lr3e-05_seed3416,direct,branch,3416,3e-05,accepted,8,0,135.25443652897957,45387140,7566.0,,32,64,1,16,512,0.0625,linear_resample,,,,linear_resample_M32_S64_k1_r16,0.668903803131991,0.6689497716894977,0.6689189189189189,0.668918918918919,"[[98, 50], [48, 100]]","[148, 148]",0.9324178618684056,0.7006482834185537,0.26285539630720245,0.6513545347467609,0.6532091097308488,0.652027027027027,0.652027027027027,"[[103, 45], [58, 90]]","[148, 148]",1.1492943787468952,0.6917001460920379,0.28227460370562996,0.7059166124224879,0.7065431251429879,0.7060810810810811,0.706081081081081,"[[108, 40], [47, 101]]","[148, 148]",0.6758155158203725,0.7575785244704165,0.20770928093282298,0.660129168939376,0.660129168939376
branch_linear_resample_M32_S64_k1_r16_lr3e-05_seed3417,direct,branch,3417,3e-05,accepted,8,0,136.7422602190054,45387140,7566.0,,32,64,1,16,512,0.0625,linear_resample,,,,linear_resample_M32_S64_k1_r16,0.6384763774584223,0.6385704498744005,0.6385135135135136,0.6385135135135135,"[[96, 52], [55, 93]]","[148, 148]",1.0895626288614289,0.6638056975894813,0.29553710871228117,0.641875542163174,0.6419178082191781,0.6418918918918919,0.6418918918918919,"[[94, 54], [52, 96]]","[148, 148]",1.7279395690703845,0.6468681519357194,0.3252650593357487,0.6384763774584223,0.6385704498744005,0.6385135135135136,0.6385135135135135,"[[93, 55], [52, 96]]","[148, 148]",0.803161644318559,0.6963568298027757,0.24084937779383492,0.6401759598107981,0.6401759598107981
branch_linear_resample_M32_S64_k1_r16_lr3e-05_seed3418,direct,branch,3418,3e-05,accepted,8,0,136.44668901097612,45387140,7566.0,,32,64,1,16,512,0.0625,linear_resample,,,,linear_resample_M32_S64_k1_r16,0.6587798892883638,0.6587910331918002,0.6587837837837838,0.6587837837837838,"[[98, 50], [51, 97]]","[148, 148]",1.1893489453349242,0.6984112490869248,0.27750285694601773,0.641875542163174,0.6419178082191781,0.6418918918918919,0.6418918918918919,"[[96, 52], [54, 94]]","[148, 148]",1.3959063887945375,0.6615686632578526,0.30768892077363064,0.6855200776832124,0.6865004811437474,0.6858108108108107,0.6858108108108109,"[[106, 42], [51, 97]]","[148, 148]",0.7716415718429044,0.7324689554419285,0.22256635090433152,0.650327715725769,0.650327715725769
branch_linear_resample_M32_S64_k1_r16_lr6e-05_seed3416,direct,branch,3416,6e-05,accepted,8,0,134.97520249299123,45387140,7566.0,,32,64,1,16,512,0.0625,linear_resample,,,,linear_resample_M32_S64_k1_r16,0.668903803131991,0.6689497716894977,0.6689189189189189,0.668918918918919,"[[98, 50], [48, 100]]","[148, 148]",0.9324178618684056,0.7006482834185537,0.26285539630720245,0.6513545347467609,0.6532091097308488,0.652027027027027,0.652027027027027,"[[103, 45], [58, 90]]","[148, 148]",1.1492943787468952,0.6917001460920379,0.28227460370562996,0.7059166124224879,0.7065431251429879,0.7060810810810811,0.706081081081081,"[[108, 40], [47, 101]]","[148, 148]",0.6758155158203725,0.7575785244704165,0.20770928093282298,0.660129168939376,0.660129168939376
branch_linear_resample_M32_S64_k1_r16_lr6e-05_seed3417,direct,branch,3417,6e-05,accepted,8,0,222.49776286899578,45387140,7566.0,,32,64,1,16,512,0.0625,linear_resample,,,,linear_resample_M32_S64_k1_r16,0.6384763774584223,0.6385704498744005,0.6385135135135136,0.6385135135135135,"[[96, 52], [55, 93]]","[148, 148]",1.0895626288614289,0.6638056975894813,0.29553710871228117,0.641875542163174,0.6419178082191781,0.6418918918918919,0.6418918918918919,"[[94, 54], [52, 96]]","[148, 148]",1.7279395690703845,0.6468681519357194,0.3252650593357487,0.6384763774584223,0.6385704498744005,0.6385135135135136,0.6385135135135135,"[[93, 55], [52, 96]]","[148, 148]",0.803161644318559,0.6963568298027757,0.24084937779383492,0.6401759598107981,0.6401759598107981
branch_linear_resample_M32_S64_k1_r16_lr6e-05_seed3418,direct,branch,3418,6e-05,accepted,8,0,135.7382816360041,45387140,7566.0,,32,64,1,16,512,0.0625,linear_resample,,,,linear_resample_M32_S64_k1_r16,0.6587798892883638,0.6587910331918002,0.6587837837837838,0.6587837837837838,"[[98, 50], [51, 97]]","[148, 148]",1.1893489453349242,0.6984112490869248,0.27750285694601773,0.641875542163174,0.6419178082191781,0.6418918918918919,0.6418918918918919,"[[96, 52], [54, 94]]","[148, 148]",1.3959063887945375,0.6615686632578526,0.30768892077363064,0.6855200776832124,0.6865004811437474,0.6858108108108107,0.6858108108108109,"[[106, 42], [51, 97]]","[148, 148]",0.7716415718429044,0.7324689554419285,0.22256635090433152,0.650327715725769,0.650327715725769
branch_radon_M32_S64_k1_r16_lr3e-05_seed3416,direct,branch,3416,3e-05,accepted,8,0,144.1950314109854,45387140,7546.0,,32,64,1,16,512,0.0625,radon,,,,radon_M32_S64_k1_r16,0.668903803131991,0.6689497716894977,0.6689189189189189,0.668918918918919,"[[98, 50], [48, 100]]","[148, 148]",0.9324178618684056,0.7006482834185537,0.26285539630720245,0.6513545347467609,0.6532091097308488,0.652027027027027,0.652027027027027,"[[103, 45], [58, 90]]","[148, 148]",1.1492943787468952,0.6917001460920379,0.28227460370562996,0.7059166124224879,0.7065431251429879,0.7060810810810811,0.706081081081081,"[[108, 40], [47, 101]]","[148, 148]",0.6758155158203725,0.7575785244704165,0.20770928093282298,0.660129168939376,0.660129168939376
branch_radon_M32_S64_k1_r16_lr3e-05_seed3417,direct,branch,3417,3e-05,accepted,8,0,218.21402533299988,45387140,7546.0,,32,64,1,16,512,0.0625,radon,,,,radon_M32_S64_k1_r16,0.6384763774584223,0.6385704498744005,0.6385135135135136,0.6385135135135135,"[[96, 52], [55, 93]]","[148, 148]",1.0895626288614289,0.6638056975894813,0.29553710871228117,0.641875542163174,0.6419178082191781,0.6418918918918919,0.6418918918918919,"[[94, 54], [52, 96]]","[148, 148]",1.7279395690703845,0.6468681519357194,0.3252650593357487,0.6384763774584223,0.6385704498744005,0.6385135135135136,0.6385135135135135,"[[93, 55], [52, 96]]","[148, 148]",0.803161644318559,0.6963568298027757,0.24084937779383492,0.6401759598107981,0.6401759598107981
branch_radon_M32_S64_k1_r16_lr3e-05_seed3418,direct,branch,3418,3e-05,accepted,15,9,257.166600801982,45387140,7546.0,,32,64,1,16,512,0.0625,radon,,,,radon_M32_S64_k1_r16,0.6686769005847953,0.6694139194139195,0.6689189189189189,0.668918918918919,"[[103, 45], [53, 95]]","[148, 148]",1.428320862015082,0.7121073776479182,0.28864548600612616,0.641744690568623,0.6421254801536491,0.6418918918918919,0.6418918918918919,"[[98, 50], [56, 92]]","[148, 148]",1.800531830908361,0.6930469320672024,0.3040664654218127,0.712808337233326,0.7129253254167618,0.7128378378378379,0.7128378378378378,"[[107, 41], [44, 104]]","[148, 148]",0.9034603451578026,0.7411431701972242,0.22913397131920865,0.6552107955767092,0.6552107955767092
branch_radon_M32_S64_k1_r16_lr6e-05_seed3416,direct,branch,3416,6e-05,accepted,17,11,451.42085564197623,45387140,7546.0,,32,64,1,16,512,0.0625,radon,,,,radon_M32_S64_k1_r16,0.7160087719298246,0.7168498168498169,0.7162162162162162,0.7162162162162162,"[[110, 38], [46, 102]]","[148, 148]",1.2319795004863627,0.7449780861943024,0.2452757213836151,0.6688584474885845,0.6690423976608187,0.6689189189189189,0.668918918918919,"[[97, 51], [47, 101]]","[148, 148]",1.5527845287144821,0.7046886413440467,0.2849299933481592,0.7026891293430124,0.7027397260273973,0.7027027027027026,0.7027027027027027,"[[105, 43], [45, 103]]","[148, 148]",0.8762832937318479,0.7616417092768443,0.21711049786706205,0.6924336097092045,0.6924336097092045
branch_radon_M32_S64_k1_r16_lr6e-05_seed3417,direct,branch,3417,6e-05,accepted,8,0,145.04217811097624,45387140,7546.0,,32,64,1,16,512,0.0625,radon,,,,radon_M32_S64_k1_r16,0.6384763774584223,0.6385704498744005,0.6385135135135136,0.6385135135135135,"[[96, 52], [55, 93]]","[148, 148]",1.0895626288614289,0.6638056975894813,0.29553710871228117,0.641875542163174,0.6419178082191781,0.6418918918918919,0.6418918918918919,"[[94, 54], [52, 96]]","[148, 148]",1.7279395690703845,0.6468681519357194,0.3252650593357487,0.6384763774584223,0.6385704498744005,0.6385135135135136,0.6385135135135135,"[[93, 55], [52, 96]]","[148, 148]",0.803161644318559,0.6963568298027757,0.24084937779383492,0.6401759598107981,0.6401759598107981
branch_radon_M32_S64_k1_r16_lr6e-05_seed3418,direct,branch,3418,6e-05,accepted,21,15,357.42554135399405,45387140,7546.0,,32,64,1,16,512,0.0625,radon,,,,radon_M32_S64_k1_r16,0.6789624504800722,0.6792586498468851,0.6790540540540541,0.6790540540540541,"[[98, 50], [45, 103]]","[148, 148]",1.4461217474725885,0.7156683710737763,0.2832116249950046,0.668918918918919,0.668918918918919,0.668918918918919,0.668918918918919,"[[99, 49], [49, 99]]","[148, 148]",1.5957370874123475,0.6947589481373265,0.29819426124872356,0.6823018954099109,0.6827327601975489,0.6824324324324325,0.6824324324324325,"[[98, 50], [44, 104]]","[148, 148]",0.9312084868278242,0.7405496712929145,0.22785993497031826,0.6739406846994955,0.6739406846994955
branch_linear_resample_M32_S64_k1_r25_lr3e-05_seed3416,direct,branch,3416,3e-05,accepted,13,7,329.19602045501233,46898564,7554.0,,32,64,1,25,800,0.09765625,linear_resample,,,,linear_resample_M32_S64_k1_r25,0.6954453996707517,0.6972426470588236,0.6959459459459459,0.6959459459459459,"[[109, 39], [51, 97]]","[148, 148]",1.2510807407449416,0.7297297297297298,0.2570089725496753,0.6414827003062298,0.6425426527242708,0.6418918918918919,0.6418918918918919,"[[100, 48], [58, 90]]","[148, 148]",1.6925824770249254,0.6738038714390067,0.31126374091587833,0.7020361473347061,0.7045328911000552,0.7027027027027026,0.7027027027027027,"[[111, 37], [51, 97]]","[148, 148]",0.793779849293443,0.7598612125639153,0.21026095365014733,0.6684640499884907,0.6684640499884907
branch_linear_resample_M32_S64_k1_r25_lr3e-05_seed3417,direct,branch,3417,3e-05,accepted,8,0,136.8338430900185,46898564,7554.0,,32,64,1,25,800,0.09765625,linear_resample,,,,linear_resample_M32_S64_k1_r25,0.6384763774584223,0.6385704498744005,0.6385135135135136,0.6385135135135135,"[[96, 52], [55, 93]]","[148, 148]",1.0895626288614289,0.6638056975894813,0.29553710871228117,0.641875542163174,0.6419178082191781,0.6418918918918919,0.6418918918918919,"[[94, 54], [52, 96]]","[148, 148]",1.7279395690703845,0.6468681519357194,0.3252650593357487,0.6384763774584223,0.6385704498744005,0.6385135135135136,0.6385135135135135,"[[93, 55], [52, 96]]","[148, 148]",0.803161644318559,0.6963568298027757,0.24084937779383492,0.6401759598107981,0.6401759598107981
branch_linear_resample_M32_S64_k1_r25_lr3e-05_seed3418,direct,branch,3418,3e-05,accepted,8,0,133.82965720398352,46898564,7554.0,,32,64,1,25,800,0.09765625,linear_resample,,,,linear_resample_M32_S64_k1_r25,0.6587798892883638,0.6587910331918002,0.6587837837837838,0.6587837837837838,"[[98, 50], [51, 97]]","[148, 148]",1.1893489453349242,0.6984112490869248,0.27750285694601773,0.641875542163174,0.6419178082191781,0.6418918918918919,0.6418918918918919,"[[96, 52], [54, 94]]","[148, 148]",1.3959063887945375,0.6615686632578526,0.30768892077363064,0.6855200776832124,0.6865004811437474,0.6858108108108107,0.6858108108108109,"[[106, 42], [51, 97]]","[148, 148]",0.7716415718429044,0.7324689554419285,0.22256635090433152,0.650327715725769,0.650327715725769
branch_linear_resample_M32_S64_k1_r25_lr6e-05_seed3416,direct,branch,3416,6e-05,accepted,8,0,220.43747079500463,46898564,7554.0,,32,64,1,25,800,0.09765625,linear_resample,,,,linear_resample_M32_S64_k1_r25,0.668903803131991,0.6689497716894977,0.6689189189189189,0.668918918918919,"[[98, 50], [48, 100]]","[148, 148]",0.9324178618684056,0.7006482834185537,0.26285539630720245,0.6513545347467609,0.6532091097308488,0.652027027027027,0.652027027027027,"[[103, 45], [58, 90]]","[148, 148]",1.1492943787468952,0.6917001460920379,0.28227460370562996,0.7059166124224879,0.7065431251429879,0.7060810810810811,0.706081081081081,"[[108, 40], [47, 101]]","[148, 148]",0.6758155158203725,0.7575785244704165,0.20770928093282298,0.660129168939376,0.660129168939376
branch_linear_resample_M32_S64_k1_r25_lr6e-05_seed3417,direct,branch,3417,6e-05,accepted,8,0,134.94126755700563,46898564,7554.0,,32,64,1,25,800,0.09765625,linear_resample,,,,linear_resample_M32_S64_k1_r25,0.6384763774584223,0.6385704498744005,0.6385135135135136,0.6385135135135135,"[[96, 52], [55, 93]]","[148, 148]",1.0895626288614289,0.6638056975894813,0.29553710871228117,0.641875542163174,0.6419178082191781,0.6418918918918919,0.6418918918918919,"[[94, 54], [52, 96]]","[148, 148]",1.7279395690703845,0.6468681519357194,0.3252650593357487,0.6384763774584223,0.6385704498744005,0.6385135135135136,0.6385135135135135,"[[93, 55], [52, 96]]","[148, 148]",0.803161644318559,0.6963568298027757,0.24084937779383492,0.6401759598107981,0.6401759598107981
branch_linear_resample_M32_S64_k1_r25_lr6e-05_seed3418,direct,branch,3418,6e-05,accepted,8,0,228.8308127160126,46898564,7554.0,,32,64,1,25,800,0.09765625,linear_resample,,,,linear_resample_M32_S64_k1_r25,0.6587798892883638,0.6587910331918002,0.6587837837837838,0.6587837837837838,"[[98, 50], [51, 97]]","[148, 148]",1.1893489453349242,0.6984112490869248,0.27750285694601773,0.641875542163174,0.6419178082191781,0.6418918918918919,0.6418918918918919,"[[96, 52], [54, 94]]","[148, 148]",1.3959063887945375,0.6615686632578526,0.30768892077363064,0.6855200776832124,0.6865004811437474,0.6858108108108107,0.6858108108108109,"[[106, 42], [51, 97]]","[148, 148]",0.7716415718429044,0.7324689554419285,0.22256635090433152,0.650327715725769,0.650327715725769
branch_linear_resample_M32_S64_k1_r27_lr3e-05_seed3416,direct,branch,3416,3e-05,accepted,8,0,134.92866926197894,47324548,7584.0,,32,64,1,27,864,0.10546875,linear_resample,,,,linear_resample_M32_S64_k1_r27,0.668903803131991,0.6689497716894977,0.6689189189189189,0.668918918918919,"[[98, 50], [48, 100]]","[148, 148]",0.9324178618684056,0.7006482834185537,0.26285539630720245,0.6513545347467609,0.6532091097308488,0.652027027027027,0.652027027027027,"[[103, 45], [58, 90]]","[148, 148]",1.1492943787468952,0.6917001460920379,0.28227460370562996,0.7059166124224879,0.7065431251429879,0.7060810810810811,0.706081081081081,"[[108, 40], [47, 101]]","[148, 148]",0.6758155158203725,0.7575785244704165,0.20770928093282298,0.660129168939376,0.660129168939376
branch_linear_resample_M32_S64_k1_r27_lr3e-05_seed3417,direct,branch,3417,3e-05,accepted,8,0,135.24349167998298,47324548,7584.0,,32,64,1,27,864,0.10546875,linear_resample,,,,linear_resample_M32_S64_k1_r27,0.6384763774584223,0.6385704498744005,0.6385135135135136,0.6385135135135135,"[[96, 52], [55, 93]]","[148, 148]",1.0895626288614289,0.6638056975894813,0.29553710871228117,0.641875542163174,0.6419178082191781,0.6418918918918919,0.6418918918918919,"[[94, 54], [52, 96]]","[148, 148]",1.7279395690703845,0.6468681519357194,0.3252650593357487,0.6384763774584223,0.6385704498744005,0.6385135135135136,0.6385135135135135,"[[93, 55], [52, 96]]","[148, 148]",0.803161644318559,0.6963568298027757,0.24084937779383492,0.6401759598107981,0.6401759598107981
branch_linear_resample_M32_S64_k1_r27_lr3e-05_seed3418,direct,branch,3418,3e-05,accepted,13,7,337.7897760469932,47324548,7584.0,,32,64,1,27,864,0.10546875,linear_resample,,,,linear_resample_M32_S64_k1_r27,0.6584680413548867,0.6593731384319296,0.6587837837837838,0.6587837837837838,"[[102, 46], [55, 93]]","[148, 148]",1.542333789205105,0.6897370343316289,0.30124556870547775,0.6519912792356775,0.6520895181548299,0.652027027027027,0.652027027027027,"[[95, 53], [50, 98]]","[148, 148]",1.8753850813119102,0.6738495252008765,0.31370778462139287,0.6925359845674433,0.6926467229961177,0.6925675675675675,0.6925675675675675,"[[101, 47], [44, 104]]","[148, 148]",0.9041983287651345,0.7363951789627465,0.2234407267014727,0.6552296602952821,0.6552296602952821
branch_linear_resample_M32_S64_k1_r27_lr6e-05_seed3416,direct,branch,3416,6e-05,accepted,8,0,136.13255338199087,47324548,7584.0,,32,64,1,27,864,0.10546875,linear_resample,,,,linear_resample_M32_S64_k1_r27,0.668903803131991,0.6689497716894977,0.6689189189189189,0.668918918918919,"[[98, 50], [48, 100]]","[148, 148]",0.9324178618684056,0.7006482834185537,0.26285539630720245,0.6513545347467609,0.6532091097308488,0.652027027027027,0.652027027027027,"[[103, 45], [58, 90]]","[148, 148]",1.1492943787468952,0.6917001460920379,0.28227460370562996,0.7059166124224879,0.7065431251429879,0.7060810810810811,0.706081081081081,"[[108, 40], [47, 101]]","[148, 148]",0.6758155158203725,0.7575785244704165,0.20770928093282298,0.660129168939376,0.660129168939376
branch_linear_resample_M32_S64_k1_r27_lr6e-05_seed3417,direct,branch,3417,6e-05,accepted,8,0,136.98553508499754,47324548,7584.0,,32,64,1,27,864,0.10546875,linear_resample,,,,linear_resample_M32_S64_k1_r27,0.6384763774584223,0.6385704498744005,0.6385135135135136,0.6385135135135135,"[[96, 52], [55, 93]]","[148, 148]",1.0895626288614289,0.6638056975894813,0.29553710871228117,0.641875542163174,0.6419178082191781,0.6418918918918919,0.6418918918918919,"[[94, 54], [52, 96]]","[148, 148]",1.7279395690703845,0.6468681519357194,0.3252650593357487,0.6384763774584223,0.6385704498744005,0.6385135135135136,0.6385135135135135,"[[93, 55], [52, 96]]","[148, 148]",0.803161644318559,0.6963568298027757,0.24084937779383492,0.6401759598107981,0.6401759598107981
branch_linear_resample_M32_S64_k1_r27_lr6e-05_seed3418,direct,branch,3418,6e-05,accepted,8,0,206.81671726101195,47324548,7584.0,,32,64,1,27,864,0.10546875,linear_resample,,,,linear_resample_M32_S64_k1_r27,0.6587798892883638,0.6587910331918002,0.6587837837837838,0.6587837837837838,"[[98, 50], [51, 97]]","[148, 148]",1.1893489453349242,0.6984112490869248,0.27750285694601773,0.641875542163174,0.6419178082191781,0.6418918918918919,0.6418918918918919,"[[96, 52], [54, 94]]","[148, 148]",1.3959063887945375,0.6615686632578526,0.30768892077363064,0.6855200776832124,0.6865004811437474,0.6858108108108107,0.6858108108108109,"[[106, 42], [51, 97]]","[148, 148]",0.7716415718429044,0.7324689554419285,0.22256635090433152,0.650327715725769,0.650327715725769
branch_radon_M32_S64_k1_r27_lr3e-05_seed3416,direct,branch,3416,3e-05,accepted,14,8,244.4245330959966,47324548,7616.0,,32,64,1,27,864,0.10546875,radon,,,,radon_M32_S64_k1_r27,0.6922830867652939,0.6932823168217018,0.6925675675675675,0.6925675675675675,"[[107, 41], [50, 98]]","[148, 148]",1.2376325577845324,0.7328798392987582,0.2570587562812489,0.6348684210526316,0.6355311355311355,0.6351351351351351,0.6351351351351351,"[[90, 58], [50, 98]]","[148, 148]",1.6539070899624413,0.676999634769905,0.31156733797739394,0.6621621621621622,0.6621621621621622,0.6621621621621622,0.6621621621621622,"[[98, 50], [50, 98]]","[148, 148]",0.9044658639640442,0.7358016800584368,0.23171332375888265,0.6635757539089628,0.6635757539089628
branch_radon_M32_S64_k1_r27_lr3e-05_seed3417,direct,branch,3417,3e-05,accepted,8,0,242.03957403698587,47324548,7616.0,,32,64,1,27,864,0.10546875,radon,,,,radon_M32_S64_k1_r27,0.6384763774584223,0.6385704498744005,0.6385135135135136,0.6385135135135135,"[[96, 52], [55, 93]]","[148, 148]",1.0895626288614289,0.6638056975894813,0.29553710871228117,0.641875542163174,0.6419178082191781,0.6418918918918919,0.6418918918918919,"[[94, 54], [52, 96]]","[148, 148]",1.7279395690703845,0.6468681519357194,0.3252650593357487,0.6384763774584223,0.6385704498744005,0.6385135135135136,0.6385135135135135,"[[93, 55], [52, 96]]","[148, 148]",0.803161644318559,0.6963568298027757,0.24084937779383492,0.6401759598107981,0.6401759598107981
branch_radon_M32_S64_k1_r27_lr3e-05_seed3418,direct,branch,3418,3e-05,accepted,20,14,345.0517357070057,47324548,7616.0,,32,64,1,27,864,0.10546875,radon,,,,radon_M32_S64_k1_r27,0.6955985191279309,0.6968446156668502,0.6959459459459459,0.6959459459459459,"[[108, 40], [50, 98]]","[148, 148]",1.535524930084909,0.7337472607742876,0.2671954857186624,0.6611721611721613,0.664079822616408,0.6621621621621622,0.6621621621621622,"[[106, 42], [58, 90]]","[148, 148]",1.940878569433851,0.6844868517165815,0.3027909923104249,0.7155799588194921,0.7181684171733923,0.7162162162162162,0.7162162162162162,"[[113, 35], [49, 99]]","[148, 148]",1.0609023881024806,0.7468042366691015,0.22753289604255572,0.6783853401500461,0.6783853401500461
branch_radon_M32_S64_k1_r27_lr6e-05_seed3416,direct,branch,3416,6e-05,accepted,13,7,352.142173678003,47324548,7616.0,,32,64,1,27,864,0.10546875,radon,,,,radon_M32_S64_k1_r27,0.7020361473347061,0.7045328911000552,0.7027027027027026,0.7027027027027027,"[[111, 37], [51, 97]]","[148, 148]",1.1673367310071594,0.7457542001460922,0.25016006200232577,0.658311903537345,0.6596657944268466,0.6587837837837838,0.6587837837837838,"[[103, 45], [56, 92]]","[148, 148]",1.475575203863872,0.7036157779401023,0.28563719228520584,0.700735294117647,0.7081770442610653,0.7027027027027026,0.7027027027027027,"[[116, 32], [56, 92]]","[148, 148]",1.0251500217282397,0.7421018991964937,0.23589908872444856,0.6801740254360256,0.6801740254360256
branch_radon_M32_S64_k1_r27_lr6e-05_seed3417,direct,branch,3417,6e-05,accepted,27,25,462.1666434970102,47324548,7616.0,,32,64,1,27,864,0.10546875,radon,,,,radon_M32_S64_k1_r27,0.6891749988586038,0.6892237442922374,0.6891891891891893,0.6891891891891891,"[[103, 45], [47, 101]]","[148, 148]",1.328651042962139,0.7286112125639153,0.26348097249453994,0.6520230554128859,0.6520339679495959,0.652027027027027,0.652027027027027,"[[96, 52], [51, 97]]","[148, 148]",1.8017057533663647,0.6940969685902119,0.30279670901315087,0.6823744292237444,0.6825657894736843,0.6824324324324325,0.6824324324324325,"[[103, 45], [49, 99]]","[148, 148]",1.1040106486926269,0.7305058436815193,0.24335237419937902,0.6705990271357448,0.6705990271357448
branch_radon_M32_S64_k1_r27_lr6e-05_seed3418,direct,branch,3418,6e-05,accepted,12,6,340.562167126016,47324548,7616.0,,32,64,1,27,864,0.10546875,radon,,,,radon_M32_S64_k1_r27,0.6847710330138446,0.688295165394402,0.6858108108108107,0.6858108108108109,"[[110, 38], [55, 93]]","[148, 148]",1.4257889770531391,0.714663988312637,0.28000438172975317,0.6459167241775937,0.6533823252308272,0.6486486486486487,0.6486486486486487,"[[109, 39], [65, 83]]","[148, 148]",1.539356316280415,0.7033418553688824,0.30159209396690156,0.6763612508200306,0.6852184179456907,0.6790540540540541,0.6790540540540541,"[[114, 34], [61, 87]]","[148, 148]",1.0933951244932665,0.7224707815924033,0.2540512438417099,0.6653438785957191,0.6653438785957191
branch_linear_resample_M32_S64_k1_r32_lr3e-05_seed3416,direct,branch,3416,3e-05,accepted,8,5,137.6114840490045,48532868,7626.0,,32,64,1,32,1024,0.125,linear_resample,,,,linear_resample_M32_S64_k1_r32,0.6921424081376079,0.6936372400495799,0.6925675675675675,0.6925675675675675,"[[108, 40], [51, 97]]","[148, 148]",1.2172806252755695,0.7203250547845144,0.2623151414290811,0.628310502283105,0.6284722222222222,0.6283783783783784,0.6283783783783784,"[[95, 53], [57, 91]]","[148, 148]",1.7565847508456052,0.658235938641344,0.3221430008424749,0.6586863947209188,0.6589652177887473,0.6587837837837838,0.6587837837837838,"[[100, 48], [53, 95]]","[148, 148]",0.8174462360586735,0.7367604090577062,0.22275915128084695,0.6602264552103565,0.6602264552103565
branch_linear_resample_M32_S64_k1_r32_lr3e-05_seed3417,direct,branch,3417,3e-05,accepted,8,0,216.636805748014,48532868,7626.0,,32,64,1,32,1024,0.125,linear_resample,,,,linear_resample_M32_S64_k1_r32,0.6384763774584223,0.6385704498744005,0.6385135135135136,0.6385135135135135,"[[96, 52], [55, 93]]","[148, 148]",1.0895626288614289,0.6638056975894813,0.29553710871228117,0.641875542163174,0.6419178082191781,0.6418918918918919,0.6418918918918919,"[[94, 54], [52, 96]]","[148, 148]",1.7279395690703845,0.6468681519357194,0.3252650593357487,0.6384763774584223,0.6385704498744005,0.6385135135135136,0.6385135135135135,"[[93, 55], [52, 96]]","[148, 148]",0.803161644318559,0.6963568298027757,0.24084937779383492,0.6401759598107981,0.6401759598107981
branch_linear_resample_M32_S64_k1_r32_lr3e-05_seed3418,direct,branch,3418,3e-05,accepted,11,5,184.66982234097668,48532868,7626.0,,32,64,1,32,1024,0.125,linear_resample,,,,linear_resample_M32_S64_k1_r32,0.6517050322728051,0.6525913027539751,0.652027027027027,0.652027027027027,"[[101, 47], [56, 92]]","[148, 148]",1.6014499458038562,0.6907870708546384,0.30396615165195917,0.6602855437726667,0.665826330532213,0.6621621621621622,0.6621621621621622,"[[109, 39], [61, 87]]","[148, 148]",1.8260815003238977,0.6891891891891893,0.3063351595489243,0.7078455676444935,0.7141923436041083,0.7094594594594594,0.7094594594594594,"[[116, 32], [54, 94]]","[148, 148]",0.9974930104269669,0.7385409057706355,0.22744594588614267,0.6559952880227359,0.6559952880227359
branch_linear_resample_M32_S64_k1_r32_lr6e-05_seed3416,direct,branch,3416,6e-05,accepted,8,0,214.1778595020005,48532868,7626.0,,32,64,1,32,1024,0.125,linear_resample,,,,linear_resample_M32_S64_k1_r32,0.668903803131991,0.6689497716894977,0.6689189189189189,0.668918918918919,"[[98, 50], [48, 100]]","[148, 148]",0.9324178618684056,0.7006482834185537,0.26285539630720245,0.6513545347467609,0.6532091097308488,0.652027027027027,0.652027027027027,"[[103, 45], [58, 90]]","[148, 148]",1.1492943787468952,0.6917001460920379,0.28227460370562996,0.7059166124224879,0.7065431251429879,0.7060810810810811,0.706081081081081,"[[108, 40], [47, 101]]","[148, 148]",0.6758155158203725,0.7575785244704165,0.20770928093282298,0.660129168939376,0.660129168939376
branch_linear_resample_M32_S64_k1_r32_lr6e-05_seed3417,direct,branch,3417,6e-05,accepted,8,0,135.31818681498407,48532868,7626.0,,32,64,1,32,1024,0.125,linear_resample,,,,linear_resample_M32_S64_k1_r32,0.6384763774584223,0.6385704498744005,0.6385135135135136,0.6385135135135135,"[[96, 52], [55, 93]]","[148, 148]",1.0895626288614289,0.6638056975894813,0.29553710871228117,0.641875542163174,0.6419178082191781,0.6418918918918919,0.6418918918918919,"[[94, 54], [52, 96]]","[148, 148]",1.7279395690703845,0.6468681519357194,0.3252650593357487,0.6384763774584223,0.6385704498744005,0.6385135135135136,0.6385135135135135,"[[93, 55], [52, 96]]","[148, 148]",0.803161644318559,0.6963568298027757,0.24084937779383492,0.6401759598107981,0.6401759598107981
branch_linear_resample_M32_S64_k1_r32_lr6e-05_seed3418,direct,branch,3418,6e-05,accepted,8,0,137.373956490017,48532868,7626.0,,32,64,1,32,1024,0.125,linear_resample,,,,linear_resample_M32_S64_k1_r32,0.6587798892883638,0.6587910331918002,0.6587837837837838,0.6587837837837838,"[[98, 50], [51, 97]]","[148, 148]",1.1893489453349242,0.6984112490869248,0.27750285694601773,0.641875542163174,0.6419178082191781,0.6418918918918919,0.6418918918918919,"[[96, 52], [54, 94]]","[148, 148]",1.3959063887945375,0.6615686632578526,0.30768892077363064,0.6855200776832124,0.6865004811437474,0.6858108108108107,0.6858108108108109,"[[106, 42], [51, 97]]","[148, 148]",0.7716415718429044,0.7324689554419285,0.22256635090433152,0.650327715725769,0.650327715725769
branch_radon_M32_S64_k1_r32_lr3e-05_seed3416,direct,branch,3416,3e-05,accepted,13,7,374.3411904249806,48532868,7640.0,,32,64,1,32,1024,0.125,radon,,,,radon_M32_S64_k1_r32,0.7055130536210505,0.7076834598573729,0.7060810810810811,0.706081081081081,"[[111, 37], [50, 98]]","[148, 148]",1.2060692327722937,0.7424671292914535,0.24417648666777875,0.6410889956531687,0.6431730237700387,0.6418918918918919,0.6418918918918919,"[[102, 46], [60, 88]]","[148, 148]",1.5009414601036242,0.6860390796201606,0.2999462105137812,0.6747252747252748,0.6777531411677753,0.6756756756756757,0.6756756756756757,"[[108, 40], [56, 92]]","[148, 148]",0.9224457394073203,0.7427867056245435,0.2277675719320491,0.6733010246371096,0.6733010246371096
branch_radon_M32_S64_k1_r32_lr3e-05_seed3417,direct,branch,3417,3e-05,accepted,14,10,246.9337417909992,48532868,7640.0,,32,64,1,32,1024,0.125,radon,,,,radon_M32_S64_k1_r32,0.6721139241951877,0.6726835964310227,0.6722972972972974,0.6722972972972973,"[[96, 52], [45, 103]]","[148, 148]",1.350430652439409,0.7139791818845873,0.2836486724466331,0.6148648648648649,0.6148648648648649,0.6148648648648649,0.6148648648648649,"[[91, 57], [57, 91]]","[148, 148]",1.7678088912139323,0.6552684441197956,0.3283995677138277,0.6621004566210045,0.6622807017543859,0.6621621621621622,0.6621621621621622,"[[96, 52], [48, 100]]","[148, 148]",0.9844419690077373,0.7119704163623082,0.24999303389080518,0.6434893945300263,0.6434893945300263
branch_radon_M32_S64_k1_r32_lr3e-05_seed3418,direct,branch,3418,3e-05,accepted,11,6,196.91418708098354,48532868,7640.0,,32,64,1,32,1024,0.125,radon,,,,radon_M32_S64_k1_r32,0.6587487301243051,0.6588490522950445,0.6587837837837838,0.6587837837837838,"[[96, 52], [49, 99]]","[148, 148]",1.3927239133385618,0.7213522644265887,0.27550636435212567,0.6619152046783625,0.6626373626373626,0.6621621621621621,0.6621621621621622,"[[94, 54], [46, 102]]","[148, 148]",1.5016527576503234,0.7222881665449232,0.28621853197536634,0.7053243469007107,0.7082199363439273,0.7060810810810811,0.706081081081081,"[[97, 51], [36, 112]]","[148, 148]",0.9268150559166383,0.7578981008035064,0.22430467312600608,0.6603319674013338,0.6603319674013338
branch_radon_M32_S64_k1_r32_lr6e-05_seed3416,direct,branch,3416,6e-05,accepted,13,7,361.31595983498846,48532868,7640.0,,32,64,1,32,1024,0.125,radon,,,,radon_M32_S64_k1_r32,0.6806684111463067,0.6865546218487395,0.6824324324324325,0.6824324324324325,"[[112, 36], [58, 90]]","[148, 148]",1.0975512757134125,0.7432432432432432,0.25696724499885265,0.6738741220217601,0.6796451914098973,0.6756756756756757,0.6756756756756757,"[[111, 37], [59, 89]]","[148, 148]",1.2584910349100427,0.731144996347699,0.2688048471858399,0.7010512785199468,0.7072829131652661,0.7027027027027026,0.7027027027027027,"[[115, 33], [55, 93]]","[148, 148]",0.9880833473488533,0.7455259313367422,0.24108965430061266,0.6772712665840335,0.6772712665840335
branch_radon_M32_S64_k1_r32_lr6e-05_seed3417,direct,branch,3417,6e-05,accepted,11,5,196.74913680300233,48532868,7640.0,,32,64,1,32,1024,0.125,radon,,,,radon_M32_S64_k1_r32,0.6990460958473753,0.7000641524996563,0.6993243243243243,0.6993243243243243,"[[108, 40], [49, 99]]","[148, 148]",1.2352821565838796,0.7258948137326516,0.26309884115508214,0.6511311233422206,0.653604871073389,0.652027027027027,0.652027027027027,"[[89, 59], [44, 104]]","[148, 148]",1.293140190901615,0.6848520818115412,0.2953500641381853,0.6992934354560709,0.6994062571363324,0.6993243243243243,0.6993243243243243,"[[102, 46], [43, 105]]","[148, 148]",0.8869643324303051,0.7340211833455077,0.23071202944231914,0.6750886095947979,0.6750886095947979
branch_radon_M32_S64_k1_r32_lr6e-05_seed3418,direct,branch,3418,6e-05,accepted,11,5,195.6837277779996,48532868,7640.0,,32,64,1,32,1024,0.125,radon,,,,radon_M32_S64_k1_r32,0.7045942070547748,0.7103154265480129,0.706081081081081,0.706081081081081,"[[115, 33], [54, 94]]","[148, 148]",1.3812320215016485,0.7318754565376187,0.25713232297656763,0.695054945054945,0.6982631189948263,0.6959459459459459,0.6959459459459459,"[[111, 37], [53, 95]]","[148, 148]",1.2443112240189116,0.7347972972972974,0.25577524534460766,0.6968015928735024,0.7061865407319953,0.6993243243243243,0.6993243243243243,"[[117, 31], [58, 90]]","[148, 148]",1.0532839536075138,0.7482651570489408,0.23367852261626082,0.6998245760548599,0.6998245760548599
branch_linear_resample_M32_S64_k1_r53_lr3e-05_seed3416,direct,branch,3416,3e-05,accepted,8,0,214.52671093400568,55844228,7646.0,,32,64,1,53,1696,0.20703125,linear_resample,,,,linear_resample_M32_S64_k1_r53,0.668903803131991,0.6689497716894977,0.6689189189189189,0.668918918918919,"[[98, 50], [48, 100]]","[148, 148]",0.9324178618684056,0.7006482834185537,0.26285539630720245,0.6513545347467609,0.6532091097308488,0.652027027027027,0.652027027027027,"[[103, 45], [58, 90]]","[148, 148]",1.1492943787468952,0.6917001460920379,0.28227460370562996,0.7059166124224879,0.7065431251429879,0.7060810810810811,0.706081081081081,"[[108, 40], [47, 101]]","[148, 148]",0.6758155158203725,0.7575785244704165,0.20770928093282298,0.660129168939376,0.660129168939376
branch_linear_resample_M32_S64_k1_r53_lr3e-05_seed3417,direct,branch,3417,3e-05,accepted,8,0,138.43239785401965,55844228,7646.0,,32,64,1,53,1696,0.20703125,linear_resample,,,,linear_resample_M32_S64_k1_r53,0.6384763774584223,0.6385704498744005,0.6385135135135136,0.6385135135135135,"[[96, 52], [55, 93]]","[148, 148]",1.0895626288614289,0.6638056975894813,0.29553710871228117,0.641875542163174,0.6419178082191781,0.6418918918918919,0.6418918918918919,"[[94, 54], [52, 96]]","[148, 148]",1.7279395690703845,0.6468681519357194,0.3252650593357487,0.6384763774584223,0.6385704498744005,0.6385135135135136,0.6385135135135135,"[[93, 55], [52, 96]]","[148, 148]",0.803161644318559,0.6963568298027757,0.24084937779383492,0.6401759598107981,0.6401759598107981
branch_linear_resample_M32_S64_k1_r53_lr3e-05_seed3418,direct,branch,3418,3e-05,accepted,8,0,205.0038607819879,55844228,7646.0,,32,64,1,53,1696,0.20703125,linear_resample,,,,linear_resample_M32_S64_k1_r53,0.6587798892883638,0.6587910331918002,0.6587837837837838,0.6587837837837838,"[[98, 50], [51, 97]]","[148, 148]",1.1893489453349242,0.6984112490869248,0.27750285694601773,0.641875542163174,0.6419178082191781,0.6418918918918919,0.6418918918918919,"[[96, 52], [54, 94]]","[148, 148]",1.3959063887945375,0.6615686632578526,0.30768892077363064,0.6855200776832124,0.6865004811437474,0.6858108108108107,0.6858108108108109,"[[106, 42], [51, 97]]","[148, 148]",0.7716415718429044,0.7324689554419285,0.22256635090433152,0.650327715725769,0.650327715725769
branch_linear_resample_M32_S64_k1_r53_lr6e-05_seed3416,direct,branch,3416,6e-05,accepted,8,0,139.79459717101417,55844228,7646.0,,32,64,1,53,1696,0.20703125,linear_resample,,,,linear_resample_M32_S64_k1_r53,0.668903803131991,0.6689497716894977,0.6689189189189189,0.668918918918919,"[[98, 50], [48, 100]]","[148, 148]",0.9324178618684056,0.7006482834185537,0.26285539630720245,0.6513545347467609,0.6532091097308488,0.652027027027027,0.652027027027027,"[[103, 45], [58, 90]]","[148, 148]",1.1492943787468952,0.6917001460920379,0.28227460370562996,0.7059166124224879,0.7065431251429879,0.7060810810810811,0.706081081081081,"[[108, 40], [47, 101]]","[148, 148]",0.6758155158203725,0.7575785244704165,0.20770928093282298,0.660129168939376,0.660129168939376
branch_linear_resample_M32_S64_k1_r53_lr6e-05_seed3417,direct,branch,3417,6e-05,accepted,8,0,209.49860116600757,55844228,7646.0,,32,64,1,53,1696,0.20703125,linear_resample,,,,linear_resample_M32_S64_k1_r53,0.6384763774584223,0.6385704498744005,0.6385135135135136,0.6385135135135135,"[[96, 52], [55, 93]]","[148, 148]",1.0895626288614289,0.6638056975894813,0.29553710871228117,0.641875542163174,0.6419178082191781,0.6418918918918919,0.6418918918918919,"[[94, 54], [52, 96]]","[148, 148]",1.7279395690703845,0.6468681519357194,0.3252650593357487,0.6384763774584223,0.6385704498744005,0.6385135135135136,0.6385135135135135,"[[93, 55], [52, 96]]","[148, 148]",0.803161644318559,0.6963568298027757,0.24084937779383492,0.6401759598107981,0.6401759598107981
branch_linear_resample_M32_S64_k1_r53_lr6e-05_seed3418,direct,branch,3418,6e-05,accepted,8,0,136.44738224099274,55844228,7646.0,,32,64,1,53,1696,0.20703125,linear_resample,,,,linear_resample_M32_S64_k1_r53,0.6587798892883638,0.6587910331918002,0.6587837837837838,0.6587837837837838,"[[98, 50], [51, 97]]","[148, 148]",1.1893489453349242,0.6984112490869248,0.27750285694601773,0.641875542163174,0.6419178082191781,0.6418918918918919,0.6418918918918919,"[[96, 52], [54, 94]]","[148, 148]",1.3959063887945375,0.6615686632578526,0.30768892077363064,0.6855200776832124,0.6865004811437474,0.6858108108108107,0.6858108108108109,"[[106, 42], [51, 97]]","[148, 148]",0.7716415718429044,0.7324689554419285,0.22256635090433152,0.650327715725769,0.650327715725769
branch_linear_resample_M32_S64_k1_r54_lr3e-05_seed3416,direct,branch,3416,3e-05,accepted,8,0,137.66662221300066,56282500,7682.0,,32,64,1,54,1728,0.2109375,linear_resample,,,,linear_resample_M32_S64_k1_r54,0.668903803131991,0.6689497716894977,0.6689189189189189,0.668918918918919,"[[98, 50], [48, 100]]","[148, 148]",0.9324178618684056,0.7006482834185537,0.26285539630720245,0.6513545347467609,0.6532091097308488,0.652027027027027,0.652027027027027,"[[103, 45], [58, 90]]","[148, 148]",1.1492943787468952,0.6917001460920379,0.28227460370562996,0.7059166124224879,0.7065431251429879,0.7060810810810811,0.706081081081081,"[[108, 40], [47, 101]]","[148, 148]",0.6758155158203725,0.7575785244704165,0.20770928093282298,0.660129168939376,0.660129168939376
branch_linear_resample_M32_S64_k1_r54_lr3e-05_seed3417,direct,branch,3417,3e-05,accepted,14,8,357.8368212770147,56282500,7682.0,,32,64,1,54,1728,0.2109375,linear_resample,,,,linear_resample_M32_S64_k1_r54,0.6317525537864521,0.6317627722229832,0.6317567567567568,0.6317567567567568,"[[94, 54], [55, 93]]","[148, 148]",1.501559811227015,0.6685993425858291,0.3138987832812403,0.6519277094678677,0.6522007404360346,0.652027027027027,0.652027027027027,"[[94, 54], [49, 99]]","[148, 148]",2.0830506690404644,0.6588294375456537,0.3194927347962066,0.6317189265697947,0.6318109157341859,0.6317567567567568,0.6317567567567568,"[[95, 53], [56, 92]]","[148, 148]",0.9797217025443035,0.7003287070854638,0.2435399999310021,0.6418401316271599,0.6418401316271599
branch_linear_resample_M32_S64_k1_r54_lr3e-05_seed3418,direct,branch,3418,3e-05,accepted,12,9,201.93217082999763,56282500,7682.0,,32,64,1,54,1728,0.2109375,linear_resample,,,,linear_resample_M32_S64_k1_r54,0.6554054054054054,0.6554054054054054,0.6554054054054054,0.6554054054054054,"[[97, 51], [51, 97]]","[148, 148]",1.5839221180578769,0.6965850986121256,0.2976527689685625,0.6482471776589424,0.6493303980920933,0.6486486486486487,0.6486486486486487,"[[91, 57], [47, 101]]","[148, 148]",1.7580357851213586,0.6889380934989043,0.3031128465174357,0.7025804978305549,0.7030364002194989,0.7027027027027027,0.7027027027027027,"[[101, 47], [41, 107]]","[148, 148]",0.9607096935855274,0.7385409057706356,0.22663108639065005,0.6518262915321739,0.6518262915321739
branch_linear_resample_M32_S64_k1_r54_lr6e-05_seed3416,direct,branch,3416,6e-05,accepted,8,0,140.67952299001627,56282500,7682.0,,32,64,1,54,1728,0.2109375,linear_resample,,,,linear_resample_M32_S64_k1_r54,0.668903803131991,0.6689497716894977,0.6689189189189189,0.668918918918919,"[[98, 50], [48, 100]]","[148, 148]",0.9324178618684056,0.7006482834185537,0.26285539630720245,0.6513545347467609,0.6532091097308488,0.652027027027027,0.652027027027027,"[[103, 45], [58, 90]]","[148, 148]",1.1492943787468952,0.6917001460920379,0.28227460370562996,0.7059166124224879,0.7065431251429879,0.7060810810810811,0.706081081081081,"[[108, 40], [47, 101]]","[148, 148]",0.6758155158203725,0.7575785244704165,0.20770928093282298,0.660129168939376,0.660129168939376
branch_linear_resample_M32_S64_k1_r54_lr6e-05_seed3417,direct,branch,3417,6e-05,accepted,8,0,223.14091461800854,56282500,7682.0,,32,64,1,54,1728,0.2109375,linear_resample,,,,linear_resample_M32_S64_k1_r54,0.6384763774584223,0.6385704498744005,0.6385135135135136,0.6385135135135135,"[[96, 52], [55, 93]]","[148, 148]",1.0895626288614289,0.6638056975894813,0.29553710871228117,0.641875542163174,0.6419178082191781,0.6418918918918919,0.6418918918918919,"[[94, 54], [52, 96]]","[148, 148]",1.7279395690703845,0.6468681519357194,0.3252650593357487,0.6384763774584223,0.6385704498744005,0.6385135135135136,0.6385135135135135,"[[93, 55], [52, 96]]","[148, 148]",0.803161644318559,0.6963568298027757,0.24084937779383492,0.6401759598107981,0.6401759598107981
branch_linear_resample_M32_S64_k1_r54_lr6e-05_seed3418,direct,branch,3418,6e-05,accepted,10,4,170.4717303159996,56282500,7682.0,,32,64,1,54,1728,0.2109375,linear_resample,,,,linear_resample_M32_S64_k1_r54,0.6722935570393198,0.6723051636762087,0.6722972972972974,0.6722972972972973,"[[100, 48], [49, 99]]","[148, 148]",1.34350497572159,0.7139335281227174,0.28008436704448597,0.6553424657534247,0.6555190058479532,0.6554054054054055,0.6554054054054054,"[[99, 49], [53, 95]]","[148, 148]",1.2832084179740588,0.679099707815924,0.29149868293787856,0.7330806898992089,0.7332039278374058,0.7331081081081081,0.7331081081081081,"[[110, 38], [41, 107]]","[148, 148]",0.7908552288334716,0.7490869247626005,0.22153622533235426,0.6638180113963723,0.6638180113963723
branch_radon_M32_S64_k1_r54_lr3e-05_seed3416,direct,branch,3416,3e-05,accepted,13,7,361.0430384920037,56282500,7856.0,,32,64,1,54,1728,0.2109375,radon,,,,radon_M32_S64_k1_r54,0.7053243469007107,0.7082199363439273,0.7060810810810811,0.706081081081081,"[[112, 36], [51, 97]]","[148, 148]",1.1316433980218763,0.7631939371804236,0.24157075186616978,0.655920908766559,0.664250295159386,0.6587837837837838,0.6587837837837838,"[[111, 37], [64, 84]]","[148, 148]",1.4957571537156644,0.724936084733382,0.28242505660411366,0.6845109162798694,0.688924476628139,0.6858108108108107,0.6858108108108109,"[[111, 37], [56, 92]]","[148, 148]",1.0327968572813595,0.7579894083272462,0.23770335134535142,0.6806226278336348,0.6806226278336348
branch_radon_M32_S64_k1_r54_lr3e-05_seed3417,direct,branch,3417,3e-05,accepted,22,16,399.27297832799377,56282500,7856.0,,32,64,1,54,1728,0.2109375,radon,,,,radon_M32_S64_k1_r54,0.7023629964806435,0.7036323610346725,0.7027027027027027,0.7027027027027027,"[[99, 49], [39, 109]]","[148, 148]",1.5985147956957269,0.7215805332359386,0.26486934620577857,0.6722935570393198,0.6723051636762087,0.6722972972972974,0.6722972972972973,"[[99, 49], [48, 100]]","[148, 148]",2.020152573905272,0.689463111760409,0.29606817909548877,0.6823744292237444,0.6825657894736843,0.6824324324324325,0.6824324324324325,"[[99, 49], [45, 103]]","[148, 148]",1.4035811456465304,0.7225164353542732,0.25281146375052954,0.6873282767599816,0.6873282767599816
branch_radon_M32_S64_k1_r54_lr3e-05_seed3418,direct,branch,3418,3e-05,accepted,14,8,400.35745003199554,56282500,7856.0,,32,64,1,54,1728,0.2109375,radon,,,,radon_M32_S64_k1_r54,0.6749485243651339,0.6772618389533813,0.6756756756756757,0.6756756756756757,"[[107, 41], [55, 93]]","[148, 148]",1.4660559584267536,0.7384495982468956,0.27483064489709297,0.6853763072175553,0.6868429509250333,0.6858108108108109,0.6858108108108109,"[[107, 41], [52, 96]]","[148, 148]",1.5027841953808132,0.7306428049671293,0.26785607289910196,0.6990460958473753,0.7000641524996563,0.6993243243243243,0.6993243243243243,"[[108, 40], [49, 99]]","[148, 148]",1.2518898992940863,0.7384495982468956,0.25185399935154856,0.6801624157913446,0.6801624157913446
branch_radon_M32_S64_k1_r54_lr6e-05_seed3416,direct,branch,3416,6e-05,accepted,30,24,537.7915522470139,56282500,7856.0,,32,64,1,54,1728,0.2109375,radon,,,,radon_M32_S64_k1_r54,0.7160087719298246,0.7168498168498169,0.7162162162162162,0.7162162162162162,"[[110, 38], [46, 102]]","[148, 148]",1.2662133682512802,0.7659788166544923,0.24228216235178124,0.7128345602921874,0.7128475551294343,0.7128378378378378,0.7128378378378378,"[[105, 43], [42, 106]]","[148, 148]",1.5612324957332973,0.7488358290723155,0.2572427390094741,0.7059971914922766,0.7063165592577357,0.7060810810810811,0.706081081081081,"[[107, 41], [46, 102]]","[148, 148]",1.2175133143901422,0.7653396639883127,0.23789491809263935,0.714421666111006,0.714421666111006
branch_radon_M32_S64_k1_r54_lr6e-05_seed3417,direct,branch,3417,6e-05,accepted,13,7,399.8172838150058,56282500,7856.0,,32,64,1,54,1728,0.2109375,radon,,,,radon_M32_S64_k1_r54,0.7060777264167095,0.70609048988723,0.7060810810810811,0.706081081081081,"[[104, 44], [43, 105]]","[148, 148]",1.209744703164039,0.735299488677867,0.2520170426188245,0.6579052762870319,0.6604317542322062,0.6587837837837838,0.6587837837837838,"[[90, 58], [43, 105]]","[148, 148]",1.5584796976937276,0.70808984660336,0.28924337107083165,0.6721139241951877,0.6726835964310227,0.6722972972972974,0.6722972972972973,"[[96, 52], [45, 103]]","[148, 148]",1.142511026422321,0.7324689554419284,0.24991326444262335,0.6819915013518707,0.6819915013518707
branch_radon_M32_S64_k1_r54_lr6e-05_seed3418,direct,branch,3418,6e-05,accepted,10,5,188.41593595599988,56282500,7856.0,,32,64,1,54,1728,0.2109375,radon,,,,radon_M32_S64_k1_r54,0.6685406097170803,0.6696936341955604,0.6689189189189189,0.668918918918919,"[[104, 44], [54, 94]]","[148, 148]",1.309778275963837,0.7073137326515705,0.2769998384199599,0.6519277094678677,0.6522007404360346,0.652027027027027,0.652027027027027,"[[94, 54], [49, 99]]","[148, 148]",1.186128021396483,0.7153031409788166,0.27948864898510845,0.6756164383561645,0.6758040935672515,0.6756756756756757,0.6756756756756757,"[[102, 46], [50, 98]]","[148, 148]",1.064607909209343,0.7177684441197953,0.25892157171746083,0.660234159592474,0.660234159592474
branch_linear_resample_M32_S64_k5_r16_lr3e-05_seed3416,direct,branch,3416,3e-05,accepted,8,0,206.16012162601692,49581444,7456.0,,32,64,5,16,512,0.0625,linear_resample,,,,linear_resample_M32_S64_k5_r16,0.668903803131991,0.6689497716894977,0.6689189189189189,0.668918918918919,"[[98, 50], [48, 100]]","[148, 148]",0.9324178618684056,0.7006482834185537,0.26285539630720245,0.6513545347467609,0.6532091097308488,0.652027027027027,0.652027027027027,"[[103, 45], [58, 90]]","[148, 148]",1.1492943787468952,0.6917001460920379,0.28227460370562996,0.7059166124224879,0.7065431251429879,0.7060810810810811,0.706081081081081,"[[108, 40], [47, 101]]","[148, 148]",0.6758155158203725,0.7575785244704165,0.20770928093282298,0.660129168939376,0.660129168939376
branch_linear_resample_M32_S64_k5_r16_lr3e-05_seed3417,direct,branch,3417,3e-05,accepted,8,0,134.6166758799809,49581444,7456.0,,32,64,5,16,512,0.0625,linear_resample,,,,linear_resample_M32_S64_k5_r16,0.6384763774584223,0.6385704498744005,0.6385135135135136,0.6385135135135135,"[[96, 52], [55, 93]]","[148, 148]",1.0895626288614289,0.6638056975894813,0.29553710871228117,0.641875542163174,0.6419178082191781,0.6418918918918919,0.6418918918918919,"[[94, 54], [52, 96]]","[148, 148]",1.7279395690703845,0.6468681519357194,0.3252650593357487,0.6384763774584223,0.6385704498744005,0.6385135135135136,0.6385135135135135,"[[93, 55], [52, 96]]","[148, 148]",0.803161644318559,0.6963568298027757,0.24084937779383492,0.6401759598107981,0.6401759598107981
branch_linear_resample_M32_S64_k5_r16_lr3e-05_seed3418,direct,branch,3418,3e-05,accepted,8,0,137.65386861399747,49581444,7456.0,,32,64,5,16,512,0.0625,linear_resample,,,,linear_resample_M32_S64_k5_r16,0.6587798892883638,0.6587910331918002,0.6587837837837838,0.6587837837837838,"[[98, 50], [51, 97]]","[148, 148]",1.1893489453349242,0.6984112490869248,0.27750285694601773,0.641875542163174,0.6419178082191781,0.6418918918918919,0.6418918918918919,"[[96, 52], [54, 94]]","[148, 148]",1.3959063887945375,0.6615686632578526,0.30768892077363064,0.6855200776832124,0.6865004811437474,0.6858108108108107,0.6858108108108109,"[[106, 42], [51, 97]]","[148, 148]",0.7716415718429044,0.7324689554419285,0.22256635090433152,0.650327715725769,0.650327715725769
branch_linear_resample_M32_S64_k5_r16_lr6e-05_seed3416,direct,branch,3416,6e-05,accepted,8,0,227.01695508899866,49581444,7456.0,,32,64,5,16,512,0.0625,linear_resample,,,,linear_resample_M32_S64_k5_r16,0.668903803131991,0.6689497716894977,0.6689189189189189,0.668918918918919,"[[98, 50], [48, 100]]","[148, 148]",0.9324178618684056,0.7006482834185537,0.26285539630720245,0.6513545347467609,0.6532091097308488,0.652027027027027,0.652027027027027,"[[103, 45], [58, 90]]","[148, 148]",1.1492943787468952,0.6917001460920379,0.28227460370562996,0.7059166124224879,0.7065431251429879,0.7060810810810811,0.706081081081081,"[[108, 40], [47, 101]]","[148, 148]",0.6758155158203725,0.7575785244704165,0.20770928093282298,0.660129168939376,0.660129168939376
branch_linear_resample_M32_S64_k5_r16_lr6e-05_seed3417,direct,branch,3417,6e-05,accepted,8,0,137.38976525102044,49581444,7456.0,,32,64,5,16,512,0.0625,linear_resample,,,,linear_resample_M32_S64_k5_r16,0.6384763774584223,0.6385704498744005,0.6385135135135136,0.6385135135135135,"[[96, 52], [55, 93]]","[148, 148]",1.0895626288614289,0.6638056975894813,0.29553710871228117,0.641875542163174,0.6419178082191781,0.6418918918918919,0.6418918918918919,"[[94, 54], [52, 96]]","[148, 148]",1.7279395690703845,0.6468681519357194,0.3252650593357487,0.6384763774584223,0.6385704498744005,0.6385135135135136,0.6385135135135135,"[[93, 55], [52, 96]]","[148, 148]",0.803161644318559,0.6963568298027757,0.24084937779383492,0.6401759598107981,0.6401759598107981
branch_linear_resample_M32_S64_k5_r16_lr6e-05_seed3418,direct,branch,3418,6e-05,accepted,8,0,135.24612602900015,49581444,7456.0,,32,64,5,16,512,0.0625,linear_resample,,,,linear_resample_M32_S64_k5_r16,0.6587798892883638,0.6587910331918002,0.6587837837837838,0.6587837837837838,"[[98, 50], [51, 97]]","[148, 148]",1.1893489453349242,0.6984112490869248,0.27750285694601773,0.641875542163174,0.6419178082191781,0.6418918918918919,0.6418918918918919,"[[96, 52], [54, 94]]","[148, 148]",1.3959063887945375,0.6615686632578526,0.30768892077363064,0.6855200776832124,0.6865004811437474,0.6858108108108107,0.6858108108108109,"[[106, 42], [51, 97]]","[148, 148]",0.7716415718429044,0.7324689554419285,0.22256635090433152,0.650327715725769,0.650327715725769
branch_radon_M32_S64_k5_r16_lr3e-05_seed3416,direct,branch,3416,3e-05,accepted,14,8,380.81726263000746,49581444,7456.0,,32,64,5,16,512,0.0625,radon,,,,radon_M32_S64_k5_r16,0.7193351230936198,0.7204096595335197,0.7195945945945945,0.7195945945945946,"[[111, 37], [46, 102]]","[148, 148]",1.2804511924427726,0.7505021913805697,0.2555525636808403,0.6451690242148166,0.6454362630833219,0.6452702702702703,0.6452702702702703,"[[98, 50], [55, 93]]","[148, 148]",1.8703939307235868,0.6860390796201608,0.3092449973575214,0.6587798892883638,0.6587910331918002,0.6587837837837838,0.6587837837837838,"[[98, 50], [51, 97]]","[148, 148]",1.0759471614371914,0.7409605551497442,0.23755040620463252,0.6822520736542181,0.6822520736542181
branch_radon_M32_S64_k5_r16_lr3e-05_seed3417,direct,branch,3417,3e-05,accepted,12,6,212.88267426998937,49581444,7456.0,,32,64,5,16,512,0.0625,radon,,,,radon_M32_S64_k5_r16,0.6754385964912281,0.6761904761904762,0.6756756756756757,0.6756756756756757,"[[104, 44], [52, 96]]","[148, 148]",1.205167476190486,0.714755295836377,0.26954749877474293,0.6265351714877707,0.6395618743652982,0.6317567567567568,0.6317567567567568,"[[76, 72], [37, 111]]","[148, 148]",1.5941722757081684,0.6801953981008035,0.3077547864111743,0.6470372408732343,0.6514136904761905,0.6486486486486487,0.6486486486486487,"[[86, 62], [42, 106]]","[148, 148]",0.9278421559851556,0.7238860482103725,0.2385867167772466,0.6509868839894994,0.6509868839894994
branch_radon_M32_S64_k5_r16_lr3e-05_seed3418,direct,branch,3418,3e-05,accepted,14,12,239.32789521300583,49581444,7456.0,,32,64,5,16,512,0.0625,radon,,,,radon_M32_S64_k5_r16,0.6756608683741954,0.6757077625570777,0.6756756756756757,0.6756756756756757,"[[101, 47], [49, 99]]","[148, 148]",1.5310734269171957,0.7348886048210372,0.2740965138129168,0.6652310504369681,0.666154974109884,0.6655405405405406,0.6655405405405406,"[[103, 45], [54, 94]]","[148, 148]",1.8483158047720822,0.7059441197954711,0.29888839216013374,0.6790503909147977,0.679062228918413,0.6790540540540541,0.6790540540540541,"[[100, 48], [47, 101]]","[148, 148]",1.1929058930119858,0.7377191380569759,0.24396309803233618,0.6704459594055817,0.6704459594055817
branch_radon_M32_S64_k5_r16_lr6e-05_seed3416,direct,branch,3416,6e-05,accepted,15,9,397.6481704140024,49581444,7456.0,,32,64,5,16,512,0.0625,radon,,,,radon_M32_S64_k5_r16,0.7059971914922766,0.7063165592577357,0.7060810810810811,0.706081081081081,"[[107, 41], [46, 102]]","[148, 148]",1.1492142838390529,0.7603177501826152,0.24400473767846048,0.702485380116959,0.7032967032967032,0.7027027027027026,0.7027027027027027,"[[108, 40], [48, 100]]","[148, 148]",1.451491789357292,0.7523968224981739,0.256211049570432,0.7124407108977655,0.71402010742322,0.7128378378378378,0.7128378378378378,"[[111, 37], [48, 100]]","[148, 148]",1.0371545158068687,0.7696767713659606,0.23031342855128487,0.7042412858046179,0.7042412858046179
branch_radon_M32_S64_k5_r16_lr6e-05_seed3417,direct,branch,3417,6e-05,accepted,23,20,396.55904045698117,49581444,7456.0,,32,64,5,16,512,0.0625,radon,,,,radon_M32_S64_k5_r16,0.6534912546481201,0.6589169000933707,0.6554054054054054,0.6554054054054054,"[[86, 62], [40, 108]]","[148, 148]",1.5783716465837943,0.7100986121256392,0.29893686523414253,0.6856349994861077,0.6862274079158087,0.6858108108108107,0.6858108108108109,"[[98, 50], [43, 105]]","[148, 148]",1.9004147978552077,0.7148237764791818,0.2774102196454688,0.6817204301075268,0.6840796019900497,0.6824324324324325,0.6824324324324325,"[[94, 54], [40, 108]]","[148, 148]",1.4527145143888258,0.7185445580715852,0.26857530025008114,0.6695631270671139,0.6695631270671139
branch_radon_M32_S64_k5_r16_lr6e-05_seed3418,direct,branch,3418,6e-05,accepted,11,5,300.3824490660045,49581444,7456.0,,32,64,5,16,512,0.0625,radon,,,,radon_M32_S64_k5_r16,0.6874627002708533,0.6934640522875817,0.6891891891891893,0.6891891891891891,"[[113, 35], [57, 91]]","[148, 148]",1.3613122827354083,0.7105094959824689,0.2747076394454036,0.6845109162798694,0.688924476628139,0.6858108108108107,0.6858108108108109,"[[92, 56], [37, 111]]","[148, 148]",1.230673241178931,0.7347972972972974,0.27250451856196056,0.6824324324324325,0.6824324324324325,0.6824324324324325,0.6824324324324325,"[[101, 47], [47, 101]]","[148, 148]",1.0208864013159,0.7306428049671292,0.24463107695866007,0.6859868082753613,0.6859868082753613
branch_linear_resample_M32_S64_k5_r25_lr3e-05_seed3416,direct,branch,3416,3e-05,accepted,8,0,139.2336647490156,57138564,7636.0,,32,64,5,25,800,0.09765625,linear_resample,,,,linear_resample_M32_S64_k5_r25,0.668903803131991,0.6689497716894977,0.6689189189189189,0.668918918918919,"[[98, 50], [48, 100]]","[148, 148]",0.9324178618684056,0.7006482834185537,0.26285539630720245,0.6513545347467609,0.6532091097308488,0.652027027027027,0.652027027027027,"[[103, 45], [58, 90]]","[148, 148]",1.1492943787468952,0.6917001460920379,0.28227460370562996,0.7059166124224879,0.7065431251429879,0.7060810810810811,0.706081081081081,"[[108, 40], [47, 101]]","[148, 148]",0.6758155158203725,0.7575785244704165,0.20770928093282298,0.660129168939376,0.660129168939376
branch_linear_resample_M32_S64_k5_r25_lr3e-05_seed3417,direct,branch,3417,3e-05,accepted,8,0,215.34808103198884,57138564,7636.0,,32,64,5,25,800,0.09765625,linear_resample,,,,linear_resample_M32_S64_k5_r25,0.6384763774584223,0.6385704498744005,0.6385135135135136,0.6385135135135135,"[[96, 52], [55, 93]]","[148, 148]",1.0895626288614289,0.6638056975894813,0.29553710871228117,0.641875542163174,0.6419178082191781,0.6418918918918919,0.6418918918918919,"[[94, 54], [52, 96]]","[148, 148]",1.7279395690703845,0.6468681519357194,0.3252650593357487,0.6384763774584223,0.6385704498744005,0.6385135135135136,0.6385135135135135,"[[93, 55], [52, 96]]","[148, 148]",0.803161644318559,0.6963568298027757,0.24084937779383492,0.6401759598107981,0.6401759598107981
branch_linear_resample_M32_S64_k5_r25_lr3e-05_seed3418,direct,branch,3418,3e-05,accepted,12,6,206.1834717130114,57138564,7636.0,,32,64,5,25,800,0.09765625,linear_resample,,,,linear_resample_M32_S64_k5_r25,0.6874627002708533,0.6934640522875817,0.6891891891891893,0.6891891891891891,"[[113, 35], [57, 91]]","[148, 148]",1.5276618672173834,0.7178597516435354,0.28049380469558133,0.6570576426727845,0.662046312258305,0.6587837837837838,0.6587837837837838,"[[108, 40], [61, 87]]","[148, 148]",1.7820194811762817,0.6888011322132943,0.2848431737391699,0.7282284350181334,0.734920634920635,0.7297297297297297,0.7297297297297297,"[[119, 29], [51, 97]]","[148, 148]",0.9196695550172338,0.7638787436084733,0.213699771415268,0.6722601714718189,0.6722601714718189
branch_linear_resample_M32_S64_k5_r25_lr6e-05_seed3416,direct,branch,3416,6e-05,accepted,12,6,314.5311202679877,57138564,7636.0,,32,64,5,25,800,0.09765625,linear_resample,,,,linear_resample_M32_S64_k5_r25,0.6824179336163996,0.6824657534246575,0.6824324324324325,0.6824324324324325,"[[100, 48], [46, 102]]","[148, 148]",1.2050130275990905,0.7420562454346239,0.2633364168833404,0.6466969655235735,0.6520074696545285,0.6486486486486487,0.6486486486486487,"[[107, 41], [63, 85]]","[148, 148]",1.4341795831277928,0.6954437545653762,0.2956762500150862,0.7190526833396229,0.7213020473890039,0.7195945945945945,0.7195945945945946,"[[113, 35], [48, 100]]","[148, 148]",0.8251457539331294,0.7553414901387874,0.21902211425983445,0.6645574495699865,0.6645574495699865
branch_linear_resample_M32_S64_k5_r25_lr6e-05_seed3417,direct,branch,3417,6e-05,accepted,8,0,139.02320765701006,57138564,7636.0,,32,64,5,25,800,0.09765625,linear_resample,,,,linear_resample_M32_S64_k5_r25,0.6384763774584223,0.6385704498744005,0.6385135135135136,0.6385135135135135,"[[96, 52], [55, 93]]","[148, 148]",1.0895626288614289,0.6638056975894813,0.29553710871228117,0.641875542163174,0.6419178082191781,0.6418918918918919,0.6418918918918919,"[[94, 54], [52, 96]]","[148, 148]",1.7279395690703845,0.6468681519357194,0.3252650593357487,0.6384763774584223,0.6385704498744005,0.6385135135135136,0.6385135135135135,"[[93, 55], [52, 96]]","[148, 148]",0.803161644318559,0.6963568298027757,0.24084937779383492,0.6401759598107981,0.6401759598107981
branch_linear_resample_M32_S64_k5_r25_lr6e-05_seed3418,direct,branch,3418,6e-05,accepted,8,0,139.25003834199742,57138564,7636.0,,32,64,5,25,800,0.09765625,linear_resample,,,,linear_resample_M32_S64_k5_r25,0.6587798892883638,0.6587910331918002,0.6587837837837838,0.6587837837837838,"[[98, 50], [51, 97]]","[148, 148]",1.1893489453349242,0.6984112490869248,0.27750285694601773,0.641875542163174,0.6419178082191781,0.6418918918918919,0.6418918918918919,"[[96, 52], [54, 94]]","[148, 148]",1.3959063887945375,0.6615686632578526,0.30768892077363064,0.6855200776832124,0.6865004811437474,0.6858108108108107,0.6858108108108109,"[[106, 42], [51, 97]]","[148, 148]",0.7716415718429044,0.7324689554419285,0.22256635090433152,0.650327715725769,0.650327715725769
branch_radon_M32_S64_k5_r25_lr3e-05_seed3416,direct,branch,3416,3e-05,accepted,23,17,622.6594128709985,57138564,7474.0,,32,64,5,25,800,0.09765625,radon,,,,radon_M32_S64_k5_r25,0.6751417596488019,0.6768382352941176,0.6756756756756757,0.6756756756756757,"[[94, 54], [42, 106]]","[148, 148]",1.5558079431349743,0.7368060628195765,0.27280370227155587,0.6722636319015604,0.6723681205754739,0.6722972972972974,0.6722972972972973,"[[98, 50], [47, 101]]","[148, 148]",1.827064388006355,0.7142074506939372,0.2975536273116659,0.6857211357331232,0.6860231271995978,0.6858108108108109,0.6858108108108109,"[[99, 49], [44, 104]]","[148, 148]",1.527732092533109,0.7284970781592404,0.27405608694294176,0.673702695775181,0.673702695775181
branch_radon_M32_S64_k5_r25_lr3e-05_seed3417,direct,branch,3417,3e-05,accepted,14,8,245.16636508400552,57138564,7474.0,,32,64,5,25,800,0.09765625,radon,,,,radon_M32_S64_k5_r25,0.6992385062392255,0.699552081905023,0.6993243243243243,0.6993243243243243,"[[106, 42], [47, 101]]","[148, 148]",1.2521946374539643,0.7457085463842219,0.25234529108339687,0.6375828174525981,0.6399511047557545,0.6385135135135135,0.6385135135135135,"[[87, 61], [46, 102]]","[148, 148]",1.684104358258865,0.7110345142439737,0.30380707387517236,0.6581243496060472,0.6600184034966643,0.6587837837837838,0.6587837837837838,"[[91, 57], [44, 104]]","[148, 148]",1.2548342570525863,0.7366234477720965,0.2604272185805652,0.6684106618459118,0.6684106618459118
branch_radon_M32_S64_k5_r25_lr3e-05_seed3418,direct,branch,3418,3e-05,accepted,11,5,195.25620794898714,57138564,7474.0,,32,64,5,25,800,0.09765625,radon,,,,radon_M32_S64_k5_r25,0.7028215336679937,0.7155374110681373,0.7060810810810811,0.706081081081081,"[[120, 28], [59, 89]]","[148, 148]",1.334047893037217,0.7585372534696859,0.24709832898946357,0.702485380116959,0.7032967032967032,0.7027027027027026,0.7027027027027027,"[[108, 40], [48, 100]]","[148, 148]",1.4160304359440439,0.7303688823959095,0.2620119360295652,0.7048650507134262,0.709534419533027,0.7060810810810811,0.706081081081081,"[[114, 34], [53, 95]]","[148, 148]",1.171210446866181,0.7557980277574872,0.23464378950994497,0.7026534568924764,0.7026534568924764
branch_radon_M32_S64_k5_r25_lr6e-05_seed3416,direct,branch,3416,6e-05,accepted,21,15,372.18858506699326,57138564,7474.0,,32,64,5,25,800,0.09765625,radon,,,,radon_M32_S64_k5_r25,0.7060777264167095,0.70609048988723,0.7060810810810811,0.706081081081081,"[[105, 43], [44, 104]]","[148, 148]",1.3027383656139304,0.756117604090577,0.25246479638742036,0.7020361473347061,0.7045328911000552,0.7027027027027026,0.7027027027027027,"[[111, 37], [51, 97]]","[148, 148]",1.5787819879989433,0.7453204894083272,0.2652547568278443,0.6958209636903403,0.6962685202121821,0.6959459459459459,0.6959459459459459,"[[106, 42], [48, 100]]","[148, 148]",1.2778664649881784,0.754337107377648,0.24876001987166999,0.7040569368757078,0.7040569368757078
branch_radon_M32_S64_k5_r25_lr6e-05_seed3417,direct,branch,3417,6e-05,accepted,31,25,539.2066141290125,57138564,7474.0,,32,64,5,25,800,0.09765625,radon,,,,radon_M32_S64_k5_r25,0.7126771500679481,0.713315030885381,0.7128378378378378,0.7128378378378378,"[[109, 39], [46, 102]]","[148, 148]",1.5144670323981229,0.7453889700511322,0.2536462917873399,0.7093400319707696,0.7098042802268154,0.7094594594594594,0.7094594594594594,"[[108, 40], [46, 102]]","[148, 148]",1.696629341978522,0.7350483929875822,0.2600140582163891,0.6957236842105263,0.6965201465201465,0.695945945945946,0.6959459459459459,"[[107, 41], [49, 99]]","[148, 148]",1.4469945125226822,0.7465303140978817,0.24666364288533316,0.7110085910193589,0.7110085910193589
branch_radon_M32_S64_k5_r25_lr6e-05_seed3418,direct,branch,3418,6e-05,accepted,16,10,287.96535162700457,57138564,7474.0,,32,64,5,25,800,0.09765625,radon,,,,radon_M32_S64_k5_r25,0.6925640586657535,0.6925763594028216,0.6925675675675675,0.6925675675675675,"[[102, 46], [45, 103]]","[148, 148]",1.493911039978613,0.725027392257122,0.2750477315512043,0.6942569893954,0.7003734827264239,0.6959459459459459,0.6959459459459459,"[[114, 34], [56, 92]]","[148, 148]",1.6160888400355917,0.7053277940102264,0.28130762105546286,0.6823018954099109,0.6827327601975489,0.6824324324324325,0.6824324324324325,"[[104, 44], [50, 98]]","[148, 148]",1.3885357774744274,0.7195945945945946,0.26717601120442824,0.6934105240305768,0.6934105240305768
branch_linear_resample_M32_S64_k5_r32_lr3e-05_seed3416,direct,branch,3416,3e-05,accepted,8,0,143.8667169290129,65310084,7550.0,,32,64,5,32,1024,0.125,linear_resample,,,,linear_resample_M32_S64_k5_r32,0.668903803131991,0.6689497716894977,0.6689189189189189,0.668918918918919,"[[98, 50], [48, 100]]","[148, 148]",0.9324178618684056,0.7006482834185537,0.26285539630720245,0.6513545347467609,0.6532091097308488,0.652027027027027,0.652027027027027,"[[103, 45], [58, 90]]","[148, 148]",1.1492943787468952,0.6917001460920379,0.28227460370562996,0.7059166124224879,0.7065431251429879,0.7060810810810811,0.706081081081081,"[[108, 40], [47, 101]]","[148, 148]",0.6758155158203725,0.7575785244704165,0.20770928093282298,0.660129168939376,0.660129168939376
branch_linear_resample_M32_S64_k5_r32_lr3e-05_seed3417,direct,branch,3417,3e-05,accepted,8,0,142.43103230500128,65310084,7550.0,,32,64,5,32,1024,0.125,linear_resample,,,,linear_resample_M32_S64_k5_r32,0.6384763774584223,0.6385704498744005,0.6385135135135136,0.6385135135135135,"[[96, 52], [55, 93]]","[148, 148]",1.0895626288614289,0.6638056975894813,0.29553710871228117,0.641875542163174,0.6419178082191781,0.6418918918918919,0.6418918918918919,"[[94, 54], [52, 96]]","[148, 148]",1.7279395690703845,0.6468681519357194,0.3252650593357487,0.6384763774584223,0.6385704498744005,0.6385135135135136,0.6385135135135135,"[[93, 55], [52, 96]]","[148, 148]",0.803161644318559,0.6963568298027757,0.24084937779383492,0.6401759598107981,0.6401759598107981
branch_linear_resample_M32_S64_k5_r32_lr3e-05_seed3418,direct,branch,3418,3e-05,accepted,18,12,307.29180114201154,65310084,7550.0,,32,64,5,32,1024,0.125,linear_resample,,,,linear_resample_M32_S64_k5_r32,0.6921424081376079,0.6936372400495799,0.6925675675675675,0.6925675675675675,"[[108, 40], [51, 97]]","[148, 148]",1.5793876233411919,0.7163531775018261,0.2816386508840084,0.6485042247088376,0.6488933601609659,0.6486486486486487,0.6486486486486487,"[[99, 49], [55, 93]]","[148, 148]",1.8858972088255974,0.6838933528122717,0.308102273775812,0.6957236842105263,0.6965201465201465,0.695945945945946,0.6959459459459459,"[[107, 41], [49, 99]]","[148, 148]",0.9453593597434247,0.7437454346238128,0.22442002745998402,0.6703233164232227,0.6703233164232227
branch_linear_resample_M32_S64_k5_r32_lr6e-05_seed3416,direct,branch,3416,6e-05,accepted,13,7,223.35271356601152,65310084,7550.0,,32,64,5,32,1024,0.125,linear_resample,,,,linear_resample_M32_S64_k5_r32,0.6919734239024781,0.6940648723257419,0.6925675675675675,0.6925675675675675,"[[109, 39], [52, 96]]","[148, 148]",1.1477401674525933,0.7424671292914535,0.256782056365309,0.6635089048882152,0.6696374269005847,0.6655405405405406,0.6655405405405406,"[[110, 38], [61, 87]]","[148, 148]",1.6111919775999106,0.6837792184075968,0.295887394620652,0.6899881455223451,0.6991971664698937,0.6925675675675675,0.6925675675675675,"[[116, 32], [59, 89]]","[148, 148]",0.8994591700780962,0.7451607012417822,0.2241074191401798,0.6777411643953466,0.6777411643953466
branch_linear_resample_M32_S64_k5_r32_lr6e-05_seed3417,direct,branch,3417,6e-05,accepted,18,12,302.41353710199473,65310084,7550.0,,32,64,5,32,1024,0.125,linear_resample,,,,linear_resample_M32_S64_k5_r32,0.6552637588490523,0.6556612401682824,0.6554054054054054,0.6554054054054054,"[[94, 54], [48, 100]]","[148, 148]",1.3738016626197045,0.7072680788897004,0.29606113726763733,0.6553424657534247,0.6555190058479532,0.6554054054054055,0.6554054054054054,"[[99, 49], [53, 95]]","[148, 148]",1.8506130688376494,0.6775018261504748,0.3041914287076533,0.6722935570393198,0.6723051636762087,0.6722972972972974,0.6722972972972973,"[[100, 48], [49, 99]]","[148, 148]",0.954401632769138,0.727036157779401,0.237211702370095,0.6553031123012385,0.6553031123012385
branch_linear_resample_M32_S64_k5_r32_lr6e-05_seed3418,direct,branch,3418,6e-05,accepted,13,7,222.9768784350017,65310084,7550.0,,32,64,5,32,1024,0.125,linear_resample,,,,linear_resample_M32_S64_k5_r32,0.6584680413548867,0.6593731384319296,0.6587837837837838,0.6587837837837838,"[[102, 46], [55, 93]]","[148, 148]",1.3862400258308611,0.7180880204528853,0.28181861429131483,0.6644336803050603,0.6677538746241036,0.6655405405405406,0.6655405405405406,"[[90, 58], [41, 107]]","[148, 148]",1.509867547117127,0.7087746530314099,0.2917715628608136,0.702485380116959,0.7032967032967032,0.7027027027027026,0.7027027027027027,"[[100, 48], [40, 108]]","[148, 148]",0.9451705764112682,0.7452063550036524,0.22654378687318116,0.6614508608299735,0.6614508608299735
branch_radon_M32_S64_k5_r32_lr3e-05_seed3416,direct,branch,3416,3e-05,accepted,12,6,222.76961470302194,65310084,7522.0,,32,64,5,32,1024,0.125,radon,,,,radon_M32_S64_k5_r32,0.6790503909147977,0.679062228918413,0.6790540540540541,0.6790540540540541,"[[100, 48], [47, 101]]","[148, 148]",1.1562456864637405,0.7531501095690284,0.2528444574076658,0.6823744292237444,0.6825657894736843,0.6824324324324325,0.6824324324324325,"[[99, 49], [45, 103]]","[148, 148]",1.342330149495694,0.7293188458729,0.2738061061697729,0.6924798209861744,0.6927876045523105,0.6925675675675675,0.6925675675675675,"[[100, 48], [43, 105]]","[148, 148]",1.1539435037024441,0.747899926953981,0.2561427688533291,0.680712410069271,0.680712410069271
branch_radon_M32_S64_k5_r32_lr3e-05_seed3417,direct,branch,3417,3e-05,accepted,15,9,273.0212037899764,65310084,7522.0,,32,64,5,32,1024,0.125,radon,,,,radon_M32_S64_k5_r32,0.6814970760233918,0.7094198504143926,0.6891891891891893,0.6891891891891891,"[[125, 23], [69, 79]]","[148, 148]",1.6013164877124828,0.7306428049671292,0.26041159259123736,0.6691212906943245,0.6791767554479419,0.6722972972972974,0.6722972972972973,"[[114, 34], [63, 85]]","[148, 148]",1.8389764709918381,0.7038897005113222,0.28076435525359117,0.701913393756294,0.7182890855457227,0.7060810810810811,0.706081081081081,"[[122, 26], [61, 87]]","[148, 148]",1.5982544027153955,0.7164901387874361,0.2602962087852221,0.6753091833588581,0.6753091833588581
branch_radon_M32_S64_k5_r32_lr3e-05_seed3418,direct,branch,3418,3e-05,accepted,11,5,206.6976005739998,65310084,7522.0,,32,64,5,32,1024,0.125,radon,,,,radon_M32_S64_k5_r32,0.708808053077099,0.7113506541367238,0.7094594594594594,0.7094594594594594,"[[112, 36], [50, 98]]","[148, 148]",1.1925536988688072,0.7361669101533966,0.24458119518665034,0.6709414933241649,0.6751845146915472,0.6722972972972974,0.6722972972972973,"[[109, 39], [58, 90]]","[148, 148]",1.362965483384299,0.7098246895544194,0.2760575406487833,0.7020361473347061,0.7045328911000552,0.7027027027027026,0.7027027027027027,"[[111, 37], [51, 97]]","[148, 148]",1.1538781280566814,0.7280405405405405,0.24931385279245807,0.689874773200632,0.689874773200632
branch_radon_M32_S64_k5_r32_lr6e-05_seed3416,direct,branch,3416,6e-05,accepted,29,23,516.4222348949988,65310084,7522.0,,32,64,5,32,1024,0.125,radon,,,,radon_M32_S64_k5_r32,0.7328611412577826,0.7339733308894285,0.7331081081081081,0.7331081081081081,"[[104, 44], [35, 113]]","[148, 148]",1.3928075895997398,0.7656592403214024,0.24302082748546291,0.7161643835616438,0.7163742690058479,0.7162162162162162,0.7162162162162162,"[[108, 40], [44, 104]]","[148, 148]",1.4443378782254195,0.7569850255661066,0.24930345786840885,0.7364383561643836,0.7366593567251463,0.7364864864864865,0.7364864864864865,"[[107, 41], [37, 111]]","[148, 148]",1.3417622591734877,0.7651113951789628,0.24240386541180153,0.7245127624097132,0.7245127624097132
branch_radon_M32_S64_k5_r32_lr6e-05_seed3417,direct,branch,3417,6e-05,accepted,12,6,222.66031026799465,65310084,7522.0,,32,64,5,32,1024,0.125,radon,,,,radon_M32_S64_k5_r32,0.702648401826484,0.7028508771929824,0.7027027027027026,0.7027027027027027,"[[102, 46], [42, 106]]","[148, 148]",1.251127686734241,0.7395452885317749,0.24950946793372333,0.7055130536210505,0.7076834598573729,0.7060810810810811,0.706081081081081,"[[98, 50], [37, 111]]","[148, 148]",1.5238935783573204,0.7304373630387144,0.2596319346688155,0.702485380116959,0.7032967032967032,0.7027027027027026,0.7027027027027027,"[[100, 48], [40, 108]]","[148, 148]",1.251298048359911,0.7399561723886048,0.24555737132850722,0.7040807277237673,0.7040807277237673
branch_radon_M32_S64_k5_r32_lr6e-05_seed3418,direct,branch,3418,6e-05,accepted,12,6,223.9318501459784,65310084,7522.0,,32,64,5,32,1024,0.125,radon,,,,radon_M32_S64_k5_r32,0.6858072247902756,0.6858192941606173,0.6858108108108107,0.6858108108108109,"[[102, 46], [47, 101]]","[148, 148]",1.3167484576436603,0.7359386413440467,0.25747220427399664,0.6723096083767701,0.6832031993905923,0.6756756756756757,0.6756756756756757,"[[85, 63], [33, 115]]","[148, 148]",1.5720707284215927,0.7407779401022645,0.2848250535777183,0.6877637130801688,0.6927083333333333,0.6891891891891893,0.6891891891891891,"[[92, 56], [36, 112]]","[148, 148]",1.2599289204735886,0.7385409057706355,0.25747398892748924,0.6790584165835228,0.6790584165835228
branch_no_communication_lr3e-05_seed3416,direct,branch,3416,3e-05,accepted,8,0,137.76572232299986,44338564,7364.0,True,,,,,,,,none,,,no_communication,0.668903803131991,0.6689497716894977,0.6689189189189189,0.668918918918919,"[[98, 50], [48, 100]]","[148, 148]",0.9324178618684056,0.7006482834185537,0.26285539630720245,0.6513545347467609,0.6532091097308488,0.652027027027027,0.652027027027027,"[[103, 45], [58, 90]]","[148, 148]",1.1492943787468952,0.6917001460920379,0.28227460370562996,0.7059166124224879,0.7065431251429879,0.7060810810810811,0.706081081081081,"[[108, 40], [47, 101]]","[148, 148]",0.6758155158203725,0.7575785244704165,0.20770928093282298,0.660129168939376,0.660129168939376
branch_no_communication_lr3e-05_seed3417,direct,branch,3417,3e-05,accepted,8,0,162.7194547580002,44338564,7364.0,True,,,,,,,,none,,,no_communication,0.6384763774584223,0.6385704498744005,0.6385135135135136,0.6385135135135135,"[[96, 52], [55, 93]]","[148, 148]",1.0895626288614289,0.6638056975894813,0.29553710871228117,0.641875542163174,0.6419178082191781,0.6418918918918919,0.6418918918918919,"[[94, 54], [52, 96]]","[148, 148]",1.7279395690703845,0.6468681519357194,0.3252650593357487,0.6384763774584223,0.6385704498744005,0.6385135135135136,0.6385135135135135,"[[93, 55], [52, 96]]","[148, 148]",0.803161644318559,0.6963568298027757,0.24084937779383492,0.6401759598107981,0.6401759598107981
branch_no_communication_lr3e-05_seed3418,direct,branch,3418,3e-05,accepted,8,4,132.14605678399676,44338564,7364.0,,,,,,,,,none,,,no_communication,0.6646794292318431,0.6672586373910236,0.6655405405405406,0.6655405405405406,"[[91, 57], [42, 106]]","[148, 148]",1.4310272818391836,0.7048484295105917,0.28851960233071844,0.6365152919369788,0.6508152173913043,0.6418918918918919,0.6418918918918919,"[[113, 35], [71, 77]]","[148, 148]",1.8666809567669618,0.6386961285609933,0.32373604237669346,0.7193351230936198,0.7204096595335197,0.7195945945945945,0.7195945945945946,"[[111, 37], [46, 102]]","[148, 148]",0.8529302163220368,0.7371712929145362,0.22269286508975852,0.6505973605844109,0.6505973605844109
branch_no_communication_lr6e-05_seed3416,direct,branch,3416,6e-05,accepted,8,0,227.1089886640002,44338564,7364.0,True,,,,,,,,none,,,no_communication,0.668903803131991,0.6689497716894977,0.6689189189189189,0.668918918918919,"[[98, 50], [48, 100]]","[148, 148]",0.9324178618684056,0.7006482834185537,0.26285539630720245,0.6513545347467609,0.6532091097308488,0.652027027027027,0.652027027027027,"[[103, 45], [58, 90]]","[148, 148]",1.1492943787468952,0.6917001460920379,0.28227460370562996,0.7059166124224879,0.7065431251429879,0.7060810810810811,0.706081081081081,"[[108, 40], [47, 101]]","[148, 148]",0.6758155158203725,0.7575785244704165,0.20770928093282298,0.660129168939376,0.660129168939376
branch_no_communication_lr6e-05_seed3417,direct,branch,3417,6e-05,accepted,8,0,223.44549895199816,44338564,7364.0,True,,,,,,,,none,,,no_communication,0.6384763774584223,0.6385704498744005,0.6385135135135136,0.6385135135135135,"[[96, 52], [55, 93]]","[148, 148]",1.0895626288614289,0.6638056975894813,0.29553710871228117,0.641875542163174,0.6419178082191781,0.6418918918918919,0.6418918918918919,"[[94, 54], [52, 96]]","[148, 148]",1.7279395690703845,0.6468681519357194,0.3252650593357487,0.6384763774584223,0.6385704498744005,0.6385135135135136,0.6385135135135135,"[[93, 55], [52, 96]]","[148, 148]",0.803161644318559,0.6963568298027757,0.24084937779383492,0.6401759598107981,0.6401759598107981
branch_no_communication_lr6e-05_seed3418,direct,branch,3418,6e-05,accepted,8,0,215.39352863499516,44338564,7364.0,True,,,,,,,,none,,,no_communication,0.6587798892883638,0.6587910331918002,0.6587837837837838,0.6587837837837838,"[[98, 50], [51, 97]]","[148, 148]",1.1893489453349242,0.6984112490869248,0.27750285694601773,0.641875542163174,0.6419178082191781,0.6418918918918919,0.6418918918918919,"[[96, 52], [54, 94]]","[148, 148]",1.3959063887945375,0.6615686632578526,0.30768892077363064,0.6855200776832124,0.6865004811437474,0.6858108108108107,0.6858108108108109,"[[106, 42], [51, 97]]","[148, 148]",0.7716415718429044,0.7324689554419285,0.22256635090433152,0.650327715725769,0.650327715725769
branch_mmtm_hidden128_lr3e-05_seed3416,direct,branch,3416,3e-05,accepted,8,0,133.78615310200257,44470276,7494.0,,,,,,,,,mmtm,128,,mmtm_hidden128,0.668903803131991,0.6689497716894977,0.6689189189189189,0.668918918918919,"[[98, 50], [48, 100]]","[148, 148]",0.9324178618684056,0.7006482834185537,0.26285539630720245,0.6513545347467609,0.6532091097308488,0.652027027027027,0.652027027027027,"[[103, 45], [58, 90]]","[148, 148]",1.1492943787468952,0.6917001460920379,0.28227460370562996,0.7059166124224879,0.7065431251429879,0.7060810810810811,0.706081081081081,"[[108, 40], [47, 101]]","[148, 148]",0.6758155158203725,0.7575785244704165,0.20770928093282298,0.660129168939376,0.660129168939376
branch_mmtm_hidden128_lr3e-05_seed3417,direct,branch,3417,3e-05,accepted,8,0,129.44156851698062,44470276,7494.0,,,,,,,,,mmtm,128,,mmtm_hidden128,0.6384763774584223,0.6385704498744005,0.6385135135135136,0.6385135135135135,"[[96, 52], [55, 93]]","[148, 148]",1.0895626288614289,0.6638056975894813,0.29553710871228117,0.641875542163174,0.6419178082191781,0.6418918918918919,0.6418918918918919,"[[94, 54], [52, 96]]","[148, 148]",1.7279395690703845,0.6468681519357194,0.3252650593357487,0.6384763774584223,0.6385704498744005,0.6385135135135136,0.6385135135135135,"[[93, 55], [52, 96]]","[148, 148]",0.803161644318559,0.6963568298027757,0.24084937779383492,0.6401759598107981,0.6401759598107981
branch_mmtm_hidden128_lr3e-05_seed3418,direct,branch,3418,3e-05,accepted,8,0,131.18090071500046,44470276,7494.0,,,,,,,,,mmtm,128,,mmtm_hidden128,0.6587798892883638,0.6587910331918002,0.6587837837837838,0.6587837837837838,"[[98, 50], [51, 97]]","[148, 148]",1.1893489453349242,0.6984112490869248,0.27750285694601773,0.641875542163174,0.6419178082191781,0.6418918918918919,0.6418918918918919,"[[96, 52], [54, 94]]","[148, 148]",1.3959063887945375,0.6615686632578526,0.30768892077363064,0.6855200776832124,0.6865004811437474,0.6858108108108107,0.6858108108108109,"[[106, 42], [51, 97]]","[148, 148]",0.7716415718429044,0.7324689554419285,0.22256635090433152,0.650327715725769,0.650327715725769
branch_mmtm_hidden128_lr6e-05_seed3416,direct,branch,3416,6e-05,accepted,8,0,130.47737306699855,44470276,7494.0,True,,,,,,,,mmtm,128,,mmtm_hidden128,0.668903803131991,0.6689497716894977,0.6689189189189189,0.668918918918919,"[[98, 50], [48, 100]]","[148, 148]",0.9324178618684056,0.7006482834185537,0.26285539630720245,0.6513545347467609,0.6532091097308488,0.652027027027027,0.652027027027027,"[[103, 45], [58, 90]]","[148, 148]",1.1492943787468952,0.6917001460920379,0.28227460370562996,0.7059166124224879,0.7065431251429879,0.7060810810810811,0.706081081081081,"[[108, 40], [47, 101]]","[148, 148]",0.6758155158203725,0.7575785244704165,0.20770928093282298,0.660129168939376,0.660129168939376
branch_mmtm_hidden128_lr6e-05_seed3417,direct,branch,3417,6e-05,accepted,8,0,233.83884603300248,44470276,7494.0,True,,,,,,,,mmtm,128,,mmtm_hidden128,0.6384763774584223,0.6385704498744005,0.6385135135135136,0.6385135135135135,"[[96, 52], [55, 93]]","[148, 148]",1.0895626288614289,0.6638056975894813,0.29553710871228117,0.641875542163174,0.6419178082191781,0.6418918918918919,0.6418918918918919,"[[94, 54], [52, 96]]","[148, 148]",1.7279395690703845,0.6468681519357194,0.3252650593357487,0.6384763774584223,0.6385704498744005,0.6385135135135136,0.6385135135135135,"[[93, 55], [52, 96]]","[148, 148]",0.803161644318559,0.6963568298027757,0.24084937779383492,0.6401759598107981,0.6401759598107981
branch_mmtm_hidden128_lr6e-05_seed3418,direct,branch,3418,6e-05,accepted,8,0,241.7659012649965,44470276,7494.0,True,,,,,,,,mmtm,128,,mmtm_hidden128,0.6587798892883638,0.6587910331918002,0.6587837837837838,0.6587837837837838,"[[98, 50], [51, 97]]","[148, 148]",1.1893489453349242,0.6984112490869248,0.27750285694601773,0.641875542163174,0.6419178082191781,0.6418918918918919,0.6418918918918919,"[[96, 52], [54, 94]]","[148, 148]",1.3959063887945375,0.6615686632578526,0.30768892077363064,0.6855200776832124,0.6865004811437474,0.6858108108108107,0.6858108108108109,"[[106, 42], [51, 97]]","[148, 148]",0.7716415718429044,0.7324689554419285,0.22256635090433152,0.650327715725769,0.650327715725769
branch_mmtm_hidden256_lr3e-05_seed3416,direct,branch,3416,3e-05,accepted,8,0,131.93799554201541,44601476,7496.0,,,,,,,,,mmtm,256,,mmtm_hidden256,0.668903803131991,0.6689497716894977,0.6689189189189189,0.668918918918919,"[[98, 50], [48, 100]]","[148, 148]",0.9324178618684056,0.7006482834185537,0.26285539630720245,0.6513545347467609,0.6532091097308488,0.652027027027027,0.652027027027027,"[[103, 45], [58, 90]]","[148, 148]",1.1492943787468952,0.6917001460920379,0.28227460370562996,0.7059166124224879,0.7065431251429879,0.7060810810810811,0.706081081081081,"[[108, 40], [47, 101]]","[148, 148]",0.6758155158203725,0.7575785244704165,0.20770928093282298,0.660129168939376,0.660129168939376
branch_mmtm_hidden256_lr3e-05_seed3417,direct,branch,3417,3e-05,accepted,8,0,135.17243472801056,44601476,7496.0,,,,,,,,,mmtm,256,,mmtm_hidden256,0.6384763774584223,0.6385704498744005,0.6385135135135136,0.6385135135135135,"[[96, 52], [55, 93]]","[148, 148]",1.0895626288614289,0.6638056975894813,0.29553710871228117,0.641875542163174,0.6419178082191781,0.6418918918918919,0.6418918918918919,"[[94, 54], [52, 96]]","[148, 148]",1.7279395690703845,0.6468681519357194,0.3252650593357487,0.6384763774584223,0.6385704498744005,0.6385135135135136,0.6385135135135135,"[[93, 55], [52, 96]]","[148, 148]",0.803161644318559,0.6963568298027757,0.24084937779383492,0.6401759598107981,0.6401759598107981
branch_mmtm_hidden256_lr3e-05_seed3418,direct,branch,3418,3e-05,accepted,8,0,133.9909973969916,44601476,7496.0,,,,,,,,,mmtm,256,,mmtm_hidden256,0.6587798892883638,0.6587910331918002,0.6587837837837838,0.6587837837837838,"[[98, 50], [51, 97]]","[148, 148]",1.1893489453349242,0.6984112490869248,0.27750285694601773,0.641875542163174,0.6419178082191781,0.6418918918918919,0.6418918918918919,"[[96, 52], [54, 94]]","[148, 148]",1.3959063887945375,0.6615686632578526,0.30768892077363064,0.6855200776832124,0.6865004811437474,0.6858108108108107,0.6858108108108109,"[[106, 42], [51, 97]]","[148, 148]",0.7716415718429044,0.7324689554419285,0.22256635090433152,0.650327715725769,0.650327715725769
branch_mmtm_hidden256_lr6e-05_seed3416,direct,branch,3416,6e-05,accepted,8,0,132.16230006799742,44601476,7496.0,True,,,,,,,,mmtm,256,,mmtm_hidden256,0.668903803131991,0.6689497716894977,0.6689189189189189,0.668918918918919,"[[98, 50], [48, 100]]","[148, 148]",0.9324178618684056,0.7006482834185537,0.26285539630720245,0.6513545347467609,0.6532091097308488,0.652027027027027,0.652027027027027,"[[103, 45], [58, 90]]","[148, 148]",1.1492943787468952,0.6917001460920379,0.28227460370562996,0.7059166124224879,0.7065431251429879,0.7060810810810811,0.706081081081081,"[[108, 40], [47, 101]]","[148, 148]",0.6758155158203725,0.7575785244704165,0.20770928093282298,0.660129168939376,0.660129168939376
branch_mmtm_hidden256_lr6e-05_seed3417,direct,branch,3417,6e-05,accepted,8,0,131.88800518099742,44601476,7496.0,True,,,,,,,,mmtm,256,,mmtm_hidden256,0.6384763774584223,0.6385704498744005,0.6385135135135136,0.6385135135135135,"[[96, 52], [55, 93]]","[148, 148]",1.0895626288614289,0.6638056975894813,0.29553710871228117,0.641875542163174,0.6419178082191781,0.6418918918918919,0.6418918918918919,"[[94, 54], [52, 96]]","[148, 148]",1.7279395690703845,0.6468681519357194,0.3252650593357487,0.6384763774584223,0.6385704498744005,0.6385135135135136,0.6385135135135135,"[[93, 55], [52, 96]]","[148, 148]",0.803161644318559,0.6963568298027757,0.24084937779383492,0.6401759598107981,0.6401759598107981
branch_mmtm_hidden256_lr6e-05_seed3418,direct,branch,3418,6e-05,accepted,8,0,134.26996723101183,44601476,7496.0,True,,,,,,,,mmtm,256,,mmtm_hidden256,0.6587798892883638,0.6587910331918002,0.6587837837837838,0.6587837837837838,"[[98, 50], [51, 97]]","[148, 148]",1.1893489453349242,0.6984112490869248,0.27750285694601773,0.641875542163174,0.6419178082191781,0.6418918918918919,0.6418918918918919,"[[96, 52], [54, 94]]","[148, 148]",1.3959063887945375,0.6615686632578526,0.30768892077363064,0.6855200776832124,0.6865004811437474,0.6858108108108107,0.6858108108108109,"[[106, 42], [51, 97]]","[148, 148]",0.7716415718429044,0.7324689554419285,0.22256635090433152,0.650327715725769,0.650327715725769
branch_mmtm_hidden512_lr3e-05_seed3416,direct,branch,3416,3e-05,accepted,8,0,134.69704834200093,44863876,7500.0,,,,,,,,,mmtm,512,,mmtm_hidden512,0.668903803131991,0.6689497716894977,0.6689189189189189,0.668918918918919,"[[98, 50], [48, 100]]","[148, 148]",0.9324178618684056,0.7006482834185537,0.26285539630720245,0.6513545347467609,0.6532091097308488,0.652027027027027,0.652027027027027,"[[103, 45], [58, 90]]","[148, 148]",1.1492943787468952,0.6917001460920379,0.28227460370562996,0.7059166124224879,0.7065431251429879,0.7060810810810811,0.706081081081081,"[[108, 40], [47, 101]]","[148, 148]",0.6758155158203725,0.7575785244704165,0.20770928093282298,0.660129168939376,0.660129168939376
branch_mmtm_hidden512_lr3e-05_seed3417,direct,branch,3417,3e-05,accepted,8,0,131.11093634497956,44863876,7500.0,,,,,,,,,mmtm,512,,mmtm_hidden512,0.6384763774584223,0.6385704498744005,0.6385135135135136,0.6385135135135135,"[[96, 52], [55, 93]]","[148, 148]",1.0895626288614289,0.6638056975894813,0.29553710871228117,0.641875542163174,0.6419178082191781,0.6418918918918919,0.6418918918918919,"[[94, 54], [52, 96]]","[148, 148]",1.7279395690703845,0.6468681519357194,0.3252650593357487,0.6384763774584223,0.6385704498744005,0.6385135135135136,0.6385135135135135,"[[93, 55], [52, 96]]","[148, 148]",0.803161644318559,0.6963568298027757,0.24084937779383492,0.6401759598107981,0.6401759598107981
branch_mmtm_hidden512_lr3e-05_seed3418,direct,branch,3418,3e-05,accepted,8,0,130.8156062120106,44863876,7500.0,,,,,,,,,mmtm,512,,mmtm_hidden512,0.6587798892883638,0.6587910331918002,0.6587837837837838,0.6587837837837838,"[[98, 50], [51, 97]]","[148, 148]",1.1893489453349242,0.6984112490869248,0.27750285694601773,0.641875542163174,0.6419178082191781,0.6418918918918919,0.6418918918918919,"[[96, 52], [54, 94]]","[148, 148]",1.3959063887945375,0.6615686632578526,0.30768892077363064,0.6855200776832124,0.6865004811437474,0.6858108108108107,0.6858108108108109,"[[106, 42], [51, 97]]","[148, 148]",0.7716415718429044,0.7324689554419285,0.22256635090433152,0.650327715725769,0.650327715725769
branch_mmtm_hidden512_lr6e-05_seed3416,direct,branch,3416,6e-05,accepted,8,0,129.34559663702385,44863876,7500.0,,,,,,,,,mmtm,512,,mmtm_hidden512,0.668903803131991,0.6689497716894977,0.6689189189189189,0.668918918918919,"[[98, 50], [48, 100]]","[148, 148]",0.9324178618684056,0.7006482834185537,0.26285539630720245,0.6513545347467609,0.6532091097308488,0.652027027027027,0.652027027027027,"[[103, 45], [58, 90]]","[148, 148]",1.1492943787468952,0.6917001460920379,0.28227460370562996,0.7059166124224879,0.7065431251429879,0.7060810810810811,0.706081081081081,"[[108, 40], [47, 101]]","[148, 148]",0.6758155158203725,0.7575785244704165,0.20770928093282298,0.660129168939376,0.660129168939376
branch_mmtm_hidden512_lr6e-05_seed3417,direct,branch,3417,6e-05,accepted,8,0,130.65611079600058,44863876,7500.0,,,,,,,,,mmtm,512,,mmtm_hidden512,0.6384763774584223,0.6385704498744005,0.6385135135135136,0.6385135135135135,"[[96, 52], [55, 93]]","[148, 148]",1.0895626288614289,0.6638056975894813,0.29553710871228117,0.641875542163174,0.6419178082191781,0.6418918918918919,0.6418918918918919,"[[94, 54], [52, 96]]","[148, 148]",1.7279395690703845,0.6468681519357194,0.3252650593357487,0.6384763774584223,0.6385704498744005,0.6385135135135136,0.6385135135135135,"[[93, 55], [52, 96]]","[148, 148]",0.803161644318559,0.6963568298027757,0.24084937779383492,0.6401759598107981,0.6401759598107981
branch_mmtm_hidden512_lr6e-05_seed3418,direct,branch,3418,6e-05,accepted,8,0,129.4386031650065,44863876,7500.0,,,,,,,,,mmtm,512,,mmtm_hidden512,0.6587798892883638,0.6587910331918002,0.6587837837837838,0.6587837837837838,"[[98, 50], [51, 97]]","[148, 148]",1.1893489453349242,0.6984112490869248,0.27750285694601773,0.641875542163174,0.6419178082191781,0.6418918918918919,0.6418918918918919,"[[96, 52], [54, 94]]","[148, 148]",1.3959063887945375,0.6615686632578526,0.30768892077363064,0.6855200776832124,0.6865004811437474,0.6858108108108107,0.6858108108108109,"[[106, 42], [51, 97]]","[148, 148]",0.7716415718429044,0.7324689554419285,0.22256635090433152,0.650327715725769,0.650327715725769
branch_mmtm_hidden1024_lr3e-05_seed3416,direct,branch,3416,3e-05,accepted,8,0,131.54751606297214,45388676,7500.0,,,,,,,,,mmtm,1024,,mmtm_hidden1024,0.668903803131991,0.6689497716894977,0.6689189189189189,0.668918918918919,"[[98, 50], [48, 100]]","[148, 148]",0.9324178618684056,0.7006482834185537,0.26285539630720245,0.6513545347467609,0.6532091097308488,0.652027027027027,0.652027027027027,"[[103, 45], [58, 90]]","[148, 148]",1.1492943787468952,0.6917001460920379,0.28227460370562996,0.7059166124224879,0.7065431251429879,0.7060810810810811,0.706081081081081,"[[108, 40], [47, 101]]","[148, 148]",0.6758155158203725,0.7575785244704165,0.20770928093282298,0.660129168939376,0.660129168939376
branch_mmtm_hidden1024_lr3e-05_seed3417,direct,branch,3417,3e-05,accepted,8,0,132.48881657898892,45388676,7500.0,,,,,,,,,mmtm,1024,,mmtm_hidden1024,0.6384763774584223,0.6385704498744005,0.6385135135135136,0.6385135135135135,"[[96, 52], [55, 93]]","[148, 148]",1.0895626288614289,0.6638056975894813,0.29553710871228117,0.641875542163174,0.6419178082191781,0.6418918918918919,0.6418918918918919,"[[94, 54], [52, 96]]","[148, 148]",1.7279395690703845,0.6468681519357194,0.3252650593357487,0.6384763774584223,0.6385704498744005,0.6385135135135136,0.6385135135135135,"[[93, 55], [52, 96]]","[148, 148]",0.803161644318559,0.6963568298027757,0.24084937779383492,0.6401759598107981,0.6401759598107981
branch_mmtm_hidden1024_lr3e-05_seed3418,direct,branch,3418,3e-05,accepted,8,0,135.40242488199146,45388676,7500.0,,,,,,,,,mmtm,1024,,mmtm_hidden1024,0.6587798892883638,0.6587910331918002,0.6587837837837838,0.6587837837837838,"[[98, 50], [51, 97]]","[148, 148]",1.1893489453349242,0.6984112490869248,0.27750285694601773,0.641875542163174,0.6419178082191781,0.6418918918918919,0.6418918918918919,"[[96, 52], [54, 94]]","[148, 148]",1.3959063887945375,0.6615686632578526,0.30768892077363064,0.6855200776832124,0.6865004811437474,0.6858108108108107,0.6858108108108109,"[[106, 42], [51, 97]]","[148, 148]",0.7716415718429044,0.7324689554419285,0.22256635090433152,0.650327715725769,0.650327715725769
branch_mmtm_hidden1024_lr6e-05_seed3416,direct,branch,3416,6e-05,accepted,8,0,134.6423067089927,45388676,7500.0,,,,,,,,,mmtm,1024,,mmtm_hidden1024,0.668903803131991,0.6689497716894977,0.6689189189189189,0.668918918918919,"[[98, 50], [48, 100]]","[148, 148]",0.9324178618684056,0.7006482834185537,0.26285539630720245,0.6513545347467609,0.6532091097308488,0.652027027027027,0.652027027027027,"[[103, 45], [58, 90]]","[148, 148]",1.1492943787468952,0.6917001460920379,0.28227460370562996,0.7059166124224879,0.7065431251429879,0.7060810810810811,0.706081081081081,"[[108, 40], [47, 101]]","[148, 148]",0.6758155158203725,0.7575785244704165,0.20770928093282298,0.660129168939376,0.660129168939376
branch_mmtm_hidden1024_lr6e-05_seed3417,direct,branch,3417,6e-05,accepted,8,0,134.41884655100876,45388676,7500.0,,,,,,,,,mmtm,1024,,mmtm_hidden1024,0.6384763774584223,0.6385704498744005,0.6385135135135136,0.6385135135135135,"[[96, 52], [55, 93]]","[148, 148]",1.0895626288614289,0.6638056975894813,0.29553710871228117,0.641875542163174,0.6419178082191781,0.6418918918918919,0.6418918918918919,"[[94, 54], [52, 96]]","[148, 148]",1.7279395690703845,0.6468681519357194,0.3252650593357487,0.6384763774584223,0.6385704498744005,0.6385135135135136,0.6385135135135135,"[[93, 55], [52, 96]]","[148, 148]",0.803161644318559,0.6963568298027757,0.24084937779383492,0.6401759598107981,0.6401759598107981
branch_mmtm_hidden1024_lr6e-05_seed3418,direct,branch,3418,6e-05,accepted,8,0,133.00024739597575,45388676,7500.0,,,,,,,,,mmtm,1024,,mmtm_hidden1024,0.6587798892883638,0.6587910331918002,0.6587837837837838,0.6587837837837838,"[[98, 50], [51, 97]]","[148, 148]",1.1893489453349242,0.6984112490869248,0.27750285694601773,0.641875542163174,0.6419178082191781,0.6418918918918919,0.6418918918918919,"[[96, 52], [54, 94]]","[148, 148]",1.3959063887945375,0.6615686632578526,0.30768892077363064,0.6855200776832124,0.6865004811437474,0.6858108108108107,0.6858108108108109,"[[106, 42], [51, 97]]","[148, 148]",0.7716415718429044,0.7324689554419285,0.22256635090433152,0.650327715725769,0.650327715725769
branch_attention_d128_lr3e-05_seed3416,direct,branch,3416,3e-05,accepted,8,0,135.66109000399592,44603012,7678.0,,,,,,,,,cross_attention,,128,attention_d128,0.668903803131991,0.6689497716894977,0.6689189189189189,0.668918918918919,"[[98, 50], [48, 100]]","[148, 148]",0.9324178618684056,0.7006482834185537,0.26285539630720245,0.6513545347467609,0.6532091097308488,0.652027027027027,0.652027027027027,"[[103, 45], [58, 90]]","[148, 148]",1.1492943787468952,0.6917001460920379,0.28227460370562996,0.7059166124224879,0.7065431251429879,0.7060810810810811,0.706081081081081,"[[108, 40], [47, 101]]","[148, 148]",0.6758155158203725,0.7575785244704165,0.20770928093282298,0.660129168939376,0.660129168939376
branch_attention_d128_lr3e-05_seed3417,direct,branch,3417,3e-05,accepted,8,0,133.968342578999,44603012,7678.0,,,,,,,,,cross_attention,,128,attention_d128,0.6384763774584223,0.6385704498744005,0.6385135135135136,0.6385135135135135,"[[96, 52], [55, 93]]","[148, 148]",1.0895626288614289,0.6638056975894813,0.29553710871228117,0.641875542163174,0.6419178082191781,0.6418918918918919,0.6418918918918919,"[[94, 54], [52, 96]]","[148, 148]",1.7279395690703845,0.6468681519357194,0.3252650593357487,0.6384763774584223,0.6385704498744005,0.6385135135135136,0.6385135135135135,"[[93, 55], [52, 96]]","[148, 148]",0.803161644318559,0.6963568298027757,0.24084937779383492,0.6401759598107981,0.6401759598107981
branch_attention_d128_lr3e-05_seed3418,direct,branch,3418,3e-05,accepted,13,7,214.42747680598404,44603012,7678.0,,,,,,,,,cross_attention,,128,attention_d128,0.672203765227021,0.6724941724941724,0.6722972972972973,0.6722972972972973,"[[97, 51], [46, 102]]","[148, 148]",1.4415533870518824,0.7198228634039444,0.2788972396859212,0.6486486486486487,0.6486486486486487,0.6486486486486487,0.6486486486486487,"[[96, 52], [52, 96]]","[148, 148]",1.895055957234021,0.6743060628195763,0.3059147704123584,0.7025804978305549,0.7030364002194989,0.7027027027027027,0.7027027027027027,"[[101, 47], [41, 107]]","[148, 148]",0.8942193393823356,0.7490869247626005,0.22179285360532278,0.6604262069378348,0.6604262069378348
branch_attention_d128_lr6e-05_seed3416,direct,branch,3416,6e-05,accepted,8,0,134.9937553589989,44603012,7678.0,True,,,,,,,,cross_attention,,128,attention_d128,0.668903803131991,0.6689497716894977,0.6689189189189189,0.668918918918919,"[[98, 50], [48, 100]]","[148, 148]",0.9324178618684056,0.7006482834185537,0.26285539630720245,0.6513545347467609,0.6532091097308488,0.652027027027027,0.652027027027027,"[[103, 45], [58, 90]]","[148, 148]",1.1492943787468952,0.6917001460920379,0.28227460370562996,0.7059166124224879,0.7065431251429879,0.7060810810810811,0.706081081081081,"[[108, 40], [47, 101]]","[148, 148]",0.6758155158203725,0.7575785244704165,0.20770928093282298,0.660129168939376,0.660129168939376
branch_attention_d128_lr6e-05_seed3417,direct,branch,3417,6e-05,accepted,8,0,135.00078339199536,44603012,7678.0,True,,,,,,,,cross_attention,,128,attention_d128,0.6384763774584223,0.6385704498744005,0.6385135135135136,0.6385135135135135,"[[96, 52], [55, 93]]","[148, 148]",1.0895626288614289,0.6638056975894813,0.29553710871228117,0.641875542163174,0.6419178082191781,0.6418918918918919,0.6418918918918919,"[[94, 54], [52, 96]]","[148, 148]",1.7279395690703845,0.6468681519357194,0.3252650593357487,0.6384763774584223,0.6385704498744005,0.6385135135135136,0.6385135135135135,"[[93, 55], [52, 96]]","[148, 148]",0.803161644318559,0.6963568298027757,0.24084937779383492,0.6401759598107981,0.6401759598107981
branch_attention_d128_lr6e-05_seed3418,direct,branch,3418,6e-05,accepted,16,10,259.8821499379992,44603012,7678.0,True,,,,,,,,cross_attention,,128,attention_d128,0.6483918128654971,0.6490842490842491,0.6486486486486487,0.6486486486486487,"[[100, 48], [56, 92]]","[148, 148]",1.540168856074129,0.7244795471146823,0.2989216041123932,0.6789624504800722,0.6792586498468851,0.6790540540540541,0.6790540540540541,"[[103, 45], [50, 98]]","[148, 148]",1.6718566361815106,0.6905816289262235,0.29081411151693637,0.6823744292237444,0.6825657894736843,0.6824324324324325,0.6824324324324325,"[[103, 45], [49, 99]]","[148, 148]",0.9557743894893996,0.7368973703433164,0.23690972623269735,0.6636771316727846,0.6636771316727846
branch_attention_d256_lr3e-05_seed3416,direct,branch,3416,3e-05,accepted,8,0,134.74568123801146,44865924,7728.0,,,,,,,,,cross_attention,,256,attention_d256,0.668903803131991,0.6689497716894977,0.6689189189189189,0.668918918918919,"[[98, 50], [48, 100]]","[148, 148]",0.9324178618684056,0.7006482834185537,0.26285539630720245,0.6513545347467609,0.6532091097308488,0.652027027027027,0.652027027027027,"[[103, 45], [58, 90]]","[148, 148]",1.1492943787468952,0.6917001460920379,0.28227460370562996,0.7059166124224879,0.7065431251429879,0.7060810810810811,0.706081081081081,"[[108, 40], [47, 101]]","[148, 148]",0.6758155158203725,0.7575785244704165,0.20770928093282298,0.660129168939376,0.660129168939376
branch_attention_d256_lr3e-05_seed3417,direct,branch,3417,3e-05,accepted,8,0,134.73241756600328,44865924,7728.0,,,,,,,,,cross_attention,,256,attention_d256,0.6384763774584223,0.6385704498744005,0.6385135135135136,0.6385135135135135,"[[96, 52], [55, 93]]","[148, 148]",1.0895626288614289,0.6638056975894813,0.29553710871228117,0.641875542163174,0.6419178082191781,0.6418918918918919,0.6418918918918919,"[[94, 54], [52, 96]]","[148, 148]",1.7279395690703845,0.6468681519357194,0.3252650593357487,0.6384763774584223,0.6385704498744005,0.6385135135135136,0.6385135135135135,"[[93, 55], [52, 96]]","[148, 148]",0.803161644318559,0.6963568298027757,0.24084937779383492,0.6401759598107981,0.6401759598107981
branch_attention_d256_lr3e-05_seed3418,direct,branch,3418,3e-05,accepted,10,4,168.15349167998647,44865924,7728.0,,,,,,,,,cross_attention,,256,attention_d256,0.6552637588490523,0.6556612401682824,0.6554054054054054,0.6554054054054054,"[[94, 54], [48, 100]]","[148, 148]",1.4166690268234428,0.7088887874360847,0.2899667208341435,0.6485042247088376,0.6488933601609659,0.6486486486486487,0.6486486486486487,"[[93, 55], [49, 99]]","[148, 148]",1.7234971317885017,0.6680286705624544,0.3132231835010769,0.6915501505834393,0.6951422623178348,0.6925675675675675,0.6925675675675675,"[[94, 54], [37, 111]]","[148, 148]",0.843456603978358,0.741645361577794,0.22676963369522887,0.651883991778945,0.651883991778945
branch_attention_d256_lr6e-05_seed3416,direct,branch,3416,6e-05,accepted,13,7,215.25664895499358,44865924,7728.0,True,,,,,,,,cross_attention,,256,attention_d256,0.6786102062975027,0.6800486618004866,0.6790540540540541,0.6790540540540541,"[[106, 42], [53, 95]]","[148, 148]",1.1590188554636995,0.7513239590942293,0.2534416664255876,0.6520230554128859,0.6520339679495959,0.652027027027027,0.652027027027027,"[[97, 51], [52, 96]]","[148, 148]",1.5421726562528857,0.6858564645726808,0.2957700862039348,0.6788744618406477,0.6794555021734157,0.6790540540540541,0.6790540540540541,"[[104, 44], [51, 97]]","[148, 148]",0.88943616405114,0.745799853907962,0.22479645557536054,0.6653166308551943,0.6653166308551943
branch_attention_d256_lr6e-05_seed3417,direct,branch,3417,6e-05,accepted,8,0,233.06333942699712,44865924,7728.0,True,,,,,,,,cross_attention,,256,attention_d256,0.6384763774584223,0.6385704498744005,0.6385135135135136,0.6385135135135135,"[[96, 52], [55, 93]]","[148, 148]",1.0895626288614289,0.6638056975894813,0.29553710871228117,0.641875542163174,0.6419178082191781,0.6418918918918919,0.6418918918918919,"[[94, 54], [52, 96]]","[148, 148]",1.7279395690703845,0.6468681519357194,0.3252650593357487,0.6384763774584223,0.6385704498744005,0.6385135135135136,0.6385135135135135,"[[93, 55], [52, 96]]","[148, 148]",0.803161644318559,0.6963568298027757,0.24084937779383492,0.6401759598107981,0.6401759598107981
branch_attention_d256_lr6e-05_seed3418,direct,branch,3418,6e-05,accepted,18,17,502.2962974869879,44865924,7728.0,True,,,,,,,,cross_attention,,256,attention_d256,0.641875542163174,0.6419178082191781,0.6418918918918919,0.6418918918918919,"[[96, 52], [54, 94]]","[148, 148]",1.5400415415847415,0.6965394448502555,0.29942355006736676,0.6990460958473753,0.7000641524996563,0.6993243243243243,0.6993243243243243,"[[99, 49], [40, 108]]","[148, 148]",1.5640341879641213,0.7224251278305333,0.26309535412739604,0.6888340417752182,0.6900568702990277,0.6891891891891893,0.6891891891891891,"[[107, 41], [51, 97]]","[148, 148]",1.0443057099898787,0.7347059897735573,0.23697922895051518,0.6704608190052747,0.6704608190052747
branch_attention_d512_lr3e-05_seed3416,direct,branch,3416,3e-05,accepted,8,0,136.5162658559857,45391748,7674.0,,,,,,,,,cross_attention,,512,attention_d512,0.668903803131991,0.6689497716894977,0.6689189189189189,0.668918918918919,"[[98, 50], [48, 100]]","[148, 148]",0.9324178618684056,0.7006482834185537,0.26285539630720245,0.6513545347467609,0.6532091097308488,0.652027027027027,0.652027027027027,"[[103, 45], [58, 90]]","[148, 148]",1.1492943787468952,0.6917001460920379,0.28227460370562996,0.7059166124224879,0.7065431251429879,0.7060810810810811,0.706081081081081,"[[108, 40], [47, 101]]","[148, 148]",0.6758155158203725,0.7575785244704165,0.20770928093282298,0.660129168939376,0.660129168939376
branch_attention_d512_lr3e-05_seed3417,direct,branch,3417,3e-05,accepted,8,0,138.51641510199988,45391748,7674.0,,,,,,,,,cross_attention,,512,attention_d512,0.6384763774584223,0.6385704498744005,0.6385135135135136,0.6385135135135135,"[[96, 52], [55, 93]]","[148, 148]",1.0895626288614289,0.6638056975894813,0.29553710871228117,0.641875542163174,0.6419178082191781,0.6418918918918919,0.6418918918918919,"[[94, 54], [52, 96]]","[148, 148]",1.7279395690703845,0.6468681519357194,0.3252650593357487,0.6384763774584223,0.6385704498744005,0.6385135135135136,0.6385135135135135,"[[93, 55], [52, 96]]","[148, 148]",0.803161644318559,0.6963568298027757,0.24084937779383492,0.6401759598107981,0.6401759598107981
branch_attention_d512_lr3e-05_seed3418,direct,branch,3418,3e-05,accepted,12,6,197.7610991130059,45391748,7674.0,,,,,,,,,cross_attention,,512,attention_d512,0.6617761323643676,0.662905888827738,0.6621621621621622,0.6621621621621622,"[[103, 45], [55, 93]]","[148, 148]",1.4084918138032265,0.7130204528853177,0.2894623444998647,0.6438026474127557,0.6477045908183632,0.6452702702702702,0.6452702702702703,"[[86, 62], [43, 105]]","[148, 148]",1.86415012513684,0.6762920014609204,0.303311929950675,0.7093400319707696,0.7098042802268154,0.7094594594594594,0.7094594594594594,"[[102, 46], [40, 108]]","[148, 148]",0.9210131436347032,0.7487673484295105,0.22281985573338375,0.6527893898885617,0.6527893898885617
branch_attention_d512_lr6e-05_seed3416,direct,branch,3416,6e-05,accepted,16,10,261.6797283469932,45391748,7674.0,,,,,,,,,cross_attention,,512,attention_d512,0.6857785336788156,0.6858871888559033,0.6858108108108107,0.6858108108108109,"[[100, 48], [45, 103]]","[148, 148]",1.2444726872122016,0.7456628926223521,0.26556947234077605,0.6853763072175553,0.6868429509250333,0.6858108108108109,0.6858108108108109,"[[96, 52], [41, 107]]","[148, 148]",1.5246173449991827,0.7208728999269539,0.2803182164100218,0.7162032598274208,0.7162557077625571,0.7162162162162162,0.7162162162162162,"[[105, 43], [41, 107]]","[148, 148]",0.9606497005871644,0.7526479181884587,0.23035722262613773,0.6855774204481855,0.6855774204481855
branch_attention_d512_lr6e-05_seed3417,direct,branch,3417,6e-05,accepted,11,5,181.3007805480156,45391748,7674.0,,,,,,,,,cross_attention,,512,attention_d512,0.6519277094678677,0.6522007404360346,0.652027027027027,0.652027027027027,"[[94, 54], [49, 99]]","[148, 148]",1.2335444092086871,0.7052136596055516,0.28379561460915226,0.6519912792356775,0.6520895181548299,0.652027027027027,0.652027027027027,"[[98, 50], [53, 95]]","[148, 148]",1.357913744914509,0.6848520818115412,0.29074874870406736,0.6790210827901879,0.6791276547156886,0.6790540540540541,0.6790540540540541,"[[102, 46], [49, 99]]","[148, 148]",0.8619916487471911,0.7244338933528123,0.233050457452085,0.6519594943517726,0.6519594943517726
branch_attention_d512_lr6e-05_seed3418,direct,branch,3418,6e-05,accepted,19,13,308.04929358602385,45391748,7674.0,,,,,,,,,cross_attention,,512,attention_d512,0.6586863947209188,0.6589652177887473,0.6587837837837838,0.6587837837837838,"[[100, 48], [53, 95]]","[148, 148]",1.5098198766626125,0.7094822863403945,0.29792935270004994,0.6992385062392255,0.699552081905023,0.6993243243243243,0.6993243243243243,"[[106, 42], [47, 101]]","[148, 148]",1.5982384930905773,0.7192750182615048,0.26960922378515834,0.6958904109589041,0.6960891812865497,0.6959459459459459,0.6959459459459459,"[[105, 43], [47, 101]]","[148, 148]",1.1335226796559066,0.7330624543462382,0.24370236590541522,0.6789624504800722,0.6789624504800722
branch_attention_d1024_lr3e-05_seed3416,direct,branch,3416,3e-05,accepted,8,8,137.34999841099489,46443396,7950.0,,,,,,,,,cross_attention,,1024,attention_d1024,0.672203765227021,0.6724941724941724,0.6722972972972973,0.6722972972972973,"[[102, 46], [51, 97]]","[148, 148]",1.1929573879469282,0.726944850255661,0.26625291805329154,0.6486326074053783,0.648675799086758,0.6486486486486487,0.6486486486486487,"[[95, 53], [51, 97]]","[148, 148]",1.7461249116985562,0.6739408327246166,0.3128151923961022,0.6789624504800722,0.6792586498468851,0.6790540540540541,0.6790540540540541,"[[103, 45], [50, 98]]","[148, 148]",0.855158997588819,0.7366234477720964,0.2296651061077451,0.6604181863161996,0.6604181863161996
branch_attention_d1024_lr3e-05_seed3417,direct,branch,3417,3e-05,accepted,12,6,202.93148991899216,46443396,7950.0,,,,,,,,,cross_attention,,1024,attention_d1024,0.6616059996341687,0.6632352941176471,0.6621621621621622,0.6621621621621622,"[[104, 44], [56, 92]]","[148, 148]",1.2564187033172958,0.7075420014609204,0.2744718652685748,0.6317189265697947,0.6318109157341859,0.6317567567567568,0.6317567567567568,"[[95, 53], [56, 92]]","[148, 148]",2.176527373448411,0.6498356464572681,0.32772626746591066,0.6579052762870319,0.6604317542322062,0.6587837837837838,0.6587837837837838,"[[105, 43], [58, 90]]","[148, 148]",0.9462884104841678,0.7148922571219868,0.24026208006299715,0.6466624631019817,0.6466624631019817
branch_attention_d1024_lr3e-05_seed3418,direct,branch,3418,3e-05,accepted,11,5,190.4067520700046,46443396,7950.0,,,,,,,,,cross_attention,,1024,attention_d1024,0.702485380116959,0.7032967032967032,0.7027027027027026,0.7027027027027027,"[[108, 40], [48, 100]]","[148, 148]",1.2713707786543984,0.7315102264426588,0.25953891242195615,0.6354805667130872,0.6432821723730815,0.6385135135135135,0.6385135135135135,"[[108, 40], [67, 81]]","[148, 148]",1.8077117073559013,0.6738951789627465,0.31840713288420186,0.693200663349917,0.703219696969697,0.6959459459459459,0.6959459459459459,"[[117, 31], [59, 89]]","[148, 148]",0.9553768930902211,0.7409149013878744,0.22923506097717797,0.6689829734150231,0.6689829734150231
branch_attention_d1024_lr6e-05_seed3416,direct,branch,3416,6e-05,accepted,13,9,221.71055162101402,46443396,7950.0,,,,,,,,,cross_attention,,1024,attention_d1024,0.675305087069793,0.6764813795633828,0.6756756756756757,0.6756756756756757,"[[105, 43], [53, 95]]","[148, 148]",1.1829231098634316,0.7311449963476991,0.26646789220041656,0.6614047128803477,0.6636263128800441,0.6621621621621622,0.6621621621621622,"[[105, 43], [57, 91]]","[148, 148]",1.4278707933880195,0.7256208911614317,0.27507856915240014,0.6786102062975027,0.6800486618004866,0.6790540540540541,0.6790540540540541,"[[106, 42], [53, 95]]","[148, 148]",0.9892659069520285,0.7421018991964937,0.2401608547225983,0.6683548999750704,0.6683548999750704
branch_attention_d1024_lr6e-05_seed3417,direct,branch,3417,6e-05,accepted,8,0,140.90597721000086,46443396,7950.0,,,,,,,,,cross_attention,,1024,attention_d1024,0.6384763774584223,0.6385704498744005,0.6385135135135136,0.6385135135135135,"[[96, 52], [55, 93]]","[148, 148]",1.0895626288614289,0.6638056975894813,0.29553710871228117,0.641875542163174,0.6419178082191781,0.6418918918918919,0.6418918918918919,"[[94, 54], [52, 96]]","[148, 148]",1.7279395690703845,0.6468681519357194,0.3252650593357487,0.6384763774584223,0.6385704498744005,0.6385135135135136,0.6385135135135135,"[[93, 55], [52, 96]]","[148, 148]",0.803161644318559,0.6963568298027757,0.24084937779383492,0.6401759598107981,0.6401759598107981
branch_attention_d1024_lr6e-05_seed3418,direct,branch,3418,6e-05,accepted,10,4,169.58351269198465,46443396,7950.0,,,,,,,,,cross_attention,,1024,attention_d1024,0.6670798328972134,0.6727357609710551,0.6689189189189189,0.668918918918919,"[[110, 38], [60, 88]]","[148, 148]",1.4139750898888843,0.7095964207450693,0.2832551816554476,0.7058091049294568,0.7068459881776108,0.7060810810810811,0.706081081081081,"[[109, 39], [48, 100]]","[148, 148]",1.111502807000889,0.7329254930606283,0.24958152505692963,0.6641567818463125,0.6683145337232512,0.6655405405405406,0.6655405405405406,"[[108, 40], [59, 89]]","[148, 148]",0.9438665130924748,0.7424671292914535,0.23973367251959968,0.6864444689133351,0.6864444689133351
branch_mmtm_hidden256_lr3e-05_seed3416_augment_continue,augmentation,branch,3416,3e-05,accepted,8,0,134.24596894800197,44601476,7496.0,,,,,,,,,,,,mmtm_hidden256_plus_continue,0.668903803131991,0.6689497716894977,0.6689189189189189,0.668918918918919,"[[98, 50], [48, 100]]","[148, 148]",0.9324178618684056,0.7006482834185537,0.26285539630720245,0.6513545347467609,0.6532091097308488,0.652027027027027,0.652027027027027,"[[103, 45], [58, 90]]","[148, 148]",1.1492943787468952,0.6917001460920379,0.28227460370562996,0.7059166124224879,0.7065431251429879,0.7060810810810811,0.706081081081081,"[[108, 40], [47, 101]]","[148, 148]",0.6758155158203725,0.7575785244704165,0.20770928093282298,0.660129168939376,0.660129168939376
branch_mmtm_hidden256_lr3e-05_seed3416_augment_radon,augmentation,branch,3416,3e-05,accepted,14,8,246.19483883600333,47747204,7486.0,,,,,,,,,,,,mmtm_hidden256_plus_radon,0.7128345602921874,0.7128475551294343,0.7128378378378378,0.7128378378378378,"[[106, 42], [43, 105]]","[148, 148]",1.1418846282598143,0.7445215485756026,0.2455331805192426,0.6317525537864521,0.6317627722229832,0.6317567567567568,0.6317567567567568,"[[94, 54], [55, 93]]","[148, 148]",1.6545228966599788,0.6748082542001461,0.3214035329108349,0.6655061810129328,0.6656085864352592,0.6655405405405406,0.6655405405405406,"[[97, 51], [48, 100]]","[148, 148]",0.8488988099263064,0.7420105916727537,0.22668405015760187,0.6722935570393198,0.6722935570393198
branch_mmtm_hidden256_lr3e-05_seed3416_augment_linear_resample,augmentation,branch,3416,3e-05,accepted,8,0,137.48058970097918,47747204,7646.0,,,,,,,,,,,,mmtm_hidden256_plus_linear_resample,0.668903803131991,0.6689497716894977,0.6689189189189189,0.668918918918919,"[[98, 50], [48, 100]]","[148, 148]",0.9324178618684056,0.7006482834185537,0.26285539630720245,0.6513545347467609,0.6532091097308488,0.652027027027027,0.652027027027027,"[[103, 45], [58, 90]]","[148, 148]",1.1492943787468952,0.6917001460920379,0.28227460370562996,0.7059166124224879,0.7065431251429879,0.7060810810810811,0.706081081081081,"[[108, 40], [47, 101]]","[148, 148]",0.6758155158203725,0.7575785244704165,0.20770928093282298,0.660129168939376,0.660129168939376
branch_mmtm_hidden256_lr3e-05_seed3417_augment_continue,augmentation,branch,3417,3e-05,accepted,8,0,130.35519406502135,44601476,7496.0,,,,,,,,,,,,mmtm_hidden256_plus_continue,0.6384763774584223,0.6385704498744005,0.6385135135135136,0.6385135135135135,"[[96, 52], [55, 93]]","[148, 148]",1.0895626288614289,0.6638056975894813,0.29553710871228117,0.641875542163174,0.6419178082191781,0.6418918918918919,0.6418918918918919,"[[94, 54], [52, 96]]","[148, 148]",1.7279395690703845,0.6468681519357194,0.3252650593357487,0.6384763774584223,0.6385704498744005,0.6385135135135136,0.6385135135135135,"[[93, 55], [52, 96]]","[148, 148]",0.803161644318559,0.6963568298027757,0.24084937779383492,0.6401759598107981,0.6401759598107981
branch_mmtm_hidden256_lr3e-05_seed3417_augment_radon,augmentation,branch,3417,3e-05,accepted,10,4,178.37595842799055,47747204,7486.0,,,,,,,,,,,,mmtm_hidden256_plus_radon,0.6820695644225057,0.6832691249312053,0.6824324324324325,0.6824324324324325,"[[96, 52], [42, 106]]","[148, 148]",1.2252034502462699,0.7119704163623082,0.2725401035291817,0.6247901606769674,0.6252802562342714,0.625,0.625,"[[89, 59], [52, 96]]","[148, 148]",2.0389950507523698,0.6459550766983199,0.3317254222084509,0.6413023596122188,0.6428308823529412,0.6418918918918919,0.6418918918918919,"[[89, 59], [47, 101]]","[148, 148]",0.9439634589318788,0.7121986851716581,0.24228589050444505,0.6534298625497366,0.6534298625497366
branch_mmtm_hidden256_lr3e-05_seed3417_augment_linear_resample,augmentation,branch,3417,3e-05,accepted,8,0,133.67394357800367,47747204,7646.0,,,,,,,,,,,,mmtm_hidden256_plus_linear_resample,0.6384763774584223,0.6385704498744005,0.6385135135135136,0.6385135135135135,"[[96, 52], [55, 93]]","[148, 148]",1.0895626288614289,0.6638056975894813,0.29553710871228117,0.641875542163174,0.6419178082191781,0.6418918918918919,0.6418918918918919,"[[94, 54], [52, 96]]","[148, 148]",1.7279395690703845,0.6468681519357194,0.3252650593357487,0.6384763774584223,0.6385704498744005,0.6385135135135136,0.6385135135135135,"[[93, 55], [52, 96]]","[148, 148]",0.803161644318559,0.6963568298027757,0.24084937779383492,0.6401759598107981,0.6401759598107981
branch_mmtm_hidden256_lr3e-05_seed3418_augment_continue,augmentation,branch,3418,3e-05,accepted,8,0,132.75245660799555,44601476,7496.0,,,,,,,,,,,,mmtm_hidden256_plus_continue,0.6587798892883638,0.6587910331918002,0.6587837837837838,0.6587837837837838,"[[98, 50], [51, 97]]","[148, 148]",1.1893489453349242,0.6984112490869248,0.27750285694601773,0.641875542163174,0.6419178082191781,0.6418918918918919,0.6418918918918919,"[[96, 52], [54, 94]]","[148, 148]",1.3959063887945375,0.6615686632578526,0.30768892077363064,0.6855200776832124,0.6865004811437474,0.6858108108108107,0.6858108108108109,"[[106, 42], [51, 97]]","[148, 148]",0.7716415718429044,0.7324689554419285,0.22256635090433152,0.650327715725769,0.650327715725769
branch_mmtm_hidden256_lr3e-05_seed3418_augment_radon,augmentation,branch,3418,3e-05,accepted,13,7,224.52477217497653,47747204,7486.0,,,,,,,,,,,,mmtm_hidden256_plus_radon,0.6891891891891891,0.6891891891891891,0.6891891891891891,0.6891891891891891,"[[102, 46], [46, 102]]","[148, 148]",1.4913010673614986,0.7274013878743608,0.28126317293607145,0.6470372408732343,0.6514136904761905,0.6486486486486487,0.6486486486486487,"[[86, 62], [42, 106]]","[148, 148]",1.7377013628108096,0.6856738495252008,0.3047341090323475,0.6924798209861744,0.6927876045523105,0.6925675675675675,0.6925675675675675,"[[100, 48], [43, 105]]","[148, 148]",1.002016576560337,0.7376734842951059,0.230040997256086,0.6681132150312117,0.6681132150312117
branch_mmtm_hidden256_lr3e-05_seed3418_augment_linear_resample,augmentation,branch,3418,3e-05,accepted,8,0,135.75368372900994,47747204,7646.0,,,,,,,,,,,,mmtm_hidden256_plus_linear_resample,0.6587798892883638,0.6587910331918002,0.6587837837837838,0.6587837837837838,"[[98, 50], [51, 97]]","[148, 148]",1.1893489453349242,0.6984112490869248,0.27750285694601773,0.641875542163174,0.6419178082191781,0.6418918918918919,0.6418918918918919,"[[96, 52], [54, 94]]","[148, 148]",1.3959063887945375,0.6615686632578526,0.30768892077363064,0.6855200776832124,0.6865004811437474,0.6858108108108107,0.6858108108108109,"[[106, 42], [51, 97]]","[148, 148]",0.7716415718429044,0.7324689554419285,0.22256635090433152,0.650327715725769,0.650327715725769
branch_mmtm_hidden256_lr6e-05_seed3416_augment_continue,augmentation,branch,3416,6e-05,accepted,8,0,133.0750854839862,44601476,7496.0,,,,,,,,,,,,mmtm_hidden256_plus_continue,0.668903803131991,0.6689497716894977,0.6689189189189189,0.668918918918919,"[[98, 50], [48, 100]]","[148, 148]",0.9324178618684056,0.7006482834185537,0.26285539630720245,0.6513545347467609,0.6532091097308488,0.652027027027027,0.652027027027027,"[[103, 45], [58, 90]]","[148, 148]",1.1492943787468952,0.6917001460920379,0.28227460370562996,0.7059166124224879,0.7065431251429879,0.7060810810810811,0.706081081081081,"[[108, 40], [47, 101]]","[148, 148]",0.6758155158203725,0.7575785244704165,0.20770928093282298,0.660129168939376,0.660129168939376
branch_mmtm_hidden256_lr6e-05_seed3416_augment_radon,augmentation,branch,3416,6e-05,accepted,13,7,223.85888195500593,47747204,7486.0,,,,,,,,,,,,mmtm_hidden256_plus_radon,0.7110935041969525,0.7181052631578948,0.7128378378378378,0.7128378378378378,"[[117, 31], [54, 94]]","[148, 148]",1.1712816547583385,0.7514152666179693,0.24744511778249909,0.6886775196634352,0.6904411764705882,0.6891891891891893,0.6891891891891891,"[[108, 40], [52, 96]]","[148, 148]",1.3380472296183512,0.7435856464572681,0.25607480200366306,0.7325923130581953,0.734920634920635,0.7331081081081081,0.7331081081081081,"[[115, 33], [46, 102]]","[148, 148]",0.9800789681738411,0.7638330898466034,0.22229614813088533,0.6998855119301939,0.6998855119301939
branch_mmtm_hidden256_lr6e-05_seed3416_augment_linear_resample,augmentation,branch,3416,6e-05,accepted,8,0,137.04273334200843,47747204,7646.0,,,,,,,,,,,,mmtm_hidden256_plus_linear_resample,0.668903803131991,0.6689497716894977,0.6689189189189189,0.668918918918919,"[[98, 50], [48, 100]]","[148, 148]",0.9324178618684056,0.7006482834185537,0.26285539630720245,0.6513545347467609,0.6532091097308488,0.652027027027027,0.652027027027027,"[[103, 45], [58, 90]]","[148, 148]",1.1492943787468952,0.6917001460920379,0.28227460370562996,0.7059166124224879,0.7065431251429879,0.7060810810810811,0.706081081081081,"[[108, 40], [47, 101]]","[148, 148]",0.6758155158203725,0.7575785244704165,0.20770928093282298,0.660129168939376,0.660129168939376
branch_mmtm_hidden256_lr6e-05_seed3417_augment_continue,augmentation,branch,3417,6e-05,accepted,8,0,131.38497327498044,44601476,7496.0,,,,,,,,,,,,mmtm_hidden256_plus_continue,0.6384763774584223,0.6385704498744005,0.6385135135135136,0.6385135135135135,"[[96, 52], [55, 93]]","[148, 148]",1.0895626288614289,0.6638056975894813,0.29553710871228117,0.641875542163174,0.6419178082191781,0.6418918918918919,0.6418918918918919,"[[94, 54], [52, 96]]","[148, 148]",1.7279395690703845,0.6468681519357194,0.3252650593357487,0.6384763774584223,0.6385704498744005,0.6385135135135136,0.6385135135135135,"[[93, 55], [52, 96]]","[148, 148]",0.803161644318559,0.6963568298027757,0.24084937779383492,0.6401759598107981,0.6401759598107981
branch_mmtm_hidden256_lr6e-05_seed3417_augment_radon,augmentation,branch,3417,6e-05,accepted,14,10,244.61904593600775,47747204,7486.0,,,,,,,,,,,,mmtm_hidden256_plus_radon,0.6648941644653332,0.6668276972624798,0.6655405405405406,0.6655405405405406,"[[105, 43], [56, 92]]","[148, 148]",1.4155987345502523,0.7112856099342585,0.28643976370542273,0.6351184769209697,0.6351598173515982,0.6351351351351351,0.6351351351351351,"[[93, 55], [53, 95]]","[148, 148]",1.7065199539043672,0.6827291818845873,0.3091712665342925,0.6822002923976609,0.682967032967033,0.6824324324324325,0.6824324324324325,"[[105, 43], [51, 97]]","[148, 148]",1.1711989915660013,0.7076333089846604,0.2565552469929314,0.6500063206931515,0.6500063206931515
branch_mmtm_hidden256_lr6e-05_seed3417_augment_linear_resample,augmentation,branch,3417,6e-05,accepted,8,0,134.17613931800588,47747204,7646.0,,,,,,,,,,,,mmtm_hidden256_plus_linear_resample,0.6384763774584223,0.6385704498744005,0.6385135135135136,0.6385135135135135,"[[96, 52], [55, 93]]","[148, 148]",1.0895626288614289,0.6638056975894813,0.29553710871228117,0.641875542163174,0.6419178082191781,0.6418918918918919,0.6418918918918919,"[[94, 54], [52, 96]]","[148, 148]",1.7279395690703845,0.6468681519357194,0.3252650593357487,0.6384763774584223,0.6385704498744005,0.6385135135135136,0.6385135135135135,"[[93, 55], [52, 96]]","[148, 148]",0.803161644318559,0.6963568298027757,0.24084937779383492,0.6401759598107981,0.6401759598107981
branch_mmtm_hidden256_lr6e-05_seed3418_augment_continue,augmentation,branch,3418,6e-05,accepted,8,0,131.75427968800068,44601476,7496.0,,,,,,,,,,,,mmtm_hidden256_plus_continue,0.6587798892883638,0.6587910331918002,0.6587837837837838,0.6587837837837838,"[[98, 50], [51, 97]]","[148, 148]",1.1893489453349242,0.6984112490869248,0.27750285694601773,0.641875542163174,0.6419178082191781,0.6418918918918919,0.6418918918918919,"[[96, 52], [54, 94]]","[148, 148]",1.3959063887945375,0.6615686632578526,0.30768892077363064,0.6855200776832124,0.6865004811437474,0.6858108108108107,0.6858108108108109,"[[106, 42], [51, 97]]","[148, 148]",0.7716415718429044,0.7324689554419285,0.22256635090433152,0.650327715725769,0.650327715725769
branch_mmtm_hidden256_lr6e-05_seed3418_augment_radon,augmentation,branch,3418,6e-05,accepted,13,7,229.1109859959979,47747204,7486.0,,,,,,,,,,,,mmtm_hidden256_plus_radon,0.6756164383561645,0.6758040935672515,0.6756756756756757,0.6756756756756757,"[[98, 50], [46, 102]]","[148, 148]",1.366629894160099,0.7270818115412709,0.2699996581454677,0.6935817805383022,0.7021857923497268,0.6959459459459459,0.6959459459459459,"[[90, 58], [32, 116]]","[148, 148]",1.4580115643996687,0.7405496712929145,0.2628479426963476,0.6915501505834393,0.6951422623178348,0.6925675675675675,0.6925675675675675,"[[94, 54], [37, 111]]","[148, 148]",1.046664221195425,0.7528761869978086,0.23047913426898026,0.6845991094472333,0.6845991094472333
branch_mmtm_hidden256_lr6e-05_seed3418_augment_linear_resample,augmentation,branch,3418,6e-05,accepted,12,6,198.36337556500803,47747204,7646.0,,,,,,,,,,,,mmtm_hidden256_plus_linear_resample,0.6602855437726667,0.665826330532213,0.6621621621621622,0.6621621621621622,"[[109, 39], [61, 87]]","[148, 148]",1.5749475361357206,0.6947132943754565,0.29715774071318835,0.6445847198874748,0.6463998159650333,0.6452702702702702,0.6452702702702703,"[[89, 59], [46, 102]]","[148, 148]",1.4148576286877241,0.6777300949598246,0.3022988064836988,0.6751417596488019,0.6768382352941176,0.6756756756756757,0.6756756756756757,"[[106, 42], [54, 94]]","[148, 148]",0.8437151281136502,0.7274470416362309,0.22734608926923838,0.6524351318300707,0.6524351318300707
branch_attention_d256_lr3e-05_seed3416_augment_continue,augmentation,branch,3416,3e-05,accepted,8,0,137.32513517100597,44865924,7728.0,,,,,,,,,,,,attention_d256_plus_continue,0.668903803131991,0.6689497716894977,0.6689189189189189,0.668918918918919,"[[98, 50], [48, 100]]","[148, 148]",0.9324178618684056,0.7006482834185537,0.26285539630720245,0.6513545347467609,0.6532091097308488,0.652027027027027,0.652027027027027,"[[103, 45], [58, 90]]","[148, 148]",1.1492943787468952,0.6917001460920379,0.28227460370562996,0.7059166124224879,0.7065431251429879,0.7060810810810811,0.706081081081081,"[[108, 40], [47, 101]]","[148, 148]",0.6758155158203725,0.7575785244704165,0.20770928093282298,0.660129168939376,0.660129168939376
branch_attention_d256_lr3e-05_seed3416_augment_radon,augmentation,branch,3416,3e-05,accepted,13,7,231.83681431700825,48011652,7682.0,,,,,,,,,,,,attention_d256_plus_radon,0.7188726527903331,0.7218737026615618,0.7195945945945946,0.7195945945945946,"[[114, 34], [49, 99]]","[148, 148]",1.1229004436117476,0.756117604090577,0.2393919413743478,0.641875542163174,0.6419178082191781,0.6418918918918919,0.6418918918918919,"[[96, 52], [54, 94]]","[148, 148]",1.516315576319862,0.6973612125639154,0.3059200899442646,0.6820695644225057,0.6832691249312053,0.6824324324324325,0.6824324324324325,"[[106, 42], [52, 96]]","[148, 148]",0.9105748800663351,0.7536066471877283,0.2239717728118011,0.6803740974767536,0.6803740974767536
branch_attention_d256_lr3e-05_seed3416_augment_linear_resample,augmentation,branch,3416,3e-05,accepted,13,7,217.00831977900816,48011652,7834.0,,,,,,,,,,,,attention_d256_plus_linear_resample,0.6852036090431919,0.6872555785599264,0.6858108108108107,0.6858108108108109,"[[108, 40], [53, 95]]","[148, 148]",1.2377578034971035,0.723018626734843,0.2622378663963671,0.6414827003062298,0.6425426527242708,0.6418918918918919,0.6418918918918919,"[[100, 48], [58, 90]]","[148, 148]",1.714116997965386,0.66704711468225,0.32275909741305003,0.6709414933241649,0.6751845146915472,0.6722972972972974,0.6722972972972973,"[[109, 39], [58, 90]]","[148, 148]",0.89521384848053,0.7294101533966398,0.23082568652692023,0.6633431546747108,0.6633431546747108
branch_attention_d256_lr3e-05_seed3417_augment_continue,augmentation,branch,3417,3e-05,accepted,8,0,133.32736288799788,44865924,7728.0,,,,,,,,,,,,attention_d256_plus_continue,0.6384763774584223,0.6385704498744005,0.6385135135135136,0.6385135135135135,"[[96, 52], [55, 93]]","[148, 148]",1.0895626288614289,0.6638056975894813,0.29553710871228117,0.641875542163174,0.6419178082191781,0.6418918918918919,0.6418918918918919,"[[94, 54], [52, 96]]","[148, 148]",1.7279395690703845,0.6468681519357194,0.3252650593357487,0.6384763774584223,0.6385704498744005,0.6385135135135136,0.6385135135135135,"[[93, 55], [52, 96]]","[148, 148]",0.803161644318559,0.6963568298027757,0.24084937779383492,0.6401759598107981,0.6401759598107981
branch_attention_d256_lr3e-05_seed3417_augment_radon,augmentation,branch,3417,3e-05,accepted,19,13,326.37589382898295,48011652,7682.0,,,,,,,,,,,,attention_d256_plus_radon,0.6915501505834393,0.6951422623178348,0.6925675675675675,0.6925675675675675,"[[111, 37], [54, 94]]","[148, 148]",1.311124638153435,0.7279492330168005,0.27126979233087,0.6114465739039119,0.611532313313542,0.6114864864864864,0.6114864864864865,"[[92, 56], [59, 89]]","[148, 148]",1.9953394450810882,0.6583728999269539,0.3345811840426403,0.6553896726475825,0.6554337899543379,0.6554054054054055,0.6554054054054054,"[[96, 52], [50, 98]]","[148, 148]",1.0452061255933727,0.7158509861212564,0.24662375477710047,0.6514983622436756,0.6514983622436756
branch_attention_d256_lr3e-05_seed3417_augment_linear_resample,augmentation,branch,3417,3e-05,accepted,8,0,135.63562122697476,48011652,7834.0,,,,,,,,,,,,attention_d256_plus_linear_resample,0.6384763774584223,0.6385704498744005,0.6385135135135136,0.6385135135135135,"[[96, 52], [55, 93]]","[148, 148]",1.0895626288614289,0.6638056975894813,0.29553710871228117,0.641875542163174,0.6419178082191781,0.6418918918918919,0.6418918918918919,"[[94, 54], [52, 96]]","[148, 148]",1.7279395690703845,0.6468681519357194,0.3252650593357487,0.6384763774584223,0.6385704498744005,0.6385135135135136,0.6385135135135135,"[[93, 55], [52, 96]]","[148, 148]",0.803161644318559,0.6963568298027757,0.24084937779383492,0.6401759598107981,0.6401759598107981
branch_attention_d256_lr3e-05_seed3418_augment_continue,augmentation,branch,3418,3e-05,accepted,12,6,197.38052672499907,44865924,7728.0,,,,,,,,,,,,attention_d256_plus_continue,0.66544507997397,0.6657296951414599,0.6655405405405406,0.6655405405405406,"[[96, 52], [47, 101]]","[148, 148]",1.5926646692148152,0.7182249817384954,0.2916680103074373,0.6786102062975027,0.6800486618004866,0.6790540540540541,0.6790540540540541,"[[95, 53], [42, 106]]","[148, 148]",1.884778920380068,0.6982286340394448,0.2864654386398183,0.6957236842105263,0.6965201465201465,0.695945945945946,0.6959459459459459,"[[99, 49], [41, 107]]","[148, 148]",1.0300864551850413,0.7470781592403214,0.2274021290341488,0.6720276431357364,0.6720276431357364
branch_attention_d256_lr3e-05_seed3418_augment_radon,augmentation,branch,3418,3e-05,accepted,12,6,217.11307295100414,48011652,7682.0,,,,,,,,,,,,attention_d256_plus_radon,0.6899881455223451,0.6991971664698937,0.6925675675675675,0.6925675675675675,"[[116, 32], [59, 89]]","[148, 148]",1.541775949407618,0.7348429510591673,0.26462964839283876,0.6891324200913242,0.689327485380117,0.6891891891891893,0.6891891891891891,"[[100, 48], [44, 104]]","[148, 148]",1.584459983196242,0.7279492330168007,0.26842103336674006,0.7051083857226288,0.7088364561647005,0.7060810810810811,0.706081081081081,"[[113, 35], [52, 96]]","[148, 148]",1.1285805992923585,0.7514152666179694,0.2273285405270601,0.6895602828068347,0.6895602828068347
branch_attention_d256_lr3e-05_seed3418_augment_linear_resample,augmentation,branch,3418,3e-05,accepted,26,20,423.78126153498306,48011652,7834.0,,,,,,,,,,,,attention_d256_plus_linear_resample,0.6923955371315678,0.6929993136582018,0.6925675675675675,0.6925675675675675,"[[106, 42], [49, 99]]","[148, 148]",1.6626035403541906,0.7369886778670562,0.27452164253553246,0.675305087069793,0.6764813795633828,0.6756756756756757,0.6756756756756757,"[[105, 43], [53, 95]]","[148, 148]",2.1465202497231033,0.6910381665449233,0.29085405245918294,0.7116497621912784,0.7164044005013229,0.7128378378378378,0.7128378378378378,"[[115, 33], [52, 96]]","[148, 148]",1.1726560543020952,0.7511869978086195,0.22515202792135705,0.6838503121006804,0.6838503121006804
branch_attention_d256_lr6e-05_seed3416_augment_continue,augmentation,branch,3416,6e-05,accepted,19,13,310.40302755398443,44865924,7728.0,,,,,,,,,,,,attention_d256_plus_continue,0.7094594594594594,0.7094594594594594,0.7094594594594594,0.7094594594594594,"[[105, 43], [43, 105]]","[148, 148]",1.4693534648709787,0.751803323593864,0.25918980908733447,0.6756608683741954,0.6757077625570777,0.6756756756756757,0.6756756756756757,"[[101, 47], [49, 99]]","[148, 148]",1.5491352181794835,0.7317841490138788,0.27433917726957735,0.6993208925412315,0.6993334246450258,0.6993243243243243,0.6993243243243243,"[[104, 44], [45, 103]]","[148, 148]",1.227278653876847,0.7522370343316289,0.24413945632354936,0.6925601639168274,0.6925601639168274
branch_attention_d256_lr6e-05_seed3416_augment_radon,augmentation,branch,3416,6e-05,accepted,13,7,235.0828860780166,48011652,7682.0,,,,,,,,,,,,attention_d256_plus_radon,0.728726572881822,0.7331788693234476,0.7297297297297298,0.7297297297297297,"[[117, 31], [49, 99]]","[148, 148]",1.2845303203468412,0.7601807888970051,0.23730266708555686,0.6948173944920497,0.698887859128823,0.6959459459459459,0.6959459459459459,"[[112, 36], [54, 94]]","[148, 148]",1.3167816914102153,0.7578524470416362,0.25418319291888664,0.728726572881822,0.7331788693234476,0.7297297297297298,0.7297297297297297,"[[117, 31], [49, 99]]","[148, 148]",1.1528074072140735,0.7608199415631849,0.23233540499475727,0.7117719836869358,0.7117719836869358
branch_attention_d256_lr6e-05_seed3416_augment_linear_resample,augmentation,branch,3416,6e-05,accepted,13,7,218.9820383709739,48011652,7834.0,,,,,,,,,,,,attention_d256_plus_linear_resample,0.7053243469007107,0.7082199363439273,0.7060810810810811,0.706081081081081,"[[112, 36], [51, 97]]","[148, 148]",1.41146339976081,0.7537436084733382,0.25567363291235234,0.6980803392355739,0.7026644385647309,0.6993243243243243,0.6993243243243243,"[[113, 35], [54, 94]]","[148, 148]",1.2967936920888519,0.7414170927684441,0.2571705914055921,0.6952642415923129,0.6977151280633868,0.6959459459459459,0.6959459459459459,"[[110, 38], [52, 96]]","[148, 148]",1.1121960504299893,0.7565741417092768,0.23868517721759847,0.7017023430681423,0.7017023430681423
branch_attention_d256_lr6e-05_seed3417_augment_continue,augmentation,branch,3417,6e-05,accepted,8,0,140.30575263602077,44865924,7728.0,,,,,,,,,,,,attention_d256_plus_continue,0.6384763774584223,0.6385704498744005,0.6385135135135136,0.6385135135135135,"[[96, 52], [55, 93]]","[148, 148]",1.0895626288614289,0.6638056975894813,0.29553710871228117,0.641875542163174,0.6419178082191781,0.6418918918918919,0.6418918918918919,"[[94, 54], [52, 96]]","[148, 148]",1.7279395690703845,0.6468681519357194,0.3252650593357487,0.6384763774584223,0.6385704498744005,0.6385135135135136,0.6385135135135135,"[[93, 55], [52, 96]]","[148, 148]",0.803161644318559,0.6963568298027757,0.24084937779383492,0.6401759598107981,0.6401759598107981
branch_attention_d256_lr6e-05_seed3417_augment_radon,augmentation,branch,3417,6e-05,accepted,12,6,216.0552533660084,48011652,7682.0,,,,,,,,,,,,attention_d256_plus_radon,0.6722636319015604,0.6723681205754739,0.6722972972972974,0.6722972972972973,"[[98, 50], [47, 101]]","[148, 148]",1.257787286898836,0.7266252739225713,0.2807577190616522,0.6621467378897867,0.6621917808219178,0.6621621621621622,0.6621621621621622,"[[99, 49], [51, 97]]","[148, 148]",1.573240411023418,0.7068343681519359,0.29486455072793183,0.672203765227021,0.6724941724941724,0.6722972972972973,0.6722972972972973,"[[97, 51], [46, 102]]","[148, 148]",1.076538147227709,0.7279948867786705,0.25184321135301035,0.6672051848956735,0.6672051848956735
branch_attention_d256_lr6e-05_seed3417_augment_linear_resample,augmentation,branch,3417,6e-05,accepted,16,10,262.6308520460152,48011652,7834.0,,,,,,,,,,,,attention_d256_plus_linear_resample,0.6619152046783625,0.6626373626373626,0.6621621621621621,0.6621621621621622,"[[102, 46], [54, 94]]","[148, 148]",1.3198534275926965,0.7130204528853178,0.28161790873043885,0.634065934065934,0.6367331855136733,0.6351351351351351,0.6351351351351351,"[[102, 46], [62, 86]]","[148, 148]",1.7653633256413535,0.6573913440467494,0.3207459198480976,0.6917760410110881,0.6945661700262927,0.6925675675675675,0.6925675675675675,"[[110, 38], [53, 95]]","[148, 148]",1.0168033580786355,0.7151205259313367,0.24240649226512512,0.6479905693721483,0.6479905693721483
branch_attention_d256_lr6e-05_seed3418_augment_continue,augmentation,branch,3418,6e-05,accepted,8,0,137.23884373001056,44865924,7728.0,,,,,,,,,,,,attention_d256_plus_continue,0.641875542163174,0.6419178082191781,0.6418918918918919,0.6418918918918919,"[[96, 52], [54, 94]]","[148, 148]",1.5400415415847415,0.6965394448502555,0.29942355006736676,0.6990460958473753,0.7000641524996563,0.6993243243243243,0.6993243243243243,"[[99, 49], [40, 108]]","[148, 148]",1.5640341879641213,0.7224251278305333,0.26309535412739604,0.6888340417752182,0.6900568702990277,0.6891891891891893,0.6891891891891891,"[[107, 41], [51, 97]]","[148, 148]",1.0443057099898787,0.7347059897735573,0.23697922895051518,0.6704608190052747,0.6704608190052747
branch_attention_d256_lr6e-05_seed3418_augment_radon,augmentation,branch,3418,6e-05,accepted,12,6,211.7055309819989,48011652,7682.0,,,,,,,,,,,,attention_d256_plus_radon,0.6718441053774502,0.6732543726759399,0.6722972972972973,0.6722972972972973,"[[105, 43], [54, 94]]","[148, 148]",1.7261153701830927,0.7198456902848794,0.28743693822947947,0.6756756756756757,0.6756756756756757,0.6756756756756757,0.6756756756756757,"[[100, 48], [48, 100]]","[148, 148]",1.4740433245843017,0.7161705624543463,0.2845279771160851,0.6653533865497276,0.6659116906886295,0.6655405405405406,0.6655405405405406,"[[102, 46], [53, 95]]","[148, 148]",1.410101729057286,0.718772826880935,0.27267483005799625,0.6737598905265629,0.6737598905265629
branch_attention_d256_lr6e-05_seed3418_augment_linear_resample,augmentation,branch,3418,6e-05,accepted,13,7,215.6282089719898,48011652,7834.0,,,,,,,,,,,,attention_d256_plus_linear_resample,0.668918918918919,0.668918918918919,0.668918918918919,0.668918918918919,"[[99, 49], [49, 99]]","[148, 148]",1.7854169776913205,0.7225620891161433,0.2983126706697197,0.6991560747770278,0.6997712194005948,0.6993243243243243,0.6993243243243243,"[[100, 48], [41, 107]]","[148, 148]",1.5513387749770025,0.7449780861943024,0.26842137120310317,0.6857785336788156,0.6858871888559033,0.6858108108108107,0.6858108108108109,"[[100, 48], [45, 103]]","[148, 148]",1.3699614717930169,0.7393626734842952,0.26145561830575553,0.6840374968479734,0.6840374968479734
