arm,seed,r,stages,phase,split,source,bridge,C,rho,h,M,S,k,group,participants,metric,mean,sample_sd,defined_participants,undefined_participants
svd_radon,3416,16,[3],constructed_initial,train,cfp_stage3,0,256,0.0625,512,32,64,3,all,1264,self_relative,0.0,0.0,1264,0
svd_radon,3416,16,[3],constructed_initial,train,cfp_stage3,0,256,0.0625,512,32,64,3,all,1264,cross_relative,0.0,0.0,1264,0
svd_radon,3416,16,[3],constructed_initial,train,cfp_stage3,0,256,0.0625,512,32,64,3,all,1264,total_relative,0.0,0.0,1264,0
svd_radon,3416,16,[3],constructed_initial,train,cfp_stage3,0,256,0.0625,512,32,64,3,all,1264,self_cross_cosine,,,0,1264
svd_radon,3416,16,[3],constructed_initial,train,cfp_stage3,0,256,0.0625,512,32,64,3,all,1264,energy_identity_relative_error,0.0,0.0,1264,0
svd_radon,3416,16,[3],constructed_initial,train,cfp_stage3,0,256,0.0625,512,32,64,3,all,1264,channel_energy_retained,0.6511129373524998,0.02492261595740647,1264,0
svd_radon,3416,16,[3],constructed_initial,train,cfp_stage3,0,256,0.0625,512,32,64,3,label0,632,self_relative,0.0,0.0,632,0
svd_radon,3416,16,[3],constructed_initial,train,cfp_stage3,0,256,0.0625,512,32,64,3,label0,632,cross_relative,0.0,0.0,632,0
svd_radon,3416,16,[3],constructed_initial,train,cfp_stage3,0,256,0.0625,512,32,64,3,label0,632,total_relative,0.0,0.0,632,0
svd_radon,3416,16,[3],constructed_initial,train,cfp_stage3,0,256,0.0625,512,32,64,3,label0,632,self_cross_cosine,,,0,632
svd_radon,3416,16,[3],constructed_initial,train,cfp_stage3,0,256,0.0625,512,32,64,3,label0,632,energy_identity_relative_error,0.0,0.0,632,0
svd_radon,3416,16,[3],constructed_initial,train,cfp_stage3,0,256,0.0625,512,32,64,3,label0,632,channel_energy_retained,0.6539618729369265,0.02353942942416762,632,0
svd_radon,3416,16,[3],constructed_initial,train,cfp_stage3,0,256,0.0625,512,32,64,3,label1,632,self_relative,0.0,0.0,632,0
svd_radon,3416,16,[3],constructed_initial,train,cfp_stage3,0,256,0.0625,512,32,64,3,label1,632,cross_relative,0.0,0.0,632,0
svd_radon,3416,16,[3],constructed_initial,train,cfp_stage3,0,256,0.0625,512,32,64,3,label1,632,total_relative,0.0,0.0,632,0
svd_radon,3416,16,[3],constructed_initial,train,cfp_stage3,0,256,0.0625,512,32,64,3,label1,632,self_cross_cosine,,,0,632
svd_radon,3416,16,[3],constructed_initial,train,cfp_stage3,0,256,0.0625,512,32,64,3,label1,632,energy_identity_relative_error,0.0,0.0,632,0
svd_radon,3416,16,[3],constructed_initial,train,cfp_stage3,0,256,0.0625,512,32,64,3,label1,632,channel_energy_retained,0.6482640017680729,0.025940212221004882,632,0
svd_radon,3416,16,[3],constructed_initial,train,oct_stage3,0,256,0.0625,512,32,64,3,all,1264,self_relative,0.0,0.0,1264,0
svd_radon,3416,16,[3],constructed_initial,train,oct_stage3,0,256,0.0625,512,32,64,3,all,1264,cross_relative,0.0,0.0,1264,0
svd_radon,3416,16,[3],constructed_initial,train,oct_stage3,0,256,0.0625,512,32,64,3,all,1264,total_relative,0.0,0.0,1264,0
svd_radon,3416,16,[3],constructed_initial,train,oct_stage3,0,256,0.0625,512,32,64,3,all,1264,self_cross_cosine,,,0,1264
svd_radon,3416,16,[3],constructed_initial,train,oct_stage3,0,256,0.0625,512,32,64,3,all,1264,energy_identity_relative_error,0.0,0.0,1264,0
svd_radon,3416,16,[3],constructed_initial,train,oct_stage3,0,256,0.0625,512,32,64,3,all,1264,channel_energy_retained,0.6826443044326245,0.03725241190819322,1264,0
svd_radon,3416,16,[3],constructed_initial,train,oct_stage3,0,256,0.0625,512,32,64,3,label0,632,self_relative,0.0,0.0,632,0
svd_radon,3416,16,[3],constructed_initial,train,oct_stage3,0,256,0.0625,512,32,64,3,label0,632,cross_relative,0.0,0.0,632,0
svd_radon,3416,16,[3],constructed_initial,train,oct_stage3,0,256,0.0625,512,32,64,3,label0,632,total_relative,0.0,0.0,632,0
svd_radon,3416,16,[3],constructed_initial,train,oct_stage3,0,256,0.0625,512,32,64,3,label0,632,self_cross_cosine,,,0,632
svd_radon,3416,16,[3],constructed_initial,train,oct_stage3,0,256,0.0625,512,32,64,3,label0,632,energy_identity_relative_error,0.0,0.0,632,0
svd_radon,3416,16,[3],constructed_initial,train,oct_stage3,0,256,0.0625,512,32,64,3,label0,632,channel_energy_retained,0.6843554071308448,0.03659495887469172,632,0
svd_radon,3416,16,[3],constructed_initial,train,oct_stage3,0,256,0.0625,512,32,64,3,label1,632,self_relative,0.0,0.0,632,0
svd_radon,3416,16,[3],constructed_initial,train,oct_stage3,0,256,0.0625,512,32,64,3,label1,632,cross_relative,0.0,0.0,632,0
svd_radon,3416,16,[3],constructed_initial,train,oct_stage3,0,256,0.0625,512,32,64,3,label1,632,total_relative,0.0,0.0,632,0
svd_radon,3416,16,[3],constructed_initial,train,oct_stage3,0,256,0.0625,512,32,64,3,label1,632,self_cross_cosine,,,0,632
svd_radon,3416,16,[3],constructed_initial,train,oct_stage3,0,256,0.0625,512,32,64,3,label1,632,energy_identity_relative_error,0.0,0.0,632,0
svd_radon,3416,16,[3],constructed_initial,train,oct_stage3,0,256,0.0625,512,32,64,3,label1,632,channel_energy_retained,0.6809332017344041,0.037850067640602336,632,0
svd_radon,3416,16,[3],constructed_initial,validation,cfp_stage3,0,256,0.0625,512,32,64,3,all,296,self_relative,0.0,0.0,296,0
svd_radon,3416,16,[3],constructed_initial,validation,cfp_stage3,0,256,0.0625,512,32,64,3,all,296,cross_relative,0.0,0.0,296,0
svd_radon,3416,16,[3],constructed_initial,validation,cfp_stage3,0,256,0.0625,512,32,64,3,all,296,total_relative,0.0,0.0,296,0
svd_radon,3416,16,[3],constructed_initial,validation,cfp_stage3,0,256,0.0625,512,32,64,3,all,296,self_cross_cosine,,,0,296
svd_radon,3416,16,[3],constructed_initial,validation,cfp_stage3,0,256,0.0625,512,32,64,3,all,296,energy_identity_relative_error,0.0,0.0,296,0
svd_radon,3416,16,[3],constructed_initial,validation,cfp_stage3,0,256,0.0625,512,32,64,3,all,296,channel_energy_retained,0.6511995204556743,0.02437543916914782,296,0
svd_radon,3416,16,[3],constructed_initial,validation,cfp_stage3,0,256,0.0625,512,32,64,3,label0,148,self_relative,0.0,0.0,148,0
svd_radon,3416,16,[3],constructed_initial,validation,cfp_stage3,0,256,0.0625,512,32,64,3,label0,148,cross_relative,0.0,0.0,148,0
svd_radon,3416,16,[3],constructed_initial,validation,cfp_stage3,0,256,0.0625,512,32,64,3,label0,148,total_relative,0.0,0.0,148,0
svd_radon,3416,16,[3],constructed_initial,validation,cfp_stage3,0,256,0.0625,512,32,64,3,label0,148,self_cross_cosine,,,0,148
svd_radon,3416,16,[3],constructed_initial,validation,cfp_stage3,0,256,0.0625,512,32,64,3,label0,148,energy_identity_relative_error,0.0,0.0,148,0
svd_radon,3416,16,[3],constructed_initial,validation,cfp_stage3,0,256,0.0625,512,32,64,3,label0,148,channel_energy_retained,0.652599718587423,0.02396377830808441,148,0
svd_radon,3416,16,[3],constructed_initial,validation,cfp_stage3,0,256,0.0625,512,32,64,3,label1,148,self_relative,0.0,0.0,148,0
svd_radon,3416,16,[3],constructed_initial,validation,cfp_stage3,0,256,0.0625,512,32,64,3,label1,148,cross_relative,0.0,0.0,148,0
svd_radon,3416,16,[3],constructed_initial,validation,cfp_stage3,0,256,0.0625,512,32,64,3,label1,148,total_relative,0.0,0.0,148,0
svd_radon,3416,16,[3],constructed_initial,validation,cfp_stage3,0,256,0.0625,512,32,64,3,label1,148,self_cross_cosine,,,0,148
svd_radon,3416,16,[3],constructed_initial,validation,cfp_stage3,0,256,0.0625,512,32,64,3,label1,148,energy_identity_relative_error,0.0,0.0,148,0
svd_radon,3416,16,[3],constructed_initial,validation,cfp_stage3,0,256,0.0625,512,32,64,3,label1,148,channel_energy_retained,0.6497993223239253,0.024782161595601763,148,0
svd_radon,3416,16,[3],constructed_initial,validation,oct_stage3,0,256,0.0625,512,32,64,3,all,296,self_relative,0.0,0.0,296,0
svd_radon,3416,16,[3],constructed_initial,validation,oct_stage3,0,256,0.0625,512,32,64,3,all,296,cross_relative,0.0,0.0,296,0
svd_radon,3416,16,[3],constructed_initial,validation,oct_stage3,0,256,0.0625,512,32,64,3,all,296,total_relative,0.0,0.0,296,0
svd_radon,3416,16,[3],constructed_initial,validation,oct_stage3,0,256,0.0625,512,32,64,3,all,296,self_cross_cosine,,,0,296
svd_radon,3416,16,[3],constructed_initial,validation,oct_stage3,0,256,0.0625,512,32,64,3,all,296,energy_identity_relative_error,0.0,0.0,296,0
svd_radon,3416,16,[3],constructed_initial,validation,oct_stage3,0,256,0.0625,512,32,64,3,all,296,channel_energy_retained,0.6834710805973391,0.03663421645787291,296,0
svd_radon,3416,16,[3],constructed_initial,validation,oct_stage3,0,256,0.0625,512,32,64,3,label0,148,self_relative,0.0,0.0,148,0
svd_radon,3416,16,[3],constructed_initial,validation,oct_stage3,0,256,0.0625,512,32,64,3,label0,148,cross_relative,0.0,0.0,148,0
svd_radon,3416,16,[3],constructed_initial,validation,oct_stage3,0,256,0.0625,512,32,64,3,label0,148,total_relative,0.0,0.0,148,0
svd_radon,3416,16,[3],constructed_initial,validation,oct_stage3,0,256,0.0625,512,32,64,3,label0,148,self_cross_cosine,,,0,148
svd_radon,3416,16,[3],constructed_initial,validation,oct_stage3,0,256,0.0625,512,32,64,3,label0,148,energy_identity_relative_error,0.0,0.0,148,0
svd_radon,3416,16,[3],constructed_initial,validation,oct_stage3,0,256,0.0625,512,32,64,3,label0,148,channel_energy_retained,0.6810298577026515,0.03456383926326756,148,0
svd_radon,3416,16,[3],constructed_initial,validation,oct_stage3,0,256,0.0625,512,32,64,3,label1,148,self_relative,0.0,0.0,148,0
svd_radon,3416,16,[3],constructed_initial,validation,oct_stage3,0,256,0.0625,512,32,64,3,label1,148,cross_relative,0.0,0.0,148,0
svd_radon,3416,16,[3],constructed_initial,validation,oct_stage3,0,256,0.0625,512,32,64,3,label1,148,total_relative,0.0,0.0,148,0
svd_radon,3416,16,[3],constructed_initial,validation,oct_stage3,0,256,0.0625,512,32,64,3,label1,148,self_cross_cosine,,,0,148
svd_radon,3416,16,[3],constructed_initial,validation,oct_stage3,0,256,0.0625,512,32,64,3,label1,148,energy_identity_relative_error,0.0,0.0,148,0
svd_radon,3416,16,[3],constructed_initial,validation,oct_stage3,0,256,0.0625,512,32,64,3,label1,148,channel_energy_retained,0.685912303492027,0.03855647967274525,148,0
svd_radon,3416,16,[3],constructed_initial,test,cfp_stage3,0,256,0.0625,512,32,64,3,all,290,self_relative,0.0,0.0,290,0
svd_radon,3416,16,[3],constructed_initial,test,cfp_stage3,0,256,0.0625,512,32,64,3,all,290,cross_relative,0.0,0.0,290,0
svd_radon,3416,16,[3],constructed_initial,test,cfp_stage3,0,256,0.0625,512,32,64,3,all,290,total_relative,0.0,0.0,290,0
svd_radon,3416,16,[3],constructed_initial,test,cfp_stage3,0,256,0.0625,512,32,64,3,all,290,self_cross_cosine,,,0,290
svd_radon,3416,16,[3],constructed_initial,test,cfp_stage3,0,256,0.0625,512,32,64,3,all,290,energy_identity_relative_error,0.0,0.0,290,0
svd_radon,3416,16,[3],constructed_initial,test,cfp_stage3,0,256,0.0625,512,32,64,3,all,290,channel_energy_retained,0.6503530464625678,0.02521027993973756,290,0
svd_radon,3416,16,[3],constructed_initial,test,cfp_stage3,0,256,0.0625,512,32,64,3,label0,145,self_relative,0.0,0.0,145,0
svd_radon,3416,16,[3],constructed_initial,test,cfp_stage3,0,256,0.0625,512,32,64,3,label0,145,cross_relative,0.0,0.0,145,0
svd_radon,3416,16,[3],constructed_initial,test,cfp_stage3,0,256,0.0625,512,32,64,3,label0,145,total_relative,0.0,0.0,145,0
svd_radon,3416,16,[3],constructed_initial,test,cfp_stage3,0,256,0.0625,512,32,64,3,label0,145,self_cross_cosine,,,0,145
svd_radon,3416,16,[3],constructed_initial,test,cfp_stage3,0,256,0.0625,512,32,64,3,label0,145,energy_identity_relative_error,0.0,0.0,145,0
svd_radon,3416,16,[3],constructed_initial,test,cfp_stage3,0,256,0.0625,512,32,64,3,label0,145,channel_energy_retained,0.6499469933439554,0.025050321575886842,145,0
svd_radon,3416,16,[3],constructed_initial,test,cfp_stage3,0,256,0.0625,512,32,64,3,label1,145,self_relative,0.0,0.0,145,0
svd_radon,3416,16,[3],constructed_initial,test,cfp_stage3,0,256,0.0625,512,32,64,3,label1,145,cross_relative,0.0,0.0,145,0
svd_radon,3416,16,[3],constructed_initial,test,cfp_stage3,0,256,0.0625,512,32,64,3,label1,145,total_relative,0.0,0.0,145,0
svd_radon,3416,16,[3],constructed_initial,test,cfp_stage3,0,256,0.0625,512,32,64,3,label1,145,self_cross_cosine,,,0,145
svd_radon,3416,16,[3],constructed_initial,test,cfp_stage3,0,256,0.0625,512,32,64,3,label1,145,energy_identity_relative_error,0.0,0.0,145,0
svd_radon,3416,16,[3],constructed_initial,test,cfp_stage3,0,256,0.0625,512,32,64,3,label1,145,channel_energy_retained,0.6507590995811801,0.02544954554955614,145,0
svd_radon,3416,16,[3],constructed_initial,test,oct_stage3,0,256,0.0625,512,32,64,3,all,290,self_relative,0.0,0.0,290,0
svd_radon,3416,16,[3],constructed_initial,test,oct_stage3,0,256,0.0625,512,32,64,3,all,290,cross_relative,0.0,0.0,290,0
svd_radon,3416,16,[3],constructed_initial,test,oct_stage3,0,256,0.0625,512,32,64,3,all,290,total_relative,0.0,0.0,290,0
svd_radon,3416,16,[3],constructed_initial,test,oct_stage3,0,256,0.0625,512,32,64,3,all,290,self_cross_cosine,,,0,290
svd_radon,3416,16,[3],constructed_initial,test,oct_stage3,0,256,0.0625,512,32,64,3,all,290,energy_identity_relative_error,0.0,0.0,290,0
svd_radon,3416,16,[3],constructed_initial,test,oct_stage3,0,256,0.0625,512,32,64,3,all,290,channel_energy_retained,0.6796112621559266,0.04277154658748663,290,0
svd_radon,3416,16,[3],constructed_initial,test,oct_stage3,0,256,0.0625,512,32,64,3,label0,145,self_relative,0.0,0.0,145,0
svd_radon,3416,16,[3],constructed_initial,test,oct_stage3,0,256,0.0625,512,32,64,3,label0,145,cross_relative,0.0,0.0,145,0
svd_radon,3416,16,[3],constructed_initial,test,oct_stage3,0,256,0.0625,512,32,64,3,label0,145,total_relative,0.0,0.0,145,0
svd_radon,3416,16,[3],constructed_initial,test,oct_stage3,0,256,0.0625,512,32,64,3,label0,145,self_cross_cosine,,,0,145
svd_radon,3416,16,[3],constructed_initial,test,oct_stage3,0,256,0.0625,512,32,64,3,label0,145,energy_identity_relative_error,0.0,0.0,145,0
svd_radon,3416,16,[3],constructed_initial,test,oct_stage3,0,256,0.0625,512,32,64,3,label0,145,channel_energy_retained,0.6809488544343032,0.04515597737659962,145,0
svd_radon,3416,16,[3],constructed_initial,test,oct_stage3,0,256,0.0625,512,32,64,3,label1,145,self_relative,0.0,0.0,145,0
svd_radon,3416,16,[3],constructed_initial,test,oct_stage3,0,256,0.0625,512,32,64,3,label1,145,cross_relative,0.0,0.0,145,0
svd_radon,3416,16,[3],constructed_initial,test,oct_stage3,0,256,0.0625,512,32,64,3,label1,145,total_relative,0.0,0.0,145,0
svd_radon,3416,16,[3],constructed_initial,test,oct_stage3,0,256,0.0625,512,32,64,3,label1,145,self_cross_cosine,,,0,145
svd_radon,3416,16,[3],constructed_initial,test,oct_stage3,0,256,0.0625,512,32,64,3,label1,145,energy_identity_relative_error,0.0,0.0,145,0
svd_radon,3416,16,[3],constructed_initial,test,oct_stage3,0,256,0.0625,512,32,64,3,label1,145,channel_energy_retained,0.6782736698775501,0.04035900332442017,145,0
svd_radon,3416,16,[3],selected,train,cfp_stage3,0,256,0.0625,512,32,64,3,all,1264,self_relative,0.4255588717419504,0.013811922434503106,1264,0
svd_radon,3416,16,[3],selected,train,cfp_stage3,0,256,0.0625,512,32,64,3,all,1264,cross_relative,0.319174886782735,0.028647671645947462,1264,0
svd_radon,3416,16,[3],selected,train,cfp_stage3,0,256,0.0625,512,32,64,3,all,1264,total_relative,0.6180451460298707,0.031025432036395035,1264,0
svd_radon,3416,16,[3],selected,train,cfp_stage3,0,256,0.0625,512,32,64,3,all,1264,self_cross_cosine,0.3637823561469208,0.04433309122882914,1264,0
svd_radon,3416,16,[3],selected,train,cfp_stage3,0,256,0.0625,512,32,64,3,all,1264,energy_identity_relative_error,7.444430000526845e-17,6.387125327219362e-17,1264,0
svd_radon,3416,16,[3],selected,train,cfp_stage3,0,256,0.0625,512,32,64,3,all,1264,channel_energy_retained,0.5861352008817019,0.021594504401755355,1264,0
svd_radon,3416,16,[3],selected,train,cfp_stage3,0,256,0.0625,512,32,64,3,label0,632,self_relative,0.4275002229231422,0.012641767729500788,632,0
svd_radon,3416,16,[3],selected,train,cfp_stage3,0,256,0.0625,512,32,64,3,label0,632,cross_relative,0.3365315234554907,0.02466227914194237,632,0
svd_radon,3416,16,[3],selected,train,cfp_stage3,0,256,0.0625,512,32,64,3,label0,632,total_relative,0.6355881158574067,0.02636342117981277,632,0
svd_radon,3416,16,[3],selected,train,cfp_stage3,0,256,0.0625,512,32,64,3,label0,632,self_cross_cosine,0.3751157629268934,0.04169153915795177,632,0
svd_radon,3416,16,[3],selected,train,cfp_stage3,0,256,0.0625,512,32,64,3,label0,632,energy_identity_relative_error,7.895458378464812e-17,6.609378441733741e-17,632,0
svd_radon,3416,16,[3],selected,train,cfp_stage3,0,256,0.0625,512,32,64,3,label0,632,channel_energy_retained,0.589827932822512,0.02063910756315977,632,0
svd_radon,3416,16,[3],selected,train,cfp_stage3,0,256,0.0625,512,32,64,3,label1,632,self_relative,0.4236175205607591,0.014645026639604574,632,0
svd_radon,3416,16,[3],selected,train,cfp_stage3,0,256,0.0625,512,32,64,3,label1,632,cross_relative,0.3018182501099793,0.02076030514829183,632,0
svd_radon,3416,16,[3],selected,train,cfp_stage3,0,256,0.0625,512,32,64,3,label1,632,total_relative,0.6005021762023348,0.024802486451338094,632,0
svd_radon,3416,16,[3],selected,train,cfp_stage3,0,256,0.0625,512,32,64,3,label1,632,self_cross_cosine,0.35244894936694837,0.04402813822645446,632,0
svd_radon,3416,16,[3],selected,train,cfp_stage3,0,256,0.0625,512,32,64,3,label1,632,energy_identity_relative_error,6.993401622588878e-17,6.128948561362815e-17,632,0
svd_radon,3416,16,[3],selected,train,cfp_stage3,0,256,0.0625,512,32,64,3,label1,632,channel_energy_retained,0.5824424689408921,0.021911087188556663,632,0
svd_radon,3416,16,[3],selected,train,oct_stage3,0,256,0.0625,512,32,64,3,all,1264,self_relative,0.9672153740926572,0.0535203682504139,1264,0
svd_radon,3416,16,[3],selected,train,oct_stage3,0,256,0.0625,512,32,64,3,all,1264,cross_relative,1.2079386167945165,0.12713852906023534,1264,0
svd_radon,3416,16,[3],selected,train,oct_stage3,0,256,0.0625,512,32,64,3,all,1264,total_relative,1.5125041575803346,0.09824776796664966,1264,0
svd_radon,3416,16,[3],selected,train,oct_stage3,0,256,0.0625,512,32,64,3,all,1264,self_cross_cosine,-0.045653657917047306,0.06149764864338939,1264,0
svd_radon,3416,16,[3],selected,train,oct_stage3,0,256,0.0625,512,32,64,3,all,1264,energy_identity_relative_error,7.931093645332152e-17,5.898047375591887e-17,1264,0
svd_radon,3416,16,[3],selected,train,oct_stage3,0,256,0.0625,512,32,64,3,all,1264,channel_energy_retained,0.5048326965251559,0.025805935666575998,1264,0
svd_radon,3416,16,[3],selected,train,oct_stage3,0,256,0.0625,512,32,64,3,label0,632,self_relative,0.9564998899741188,0.051684425988465614,632,0
svd_radon,3416,16,[3],selected,train,oct_stage3,0,256,0.0625,512,32,64,3,label0,632,cross_relative,1.1166329301036988,0.06999191861481677,632,0
svd_radon,3416,16,[3],selected,train,oct_stage3,0,256,0.0625,512,32,64,3,label0,632,total_relative,1.4508857817799827,0.06703792876870879,632,0
svd_radon,3416,16,[3],selected,train,oct_stage3,0,256,0.0625,512,32,64,3,label0,632,self_cross_cosine,-0.025833508170108436,0.06347598735974518,632,0
svd_radon,3416,16,[3],selected,train,oct_stage3,0,256,0.0625,512,32,64,3,label0,632,energy_identity_relative_error,7.787684310507723e-17,5.737867649235237e-17,632,0
svd_radon,3416,16,[3],selected,train,oct_stage3,0,256,0.0625,512,32,64,3,label0,632,channel_energy_retained,0.5070021427278568,0.024761520938007323,632,0
svd_radon,3416,16,[3],selected,train,oct_stage3,0,256,0.0625,512,32,64,3,label1,632,self_relative,0.977930858211197,0.05321759219334384,632,0
svd_radon,3416,16,[3],selected,train,oct_stage3,0,256,0.0625,512,32,64,3,label1,632,cross_relative,1.299244303485334,0.10370765918358284,632,0
svd_radon,3416,16,[3],selected,train,oct_stage3,0,256,0.0625,512,32,64,3,label1,632,total_relative,1.5741225333806856,0.08497516396142456,632,0
svd_radon,3416,16,[3],selected,train,oct_stage3,0,256,0.0625,512,32,64,3,label1,632,self_cross_cosine,-0.06547380766398622,0.052476589097772364,632,0
svd_radon,3416,16,[3],selected,train,oct_stage3,0,256,0.0625,512,32,64,3,label1,632,energy_identity_relative_error,8.074502980156581e-17,6.055141019174032e-17,632,0
svd_radon,3416,16,[3],selected,train,oct_stage3,0,256,0.0625,512,32,64,3,label1,632,channel_energy_retained,0.5026632503224556,0.026653089563700324,632,0
svd_radon,3416,16,[3],selected,validation,cfp_stage3,0,256,0.0625,512,32,64,3,all,296,self_relative,0.4257515050277427,0.013898055438070486,296,0
svd_radon,3416,16,[3],selected,validation,cfp_stage3,0,256,0.0625,512,32,64,3,all,296,cross_relative,0.31780142219924534,0.02515935691456279,296,0
svd_radon,3416,16,[3],selected,validation,cfp_stage3,0,256,0.0625,512,32,64,3,all,296,total_relative,0.6173615878475135,0.027398074192892117,296,0
svd_radon,3416,16,[3],selected,validation,cfp_stage3,0,256,0.0625,512,32,64,3,all,296,self_cross_cosine,0.3651181783241725,0.04139110979097781,296,0
svd_radon,3416,16,[3],selected,validation,cfp_stage3,0,256,0.0625,512,32,64,3,all,296,energy_identity_relative_error,7.810022424524479e-17,6.10217555491652e-17,296,0
svd_radon,3416,16,[3],selected,validation,cfp_stage3,0,256,0.0625,512,32,64,3,all,296,channel_energy_retained,0.5868229386205468,0.021448478700071476,296,0
svd_radon,3416,16,[3],selected,validation,cfp_stage3,0,256,0.0625,512,32,64,3,label0,148,self_relative,0.4265347674717308,0.012511439740997844,148,0
svd_radon,3416,16,[3],selected,validation,cfp_stage3,0,256,0.0625,512,32,64,3,label0,148,cross_relative,0.322348858242408,0.025379436752543193,148,0
svd_radon,3416,16,[3],selected,validation,cfp_stage3,0,256,0.0625,512,32,64,3,label0,148,total_relative,0.6225144551188762,0.025569936055035523,148,0
svd_radon,3416,16,[3],selected,validation,cfp_stage3,0,256,0.0625,512,32,64,3,label0,148,self_cross_cosine,0.36969270591182335,0.03972850076882383,148,0
svd_radon,3416,16,[3],selected,validation,cfp_stage3,0,256,0.0625,512,32,64,3,label0,148,energy_identity_relative_error,8.179144209152758e-17,6.595839748403457e-17,148,0
svd_radon,3416,16,[3],selected,validation,cfp_stage3,0,256,0.0625,512,32,64,3,label0,148,channel_energy_retained,0.5877191717948509,0.020963009320451663,148,0
svd_radon,3416,16,[3],selected,validation,cfp_stage3,0,256,0.0625,512,32,64,3,label1,148,self_relative,0.4249682425837544,0.0151609499865668,148,0
svd_radon,3416,16,[3],selected,validation,cfp_stage3,0,256,0.0625,512,32,64,3,label1,148,cross_relative,0.3132539861560825,0.024177201013564107,148,0
svd_radon,3416,16,[3],selected,validation,cfp_stage3,0,256,0.0625,512,32,64,3,label1,148,total_relative,0.6122087205761508,0.028268860387302565,148,0
svd_radon,3416,16,[3],selected,validation,cfp_stage3,0,256,0.0625,512,32,64,3,label1,148,self_cross_cosine,0.36054365073652167,0.04263345439963909,148,0
svd_radon,3416,16,[3],selected,validation,cfp_stage3,0,256,0.0625,512,32,64,3,label1,148,energy_identity_relative_error,7.4409006398962e-17,5.562997871846945e-17,148,0
svd_radon,3416,16,[3],selected,validation,cfp_stage3,0,256,0.0625,512,32,64,3,label1,148,channel_energy_retained,0.5859267054462423,0.021957659852370484,148,0
svd_radon,3416,16,[3],selected,validation,oct_stage3,0,256,0.0625,512,32,64,3,all,296,self_relative,0.9681229946284425,0.05102501483743464,296,0
svd_radon,3416,16,[3],selected,validation,oct_stage3,0,256,0.0625,512,32,64,3,all,296,cross_relative,1.2079926553872244,0.10956383384755283,296,0
svd_radon,3416,16,[3],selected,validation,oct_stage3,0,256,0.0625,512,32,64,3,all,296,total_relative,1.5062716305772286,0.08126987229832543,296,0
svd_radon,3416,16,[3],selected,validation,oct_stage3,0,256,0.0625,512,32,64,3,all,296,self_cross_cosine,-0.0541635931577112,0.05862156821745297,296,0
svd_radon,3416,16,[3],selected,validation,oct_stage3,0,256,0.0625,512,32,64,3,all,296,energy_identity_relative_error,7.888959827203964e-17,6.351431491577339e-17,296,0
svd_radon,3416,16,[3],selected,validation,oct_stage3,0,256,0.0625,512,32,64,3,all,296,channel_energy_retained,0.5063242979284902,0.0256251688738967,296,0
svd_radon,3416,16,[3],selected,validation,oct_stage3,0,256,0.0625,512,32,64,3,label0,148,self_relative,0.9615030638462351,0.05041275287109494,148,0
svd_radon,3416,16,[3],selected,validation,oct_stage3,0,256,0.0625,512,32,64,3,label0,148,cross_relative,1.1721329907090148,0.08665471622778106,148,0
svd_radon,3416,16,[3],selected,validation,oct_stage3,0,256,0.0625,512,32,64,3,label0,148,total_relative,1.4808284153684972,0.06301769439677446,148,0
svd_radon,3416,16,[3],selected,validation,oct_stage3,0,256,0.0625,512,32,64,3,label0,148,self_cross_cosine,-0.0459670171796256,0.05964705383645208,148,0
svd_radon,3416,16,[3],selected,validation,oct_stage3,0,256,0.0625,512,32,64,3,label0,148,energy_identity_relative_error,7.681759911540537e-17,6.183915401552782e-17,148,0
svd_radon,3416,16,[3],selected,validation,oct_stage3,0,256,0.0625,512,32,64,3,label0,148,channel_energy_retained,0.5044625385722907,0.02612532842439651,148,0
svd_radon,3416,16,[3],selected,validation,oct_stage3,0,256,0.0625,512,32,64,3,label1,148,self_relative,0.97474292541065,0.050942385695279105,148,0
svd_radon,3416,16,[3],selected,validation,oct_stage3,0,256,0.0625,512,32,64,3,label1,148,cross_relative,1.2438523200654343,0.11828678046403875,148,0
svd_radon,3416,16,[3],selected,validation,oct_stage3,0,256,0.0625,512,32,64,3,label1,148,total_relative,1.531714845785959,0.08932951951743927,148,0
svd_radon,3416,16,[3],selected,validation,oct_stage3,0,256,0.0625,512,32,64,3,label1,148,self_cross_cosine,-0.06236016913579683,0.056597713546711385,148,0
svd_radon,3416,16,[3],selected,validation,oct_stage3,0,256,0.0625,512,32,64,3,label1,148,energy_identity_relative_error,8.09615974286739e-17,6.529052992789702e-17,148,0
svd_radon,3416,16,[3],selected,validation,oct_stage3,0,256,0.0625,512,32,64,3,label1,148,channel_energy_retained,0.5081860572846897,0.025064981986362856,148,0
svd_radon,3416,16,[3],selected,test,cfp_stage3,0,256,0.0625,512,32,64,3,all,290,self_relative,0.42507622399346523,0.01358858842894145,290,0
svd_radon,3416,16,[3],selected,test,cfp_stage3,0,256,0.0625,512,32,64,3,all,290,cross_relative,0.3182868878254787,0.0264320101630039,290,0
svd_radon,3416,16,[3],selected,test,cfp_stage3,0,256,0.0625,512,32,64,3,all,290,total_relative,0.6164627872034368,0.028224548638438166,290,0
svd_radon,3416,16,[3],selected,test,cfp_stage3,0,256,0.0625,512,32,64,3,all,290,self_cross_cosine,0.3622882176883441,0.0525953328420924,290,0
svd_radon,3416,16,[3],selected,test,cfp_stage3,0,256,0.0625,512,32,64,3,all,290,energy_identity_relative_error,8.01119176556874e-17,6.446798210658243e-17,290,0
svd_radon,3416,16,[3],selected,test,cfp_stage3,0,256,0.0625,512,32,64,3,all,290,channel_energy_retained,0.5861526351717941,0.02174543651200981,290,0
svd_radon,3416,16,[3],selected,test,cfp_stage3,0,256,0.0625,512,32,64,3,label0,145,self_relative,0.4247571728706876,0.012979598117986968,145,0
svd_radon,3416,16,[3],selected,test,cfp_stage3,0,256,0.0625,512,32,64,3,label0,145,cross_relative,0.3208754870821901,0.027495435090901896,145,0
svd_radon,3416,16,[3],selected,test,cfp_stage3,0,256,0.0625,512,32,64,3,label0,145,total_relative,0.6195900692056026,0.028232174741617416,145,0
svd_radon,3416,16,[3],selected,test,cfp_stage3,0,256,0.0625,512,32,64,3,label0,145,self_cross_cosine,0.3686519472245779,0.049259409819168536,145,0
svd_radon,3416,16,[3],selected,test,cfp_stage3,0,256,0.0625,512,32,64,3,label0,145,energy_identity_relative_error,7.746642600406881e-17,6.551789003821945e-17,145,0
svd_radon,3416,16,[3],selected,test,cfp_stage3,0,256,0.0625,512,32,64,3,label0,145,channel_energy_retained,0.5854756035323475,0.021654095686354922,145,0
svd_radon,3416,16,[3],selected,test,cfp_stage3,0,256,0.0625,512,32,64,3,label1,145,self_relative,0.425395275116243,0.01420939099572545,145,0
svd_radon,3416,16,[3],selected,test,cfp_stage3,0,256,0.0625,512,32,64,3,label1,145,cross_relative,0.31569828856876725,0.025152740533008287,145,0
svd_radon,3416,16,[3],selected,test,cfp_stage3,0,256,0.0625,512,32,64,3,label1,145,total_relative,0.6133355052012712,0.02796481902012815,145,0
svd_radon,3416,16,[3],selected,test,cfp_stage3,0,256,0.0625,512,32,64,3,label1,145,self_cross_cosine,0.3559244881521104,0.0551697585018614,145,0
svd_radon,3416,16,[3],selected,test,cfp_stage3,0,256,0.0625,512,32,64,3,label1,145,energy_identity_relative_error,8.275740930730598e-17,6.351704505764088e-17,145,0
svd_radon,3416,16,[3],selected,test,cfp_stage3,0,256,0.0625,512,32,64,3,label1,145,channel_energy_retained,0.5868296668112405,0.021890382045224182,145,0
svd_radon,3416,16,[3],selected,test,oct_stage3,0,256,0.0625,512,32,64,3,all,290,self_relative,0.9683436935584813,0.05547140904501098,290,0
svd_radon,3416,16,[3],selected,test,oct_stage3,0,256,0.0625,512,32,64,3,all,290,cross_relative,1.1976886302856489,0.1077896926333839,290,0
svd_radon,3416,16,[3],selected,test,oct_stage3,0,256,0.0625,512,32,64,3,all,290,total_relative,1.5037551246941274,0.08647899802193686,290,0
svd_radon,3416,16,[3],selected,test,oct_stage3,0,256,0.0625,512,32,64,3,all,290,self_cross_cosine,-0.04749171191272953,0.06095891677927024,290,0
svd_radon,3416,16,[3],selected,test,oct_stage3,0,256,0.0625,512,32,64,3,all,290,energy_identity_relative_error,8.287300719169401e-17,6.063944665979009e-17,290,0
svd_radon,3416,16,[3],selected,test,oct_stage3,0,256,0.0625,512,32,64,3,all,290,channel_energy_retained,0.5055219123724534,0.029486670877449262,290,0
svd_radon,3416,16,[3],selected,test,oct_stage3,0,256,0.0625,512,32,64,3,label0,145,self_relative,0.9617351075390479,0.056383831587628795,145,0
svd_radon,3416,16,[3],selected,test,oct_stage3,0,256,0.0625,512,32,64,3,label0,145,cross_relative,1.1806061619474462,0.10815465362420067,145,0
svd_radon,3416,16,[3],selected,test,oct_stage3,0,256,0.0625,512,32,64,3,label0,145,total_relative,1.4915175832504626,0.09103663941377627,145,0
svd_radon,3416,16,[3],selected,test,oct_stage3,0,256,0.0625,512,32,64,3,label0,145,self_cross_cosine,-0.04109874140369904,0.0613736436641343,145,0
svd_radon,3416,16,[3],selected,test,oct_stage3,0,256,0.0625,512,32,64,3,label0,145,energy_identity_relative_error,8.776794927582223e-17,6.134245951721332e-17,145,0
svd_radon,3416,16,[3],selected,test,oct_stage3,0,256,0.0625,512,32,64,3,label0,145,channel_energy_retained,0.5051085402231951,0.03280099566015707,145,0
svd_radon,3416,16,[3],selected,test,oct_stage3,0,256,0.0625,512,32,64,3,label1,145,self_relative,0.974952279577915,0.05392989131002745,145,0
svd_radon,3416,16,[3],selected,test,oct_stage3,0,256,0.0625,512,32,64,3,label1,145,cross_relative,1.2147710986238514,0.10503721743146284,145,0
svd_radon,3416,16,[3],selected,test,oct_stage3,0,256,0.0625,512,32,64,3,label1,145,total_relative,1.5159926661377923,0.08012430665922157,145,0
svd_radon,3416,16,[3],selected,test,oct_stage3,0,256,0.0625,512,32,64,3,label1,145,self_cross_cosine,-0.05388468242176003,0.060072894322868664,145,0
svd_radon,3416,16,[3],selected,test,oct_stage3,0,256,0.0625,512,32,64,3,label1,145,energy_identity_relative_error,7.797806510756577e-17,5.973834325106166e-17,145,0
svd_radon,3416,16,[3],selected,test,oct_stage3,0,256,0.0625,512,32,64,3,label1,145,channel_energy_retained,0.5059352845217113,0.02585954406004759,145,0
svd_radon,3416,32,[3],constructed_initial,train,cfp_stage3,0,256,0.125,1024,32,64,3,all,1264,self_relative,0.0,0.0,1264,0
svd_radon,3416,32,[3],constructed_initial,train,cfp_stage3,0,256,0.125,1024,32,64,3,all,1264,cross_relative,0.0,0.0,1264,0
svd_radon,3416,32,[3],constructed_initial,train,cfp_stage3,0,256,0.125,1024,32,64,3,all,1264,total_relative,0.0,0.0,1264,0
svd_radon,3416,32,[3],constructed_initial,train,cfp_stage3,0,256,0.125,1024,32,64,3,all,1264,self_cross_cosine,,,0,1264
svd_radon,3416,32,[3],constructed_initial,train,cfp_stage3,0,256,0.125,1024,32,64,3,all,1264,energy_identity_relative_error,0.0,0.0,1264,0
svd_radon,3416,32,[3],constructed_initial,train,cfp_stage3,0,256,0.125,1024,32,64,3,all,1264,channel_energy_retained,0.748028282993124,0.024909235057483787,1264,0
svd_radon,3416,32,[3],constructed_initial,train,cfp_stage3,0,256,0.125,1024,32,64,3,label0,632,self_relative,0.0,0.0,632,0
svd_radon,3416,32,[3],constructed_initial,train,cfp_stage3,0,256,0.125,1024,32,64,3,label0,632,cross_relative,0.0,0.0,632,0
svd_radon,3416,32,[3],constructed_initial,train,cfp_stage3,0,256,0.125,1024,32,64,3,label0,632,total_relative,0.0,0.0,632,0
svd_radon,3416,32,[3],constructed_initial,train,cfp_stage3,0,256,0.125,1024,32,64,3,label0,632,self_cross_cosine,,,0,632
svd_radon,3416,32,[3],constructed_initial,train,cfp_stage3,0,256,0.125,1024,32,64,3,label0,632,energy_identity_relative_error,0.0,0.0,632,0
svd_radon,3416,32,[3],constructed_initial,train,cfp_stage3,0,256,0.125,1024,32,64,3,label0,632,channel_energy_retained,0.7505203015408083,0.02344572709816693,632,0
svd_radon,3416,32,[3],constructed_initial,train,cfp_stage3,0,256,0.125,1024,32,64,3,label1,632,self_relative,0.0,0.0,632,0
svd_radon,3416,32,[3],constructed_initial,train,cfp_stage3,0,256,0.125,1024,32,64,3,label1,632,cross_relative,0.0,0.0,632,0
svd_radon,3416,32,[3],constructed_initial,train,cfp_stage3,0,256,0.125,1024,32,64,3,label1,632,total_relative,0.0,0.0,632,0
svd_radon,3416,32,[3],constructed_initial,train,cfp_stage3,0,256,0.125,1024,32,64,3,label1,632,self_cross_cosine,,,0,632
svd_radon,3416,32,[3],constructed_initial,train,cfp_stage3,0,256,0.125,1024,32,64,3,label1,632,energy_identity_relative_error,0.0,0.0,632,0
svd_radon,3416,32,[3],constructed_initial,train,cfp_stage3,0,256,0.125,1024,32,64,3,label1,632,channel_energy_retained,0.7455362644454403,0.026072613580175038,632,0
svd_radon,3416,32,[3],constructed_initial,train,oct_stage3,0,256,0.125,1024,32,64,3,all,1264,self_relative,0.0,0.0,1264,0
svd_radon,3416,32,[3],constructed_initial,train,oct_stage3,0,256,0.125,1024,32,64,3,all,1264,cross_relative,0.0,0.0,1264,0
svd_radon,3416,32,[3],constructed_initial,train,oct_stage3,0,256,0.125,1024,32,64,3,all,1264,total_relative,0.0,0.0,1264,0
svd_radon,3416,32,[3],constructed_initial,train,oct_stage3,0,256,0.125,1024,32,64,3,all,1264,self_cross_cosine,,,0,1264
svd_radon,3416,32,[3],constructed_initial,train,oct_stage3,0,256,0.125,1024,32,64,3,all,1264,energy_identity_relative_error,0.0,0.0,1264,0
svd_radon,3416,32,[3],constructed_initial,train,oct_stage3,0,256,0.125,1024,32,64,3,all,1264,channel_energy_retained,0.7721568331613957,0.030372874112870978,1264,0
svd_radon,3416,32,[3],constructed_initial,train,oct_stage3,0,256,0.125,1024,32,64,3,label0,632,self_relative,0.0,0.0,632,0
svd_radon,3416,32,[3],constructed_initial,train,oct_stage3,0,256,0.125,1024,32,64,3,label0,632,cross_relative,0.0,0.0,632,0
svd_radon,3416,32,[3],constructed_initial,train,oct_stage3,0,256,0.125,1024,32,64,3,label0,632,total_relative,0.0,0.0,632,0
svd_radon,3416,32,[3],constructed_initial,train,oct_stage3,0,256,0.125,1024,32,64,3,label0,632,self_cross_cosine,,,0,632
svd_radon,3416,32,[3],constructed_initial,train,oct_stage3,0,256,0.125,1024,32,64,3,label0,632,energy_identity_relative_error,0.0,0.0,632,0
svd_radon,3416,32,[3],constructed_initial,train,oct_stage3,0,256,0.125,1024,32,64,3,label0,632,channel_energy_retained,0.7735726980573058,0.02990382904260221,632,0
svd_radon,3416,32,[3],constructed_initial,train,oct_stage3,0,256,0.125,1024,32,64,3,label1,632,self_relative,0.0,0.0,632,0
svd_radon,3416,32,[3],constructed_initial,train,oct_stage3,0,256,0.125,1024,32,64,3,label1,632,cross_relative,0.0,0.0,632,0
svd_radon,3416,32,[3],constructed_initial,train,oct_stage3,0,256,0.125,1024,32,64,3,label1,632,total_relative,0.0,0.0,632,0
svd_radon,3416,32,[3],constructed_initial,train,oct_stage3,0,256,0.125,1024,32,64,3,label1,632,self_cross_cosine,,,0,632
svd_radon,3416,32,[3],constructed_initial,train,oct_stage3,0,256,0.125,1024,32,64,3,label1,632,energy_identity_relative_error,0.0,0.0,632,0
svd_radon,3416,32,[3],constructed_initial,train,oct_stage3,0,256,0.125,1024,32,64,3,label1,632,channel_energy_retained,0.7707409682654863,0.030793347575562895,632,0
svd_radon,3416,32,[3],constructed_initial,validation,cfp_stage3,0,256,0.125,1024,32,64,3,all,296,self_relative,0.0,0.0,296,0
svd_radon,3416,32,[3],constructed_initial,validation,cfp_stage3,0,256,0.125,1024,32,64,3,all,296,cross_relative,0.0,0.0,296,0
svd_radon,3416,32,[3],constructed_initial,validation,cfp_stage3,0,256,0.125,1024,32,64,3,all,296,total_relative,0.0,0.0,296,0
svd_radon,3416,32,[3],constructed_initial,validation,cfp_stage3,0,256,0.125,1024,32,64,3,all,296,self_cross_cosine,,,0,296
svd_radon,3416,32,[3],constructed_initial,validation,cfp_stage3,0,256,0.125,1024,32,64,3,all,296,energy_identity_relative_error,0.0,0.0,296,0
svd_radon,3416,32,[3],constructed_initial,validation,cfp_stage3,0,256,0.125,1024,32,64,3,all,296,channel_energy_retained,0.7477323448690713,0.024819186065793353,296,0
svd_radon,3416,32,[3],constructed_initial,validation,cfp_stage3,0,256,0.125,1024,32,64,3,label0,148,self_relative,0.0,0.0,148,0
svd_radon,3416,32,[3],constructed_initial,validation,cfp_stage3,0,256,0.125,1024,32,64,3,label0,148,cross_relative,0.0,0.0,148,0
svd_radon,3416,32,[3],constructed_initial,validation,cfp_stage3,0,256,0.125,1024,32,64,3,label0,148,total_relative,0.0,0.0,148,0
svd_radon,3416,32,[3],constructed_initial,validation,cfp_stage3,0,256,0.125,1024,32,64,3,label0,148,self_cross_cosine,,,0,148
svd_radon,3416,32,[3],constructed_initial,validation,cfp_stage3,0,256,0.125,1024,32,64,3,label0,148,energy_identity_relative_error,0.0,0.0,148,0
svd_radon,3416,32,[3],constructed_initial,validation,cfp_stage3,0,256,0.125,1024,32,64,3,label0,148,channel_energy_retained,0.7491880513405798,0.0241938747750743,148,0
svd_radon,3416,32,[3],constructed_initial,validation,cfp_stage3,0,256,0.125,1024,32,64,3,label1,148,self_relative,0.0,0.0,148,0
svd_radon,3416,32,[3],constructed_initial,validation,cfp_stage3,0,256,0.125,1024,32,64,3,label1,148,cross_relative,0.0,0.0,148,0
svd_radon,3416,32,[3],constructed_initial,validation,cfp_stage3,0,256,0.125,1024,32,64,3,label1,148,total_relative,0.0,0.0,148,0
svd_radon,3416,32,[3],constructed_initial,validation,cfp_stage3,0,256,0.125,1024,32,64,3,label1,148,self_cross_cosine,,,0,148
svd_radon,3416,32,[3],constructed_initial,validation,cfp_stage3,0,256,0.125,1024,32,64,3,label1,148,energy_identity_relative_error,0.0,0.0,148,0
svd_radon,3416,32,[3],constructed_initial,validation,cfp_stage3,0,256,0.125,1024,32,64,3,label1,148,channel_energy_retained,0.7462766383975628,0.02542761973429882,148,0
svd_radon,3416,32,[3],constructed_initial,validation,oct_stage3,0,256,0.125,1024,32,64,3,all,296,self_relative,0.0,0.0,296,0
svd_radon,3416,32,[3],constructed_initial,validation,oct_stage3,0,256,0.125,1024,32,64,3,all,296,cross_relative,0.0,0.0,296,0
svd_radon,3416,32,[3],constructed_initial,validation,oct_stage3,0,256,0.125,1024,32,64,3,all,296,total_relative,0.0,0.0,296,0
svd_radon,3416,32,[3],constructed_initial,validation,oct_stage3,0,256,0.125,1024,32,64,3,all,296,self_cross_cosine,,,0,296
svd_radon,3416,32,[3],constructed_initial,validation,oct_stage3,0,256,0.125,1024,32,64,3,all,296,energy_identity_relative_error,0.0,0.0,296,0
svd_radon,3416,32,[3],constructed_initial,validation,oct_stage3,0,256,0.125,1024,32,64,3,all,296,channel_energy_retained,0.7727520404085166,0.029468837607192273,296,0
svd_radon,3416,32,[3],constructed_initial,validation,oct_stage3,0,256,0.125,1024,32,64,3,label0,148,self_relative,0.0,0.0,148,0
svd_radon,3416,32,[3],constructed_initial,validation,oct_stage3,0,256,0.125,1024,32,64,3,label0,148,cross_relative,0.0,0.0,148,0
svd_radon,3416,32,[3],constructed_initial,validation,oct_stage3,0,256,0.125,1024,32,64,3,label0,148,total_relative,0.0,0.0,148,0
svd_radon,3416,32,[3],constructed_initial,validation,oct_stage3,0,256,0.125,1024,32,64,3,label0,148,self_cross_cosine,,,0,148
svd_radon,3416,32,[3],constructed_initial,validation,oct_stage3,0,256,0.125,1024,32,64,3,label0,148,energy_identity_relative_error,0.0,0.0,148,0
svd_radon,3416,32,[3],constructed_initial,validation,oct_stage3,0,256,0.125,1024,32,64,3,label0,148,channel_energy_retained,0.7708730506802851,0.02804627944731582,148,0
svd_radon,3416,32,[3],constructed_initial,validation,oct_stage3,0,256,0.125,1024,32,64,3,label1,148,self_relative,0.0,0.0,148,0
svd_radon,3416,32,[3],constructed_initial,validation,oct_stage3,0,256,0.125,1024,32,64,3,label1,148,cross_relative,0.0,0.0,148,0
svd_radon,3416,32,[3],constructed_initial,validation,oct_stage3,0,256,0.125,1024,32,64,3,label1,148,total_relative,0.0,0.0,148,0
svd_radon,3416,32,[3],constructed_initial,validation,oct_stage3,0,256,0.125,1024,32,64,3,label1,148,self_cross_cosine,,,0,148
svd_radon,3416,32,[3],constructed_initial,validation,oct_stage3,0,256,0.125,1024,32,64,3,label1,148,energy_identity_relative_error,0.0,0.0,148,0
svd_radon,3416,32,[3],constructed_initial,validation,oct_stage3,0,256,0.125,1024,32,64,3,label1,148,channel_energy_retained,0.7746310301367481,0.030806319417861466,148,0
svd_radon,3416,32,[3],constructed_initial,test,cfp_stage3,0,256,0.125,1024,32,64,3,all,290,self_relative,0.0,0.0,290,0
svd_radon,3416,32,[3],constructed_initial,test,cfp_stage3,0,256,0.125,1024,32,64,3,all,290,cross_relative,0.0,0.0,290,0
svd_radon,3416,32,[3],constructed_initial,test,cfp_stage3,0,256,0.125,1024,32,64,3,all,290,total_relative,0.0,0.0,290,0
svd_radon,3416,32,[3],constructed_initial,test,cfp_stage3,0,256,0.125,1024,32,64,3,all,290,self_cross_cosine,,,0,290
svd_radon,3416,32,[3],constructed_initial,test,cfp_stage3,0,256,0.125,1024,32,64,3,all,290,energy_identity_relative_error,0.0,0.0,290,0
svd_radon,3416,32,[3],constructed_initial,test,cfp_stage3,0,256,0.125,1024,32,64,3,all,290,channel_energy_retained,0.7471614693497522,0.02538846286660517,290,0
svd_radon,3416,32,[3],constructed_initial,test,cfp_stage3,0,256,0.125,1024,32,64,3,label0,145,self_relative,0.0,0.0,145,0
svd_radon,3416,32,[3],constructed_initial,test,cfp_stage3,0,256,0.125,1024,32,64,3,label0,145,cross_relative,0.0,0.0,145,0
svd_radon,3416,32,[3],constructed_initial,test,cfp_stage3,0,256,0.125,1024,32,64,3,label0,145,total_relative,0.0,0.0,145,0
svd_radon,3416,32,[3],constructed_initial,test,cfp_stage3,0,256,0.125,1024,32,64,3,label0,145,self_cross_cosine,,,0,145
svd_radon,3416,32,[3],constructed_initial,test,cfp_stage3,0,256,0.125,1024,32,64,3,label0,145,energy_identity_relative_error,0.0,0.0,145,0
svd_radon,3416,32,[3],constructed_initial,test,cfp_stage3,0,256,0.125,1024,32,64,3,label0,145,channel_energy_retained,0.7465700875404218,0.025082000529185716,145,0
svd_radon,3416,32,[3],constructed_initial,test,cfp_stage3,0,256,0.125,1024,32,64,3,label1,145,self_relative,0.0,0.0,145,0
svd_radon,3416,32,[3],constructed_initial,test,cfp_stage3,0,256,0.125,1024,32,64,3,label1,145,cross_relative,0.0,0.0,145,0
svd_radon,3416,32,[3],constructed_initial,test,cfp_stage3,0,256,0.125,1024,32,64,3,label1,145,total_relative,0.0,0.0,145,0
svd_radon,3416,32,[3],constructed_initial,test,cfp_stage3,0,256,0.125,1024,32,64,3,label1,145,self_cross_cosine,,,0,145
svd_radon,3416,32,[3],constructed_initial,test,cfp_stage3,0,256,0.125,1024,32,64,3,label1,145,energy_identity_relative_error,0.0,0.0,145,0
svd_radon,3416,32,[3],constructed_initial,test,cfp_stage3,0,256,0.125,1024,32,64,3,label1,145,channel_energy_retained,0.7477528511590827,0.025764573143867455,145,0
svd_radon,3416,32,[3],constructed_initial,test,oct_stage3,0,256,0.125,1024,32,64,3,all,290,self_relative,0.0,0.0,290,0
svd_radon,3416,32,[3],constructed_initial,test,oct_stage3,0,256,0.125,1024,32,64,3,all,290,cross_relative,0.0,0.0,290,0
svd_radon,3416,32,[3],constructed_initial,test,oct_stage3,0,256,0.125,1024,32,64,3,all,290,total_relative,0.0,0.0,290,0
svd_radon,3416,32,[3],constructed_initial,test,oct_stage3,0,256,0.125,1024,32,64,3,all,290,self_cross_cosine,,,0,290
svd_radon,3416,32,[3],constructed_initial,test,oct_stage3,0,256,0.125,1024,32,64,3,all,290,energy_identity_relative_error,0.0,0.0,290,0
svd_radon,3416,32,[3],constructed_initial,test,oct_stage3,0,256,0.125,1024,32,64,3,all,290,channel_energy_retained,0.7698912156865062,0.03480048784433197,290,0
svd_radon,3416,32,[3],constructed_initial,test,oct_stage3,0,256,0.125,1024,32,64,3,label0,145,self_relative,0.0,0.0,145,0
svd_radon,3416,32,[3],constructed_initial,test,oct_stage3,0,256,0.125,1024,32,64,3,label0,145,cross_relative,0.0,0.0,145,0
svd_radon,3416,32,[3],constructed_initial,test,oct_stage3,0,256,0.125,1024,32,64,3,label0,145,total_relative,0.0,0.0,145,0
svd_radon,3416,32,[3],constructed_initial,test,oct_stage3,0,256,0.125,1024,32,64,3,label0,145,self_cross_cosine,,,0,145
svd_radon,3416,32,[3],constructed_initial,test,oct_stage3,0,256,0.125,1024,32,64,3,label0,145,energy_identity_relative_error,0.0,0.0,145,0
svd_radon,3416,32,[3],constructed_initial,test,oct_stage3,0,256,0.125,1024,32,64,3,label0,145,channel_energy_retained,0.7709691931642934,0.03668486961094639,145,0
svd_radon,3416,32,[3],constructed_initial,test,oct_stage3,0,256,0.125,1024,32,64,3,label1,145,self_relative,0.0,0.0,145,0
svd_radon,3416,32,[3],constructed_initial,test,oct_stage3,0,256,0.125,1024,32,64,3,label1,145,cross_relative,0.0,0.0,145,0
svd_radon,3416,32,[3],constructed_initial,test,oct_stage3,0,256,0.125,1024,32,64,3,label1,145,total_relative,0.0,0.0,145,0
svd_radon,3416,32,[3],constructed_initial,test,oct_stage3,0,256,0.125,1024,32,64,3,label1,145,self_cross_cosine,,,0,145
svd_radon,3416,32,[3],constructed_initial,test,oct_stage3,0,256,0.125,1024,32,64,3,label1,145,energy_identity_relative_error,0.0,0.0,145,0
svd_radon,3416,32,[3],constructed_initial,test,oct_stage3,0,256,0.125,1024,32,64,3,label1,145,channel_energy_retained,0.7688132382087188,0.032900429716977424,145,0
svd_radon,3416,32,[3],selected,train,cfp_stage3,0,256,0.125,1024,32,64,3,all,1264,self_relative,0.8437391438100478,0.02034988858784069,1264,0
svd_radon,3416,32,[3],selected,train,cfp_stage3,0,256,0.125,1024,32,64,3,all,1264,cross_relative,0.6621580115868242,0.03886181210798789,1264,0
svd_radon,3416,32,[3],selected,train,cfp_stage3,0,256,0.125,1024,32,64,3,all,1264,total_relative,1.3629378878885143,0.033231856284564334,1264,0
svd_radon,3416,32,[3],selected,train,cfp_stage3,0,256,0.125,1024,32,64,3,all,1264,self_cross_cosine,0.6328856638533801,0.04108245695961605,1264,0
svd_radon,3416,32,[3],selected,train,cfp_stage3,0,256,0.125,1024,32,64,3,all,1264,energy_identity_relative_error,7.007143716666942e-17,6.193519817279967e-17,1264,0
svd_radon,3416,32,[3],selected,train,cfp_stage3,0,256,0.125,1024,32,64,3,all,1264,channel_energy_retained,0.6412945920733404,0.0197260258572632,1264,0
svd_radon,3416,32,[3],selected,train,cfp_stage3,0,256,0.125,1024,32,64,3,label0,632,self_relative,0.8396232326300292,0.019015812793793455,632,0
svd_radon,3416,32,[3],selected,train,cfp_stage3,0,256,0.125,1024,32,64,3,label0,632,cross_relative,0.675335164634172,0.03664320716500942,632,0
svd_radon,3416,32,[3],selected,train,cfp_stage3,0,256,0.125,1024,32,64,3,label0,632,total_relative,1.3660854918539724,0.030568672650070062,632,0
svd_radon,3416,32,[3],selected,train,cfp_stage3,0,256,0.125,1024,32,64,3,label0,632,self_cross_cosine,0.6218022630242769,0.03953748111069992,632,0
svd_radon,3416,32,[3],selected,train,cfp_stage3,0,256,0.125,1024,32,64,3,label0,632,energy_identity_relative_error,7.049140464285758e-17,6.23889825018293e-17,632,0
svd_radon,3416,32,[3],selected,train,cfp_stage3,0,256,0.125,1024,32,64,3,label0,632,channel_energy_retained,0.64480928701338,0.018589557516349428,632,0
svd_radon,3416,32,[3],selected,train,cfp_stage3,0,256,0.125,1024,32,64,3,label1,632,self_relative,0.8478550549900661,0.020817202951174434,632,0
svd_radon,3416,32,[3],selected,train,cfp_stage3,0,256,0.125,1024,32,64,3,label1,632,cross_relative,0.6489808585394767,0.03650102157851792,632,0
svd_radon,3416,32,[3],selected,train,cfp_stage3,0,256,0.125,1024,32,64,3,label1,632,total_relative,1.3597902839230565,0.035442527299377066,632,0
svd_radon,3416,32,[3],selected,train,cfp_stage3,0,256,0.125,1024,32,64,3,label1,632,self_cross_cosine,0.6439690646824832,0.03960967022050597,632,0
svd_radon,3416,32,[3],selected,train,cfp_stage3,0,256,0.125,1024,32,64,3,label1,632,energy_identity_relative_error,6.965146969048127e-17,6.152461534394549e-17,632,0
svd_radon,3416,32,[3],selected,train,cfp_stage3,0,256,0.125,1024,32,64,3,label1,632,channel_energy_retained,0.6377798971332999,0.020212171935016232,632,0
svd_radon,3416,32,[3],selected,train,oct_stage3,0,256,0.125,1024,32,64,3,all,1264,self_relative,2.3599665370518115,0.2083608858907478,1264,0
svd_radon,3416,32,[3],selected,train,oct_stage3,0,256,0.125,1024,32,64,3,all,1264,cross_relative,2.6652776158925016,0.39117233036879245,1264,0
svd_radon,3416,32,[3],selected,train,oct_stage3,0,256,0.125,1024,32,64,3,all,1264,total_relative,3.688271982728108,0.22760332391608853,1264,0
svd_radon,3416,32,[3],selected,train,oct_stage3,0,256,0.125,1024,32,64,3,all,1264,self_cross_cosine,0.07278578946993912,0.13500144553073476,1264,0
svd_radon,3416,32,[3],selected,train,oct_stage3,0,256,0.125,1024,32,64,3,all,1264,energy_identity_relative_error,8.688443794711403e-17,6.394056042072688e-17,1264,0
svd_radon,3416,32,[3],selected,train,oct_stage3,0,256,0.125,1024,32,64,3,all,1264,channel_energy_retained,0.5953534722731468,0.011405927240403306,1264,0
svd_radon,3416,32,[3],selected,train,oct_stage3,0,256,0.125,1024,32,64,3,label0,632,self_relative,2.508466363826465,0.1606450431308274,632,0
svd_radon,3416,32,[3],selected,train,oct_stage3,0,256,0.125,1024,32,64,3,label0,632,cross_relative,2.3440383806055904,0.18164894712906457,632,0
svd_radon,3416,32,[3],selected,train,oct_stage3,0,256,0.125,1024,32,64,3,label0,632,total_relative,3.68867030549213,0.22587821591935012,632,0
svd_radon,3416,32,[3],selected,train,oct_stage3,0,256,0.125,1024,32,64,3,label0,632,self_cross_cosine,0.15732188161215535,0.10936021232095564,632,0
svd_radon,3416,32,[3],selected,train,oct_stage3,0,256,0.125,1024,32,64,3,label0,632,energy_identity_relative_error,8.976064237644444e-17,6.5627914521208e-17,632,0
svd_radon,3416,32,[3],selected,train,oct_stage3,0,256,0.125,1024,32,64,3,label0,632,channel_energy_retained,0.5949261384557291,0.011657899759036553,632,0
svd_radon,3416,32,[3],selected,train,oct_stage3,0,256,0.125,1024,32,64,3,label1,632,self_relative,2.2114667102771577,0.13006228058143895,632,0
svd_radon,3416,32,[3],selected,train,oct_stage3,0,256,0.125,1024,32,64,3,label1,632,cross_relative,2.986516851179412,0.25799489519074265,632,0
svd_radon,3416,32,[3],selected,train,oct_stage3,0,256,0.125,1024,32,64,3,label1,632,total_relative,3.687873659964087,0.22949369701180655,632,0
svd_radon,3416,32,[3],selected,train,oct_stage3,0,256,0.125,1024,32,64,3,label1,632,self_cross_cosine,-0.01175030267227703,0.10101809378769165,632,0
svd_radon,3416,32,[3],selected,train,oct_stage3,0,256,0.125,1024,32,64,3,label1,632,energy_identity_relative_error,8.400823351778361e-17,6.212628491181181e-17,632,0
svd_radon,3416,32,[3],selected,train,oct_stage3,0,256,0.125,1024,32,64,3,label1,632,channel_energy_retained,0.595780806090565,0.011141099203548097,632,0
svd_radon,3416,32,[3],selected,validation,cfp_stage3,0,256,0.125,1024,32,64,3,all,296,self_relative,0.8435706474368405,0.021701197159726748,296,0
svd_radon,3416,32,[3],selected,validation,cfp_stage3,0,256,0.125,1024,32,64,3,all,296,cross_relative,0.6612691106362172,0.03594071004746845,296,0
svd_radon,3416,32,[3],selected,validation,cfp_stage3,0,256,0.125,1024,32,64,3,all,296,total_relative,1.361468296850163,0.03141306965408723,296,0
svd_radon,3416,32,[3],selected,validation,cfp_stage3,0,256,0.125,1024,32,64,3,all,296,self_cross_cosine,0.6315902627522167,0.042701007839639975,296,0
svd_radon,3416,32,[3],selected,validation,cfp_stage3,0,256,0.125,1024,32,64,3,all,296,energy_identity_relative_error,7.49156406408213e-17,6.497045535292348e-17,296,0
svd_radon,3416,32,[3],selected,validation,cfp_stage3,0,256,0.125,1024,32,64,3,all,296,channel_energy_retained,0.6413941916056225,0.019411470159603483,296,0
svd_radon,3416,32,[3],selected,validation,cfp_stage3,0,256,0.125,1024,32,64,3,label0,148,self_relative,0.8436423018184284,0.02196784065150028,148,0
svd_radon,3416,32,[3],selected,validation,cfp_stage3,0,256,0.125,1024,32,64,3,label0,148,cross_relative,0.6640456645735343,0.03501370630216003,148,0
svd_radon,3416,32,[3],selected,validation,cfp_stage3,0,256,0.125,1024,32,64,3,label0,148,total_relative,1.3612103819374362,0.030823721448184113,148,0
svd_radon,3416,32,[3],selected,validation,cfp_stage3,0,256,0.125,1024,32,64,3,label0,148,self_cross_cosine,0.624821180487292,0.039759904096425165,148,0
svd_radon,3416,32,[3],selected,validation,cfp_stage3,0,256,0.125,1024,32,64,3,label0,148,energy_identity_relative_error,7.94178873446559e-17,6.527279298569214e-17,148,0
svd_radon,3416,32,[3],selected,validation,cfp_stage3,0,256,0.125,1024,32,64,3,label0,148,channel_energy_retained,0.6420785297454787,0.01938562646736528,148,0
svd_radon,3416,32,[3],selected,validation,cfp_stage3,0,256,0.125,1024,32,64,3,label1,148,self_relative,0.8434989930552522,0.021505609539737652,148,0
svd_radon,3416,32,[3],selected,validation,cfp_stage3,0,256,0.125,1024,32,64,3,label1,148,cross_relative,0.6584925566989001,0.03675287155547595,148,0
svd_radon,3416,32,[3],selected,validation,cfp_stage3,0,256,0.125,1024,32,64,3,label1,148,total_relative,1.36172621176289,0.03209421967541984,148,0
svd_radon,3416,32,[3],selected,validation,cfp_stage3,0,256,0.125,1024,32,64,3,label1,148,self_cross_cosine,0.6383593450171415,0.044565028092597464,148,0
svd_radon,3416,32,[3],selected,validation,cfp_stage3,0,256,0.125,1024,32,64,3,label1,148,energy_identity_relative_error,7.041339393698668e-17,6.457307311761732e-17,148,0
svd_radon,3416,32,[3],selected,validation,cfp_stage3,0,256,0.125,1024,32,64,3,label1,148,channel_energy_retained,0.6407098534657667,0.019478914893312386,148,0
svd_radon,3416,32,[3],selected,validation,oct_stage3,0,256,0.125,1024,32,64,3,all,296,self_relative,2.355437684498294,0.18820708298466826,296,0
svd_radon,3416,32,[3],selected,validation,oct_stage3,0,256,0.125,1024,32,64,3,all,296,cross_relative,2.6489663596548576,0.3230333131536029,296,0
svd_radon,3416,32,[3],selected,validation,oct_stage3,0,256,0.125,1024,32,64,3,all,296,total_relative,3.6387673112309273,0.23135821617333688,296,0
svd_radon,3416,32,[3],selected,validation,oct_stage3,0,256,0.125,1024,32,64,3,all,296,self_cross_cosine,0.05679753777166446,0.12059446275014923,296,0
svd_radon,3416,32,[3],selected,validation,oct_stage3,0,256,0.125,1024,32,64,3,all,296,energy_identity_relative_error,9.494356704621731e-17,6.666221147823863e-17,296,0
svd_radon,3416,32,[3],selected,validation,oct_stage3,0,256,0.125,1024,32,64,3,all,296,channel_energy_retained,0.5952452606300783,0.012751620368516589,296,0
svd_radon,3416,32,[3],selected,validation,oct_stage3,0,256,0.125,1024,32,64,3,label0,148,self_relative,2.4219158967820746,0.17731317584043715,148,0
svd_radon,3416,32,[3],selected,validation,oct_stage3,0,256,0.125,1024,32,64,3,label0,148,cross_relative,2.5609724520282047,0.26911566983909047,148,0
svd_radon,3416,32,[3],selected,validation,oct_stage3,0,256,0.125,1024,32,64,3,label0,148,total_relative,3.6346076100389237,0.20530300930472184,148,0
svd_radon,3416,32,[3],selected,validation,oct_stage3,0,256,0.125,1024,32,64,3,label0,148,self_cross_cosine,0.06685860064660253,0.11038153893039392,148,0
svd_radon,3416,32,[3],selected,validation,oct_stage3,0,256,0.125,1024,32,64,3,label0,148,energy_identity_relative_error,9.623214741752273e-17,6.770089994614959e-17,148,0
svd_radon,3416,32,[3],selected,validation,oct_stage3,0,256,0.125,1024,32,64,3,label0,148,channel_energy_retained,0.5944523945077425,0.0117068524409607,148,0
svd_radon,3416,32,[3],selected,validation,oct_stage3,0,256,0.125,1024,32,64,3,label1,148,self_relative,2.2889594722145117,0.17534532365442212,148,0
svd_radon,3416,32,[3],selected,validation,oct_stage3,0,256,0.125,1024,32,64,3,label1,148,cross_relative,2.7369602672815097,0.34841995499485556,148,0
svd_radon,3416,32,[3],selected,validation,oct_stage3,0,256,0.125,1024,32,64,3,label1,148,total_relative,3.642927012422931,0.25540792431497,148,0
svd_radon,3416,32,[3],selected,validation,oct_stage3,0,256,0.125,1024,32,64,3,label1,148,self_cross_cosine,0.04673647489672637,0.12960350964151188,148,0
svd_radon,3416,32,[3],selected,validation,oct_stage3,0,256,0.125,1024,32,64,3,label1,148,energy_identity_relative_error,9.365498667491192e-17,6.581166940716633e-17,148,0
svd_radon,3416,32,[3],selected,validation,oct_stage3,0,256,0.125,1024,32,64,3,label1,148,channel_energy_retained,0.5960381267524142,0.013711220666453312,148,0
svd_radon,3416,32,[3],selected,test,cfp_stage3,0,256,0.125,1024,32,64,3,all,290,self_relative,0.8431707412102768,0.022368584141947857,290,0
svd_radon,3416,32,[3],selected,test,cfp_stage3,0,256,0.125,1024,32,64,3,all,290,cross_relative,0.6607449211868165,0.03471381116460724,290,0
svd_radon,3416,32,[3],selected,test,cfp_stage3,0,256,0.125,1024,32,64,3,all,290,total_relative,1.3618375282774915,0.03068634307817591,290,0
svd_radon,3416,32,[3],selected,test,cfp_stage3,0,256,0.125,1024,32,64,3,all,290,self_cross_cosine,0.6344472268984688,0.0415144867815387,290,0
svd_radon,3416,32,[3],selected,test,cfp_stage3,0,256,0.125,1024,32,64,3,all,290,energy_identity_relative_error,7.520404855587729e-17,6.300636612263424e-17,290,0
svd_radon,3416,32,[3],selected,test,cfp_stage3,0,256,0.125,1024,32,64,3,all,290,channel_energy_retained,0.6407456421999247,0.019317990874541547,290,0
svd_radon,3416,32,[3],selected,test,cfp_stage3,0,256,0.125,1024,32,64,3,label0,145,self_relative,0.8433224036013864,0.02172055499677736,145,0
svd_radon,3416,32,[3],selected,test,cfp_stage3,0,256,0.125,1024,32,64,3,label0,145,cross_relative,0.6622902896017125,0.035079852718022095,145,0
svd_radon,3416,32,[3],selected,test,cfp_stage3,0,256,0.125,1024,32,64,3,label0,145,total_relative,1.3632752571059978,0.02837555540105036,145,0
svd_radon,3416,32,[3],selected,test,cfp_stage3,0,256,0.125,1024,32,64,3,label0,145,self_cross_cosine,0.6342417453034298,0.04131691797709796,145,0
svd_radon,3416,32,[3],selected,test,cfp_stage3,0,256,0.125,1024,32,64,3,label0,145,energy_identity_relative_error,7.090868000182702e-17,5.570956655697073e-17,145,0
svd_radon,3416,32,[3],selected,test,cfp_stage3,0,256,0.125,1024,32,64,3,label0,145,channel_energy_retained,0.6406678217534237,0.018994412549030074,145,0
svd_radon,3416,32,[3],selected,test,cfp_stage3,0,256,0.125,1024,32,64,3,label1,145,self_relative,0.8430190788191669,0.02307277527112826,145,0
svd_radon,3416,32,[3],selected,test,cfp_stage3,0,256,0.125,1024,32,64,3,label1,145,cross_relative,0.6591995527719205,0.03439564219580817,145,0
svd_radon,3416,32,[3],selected,test,cfp_stage3,0,256,0.125,1024,32,64,3,label1,145,total_relative,1.3603997994489856,0.03287107495491198,145,0
svd_radon,3416,32,[3],selected,test,cfp_stage3,0,256,0.125,1024,32,64,3,label1,145,self_cross_cosine,0.6346527084935082,0.041853326074111394,145,0
svd_radon,3416,32,[3],selected,test,cfp_stage3,0,256,0.125,1024,32,64,3,label1,145,energy_identity_relative_error,7.949941710992756e-17,6.947272827483328e-17,145,0
svd_radon,3416,32,[3],selected,test,cfp_stage3,0,256,0.125,1024,32,64,3,label1,145,channel_energy_retained,0.6408234626464258,0.01970180701185415,145,0
svd_radon,3416,32,[3],selected,test,oct_stage3,0,256,0.125,1024,32,64,3,all,290,self_relative,2.3469133267681057,0.17872204012661222,290,0
svd_radon,3416,32,[3],selected,test,oct_stage3,0,256,0.125,1024,32,64,3,all,290,cross_relative,2.6195947253751726,0.3006488829043206,290,0
svd_radon,3416,32,[3],selected,test,oct_stage3,0,256,0.125,1024,32,64,3,all,290,total_relative,3.6281367879429673,0.23801656345696887,290,0
svd_radon,3416,32,[3],selected,test,oct_stage3,0,256,0.125,1024,32,64,3,all,290,self_cross_cosine,0.06741447458251791,0.12176692365837638,290,0
svd_radon,3416,32,[3],selected,test,oct_stage3,0,256,0.125,1024,32,64,3,all,290,energy_identity_relative_error,8.307556556608937e-17,6.157857577683661e-17,290,0
svd_radon,3416,32,[3],selected,test,oct_stage3,0,256,0.125,1024,32,64,3,all,290,channel_energy_retained,0.5954948176363883,0.012751672240843667,290,0
svd_radon,3416,32,[3],selected,test,oct_stage3,0,256,0.125,1024,32,64,3,label0,145,self_relative,2.373046154823532,0.16882336195471428,145,0
svd_radon,3416,32,[3],selected,test,oct_stage3,0,256,0.125,1024,32,64,3,label0,145,cross_relative,2.5561447998495526,0.27923770363156203,145,0
svd_radon,3416,32,[3],selected,test,oct_stage3,0,256,0.125,1024,32,64,3,label0,145,total_relative,3.6260825649905586,0.21473339180956383,145,0
svd_radon,3416,32,[3],selected,test,oct_stage3,0,256,0.125,1024,32,64,3,label0,145,self_cross_cosine,0.0837700523434489,0.11589533982897283,145,0
svd_radon,3416,32,[3],selected,test,oct_stage3,0,256,0.125,1024,32,64,3,label0,145,energy_identity_relative_error,8.124126744424189e-17,6.106207281045997e-17,145,0
svd_radon,3416,32,[3],selected,test,oct_stage3,0,256,0.125,1024,32,64,3,label0,145,channel_energy_retained,0.5942283323514369,0.012806997129424584,145,0
svd_radon,3416,32,[3],selected,test,oct_stage3,0,256,0.125,1024,32,64,3,label1,145,self_relative,2.3207804987126788,0.18500889082566443,145,0
svd_radon,3416,32,[3],selected,test,oct_stage3,0,256,0.125,1024,32,64,3,label1,145,cross_relative,2.683044650900794,0.3087487842516432,145,0
svd_radon,3416,32,[3],selected,test,oct_stage3,0,256,0.125,1024,32,64,3,label1,145,total_relative,3.6301910108953743,0.2599581831631611,145,0
svd_radon,3416,32,[3],selected,test,oct_stage3,0,256,0.125,1024,32,64,3,label1,145,self_cross_cosine,0.05105889682158696,0.12564584736423504,145,0
svd_radon,3416,32,[3],selected,test,oct_stage3,0,256,0.125,1024,32,64,3,label1,145,energy_identity_relative_error,8.490986368793686e-17,6.224806830527897e-17,145,0
svd_radon,3416,32,[3],selected,test,oct_stage3,0,256,0.125,1024,32,64,3,label1,145,channel_energy_retained,0.5967613029213397,0.012613091186339805,145,0
svd_radon,3416,64,[3],constructed_initial,train,cfp_stage3,0,256,0.25,2048,32,64,3,all,1264,self_relative,0.0,0.0,1264,0
svd_radon,3416,64,[3],constructed_initial,train,cfp_stage3,0,256,0.25,2048,32,64,3,all,1264,cross_relative,0.0,0.0,1264,0
svd_radon,3416,64,[3],constructed_initial,train,cfp_stage3,0,256,0.25,2048,32,64,3,all,1264,total_relative,0.0,0.0,1264,0
svd_radon,3416,64,[3],constructed_initial,train,cfp_stage3,0,256,0.25,2048,32,64,3,all,1264,self_cross_cosine,,,0,1264
svd_radon,3416,64,[3],constructed_initial,train,cfp_stage3,0,256,0.25,2048,32,64,3,all,1264,energy_identity_relative_error,0.0,0.0,1264,0
svd_radon,3416,64,[3],constructed_initial,train,cfp_stage3,0,256,0.25,2048,32,64,3,all,1264,channel_energy_retained,0.8404378836401782,0.01956359213394076,1264,0
svd_radon,3416,64,[3],constructed_initial,train,cfp_stage3,0,256,0.25,2048,32,64,3,label0,632,self_relative,0.0,0.0,632,0
svd_radon,3416,64,[3],constructed_initial,train,cfp_stage3,0,256,0.25,2048,32,64,3,label0,632,cross_relative,0.0,0.0,632,0
svd_radon,3416,64,[3],constructed_initial,train,cfp_stage3,0,256,0.25,2048,32,64,3,label0,632,total_relative,0.0,0.0,632,0
svd_radon,3416,64,[3],constructed_initial,train,cfp_stage3,0,256,0.25,2048,32,64,3,label0,632,self_cross_cosine,,,0,632
svd_radon,3416,64,[3],constructed_initial,train,cfp_stage3,0,256,0.25,2048,32,64,3,label0,632,energy_identity_relative_error,0.0,0.0,632,0
svd_radon,3416,64,[3],constructed_initial,train,cfp_stage3,0,256,0.25,2048,32,64,3,label0,632,channel_energy_retained,0.8424000022207696,0.018336369944958172,632,0
svd_radon,3416,64,[3],constructed_initial,train,cfp_stage3,0,256,0.25,2048,32,64,3,label1,632,self_relative,0.0,0.0,632,0
svd_radon,3416,64,[3],constructed_initial,train,cfp_stage3,0,256,0.25,2048,32,64,3,label1,632,cross_relative,0.0,0.0,632,0
svd_radon,3416,64,[3],constructed_initial,train,cfp_stage3,0,256,0.25,2048,32,64,3,label1,632,total_relative,0.0,0.0,632,0
svd_radon,3416,64,[3],constructed_initial,train,cfp_stage3,0,256,0.25,2048,32,64,3,label1,632,self_cross_cosine,,,0,632
svd_radon,3416,64,[3],constructed_initial,train,cfp_stage3,0,256,0.25,2048,32,64,3,label1,632,energy_identity_relative_error,0.0,0.0,632,0
svd_radon,3416,64,[3],constructed_initial,train,cfp_stage3,0,256,0.25,2048,32,64,3,label1,632,channel_energy_retained,0.8384757650595865,0.020546054173928043,632,0
svd_radon,3416,64,[3],constructed_initial,train,oct_stage3,0,256,0.25,2048,32,64,3,all,1264,self_relative,0.0,0.0,1264,0
svd_radon,3416,64,[3],constructed_initial,train,oct_stage3,0,256,0.25,2048,32,64,3,all,1264,cross_relative,0.0,0.0,1264,0
svd_radon,3416,64,[3],constructed_initial,train,oct_stage3,0,256,0.25,2048,32,64,3,all,1264,total_relative,0.0,0.0,1264,0
svd_radon,3416,64,[3],constructed_initial,train,oct_stage3,0,256,0.25,2048,32,64,3,all,1264,self_cross_cosine,,,0,1264
svd_radon,3416,64,[3],constructed_initial,train,oct_stage3,0,256,0.25,2048,32,64,3,all,1264,energy_identity_relative_error,0.0,0.0,1264,0
svd_radon,3416,64,[3],constructed_initial,train,oct_stage3,0,256,0.25,2048,32,64,3,all,1264,channel_energy_retained,0.8579343424028586,0.020583066072284873,1264,0
svd_radon,3416,64,[3],constructed_initial,train,oct_stage3,0,256,0.25,2048,32,64,3,label0,632,self_relative,0.0,0.0,632,0
svd_radon,3416,64,[3],constructed_initial,train,oct_stage3,0,256,0.25,2048,32,64,3,label0,632,cross_relative,0.0,0.0,632,0
svd_radon,3416,64,[3],constructed_initial,train,oct_stage3,0,256,0.25,2048,32,64,3,label0,632,total_relative,0.0,0.0,632,0
svd_radon,3416,64,[3],constructed_initial,train,oct_stage3,0,256,0.25,2048,32,64,3,label0,632,self_cross_cosine,,,0,632
svd_radon,3416,64,[3],constructed_initial,train,oct_stage3,0,256,0.25,2048,32,64,3,label0,632,energy_identity_relative_error,0.0,0.0,632,0
svd_radon,3416,64,[3],constructed_initial,train,oct_stage3,0,256,0.25,2048,32,64,3,label0,632,channel_energy_retained,0.8589429466020522,0.02029650170481831,632,0
svd_radon,3416,64,[3],constructed_initial,train,oct_stage3,0,256,0.25,2048,32,64,3,label1,632,self_relative,0.0,0.0,632,0
svd_radon,3416,64,[3],constructed_initial,train,oct_stage3,0,256,0.25,2048,32,64,3,label1,632,cross_relative,0.0,0.0,632,0
svd_radon,3416,64,[3],constructed_initial,train,oct_stage3,0,256,0.25,2048,32,64,3,label1,632,total_relative,0.0,0.0,632,0
svd_radon,3416,64,[3],constructed_initial,train,oct_stage3,0,256,0.25,2048,32,64,3,label1,632,self_cross_cosine,,,0,632
svd_radon,3416,64,[3],constructed_initial,train,oct_stage3,0,256,0.25,2048,32,64,3,label1,632,energy_identity_relative_error,0.0,0.0,632,0
svd_radon,3416,64,[3],constructed_initial,train,oct_stage3,0,256,0.25,2048,32,64,3,label1,632,channel_energy_retained,0.8569257382036651,0.020832927345942578,632,0
svd_radon,3416,64,[3],constructed_initial,validation,cfp_stage3,0,256,0.25,2048,32,64,3,all,296,self_relative,0.0,0.0,296,0
svd_radon,3416,64,[3],constructed_initial,validation,cfp_stage3,0,256,0.25,2048,32,64,3,all,296,cross_relative,0.0,0.0,296,0
svd_radon,3416,64,[3],constructed_initial,validation,cfp_stage3,0,256,0.25,2048,32,64,3,all,296,total_relative,0.0,0.0,296,0
svd_radon,3416,64,[3],constructed_initial,validation,cfp_stage3,0,256,0.25,2048,32,64,3,all,296,self_cross_cosine,,,0,296
svd_radon,3416,64,[3],constructed_initial,validation,cfp_stage3,0,256,0.25,2048,32,64,3,all,296,energy_identity_relative_error,0.0,0.0,296,0
svd_radon,3416,64,[3],constructed_initial,validation,cfp_stage3,0,256,0.25,2048,32,64,3,all,296,channel_energy_retained,0.8399019785056554,0.019872461347861935,296,0
svd_radon,3416,64,[3],constructed_initial,validation,cfp_stage3,0,256,0.25,2048,32,64,3,label0,148,self_relative,0.0,0.0,148,0
svd_radon,3416,64,[3],constructed_initial,validation,cfp_stage3,0,256,0.25,2048,32,64,3,label0,148,cross_relative,0.0,0.0,148,0
svd_radon,3416,64,[3],constructed_initial,validation,cfp_stage3,0,256,0.25,2048,32,64,3,label0,148,total_relative,0.0,0.0,148,0
svd_radon,3416,64,[3],constructed_initial,validation,cfp_stage3,0,256,0.25,2048,32,64,3,label0,148,self_cross_cosine,,,0,148
svd_radon,3416,64,[3],constructed_initial,validation,cfp_stage3,0,256,0.25,2048,32,64,3,label0,148,energy_identity_relative_error,0.0,0.0,148,0
svd_radon,3416,64,[3],constructed_initial,validation,cfp_stage3,0,256,0.25,2048,32,64,3,label0,148,channel_energy_retained,0.8410434256026621,0.019267395432116405,148,0
svd_radon,3416,64,[3],constructed_initial,validation,cfp_stage3,0,256,0.25,2048,32,64,3,label1,148,self_relative,0.0,0.0,148,0
svd_radon,3416,64,[3],constructed_initial,validation,cfp_stage3,0,256,0.25,2048,32,64,3,label1,148,cross_relative,0.0,0.0,148,0
svd_radon,3416,64,[3],constructed_initial,validation,cfp_stage3,0,256,0.25,2048,32,64,3,label1,148,total_relative,0.0,0.0,148,0
svd_radon,3416,64,[3],constructed_initial,validation,cfp_stage3,0,256,0.25,2048,32,64,3,label1,148,self_cross_cosine,,,0,148
svd_radon,3416,64,[3],constructed_initial,validation,cfp_stage3,0,256,0.25,2048,32,64,3,label1,148,energy_identity_relative_error,0.0,0.0,148,0
svd_radon,3416,64,[3],constructed_initial,validation,cfp_stage3,0,256,0.25,2048,32,64,3,label1,148,channel_energy_retained,0.8387605314086486,0.020461179792482624,148,0
svd_radon,3416,64,[3],constructed_initial,validation,oct_stage3,0,256,0.25,2048,32,64,3,all,296,self_relative,0.0,0.0,296,0
svd_radon,3416,64,[3],constructed_initial,validation,oct_stage3,0,256,0.25,2048,32,64,3,all,296,cross_relative,0.0,0.0,296,0
svd_radon,3416,64,[3],constructed_initial,validation,oct_stage3,0,256,0.25,2048,32,64,3,all,296,total_relative,0.0,0.0,296,0
svd_radon,3416,64,[3],constructed_initial,validation,oct_stage3,0,256,0.25,2048,32,64,3,all,296,self_cross_cosine,,,0,296
svd_radon,3416,64,[3],constructed_initial,validation,oct_stage3,0,256,0.25,2048,32,64,3,all,296,energy_identity_relative_error,0.0,0.0,296,0
svd_radon,3416,64,[3],constructed_initial,validation,oct_stage3,0,256,0.25,2048,32,64,3,all,296,channel_energy_retained,0.8582143179007664,0.02013301782877444,296,0
svd_radon,3416,64,[3],constructed_initial,validation,oct_stage3,0,256,0.25,2048,32,64,3,label0,148,self_relative,0.0,0.0,148,0
svd_radon,3416,64,[3],constructed_initial,validation,oct_stage3,0,256,0.25,2048,32,64,3,label0,148,cross_relative,0.0,0.0,148,0
svd_radon,3416,64,[3],constructed_initial,validation,oct_stage3,0,256,0.25,2048,32,64,3,label0,148,total_relative,0.0,0.0,148,0
svd_radon,3416,64,[3],constructed_initial,validation,oct_stage3,0,256,0.25,2048,32,64,3,label0,148,self_cross_cosine,,,0,148
svd_radon,3416,64,[3],constructed_initial,validation,oct_stage3,0,256,0.25,2048,32,64,3,label0,148,energy_identity_relative_error,0.0,0.0,148,0
svd_radon,3416,64,[3],constructed_initial,validation,oct_stage3,0,256,0.25,2048,32,64,3,label0,148,channel_energy_retained,0.8570572070664061,0.019098556523230382,148,0
svd_radon,3416,64,[3],constructed_initial,validation,oct_stage3,0,256,0.25,2048,32,64,3,label1,148,self_relative,0.0,0.0,148,0
svd_radon,3416,64,[3],constructed_initial,validation,oct_stage3,0,256,0.25,2048,32,64,3,label1,148,cross_relative,0.0,0.0,148,0
svd_radon,3416,64,[3],constructed_initial,validation,oct_stage3,0,256,0.25,2048,32,64,3,label1,148,total_relative,0.0,0.0,148,0
svd_radon,3416,64,[3],constructed_initial,validation,oct_stage3,0,256,0.25,2048,32,64,3,label1,148,self_cross_cosine,,,0,148
svd_radon,3416,64,[3],constructed_initial,validation,oct_stage3,0,256,0.25,2048,32,64,3,label1,148,energy_identity_relative_error,0.0,0.0,148,0
svd_radon,3416,64,[3],constructed_initial,validation,oct_stage3,0,256,0.25,2048,32,64,3,label1,148,channel_energy_retained,0.8593714287351265,0.02111831738749124,148,0
svd_radon,3416,64,[3],constructed_initial,test,cfp_stage3,0,256,0.25,2048,32,64,3,all,290,self_relative,0.0,0.0,290,0
svd_radon,3416,64,[3],constructed_initial,test,cfp_stage3,0,256,0.25,2048,32,64,3,all,290,cross_relative,0.0,0.0,290,0
svd_radon,3416,64,[3],constructed_initial,test,cfp_stage3,0,256,0.25,2048,32,64,3,all,290,total_relative,0.0,0.0,290,0
svd_radon,3416,64,[3],constructed_initial,test,cfp_stage3,0,256,0.25,2048,32,64,3,all,290,self_cross_cosine,,,0,290
svd_radon,3416,64,[3],constructed_initial,test,cfp_stage3,0,256,0.25,2048,32,64,3,all,290,energy_identity_relative_error,0.0,0.0,290,0
svd_radon,3416,64,[3],constructed_initial,test,cfp_stage3,0,256,0.25,2048,32,64,3,all,290,channel_energy_retained,0.8397806209928618,0.020166433214737697,290,0
svd_radon,3416,64,[3],constructed_initial,test,cfp_stage3,0,256,0.25,2048,32,64,3,label0,145,self_relative,0.0,0.0,145,0
svd_radon,3416,64,[3],constructed_initial,test,cfp_stage3,0,256,0.25,2048,32,64,3,label0,145,cross_relative,0.0,0.0,145,0
svd_radon,3416,64,[3],constructed_initial,test,cfp_stage3,0,256,0.25,2048,32,64,3,label0,145,total_relative,0.0,0.0,145,0
svd_radon,3416,64,[3],constructed_initial,test,cfp_stage3,0,256,0.25,2048,32,64,3,label0,145,self_cross_cosine,,,0,145
svd_radon,3416,64,[3],constructed_initial,test,cfp_stage3,0,256,0.25,2048,32,64,3,label0,145,energy_identity_relative_error,0.0,0.0,145,0
svd_radon,3416,64,[3],constructed_initial,test,cfp_stage3,0,256,0.25,2048,32,64,3,label0,145,channel_energy_retained,0.8392771108429007,0.0198377378423481,145,0
svd_radon,3416,64,[3],constructed_initial,test,cfp_stage3,0,256,0.25,2048,32,64,3,label1,145,self_relative,0.0,0.0,145,0
svd_radon,3416,64,[3],constructed_initial,test,cfp_stage3,0,256,0.25,2048,32,64,3,label1,145,cross_relative,0.0,0.0,145,0
svd_radon,3416,64,[3],constructed_initial,test,cfp_stage3,0,256,0.25,2048,32,64,3,label1,145,total_relative,0.0,0.0,145,0
svd_radon,3416,64,[3],constructed_initial,test,cfp_stage3,0,256,0.25,2048,32,64,3,label1,145,self_cross_cosine,,,0,145
svd_radon,3416,64,[3],constructed_initial,test,cfp_stage3,0,256,0.25,2048,32,64,3,label1,145,energy_identity_relative_error,0.0,0.0,145,0
svd_radon,3416,64,[3],constructed_initial,test,cfp_stage3,0,256,0.25,2048,32,64,3,label1,145,channel_energy_retained,0.8402841311428231,0.020546236881895785,145,0
svd_radon,3416,64,[3],constructed_initial,test,oct_stage3,0,256,0.25,2048,32,64,3,all,290,self_relative,0.0,0.0,290,0
svd_radon,3416,64,[3],constructed_initial,test,oct_stage3,0,256,0.25,2048,32,64,3,all,290,cross_relative,0.0,0.0,290,0
svd_radon,3416,64,[3],constructed_initial,test,oct_stage3,0,256,0.25,2048,32,64,3,all,290,total_relative,0.0,0.0,290,0
svd_radon,3416,64,[3],constructed_initial,test,oct_stage3,0,256,0.25,2048,32,64,3,all,290,self_cross_cosine,,,0,290
svd_radon,3416,64,[3],constructed_initial,test,oct_stage3,0,256,0.25,2048,32,64,3,all,290,energy_identity_relative_error,0.0,0.0,290,0
svd_radon,3416,64,[3],constructed_initial,test,oct_stage3,0,256,0.25,2048,32,64,3,all,290,channel_energy_retained,0.8563357215002838,0.023605716793234068,290,0
svd_radon,3416,64,[3],constructed_initial,test,oct_stage3,0,256,0.25,2048,32,64,3,label0,145,self_relative,0.0,0.0,145,0
svd_radon,3416,64,[3],constructed_initial,test,oct_stage3,0,256,0.25,2048,32,64,3,label0,145,cross_relative,0.0,0.0,145,0
svd_radon,3416,64,[3],constructed_initial,test,oct_stage3,0,256,0.25,2048,32,64,3,label0,145,total_relative,0.0,0.0,145,0
svd_radon,3416,64,[3],constructed_initial,test,oct_stage3,0,256,0.25,2048,32,64,3,label0,145,self_cross_cosine,,,0,145
svd_radon,3416,64,[3],constructed_initial,test,oct_stage3,0,256,0.25,2048,32,64,3,label0,145,energy_identity_relative_error,0.0,0.0,145,0
svd_radon,3416,64,[3],constructed_initial,test,oct_stage3,0,256,0.25,2048,32,64,3,label0,145,channel_energy_retained,0.8570033339624188,0.025069234297246713,145,0
svd_radon,3416,64,[3],constructed_initial,test,oct_stage3,0,256,0.25,2048,32,64,3,label1,145,self_relative,0.0,0.0,145,0
svd_radon,3416,64,[3],constructed_initial,test,oct_stage3,0,256,0.25,2048,32,64,3,label1,145,cross_relative,0.0,0.0,145,0
svd_radon,3416,64,[3],constructed_initial,test,oct_stage3,0,256,0.25,2048,32,64,3,label1,145,total_relative,0.0,0.0,145,0
svd_radon,3416,64,[3],constructed_initial,test,oct_stage3,0,256,0.25,2048,32,64,3,label1,145,self_cross_cosine,,,0,145
svd_radon,3416,64,[3],constructed_initial,test,oct_stage3,0,256,0.25,2048,32,64,3,label1,145,energy_identity_relative_error,0.0,0.0,145,0
svd_radon,3416,64,[3],constructed_initial,test,oct_stage3,0,256,0.25,2048,32,64,3,label1,145,channel_energy_retained,0.8556681090381484,0.022112559125345096,145,0
svd_radon,3416,64,[3],selected,train,cfp_stage3,0,256,0.25,2048,32,64,3,all,1264,self_relative,2.6254582740709878,0.16865390227238308,1264,0
svd_radon,3416,64,[3],selected,train,cfp_stage3,0,256,0.25,2048,32,64,3,all,1264,cross_relative,2.490856769698242,0.1735878313218695,1264,0
svd_radon,3416,64,[3],selected,train,cfp_stage3,0,256,0.25,2048,32,64,3,all,1264,total_relative,4.77400022799381,0.17289747006405937,1264,0
svd_radon,3416,64,[3],selected,train,cfp_stage3,0,256,0.25,2048,32,64,3,all,1264,self_cross_cosine,0.7424029050310365,0.060292739235899916,1264,0
svd_radon,3416,64,[3],selected,train,cfp_stage3,0,256,0.25,2048,32,64,3,all,1264,energy_identity_relative_error,7.465130407481661e-17,6.358448284357928e-17,1264,0
svd_radon,3416,64,[3],selected,train,cfp_stage3,0,256,0.25,2048,32,64,3,all,1264,channel_energy_retained,0.7553999594519725,0.01474885473066124,1264,0
svd_radon,3416,64,[3],selected,train,cfp_stage3,0,256,0.25,2048,32,64,3,label0,632,self_relative,2.502350642930684,0.10043351952623404,632,0
svd_radon,3416,64,[3],selected,train,cfp_stage3,0,256,0.25,2048,32,64,3,label0,632,cross_relative,2.552471576405443,0.15147752125132327,632,0
svd_radon,3416,64,[3],selected,train,cfp_stage3,0,256,0.25,2048,32,64,3,label0,632,total_relative,4.734086974559928,0.13730358171339824,632,0
svd_radon,3416,64,[3],selected,train,cfp_stage3,0,256,0.25,2048,32,64,3,label0,632,self_cross_cosine,0.7561599356865465,0.058760750745161225,632,0
svd_radon,3416,64,[3],selected,train,cfp_stage3,0,256,0.25,2048,32,64,3,label0,632,energy_identity_relative_error,6.650318429292297e-17,5.724734681202616e-17,632,0
svd_radon,3416,64,[3],selected,train,cfp_stage3,0,256,0.25,2048,32,64,3,label0,632,channel_energy_retained,0.7594186126501814,0.013442056217851859,632,0
svd_radon,3416,64,[3],selected,train,cfp_stage3,0,256,0.25,2048,32,64,3,label1,632,self_relative,2.7485659052112936,0.1284034634606893,632,0
svd_radon,3416,64,[3],selected,train,cfp_stage3,0,256,0.25,2048,32,64,3,label1,632,cross_relative,2.4292419629910413,0.17251951522898673,632,0
svd_radon,3416,64,[3],selected,train,cfp_stage3,0,256,0.25,2048,32,64,3,label1,632,total_relative,4.813913481427697,0.1943990397937585,632,0
svd_radon,3416,64,[3],selected,train,cfp_stage3,0,256,0.25,2048,32,64,3,label1,632,self_cross_cosine,0.7286458743755269,0.05868775317713672,632,0
svd_radon,3416,64,[3],selected,train,cfp_stage3,0,256,0.25,2048,32,64,3,label1,632,energy_identity_relative_error,8.27994238567102e-17,6.842607195196021e-17,632,0
svd_radon,3416,64,[3],selected,train,cfp_stage3,0,256,0.25,2048,32,64,3,label1,632,channel_energy_retained,0.7513813062537635,0.01491183954279837,632,0
svd_radon,3416,64,[3],selected,train,oct_stage3,0,256,0.25,2048,32,64,3,all,1264,self_relative,6.834755837303494,0.3386071627182602,1264,0
svd_radon,3416,64,[3],selected,train,oct_stage3,0,256,0.25,2048,32,64,3,all,1264,cross_relative,6.909074729397366,1.211236822370057,1264,0
svd_radon,3416,64,[3],selected,train,oct_stage3,0,256,0.25,2048,32,64,3,all,1264,total_relative,11.8041269316789,0.7140706044211698,1264,0
svd_radon,3416,64,[3],selected,train,oct_stage3,0,256,0.25,2048,32,64,3,all,1264,self_cross_cosine,0.4793892957115996,0.11548688867634613,1264,0
svd_radon,3416,64,[3],selected,train,oct_stage3,0,256,0.25,2048,32,64,3,all,1264,energy_identity_relative_error,7.88230509656508e-17,6.531370803937524e-17,1264,0
svd_radon,3416,64,[3],selected,train,oct_stage3,0,256,0.25,2048,32,64,3,all,1264,channel_energy_retained,0.7270442165359227,0.009368575664499685,1264,0
svd_radon,3416,64,[3],selected,train,oct_stage3,0,256,0.25,2048,32,64,3,label0,632,self_relative,6.9995057255859905,0.32172324688028725,632,0
svd_radon,3416,64,[3],selected,train,oct_stage3,0,256,0.25,2048,32,64,3,label0,632,cross_relative,5.8857636906774955,0.43496068641894214,632,0
svd_radon,3416,64,[3],selected,train,oct_stage3,0,256,0.25,2048,32,64,3,label0,632,total_relative,11.28277217595359,0.3825424464941835,632,0
svd_radon,3416,64,[3],selected,train,oct_stage3,0,256,0.25,2048,32,64,3,label0,632,self_cross_cosine,0.5335623975884028,0.09871170062821483,632,0
svd_radon,3416,64,[3],selected,train,oct_stage3,0,256,0.25,2048,32,64,3,label0,632,energy_identity_relative_error,7.716705615592256e-17,6.478603135104667e-17,632,0
svd_radon,3416,64,[3],selected,train,oct_stage3,0,256,0.25,2048,32,64,3,label0,632,channel_energy_retained,0.7272586708225113,0.00935760642204719,632,0
svd_radon,3416,64,[3],selected,train,oct_stage3,0,256,0.25,2048,32,64,3,label1,632,self_relative,6.670005949021003,0.26760866106931924,632,0
svd_radon,3416,64,[3],selected,train,oct_stage3,0,256,0.25,2048,32,64,3,label1,632,cross_relative,7.932385768117242,0.8060232513329804,632,0
svd_radon,3416,64,[3],selected,train,oct_stage3,0,256,0.25,2048,32,64,3,label1,632,total_relative,12.325481687404203,0.5742646808774065,632,0
svd_radon,3416,64,[3],selected,train,oct_stage3,0,256,0.25,2048,32,64,3,label1,632,self_cross_cosine,0.4252161938347959,0.1052275057084628,632,0
svd_radon,3416,64,[3],selected,train,oct_stage3,0,256,0.25,2048,32,64,3,label1,632,energy_identity_relative_error,8.047904577537895e-17,6.584677847660389e-17,632,0
svd_radon,3416,64,[3],selected,train,oct_stage3,0,256,0.25,2048,32,64,3,label1,632,channel_energy_retained,0.7268297622493335,0.009382035598196831,632,0
svd_radon,3416,64,[3],selected,validation,cfp_stage3,0,256,0.25,2048,32,64,3,all,296,self_relative,2.6135942965100876,0.1470313969784676,296,0
svd_radon,3416,64,[3],selected,validation,cfp_stage3,0,256,0.25,2048,32,64,3,all,296,cross_relative,2.475755725478746,0.15540239418506813,296,0
svd_radon,3416,64,[3],selected,validation,cfp_stage3,0,256,0.25,2048,32,64,3,all,296,total_relative,4.75309671480143,0.16602543900868166,296,0
svd_radon,3416,64,[3],selected,validation,cfp_stage3,0,256,0.25,2048,32,64,3,all,296,self_cross_cosine,0.7456971146670951,0.060902307480734386,296,0
svd_radon,3416,64,[3],selected,validation,cfp_stage3,0,256,0.25,2048,32,64,3,all,296,energy_identity_relative_error,6.923699516759851e-17,6.219340822885956e-17,296,0
svd_radon,3416,64,[3],selected,validation,cfp_stage3,0,256,0.25,2048,32,64,3,all,296,channel_energy_retained,0.7561915533456259,0.01479559792223601,296,0
svd_radon,3416,64,[3],selected,validation,cfp_stage3,0,256,0.25,2048,32,64,3,label0,148,self_relative,2.5814719386215805,0.13091824954660636,148,0
svd_radon,3416,64,[3],selected,validation,cfp_stage3,0,256,0.25,2048,32,64,3,label0,148,cross_relative,2.4966008852815107,0.14525385977673097,148,0
svd_radon,3416,64,[3],selected,validation,cfp_stage3,0,256,0.25,2048,32,64,3,label0,148,total_relative,4.73852990894616,0.15365503092305016,148,0
svd_radon,3416,64,[3],selected,validation,cfp_stage3,0,256,0.25,2048,32,64,3,label0,148,self_cross_cosine,0.742837769113378,0.05899019411144005,148,0
svd_radon,3416,64,[3],selected,validation,cfp_stage3,0,256,0.25,2048,32,64,3,label0,148,energy_identity_relative_error,5.925576210824228e-17,5.553218042000873e-17,148,0
svd_radon,3416,64,[3],selected,validation,cfp_stage3,0,256,0.25,2048,32,64,3,label0,148,channel_energy_retained,0.7574091080292256,0.01430736972723194,148,0
svd_radon,3416,64,[3],selected,validation,cfp_stage3,0,256,0.25,2048,32,64,3,label1,148,self_relative,2.645716654398593,0.15545484122138276,148,0
svd_radon,3416,64,[3],selected,validation,cfp_stage3,0,256,0.25,2048,32,64,3,label1,148,cross_relative,2.454910565675981,0.1627588900748709,148,0
svd_radon,3416,64,[3],selected,validation,cfp_stage3,0,256,0.25,2048,32,64,3,label1,148,total_relative,4.767663520656698,0.17685945516010315,148,0
svd_radon,3416,64,[3],selected,validation,cfp_stage3,0,256,0.25,2048,32,64,3,label1,148,self_cross_cosine,0.7485564602208119,0.06282601430505304,148,0
svd_radon,3416,64,[3],selected,validation,cfp_stage3,0,256,0.25,2048,32,64,3,label1,148,energy_identity_relative_error,7.921822822695472e-17,6.691729660052319e-17,148,0
svd_radon,3416,64,[3],selected,validation,cfp_stage3,0,256,0.25,2048,32,64,3,label1,148,channel_energy_retained,0.7549739986620263,0.01521915703765005,148,0
svd_radon,3416,64,[3],selected,validation,oct_stage3,0,256,0.25,2048,32,64,3,all,296,self_relative,6.784280522009842,0.2767018385727838,296,0
svd_radon,3416,64,[3],selected,validation,oct_stage3,0,256,0.25,2048,32,64,3,all,296,cross_relative,6.817888946605267,0.9436944986631572,296,0
svd_radon,3416,64,[3],selected,validation,oct_stage3,0,256,0.25,2048,32,64,3,all,296,total_relative,11.663066293298531,0.6014854262203668,296,0
svd_radon,3416,64,[3],selected,validation,oct_stage3,0,256,0.25,2048,32,64,3,all,296,self_cross_cosine,0.4744674536143047,0.11151294947231741,296,0
svd_radon,3416,64,[3],selected,validation,oct_stage3,0,256,0.25,2048,32,64,3,all,296,energy_identity_relative_error,6.932589382050101e-17,5.693714517964081e-17,296,0
svd_radon,3416,64,[3],selected,validation,oct_stage3,0,256,0.25,2048,32,64,3,all,296,channel_energy_retained,0.7266666702317598,0.00952033174163344,296,0
svd_radon,3416,64,[3],selected,validation,oct_stage3,0,256,0.25,2048,32,64,3,label0,148,self_relative,6.869777455110247,0.27561188767593453,148,0
svd_radon,3416,64,[3],selected,validation,oct_stage3,0,256,0.25,2048,32,64,3,label0,148,cross_relative,6.533035325589809,0.7796063191691476,148,0
svd_radon,3416,64,[3],selected,validation,oct_stage3,0,256,0.25,2048,32,64,3,label0,148,total_relative,11.498243692479566,0.4956144951756763,148,0
svd_radon,3416,64,[3],selected,validation,oct_stage3,0,256,0.25,2048,32,64,3,label0,148,self_cross_cosine,0.4759458421279029,0.10496184126334043,148,0
svd_radon,3416,64,[3],selected,validation,oct_stage3,0,256,0.25,2048,32,64,3,label0,148,energy_identity_relative_error,6.997642932626416e-17,5.4579219303847066e-17,148,0
svd_radon,3416,64,[3],selected,validation,oct_stage3,0,256,0.25,2048,32,64,3,label0,148,channel_energy_retained,0.726261222055016,0.008560616729790445,148,0
svd_radon,3416,64,[3],selected,validation,oct_stage3,0,256,0.25,2048,32,64,3,label1,148,self_relative,6.698783588909438,0.2509339395758624,148,0
svd_radon,3416,64,[3],selected,validation,oct_stage3,0,256,0.25,2048,32,64,3,label1,148,cross_relative,7.102742567620725,1.0079700835555905,148,0
svd_radon,3416,64,[3],selected,validation,oct_stage3,0,256,0.25,2048,32,64,3,label1,148,total_relative,11.827888894117493,0.6524524787495414,148,0
svd_radon,3416,64,[3],selected,validation,oct_stage3,0,256,0.25,2048,32,64,3,label1,148,self_cross_cosine,0.47298906510070643,0.11804016033443294,148,0
svd_radon,3416,64,[3],selected,validation,oct_stage3,0,256,0.25,2048,32,64,3,label1,148,energy_identity_relative_error,6.86753583147379e-17,5.938002185139165e-17,148,0
svd_radon,3416,64,[3],selected,validation,oct_stage3,0,256,0.25,2048,32,64,3,label1,148,channel_energy_retained,0.7270721184085038,0.010405519565449595,148,0
svd_radon,3416,64,[3],selected,test,cfp_stage3,0,256,0.25,2048,32,64,3,all,290,self_relative,2.5993032146286374,0.14079944766862088,290,0
svd_radon,3416,64,[3],selected,test,cfp_stage3,0,256,0.25,2048,32,64,3,all,290,cross_relative,2.4935368054590197,0.18777056960912242,290,0
svd_radon,3416,64,[3],selected,test,cfp_stage3,0,256,0.25,2048,32,64,3,all,290,total_relative,4.757690878642309,0.1777020068608759,290,0
svd_radon,3416,64,[3],selected,test,cfp_stage3,0,256,0.25,2048,32,64,3,all,290,self_cross_cosine,0.7466310423572389,0.06056364945239324,290,0
svd_radon,3416,64,[3],selected,test,cfp_stage3,0,256,0.25,2048,32,64,3,all,290,energy_identity_relative_error,7.739005116206024e-17,5.976137498428893e-17,290,0
svd_radon,3416,64,[3],selected,test,cfp_stage3,0,256,0.25,2048,32,64,3,all,290,channel_energy_retained,0.7560526278599017,0.014344589661402446,290,0
svd_radon,3416,64,[3],selected,test,cfp_stage3,0,256,0.25,2048,32,64,3,label0,145,self_relative,2.593784645047802,0.1368843567059445,145,0
svd_radon,3416,64,[3],selected,test,cfp_stage3,0,256,0.25,2048,32,64,3,label0,145,cross_relative,2.4943736050884566,0.1702277415615867,145,0
svd_radon,3416,64,[3],selected,test,cfp_stage3,0,256,0.25,2048,32,64,3,label0,145,total_relative,4.754035599890296,0.1646826703269395,145,0
svd_radon,3416,64,[3],selected,test,cfp_stage3,0,256,0.25,2048,32,64,3,label0,145,self_cross_cosine,0.7469432445603782,0.058435904088875675,145,0
svd_radon,3416,64,[3],selected,test,cfp_stage3,0,256,0.25,2048,32,64,3,label0,145,energy_identity_relative_error,8.131583326827764e-17,5.811847718083165e-17,145,0
svd_radon,3416,64,[3],selected,test,cfp_stage3,0,256,0.25,2048,32,64,3,label0,145,channel_energy_retained,0.7560424681356601,0.01428585034395228,145,0
svd_radon,3416,64,[3],selected,test,cfp_stage3,0,256,0.25,2048,32,64,3,label1,145,self_relative,2.6048217842094745,0.14487228736591523,145,0
svd_radon,3416,64,[3],selected,test,cfp_stage3,0,256,0.25,2048,32,64,3,label1,145,cross_relative,2.492700005829582,0.2044052963466256,145,0
svd_radon,3416,64,[3],selected,test,cfp_stage3,0,256,0.25,2048,32,64,3,label1,145,total_relative,4.76134615739432,0.19033656656597497,145,0
svd_radon,3416,64,[3],selected,test,cfp_stage3,0,256,0.25,2048,32,64,3,label1,145,self_cross_cosine,0.7463188401540995,0.06282063357884887,145,0
svd_radon,3416,64,[3],selected,test,cfp_stage3,0,256,0.25,2048,32,64,3,label1,145,energy_identity_relative_error,7.34642690558428e-17,6.130946459456446e-17,145,0
svd_radon,3416,64,[3],selected,test,cfp_stage3,0,256,0.25,2048,32,64,3,label1,145,channel_energy_retained,0.7560627875841428,0.01445260241061255,145,0
svd_radon,3416,64,[3],selected,test,oct_stage3,0,256,0.25,2048,32,64,3,all,290,self_relative,6.810280259845616,0.3140212130194282,290,0
svd_radon,3416,64,[3],selected,test,oct_stage3,0,256,0.25,2048,32,64,3,all,290,cross_relative,6.733834593048445,0.8895833073234974,290,0
svd_radon,3416,64,[3],selected,test,oct_stage3,0,256,0.25,2048,32,64,3,all,290,total_relative,11.621116031105029,0.5457425254748879,290,0
svd_radon,3416,64,[3],selected,test,oct_stage3,0,256,0.25,2048,32,64,3,all,290,self_cross_cosine,0.4773683542230805,0.11120043582947045,290,0
svd_radon,3416,64,[3],selected,test,oct_stage3,0,256,0.25,2048,32,64,3,all,290,energy_identity_relative_error,7.499449637317217e-17,5.7248359248267e-17,290,0
svd_radon,3416,64,[3],selected,test,oct_stage3,0,256,0.25,2048,32,64,3,all,290,channel_energy_retained,0.7271559150696313,0.010015202150242805,290,0
svd_radon,3416,64,[3],selected,test,oct_stage3,0,256,0.25,2048,32,64,3,label0,145,self_relative,6.859114823108471,0.2815749389357704,145,0
svd_radon,3416,64,[3],selected,test,oct_stage3,0,256,0.25,2048,32,64,3,label0,145,cross_relative,6.619913158631132,0.8508226387144291,145,0
svd_radon,3416,64,[3],selected,test,oct_stage3,0,256,0.25,2048,32,64,3,label0,145,total_relative,11.584057422942994,0.5349910375561095,145,0
svd_radon,3416,64,[3],selected,test,oct_stage3,0,256,0.25,2048,32,64,3,label0,145,self_cross_cosine,0.4821492473458428,0.11059698476659675,145,0
svd_radon,3416,64,[3],selected,test,oct_stage3,0,256,0.25,2048,32,64,3,label0,145,energy_identity_relative_error,7.444666050979693e-17,6.081411686570506e-17,145,0
svd_radon,3416,64,[3],selected,test,oct_stage3,0,256,0.25,2048,32,64,3,label0,145,channel_energy_retained,0.7270369245819489,0.01087553484601977,145,0
svd_radon,3416,64,[3],selected,test,oct_stage3,0,256,0.25,2048,32,64,3,label1,145,self_relative,6.76144569658276,0.3373666160319911,145,0
svd_radon,3416,64,[3],selected,test,oct_stage3,0,256,0.25,2048,32,64,3,label1,145,cross_relative,6.847756027465758,0.9155199975532323,145,0
svd_radon,3416,64,[3],selected,test,oct_stage3,0,256,0.25,2048,32,64,3,label1,145,total_relative,11.658174639267061,0.555659014911793,145,0
svd_radon,3416,64,[3],selected,test,oct_stage3,0,256,0.25,2048,32,64,3,label1,145,self_cross_cosine,0.4725874611003182,0.11197866433612634,145,0
svd_radon,3416,64,[3],selected,test,oct_stage3,0,256,0.25,2048,32,64,3,label1,145,energy_identity_relative_error,7.554233223654744e-17,5.3652097745681175e-17,145,0
svd_radon,3416,64,[3],selected,test,oct_stage3,0,256,0.25,2048,32,64,3,label1,145,channel_energy_retained,0.7272749055573136,0.009110396993063971,145,0
qr_radon,3416,16,[3],constructed_initial,train,cfp_stage3,0,256,0.0625,512,32,64,3,all,1264,self_relative,0.0,0.0,1264,0
qr_radon,3416,16,[3],constructed_initial,train,cfp_stage3,0,256,0.0625,512,32,64,3,all,1264,cross_relative,0.0,0.0,1264,0
qr_radon,3416,16,[3],constructed_initial,train,cfp_stage3,0,256,0.0625,512,32,64,3,all,1264,total_relative,0.0,0.0,1264,0
qr_radon,3416,16,[3],constructed_initial,train,cfp_stage3,0,256,0.0625,512,32,64,3,all,1264,self_cross_cosine,,,0,1264
qr_radon,3416,16,[3],constructed_initial,train,cfp_stage3,0,256,0.0625,512,32,64,3,all,1264,energy_identity_relative_error,0.0,0.0,1264,0
qr_radon,3416,16,[3],constructed_initial,train,cfp_stage3,0,256,0.0625,512,32,64,3,all,1264,channel_energy_retained,0.07647902339581322,0.002927872452339275,1264,0
qr_radon,3416,16,[3],constructed_initial,train,cfp_stage3,0,256,0.0625,512,32,64,3,label0,632,self_relative,0.0,0.0,632,0
qr_radon,3416,16,[3],constructed_initial,train,cfp_stage3,0,256,0.0625,512,32,64,3,label0,632,cross_relative,0.0,0.0,632,0
qr_radon,3416,16,[3],constructed_initial,train,cfp_stage3,0,256,0.0625,512,32,64,3,label0,632,total_relative,0.0,0.0,632,0
qr_radon,3416,16,[3],constructed_initial,train,cfp_stage3,0,256,0.0625,512,32,64,3,label0,632,self_cross_cosine,,,0,632
qr_radon,3416,16,[3],constructed_initial,train,cfp_stage3,0,256,0.0625,512,32,64,3,label0,632,energy_identity_relative_error,0.0,0.0,632,0
qr_radon,3416,16,[3],constructed_initial,train,cfp_stage3,0,256,0.0625,512,32,64,3,label0,632,channel_energy_retained,0.0765186512203637,0.0029875222178485537,632,0
qr_radon,3416,16,[3],constructed_initial,train,cfp_stage3,0,256,0.0625,512,32,64,3,label1,632,self_relative,0.0,0.0,632,0
qr_radon,3416,16,[3],constructed_initial,train,cfp_stage3,0,256,0.0625,512,32,64,3,label1,632,cross_relative,0.0,0.0,632,0
qr_radon,3416,16,[3],constructed_initial,train,cfp_stage3,0,256,0.0625,512,32,64,3,label1,632,total_relative,0.0,0.0,632,0
qr_radon,3416,16,[3],constructed_initial,train,cfp_stage3,0,256,0.0625,512,32,64,3,label1,632,self_cross_cosine,,,0,632
qr_radon,3416,16,[3],constructed_initial,train,cfp_stage3,0,256,0.0625,512,32,64,3,label1,632,energy_identity_relative_error,0.0,0.0,632,0
qr_radon,3416,16,[3],constructed_initial,train,cfp_stage3,0,256,0.0625,512,32,64,3,label1,632,channel_energy_retained,0.07643939557126277,0.0028688020086111337,632,0
qr_radon,3416,16,[3],constructed_initial,train,oct_stage3,0,256,0.0625,512,32,64,3,all,1264,self_relative,0.0,0.0,1264,0
qr_radon,3416,16,[3],constructed_initial,train,oct_stage3,0,256,0.0625,512,32,64,3,all,1264,cross_relative,0.0,0.0,1264,0
qr_radon,3416,16,[3],constructed_initial,train,oct_stage3,0,256,0.0625,512,32,64,3,all,1264,total_relative,0.0,0.0,1264,0
qr_radon,3416,16,[3],constructed_initial,train,oct_stage3,0,256,0.0625,512,32,64,3,all,1264,self_cross_cosine,,,0,1264
qr_radon,3416,16,[3],constructed_initial,train,oct_stage3,0,256,0.0625,512,32,64,3,all,1264,energy_identity_relative_error,0.0,0.0,1264,0
qr_radon,3416,16,[3],constructed_initial,train,oct_stage3,0,256,0.0625,512,32,64,3,all,1264,channel_energy_retained,0.058079388899164947,0.002621714583627773,1264,0
qr_radon,3416,16,[3],constructed_initial,train,oct_stage3,0,256,0.0625,512,32,64,3,label0,632,self_relative,0.0,0.0,632,0
qr_radon,3416,16,[3],constructed_initial,train,oct_stage3,0,256,0.0625,512,32,64,3,label0,632,cross_relative,0.0,0.0,632,0
qr_radon,3416,16,[3],constructed_initial,train,oct_stage3,0,256,0.0625,512,32,64,3,label0,632,total_relative,0.0,0.0,632,0
qr_radon,3416,16,[3],constructed_initial,train,oct_stage3,0,256,0.0625,512,32,64,3,label0,632,self_cross_cosine,,,0,632
qr_radon,3416,16,[3],constructed_initial,train,oct_stage3,0,256,0.0625,512,32,64,3,label0,632,energy_identity_relative_error,0.0,0.0,632,0
qr_radon,3416,16,[3],constructed_initial,train,oct_stage3,0,256,0.0625,512,32,64,3,label0,632,channel_energy_retained,0.05814464453999884,0.002584901899701441,632,0
qr_radon,3416,16,[3],constructed_initial,train,oct_stage3,0,256,0.0625,512,32,64,3,label1,632,self_relative,0.0,0.0,632,0
qr_radon,3416,16,[3],constructed_initial,train,oct_stage3,0,256,0.0625,512,32,64,3,label1,632,cross_relative,0.0,0.0,632,0
qr_radon,3416,16,[3],constructed_initial,train,oct_stage3,0,256,0.0625,512,32,64,3,label1,632,total_relative,0.0,0.0,632,0
qr_radon,3416,16,[3],constructed_initial,train,oct_stage3,0,256,0.0625,512,32,64,3,label1,632,self_cross_cosine,,,0,632
qr_radon,3416,16,[3],constructed_initial,train,oct_stage3,0,256,0.0625,512,32,64,3,label1,632,energy_identity_relative_error,0.0,0.0,632,0
qr_radon,3416,16,[3],constructed_initial,train,oct_stage3,0,256,0.0625,512,32,64,3,label1,632,channel_energy_retained,0.058014133258331005,0.002658461893474976,632,0
qr_radon,3416,16,[3],constructed_initial,validation,cfp_stage3,0,256,0.0625,512,32,64,3,all,296,self_relative,0.0,0.0,296,0
qr_radon,3416,16,[3],constructed_initial,validation,cfp_stage3,0,256,0.0625,512,32,64,3,all,296,cross_relative,0.0,0.0,296,0
qr_radon,3416,16,[3],constructed_initial,validation,cfp_stage3,0,256,0.0625,512,32,64,3,all,296,total_relative,0.0,0.0,296,0
qr_radon,3416,16,[3],constructed_initial,validation,cfp_stage3,0,256,0.0625,512,32,64,3,all,296,self_cross_cosine,,,0,296
qr_radon,3416,16,[3],constructed_initial,validation,cfp_stage3,0,256,0.0625,512,32,64,3,all,296,energy_identity_relative_error,0.0,0.0,296,0
qr_radon,3416,16,[3],constructed_initial,validation,cfp_stage3,0,256,0.0625,512,32,64,3,all,296,channel_energy_retained,0.07680758098428869,0.0030258181611105446,296,0
qr_radon,3416,16,[3],constructed_initial,validation,cfp_stage3,0,256,0.0625,512,32,64,3,label0,148,self_relative,0.0,0.0,148,0
qr_radon,3416,16,[3],constructed_initial,validation,cfp_stage3,0,256,0.0625,512,32,64,3,label0,148,cross_relative,0.0,0.0,148,0
qr_radon,3416,16,[3],constructed_initial,validation,cfp_stage3,0,256,0.0625,512,32,64,3,label0,148,total_relative,0.0,0.0,148,0
qr_radon,3416,16,[3],constructed_initial,validation,cfp_stage3,0,256,0.0625,512,32,64,3,label0,148,self_cross_cosine,,,0,148
qr_radon,3416,16,[3],constructed_initial,validation,cfp_stage3,0,256,0.0625,512,32,64,3,label0,148,energy_identity_relative_error,0.0,0.0,148,0
qr_radon,3416,16,[3],constructed_initial,validation,cfp_stage3,0,256,0.0625,512,32,64,3,label0,148,channel_energy_retained,0.07674039673150745,0.003097490818669123,148,0
qr_radon,3416,16,[3],constructed_initial,validation,cfp_stage3,0,256,0.0625,512,32,64,3,label1,148,self_relative,0.0,0.0,148,0
qr_radon,3416,16,[3],constructed_initial,validation,cfp_stage3,0,256,0.0625,512,32,64,3,label1,148,cross_relative,0.0,0.0,148,0
qr_radon,3416,16,[3],constructed_initial,validation,cfp_stage3,0,256,0.0625,512,32,64,3,label1,148,total_relative,0.0,0.0,148,0
qr_radon,3416,16,[3],constructed_initial,validation,cfp_stage3,0,256,0.0625,512,32,64,3,label1,148,self_cross_cosine,,,0,148
qr_radon,3416,16,[3],constructed_initial,validation,cfp_stage3,0,256,0.0625,512,32,64,3,label1,148,energy_identity_relative_error,0.0,0.0,148,0
qr_radon,3416,16,[3],constructed_initial,validation,cfp_stage3,0,256,0.0625,512,32,64,3,label1,148,channel_energy_retained,0.07687476523706996,0.002961400966510265,148,0
qr_radon,3416,16,[3],constructed_initial,validation,oct_stage3,0,256,0.0625,512,32,64,3,all,296,self_relative,0.0,0.0,296,0
qr_radon,3416,16,[3],constructed_initial,validation,oct_stage3,0,256,0.0625,512,32,64,3,all,296,cross_relative,0.0,0.0,296,0
qr_radon,3416,16,[3],constructed_initial,validation,oct_stage3,0,256,0.0625,512,32,64,3,all,296,total_relative,0.0,0.0,296,0
qr_radon,3416,16,[3],constructed_initial,validation,oct_stage3,0,256,0.0625,512,32,64,3,all,296,self_cross_cosine,,,0,296
qr_radon,3416,16,[3],constructed_initial,validation,oct_stage3,0,256,0.0625,512,32,64,3,all,296,energy_identity_relative_error,0.0,0.0,296,0
qr_radon,3416,16,[3],constructed_initial,validation,oct_stage3,0,256,0.0625,512,32,64,3,all,296,channel_energy_retained,0.05824625025342028,0.00261515305245112,296,0
qr_radon,3416,16,[3],constructed_initial,validation,oct_stage3,0,256,0.0625,512,32,64,3,label0,148,self_relative,0.0,0.0,148,0
qr_radon,3416,16,[3],constructed_initial,validation,oct_stage3,0,256,0.0625,512,32,64,3,label0,148,cross_relative,0.0,0.0,148,0
qr_radon,3416,16,[3],constructed_initial,validation,oct_stage3,0,256,0.0625,512,32,64,3,label0,148,total_relative,0.0,0.0,148,0
qr_radon,3416,16,[3],constructed_initial,validation,oct_stage3,0,256,0.0625,512,32,64,3,label0,148,self_cross_cosine,,,0,148
qr_radon,3416,16,[3],constructed_initial,validation,oct_stage3,0,256,0.0625,512,32,64,3,label0,148,energy_identity_relative_error,0.0,0.0,148,0
qr_radon,3416,16,[3],constructed_initial,validation,oct_stage3,0,256,0.0625,512,32,64,3,label0,148,channel_energy_retained,0.05836991702579934,0.0024537549347460924,148,0
qr_radon,3416,16,[3],constructed_initial,validation,oct_stage3,0,256,0.0625,512,32,64,3,label1,148,self_relative,0.0,0.0,148,0
qr_radon,3416,16,[3],constructed_initial,validation,oct_stage3,0,256,0.0625,512,32,64,3,label1,148,cross_relative,0.0,0.0,148,0
qr_radon,3416,16,[3],constructed_initial,validation,oct_stage3,0,256,0.0625,512,32,64,3,label1,148,total_relative,0.0,0.0,148,0
qr_radon,3416,16,[3],constructed_initial,validation,oct_stage3,0,256,0.0625,512,32,64,3,label1,148,self_cross_cosine,,,0,148
qr_radon,3416,16,[3],constructed_initial,validation,oct_stage3,0,256,0.0625,512,32,64,3,label1,148,energy_identity_relative_error,0.0,0.0,148,0
qr_radon,3416,16,[3],constructed_initial,validation,oct_stage3,0,256,0.0625,512,32,64,3,label1,148,channel_energy_retained,0.058122583481041205,0.002769993982483963,148,0
qr_radon,3416,16,[3],constructed_initial,test,cfp_stage3,0,256,0.0625,512,32,64,3,all,290,self_relative,0.0,0.0,290,0
qr_radon,3416,16,[3],constructed_initial,test,cfp_stage3,0,256,0.0625,512,32,64,3,all,290,cross_relative,0.0,0.0,290,0
qr_radon,3416,16,[3],constructed_initial,test,cfp_stage3,0,256,0.0625,512,32,64,3,all,290,total_relative,0.0,0.0,290,0
qr_radon,3416,16,[3],constructed_initial,test,cfp_stage3,0,256,0.0625,512,32,64,3,all,290,self_cross_cosine,,,0,290
qr_radon,3416,16,[3],constructed_initial,test,cfp_stage3,0,256,0.0625,512,32,64,3,all,290,energy_identity_relative_error,0.0,0.0,290,0
qr_radon,3416,16,[3],constructed_initial,test,cfp_stage3,0,256,0.0625,512,32,64,3,all,290,channel_energy_retained,0.0764231011776966,0.0029424888519210784,290,0
qr_radon,3416,16,[3],constructed_initial,test,cfp_stage3,0,256,0.0625,512,32,64,3,label0,145,self_relative,0.0,0.0,145,0
qr_radon,3416,16,[3],constructed_initial,test,cfp_stage3,0,256,0.0625,512,32,64,3,label0,145,cross_relative,0.0,0.0,145,0
qr_radon,3416,16,[3],constructed_initial,test,cfp_stage3,0,256,0.0625,512,32,64,3,label0,145,total_relative,0.0,0.0,145,0
qr_radon,3416,16,[3],constructed_initial,test,cfp_stage3,0,256,0.0625,512,32,64,3,label0,145,self_cross_cosine,,,0,145
qr_radon,3416,16,[3],constructed_initial,test,cfp_stage3,0,256,0.0625,512,32,64,3,label0,145,energy_identity_relative_error,0.0,0.0,145,0
qr_radon,3416,16,[3],constructed_initial,test,cfp_stage3,0,256,0.0625,512,32,64,3,label0,145,channel_energy_retained,0.07620369519963464,0.0029736440004577477,145,0
qr_radon,3416,16,[3],constructed_initial,test,cfp_stage3,0,256,0.0625,512,32,64,3,label1,145,self_relative,0.0,0.0,145,0
qr_radon,3416,16,[3],constructed_initial,test,cfp_stage3,0,256,0.0625,512,32,64,3,label1,145,cross_relative,0.0,0.0,145,0
qr_radon,3416,16,[3],constructed_initial,test,cfp_stage3,0,256,0.0625,512,32,64,3,label1,145,total_relative,0.0,0.0,145,0
qr_radon,3416,16,[3],constructed_initial,test,cfp_stage3,0,256,0.0625,512,32,64,3,label1,145,self_cross_cosine,,,0,145
qr_radon,3416,16,[3],constructed_initial,test,cfp_stage3,0,256,0.0625,512,32,64,3,label1,145,energy_identity_relative_error,0.0,0.0,145,0
qr_radon,3416,16,[3],constructed_initial,test,cfp_stage3,0,256,0.0625,512,32,64,3,label1,145,channel_energy_retained,0.07664250715575854,0.0029046691298039223,145,0
qr_radon,3416,16,[3],constructed_initial,test,oct_stage3,0,256,0.0625,512,32,64,3,all,290,self_relative,0.0,0.0,290,0
qr_radon,3416,16,[3],constructed_initial,test,oct_stage3,0,256,0.0625,512,32,64,3,all,290,cross_relative,0.0,0.0,290,0
qr_radon,3416,16,[3],constructed_initial,test,oct_stage3,0,256,0.0625,512,32,64,3,all,290,total_relative,0.0,0.0,290,0
qr_radon,3416,16,[3],constructed_initial,test,oct_stage3,0,256,0.0625,512,32,64,3,all,290,self_cross_cosine,,,0,290
qr_radon,3416,16,[3],constructed_initial,test,oct_stage3,0,256,0.0625,512,32,64,3,all,290,energy_identity_relative_error,0.0,0.0,290,0
qr_radon,3416,16,[3],constructed_initial,test,oct_stage3,0,256,0.0625,512,32,64,3,all,290,channel_energy_retained,0.058163262126698256,0.002700698900919473,290,0
qr_radon,3416,16,[3],constructed_initial,test,oct_stage3,0,256,0.0625,512,32,64,3,label0,145,self_relative,0.0,0.0,145,0
qr_radon,3416,16,[3],constructed_initial,test,oct_stage3,0,256,0.0625,512,32,64,3,label0,145,cross_relative,0.0,0.0,145,0
qr_radon,3416,16,[3],constructed_initial,test,oct_stage3,0,256,0.0625,512,32,64,3,label0,145,total_relative,0.0,0.0,145,0
qr_radon,3416,16,[3],constructed_initial,test,oct_stage3,0,256,0.0625,512,32,64,3,label0,145,self_cross_cosine,,,0,145
qr_radon,3416,16,[3],constructed_initial,test,oct_stage3,0,256,0.0625,512,32,64,3,label0,145,energy_identity_relative_error,0.0,0.0,145,0
qr_radon,3416,16,[3],constructed_initial,test,oct_stage3,0,256,0.0625,512,32,64,3,label0,145,channel_energy_retained,0.05808793222273384,0.0025903347599127782,145,0
qr_radon,3416,16,[3],constructed_initial,test,oct_stage3,0,256,0.0625,512,32,64,3,label1,145,self_relative,0.0,0.0,145,0
qr_radon,3416,16,[3],constructed_initial,test,oct_stage3,0,256,0.0625,512,32,64,3,label1,145,cross_relative,0.0,0.0,145,0
qr_radon,3416,16,[3],constructed_initial,test,oct_stage3,0,256,0.0625,512,32,64,3,label1,145,total_relative,0.0,0.0,145,0
qr_radon,3416,16,[3],constructed_initial,test,oct_stage3,0,256,0.0625,512,32,64,3,label1,145,self_cross_cosine,,,0,145
qr_radon,3416,16,[3],constructed_initial,test,oct_stage3,0,256,0.0625,512,32,64,3,label1,145,energy_identity_relative_error,0.0,0.0,145,0
qr_radon,3416,16,[3],constructed_initial,test,oct_stage3,0,256,0.0625,512,32,64,3,label1,145,channel_energy_retained,0.05823859203066265,0.0028137054124317993,145,0
qr_radon,3416,16,[3],selected,train,cfp_stage3,0,256,0.0625,512,32,64,3,all,1264,self_relative,0.0,0.0,1264,0
qr_radon,3416,16,[3],selected,train,cfp_stage3,0,256,0.0625,512,32,64,3,all,1264,cross_relative,0.0,0.0,1264,0
qr_radon,3416,16,[3],selected,train,cfp_stage3,0,256,0.0625,512,32,64,3,all,1264,total_relative,0.0,0.0,1264,0
qr_radon,3416,16,[3],selected,train,cfp_stage3,0,256,0.0625,512,32,64,3,all,1264,self_cross_cosine,,,0,1264
qr_radon,3416,16,[3],selected,train,cfp_stage3,0,256,0.0625,512,32,64,3,all,1264,energy_identity_relative_error,0.0,0.0,1264,0
qr_radon,3416,16,[3],selected,train,cfp_stage3,0,256,0.0625,512,32,64,3,all,1264,channel_energy_retained,0.07647902339581322,0.002927872452339275,1264,0
qr_radon,3416,16,[3],selected,train,cfp_stage3,0,256,0.0625,512,32,64,3,label0,632,self_relative,0.0,0.0,632,0
qr_radon,3416,16,[3],selected,train,cfp_stage3,0,256,0.0625,512,32,64,3,label0,632,cross_relative,0.0,0.0,632,0
qr_radon,3416,16,[3],selected,train,cfp_stage3,0,256,0.0625,512,32,64,3,label0,632,total_relative,0.0,0.0,632,0
qr_radon,3416,16,[3],selected,train,cfp_stage3,0,256,0.0625,512,32,64,3,label0,632,self_cross_cosine,,,0,632
qr_radon,3416,16,[3],selected,train,cfp_stage3,0,256,0.0625,512,32,64,3,label0,632,energy_identity_relative_error,0.0,0.0,632,0
qr_radon,3416,16,[3],selected,train,cfp_stage3,0,256,0.0625,512,32,64,3,label0,632,channel_energy_retained,0.0765186512203637,0.0029875222178485537,632,0
qr_radon,3416,16,[3],selected,train,cfp_stage3,0,256,0.0625,512,32,64,3,label1,632,self_relative,0.0,0.0,632,0
qr_radon,3416,16,[3],selected,train,cfp_stage3,0,256,0.0625,512,32,64,3,label1,632,cross_relative,0.0,0.0,632,0
qr_radon,3416,16,[3],selected,train,cfp_stage3,0,256,0.0625,512,32,64,3,label1,632,total_relative,0.0,0.0,632,0
qr_radon,3416,16,[3],selected,train,cfp_stage3,0,256,0.0625,512,32,64,3,label1,632,self_cross_cosine,,,0,632
qr_radon,3416,16,[3],selected,train,cfp_stage3,0,256,0.0625,512,32,64,3,label1,632,energy_identity_relative_error,0.0,0.0,632,0
qr_radon,3416,16,[3],selected,train,cfp_stage3,0,256,0.0625,512,32,64,3,label1,632,channel_energy_retained,0.07643939557126277,0.0028688020086111337,632,0
qr_radon,3416,16,[3],selected,train,oct_stage3,0,256,0.0625,512,32,64,3,all,1264,self_relative,0.0,0.0,1264,0
qr_radon,3416,16,[3],selected,train,oct_stage3,0,256,0.0625,512,32,64,3,all,1264,cross_relative,0.0,0.0,1264,0
qr_radon,3416,16,[3],selected,train,oct_stage3,0,256,0.0625,512,32,64,3,all,1264,total_relative,0.0,0.0,1264,0
qr_radon,3416,16,[3],selected,train,oct_stage3,0,256,0.0625,512,32,64,3,all,1264,self_cross_cosine,,,0,1264
qr_radon,3416,16,[3],selected,train,oct_stage3,0,256,0.0625,512,32,64,3,all,1264,energy_identity_relative_error,0.0,0.0,1264,0
qr_radon,3416,16,[3],selected,train,oct_stage3,0,256,0.0625,512,32,64,3,all,1264,channel_energy_retained,0.058079388899164947,0.002621714583627773,1264,0
qr_radon,3416,16,[3],selected,train,oct_stage3,0,256,0.0625,512,32,64,3,label0,632,self_relative,0.0,0.0,632,0
qr_radon,3416,16,[3],selected,train,oct_stage3,0,256,0.0625,512,32,64,3,label0,632,cross_relative,0.0,0.0,632,0
qr_radon,3416,16,[3],selected,train,oct_stage3,0,256,0.0625,512,32,64,3,label0,632,total_relative,0.0,0.0,632,0
qr_radon,3416,16,[3],selected,train,oct_stage3,0,256,0.0625,512,32,64,3,label0,632,self_cross_cosine,,,0,632
qr_radon,3416,16,[3],selected,train,oct_stage3,0,256,0.0625,512,32,64,3,label0,632,energy_identity_relative_error,0.0,0.0,632,0
qr_radon,3416,16,[3],selected,train,oct_stage3,0,256,0.0625,512,32,64,3,label0,632,channel_energy_retained,0.05814464453999884,0.002584901899701441,632,0
qr_radon,3416,16,[3],selected,train,oct_stage3,0,256,0.0625,512,32,64,3,label1,632,self_relative,0.0,0.0,632,0
qr_radon,3416,16,[3],selected,train,oct_stage3,0,256,0.0625,512,32,64,3,label1,632,cross_relative,0.0,0.0,632,0
qr_radon,3416,16,[3],selected,train,oct_stage3,0,256,0.0625,512,32,64,3,label1,632,total_relative,0.0,0.0,632,0
qr_radon,3416,16,[3],selected,train,oct_stage3,0,256,0.0625,512,32,64,3,label1,632,self_cross_cosine,,,0,632
qr_radon,3416,16,[3],selected,train,oct_stage3,0,256,0.0625,512,32,64,3,label1,632,energy_identity_relative_error,0.0,0.0,632,0
qr_radon,3416,16,[3],selected,train,oct_stage3,0,256,0.0625,512,32,64,3,label1,632,channel_energy_retained,0.058014133258331005,0.002658461893474976,632,0
qr_radon,3416,16,[3],selected,validation,cfp_stage3,0,256,0.0625,512,32,64,3,all,296,self_relative,0.0,0.0,296,0
qr_radon,3416,16,[3],selected,validation,cfp_stage3,0,256,0.0625,512,32,64,3,all,296,cross_relative,0.0,0.0,296,0
qr_radon,3416,16,[3],selected,validation,cfp_stage3,0,256,0.0625,512,32,64,3,all,296,total_relative,0.0,0.0,296,0
qr_radon,3416,16,[3],selected,validation,cfp_stage3,0,256,0.0625,512,32,64,3,all,296,self_cross_cosine,,,0,296
qr_radon,3416,16,[3],selected,validation,cfp_stage3,0,256,0.0625,512,32,64,3,all,296,energy_identity_relative_error,0.0,0.0,296,0
qr_radon,3416,16,[3],selected,validation,cfp_stage3,0,256,0.0625,512,32,64,3,all,296,channel_energy_retained,0.07680758098428869,0.0030258181611105446,296,0
qr_radon,3416,16,[3],selected,validation,cfp_stage3,0,256,0.0625,512,32,64,3,label0,148,self_relative,0.0,0.0,148,0
qr_radon,3416,16,[3],selected,validation,cfp_stage3,0,256,0.0625,512,32,64,3,label0,148,cross_relative,0.0,0.0,148,0
qr_radon,3416,16,[3],selected,validation,cfp_stage3,0,256,0.0625,512,32,64,3,label0,148,total_relative,0.0,0.0,148,0
qr_radon,3416,16,[3],selected,validation,cfp_stage3,0,256,0.0625,512,32,64,3,label0,148,self_cross_cosine,,,0,148
qr_radon,3416,16,[3],selected,validation,cfp_stage3,0,256,0.0625,512,32,64,3,label0,148,energy_identity_relative_error,0.0,0.0,148,0
qr_radon,3416,16,[3],selected,validation,cfp_stage3,0,256,0.0625,512,32,64,3,label0,148,channel_energy_retained,0.07674039673150745,0.003097490818669123,148,0
qr_radon,3416,16,[3],selected,validation,cfp_stage3,0,256,0.0625,512,32,64,3,label1,148,self_relative,0.0,0.0,148,0
qr_radon,3416,16,[3],selected,validation,cfp_stage3,0,256,0.0625,512,32,64,3,label1,148,cross_relative,0.0,0.0,148,0
qr_radon,3416,16,[3],selected,validation,cfp_stage3,0,256,0.0625,512,32,64,3,label1,148,total_relative,0.0,0.0,148,0
qr_radon,3416,16,[3],selected,validation,cfp_stage3,0,256,0.0625,512,32,64,3,label1,148,self_cross_cosine,,,0,148
qr_radon,3416,16,[3],selected,validation,cfp_stage3,0,256,0.0625,512,32,64,3,label1,148,energy_identity_relative_error,0.0,0.0,148,0
qr_radon,3416,16,[3],selected,validation,cfp_stage3,0,256,0.0625,512,32,64,3,label1,148,channel_energy_retained,0.07687476523706996,0.002961400966510265,148,0
qr_radon,3416,16,[3],selected,validation,oct_stage3,0,256,0.0625,512,32,64,3,all,296,self_relative,0.0,0.0,296,0
qr_radon,3416,16,[3],selected,validation,oct_stage3,0,256,0.0625,512,32,64,3,all,296,cross_relative,0.0,0.0,296,0
qr_radon,3416,16,[3],selected,validation,oct_stage3,0,256,0.0625,512,32,64,3,all,296,total_relative,0.0,0.0,296,0
qr_radon,3416,16,[3],selected,validation,oct_stage3,0,256,0.0625,512,32,64,3,all,296,self_cross_cosine,,,0,296
qr_radon,3416,16,[3],selected,validation,oct_stage3,0,256,0.0625,512,32,64,3,all,296,energy_identity_relative_error,0.0,0.0,296,0
qr_radon,3416,16,[3],selected,validation,oct_stage3,0,256,0.0625,512,32,64,3,all,296,channel_energy_retained,0.05824625025342028,0.00261515305245112,296,0
qr_radon,3416,16,[3],selected,validation,oct_stage3,0,256,0.0625,512,32,64,3,label0,148,self_relative,0.0,0.0,148,0
qr_radon,3416,16,[3],selected,validation,oct_stage3,0,256,0.0625,512,32,64,3,label0,148,cross_relative,0.0,0.0,148,0
qr_radon,3416,16,[3],selected,validation,oct_stage3,0,256,0.0625,512,32,64,3,label0,148,total_relative,0.0,0.0,148,0
qr_radon,3416,16,[3],selected,validation,oct_stage3,0,256,0.0625,512,32,64,3,label0,148,self_cross_cosine,,,0,148
qr_radon,3416,16,[3],selected,validation,oct_stage3,0,256,0.0625,512,32,64,3,label0,148,energy_identity_relative_error,0.0,0.0,148,0
qr_radon,3416,16,[3],selected,validation,oct_stage3,0,256,0.0625,512,32,64,3,label0,148,channel_energy_retained,0.05836991702579934,0.0024537549347460924,148,0
qr_radon,3416,16,[3],selected,validation,oct_stage3,0,256,0.0625,512,32,64,3,label1,148,self_relative,0.0,0.0,148,0
qr_radon,3416,16,[3],selected,validation,oct_stage3,0,256,0.0625,512,32,64,3,label1,148,cross_relative,0.0,0.0,148,0
qr_radon,3416,16,[3],selected,validation,oct_stage3,0,256,0.0625,512,32,64,3,label1,148,total_relative,0.0,0.0,148,0
qr_radon,3416,16,[3],selected,validation,oct_stage3,0,256,0.0625,512,32,64,3,label1,148,self_cross_cosine,,,0,148
qr_radon,3416,16,[3],selected,validation,oct_stage3,0,256,0.0625,512,32,64,3,label1,148,energy_identity_relative_error,0.0,0.0,148,0
qr_radon,3416,16,[3],selected,validation,oct_stage3,0,256,0.0625,512,32,64,3,label1,148,channel_energy_retained,0.058122583481041205,0.002769993982483963,148,0
qr_radon,3416,16,[3],selected,test,cfp_stage3,0,256,0.0625,512,32,64,3,all,290,self_relative,0.0,0.0,290,0
qr_radon,3416,16,[3],selected,test,cfp_stage3,0,256,0.0625,512,32,64,3,all,290,cross_relative,0.0,0.0,290,0
qr_radon,3416,16,[3],selected,test,cfp_stage3,0,256,0.0625,512,32,64,3,all,290,total_relative,0.0,0.0,290,0
qr_radon,3416,16,[3],selected,test,cfp_stage3,0,256,0.0625,512,32,64,3,all,290,self_cross_cosine,,,0,290
qr_radon,3416,16,[3],selected,test,cfp_stage3,0,256,0.0625,512,32,64,3,all,290,energy_identity_relative_error,0.0,0.0,290,0
qr_radon,3416,16,[3],selected,test,cfp_stage3,0,256,0.0625,512,32,64,3,all,290,channel_energy_retained,0.0764231011776966,0.0029424888519210784,290,0
qr_radon,3416,16,[3],selected,test,cfp_stage3,0,256,0.0625,512,32,64,3,label0,145,self_relative,0.0,0.0,145,0
qr_radon,3416,16,[3],selected,test,cfp_stage3,0,256,0.0625,512,32,64,3,label0,145,cross_relative,0.0,0.0,145,0
qr_radon,3416,16,[3],selected,test,cfp_stage3,0,256,0.0625,512,32,64,3,label0,145,total_relative,0.0,0.0,145,0
qr_radon,3416,16,[3],selected,test,cfp_stage3,0,256,0.0625,512,32,64,3,label0,145,self_cross_cosine,,,0,145
qr_radon,3416,16,[3],selected,test,cfp_stage3,0,256,0.0625,512,32,64,3,label0,145,energy_identity_relative_error,0.0,0.0,145,0
qr_radon,3416,16,[3],selected,test,cfp_stage3,0,256,0.0625,512,32,64,3,label0,145,channel_energy_retained,0.07620369519963464,0.0029736440004577477,145,0
qr_radon,3416,16,[3],selected,test,cfp_stage3,0,256,0.0625,512,32,64,3,label1,145,self_relative,0.0,0.0,145,0
qr_radon,3416,16,[3],selected,test,cfp_stage3,0,256,0.0625,512,32,64,3,label1,145,cross_relative,0.0,0.0,145,0
qr_radon,3416,16,[3],selected,test,cfp_stage3,0,256,0.0625,512,32,64,3,label1,145,total_relative,0.0,0.0,145,0
qr_radon,3416,16,[3],selected,test,cfp_stage3,0,256,0.0625,512,32,64,3,label1,145,self_cross_cosine,,,0,145
qr_radon,3416,16,[3],selected,test,cfp_stage3,0,256,0.0625,512,32,64,3,label1,145,energy_identity_relative_error,0.0,0.0,145,0
qr_radon,3416,16,[3],selected,test,cfp_stage3,0,256,0.0625,512,32,64,3,label1,145,channel_energy_retained,0.07664250715575854,0.0029046691298039223,145,0
qr_radon,3416,16,[3],selected,test,oct_stage3,0,256,0.0625,512,32,64,3,all,290,self_relative,0.0,0.0,290,0
qr_radon,3416,16,[3],selected,test,oct_stage3,0,256,0.0625,512,32,64,3,all,290,cross_relative,0.0,0.0,290,0
qr_radon,3416,16,[3],selected,test,oct_stage3,0,256,0.0625,512,32,64,3,all,290,total_relative,0.0,0.0,290,0
qr_radon,3416,16,[3],selected,test,oct_stage3,0,256,0.0625,512,32,64,3,all,290,self_cross_cosine,,,0,290
qr_radon,3416,16,[3],selected,test,oct_stage3,0,256,0.0625,512,32,64,3,all,290,energy_identity_relative_error,0.0,0.0,290,0
qr_radon,3416,16,[3],selected,test,oct_stage3,0,256,0.0625,512,32,64,3,all,290,channel_energy_retained,0.058163262126698256,0.002700698900919473,290,0
qr_radon,3416,16,[3],selected,test,oct_stage3,0,256,0.0625,512,32,64,3,label0,145,self_relative,0.0,0.0,145,0
qr_radon,3416,16,[3],selected,test,oct_stage3,0,256,0.0625,512,32,64,3,label0,145,cross_relative,0.0,0.0,145,0
qr_radon,3416,16,[3],selected,test,oct_stage3,0,256,0.0625,512,32,64,3,label0,145,total_relative,0.0,0.0,145,0
qr_radon,3416,16,[3],selected,test,oct_stage3,0,256,0.0625,512,32,64,3,label0,145,self_cross_cosine,,,0,145
qr_radon,3416,16,[3],selected,test,oct_stage3,0,256,0.0625,512,32,64,3,label0,145,energy_identity_relative_error,0.0,0.0,145,0
qr_radon,3416,16,[3],selected,test,oct_stage3,0,256,0.0625,512,32,64,3,label0,145,channel_energy_retained,0.05808793222273384,0.0025903347599127782,145,0
qr_radon,3416,16,[3],selected,test,oct_stage3,0,256,0.0625,512,32,64,3,label1,145,self_relative,0.0,0.0,145,0
qr_radon,3416,16,[3],selected,test,oct_stage3,0,256,0.0625,512,32,64,3,label1,145,cross_relative,0.0,0.0,145,0
qr_radon,3416,16,[3],selected,test,oct_stage3,0,256,0.0625,512,32,64,3,label1,145,total_relative,0.0,0.0,145,0
qr_radon,3416,16,[3],selected,test,oct_stage3,0,256,0.0625,512,32,64,3,label1,145,self_cross_cosine,,,0,145
qr_radon,3416,16,[3],selected,test,oct_stage3,0,256,0.0625,512,32,64,3,label1,145,energy_identity_relative_error,0.0,0.0,145,0
qr_radon,3416,16,[3],selected,test,oct_stage3,0,256,0.0625,512,32,64,3,label1,145,channel_energy_retained,0.05823859203066265,0.0028137054124317993,145,0
svd_resample,3416,16,[3],constructed_initial,train,cfp_stage3,0,256,0.0625,512,32,64,3,all,1264,self_relative,0.0,0.0,1264,0
svd_resample,3416,16,[3],constructed_initial,train,cfp_stage3,0,256,0.0625,512,32,64,3,all,1264,cross_relative,0.0,0.0,1264,0
svd_resample,3416,16,[3],constructed_initial,train,cfp_stage3,0,256,0.0625,512,32,64,3,all,1264,total_relative,0.0,0.0,1264,0
svd_resample,3416,16,[3],constructed_initial,train,cfp_stage3,0,256,0.0625,512,32,64,3,all,1264,self_cross_cosine,,,0,1264
svd_resample,3416,16,[3],constructed_initial,train,cfp_stage3,0,256,0.0625,512,32,64,3,all,1264,energy_identity_relative_error,0.0,0.0,1264,0
svd_resample,3416,16,[3],constructed_initial,train,cfp_stage3,0,256,0.0625,512,32,64,3,all,1264,channel_energy_retained,0.6511129373524998,0.02492261595740647,1264,0
svd_resample,3416,16,[3],constructed_initial,train,cfp_stage3,0,256,0.0625,512,32,64,3,label0,632,self_relative,0.0,0.0,632,0
svd_resample,3416,16,[3],constructed_initial,train,cfp_stage3,0,256,0.0625,512,32,64,3,label0,632,cross_relative,0.0,0.0,632,0
svd_resample,3416,16,[3],constructed_initial,train,cfp_stage3,0,256,0.0625,512,32,64,3,label0,632,total_relative,0.0,0.0,632,0
svd_resample,3416,16,[3],constructed_initial,train,cfp_stage3,0,256,0.0625,512,32,64,3,label0,632,self_cross_cosine,,,0,632
svd_resample,3416,16,[3],constructed_initial,train,cfp_stage3,0,256,0.0625,512,32,64,3,label0,632,energy_identity_relative_error,0.0,0.0,632,0
svd_resample,3416,16,[3],constructed_initial,train,cfp_stage3,0,256,0.0625,512,32,64,3,label0,632,channel_energy_retained,0.6539618729369265,0.02353942942416762,632,0
svd_resample,3416,16,[3],constructed_initial,train,cfp_stage3,0,256,0.0625,512,32,64,3,label1,632,self_relative,0.0,0.0,632,0
svd_resample,3416,16,[3],constructed_initial,train,cfp_stage3,0,256,0.0625,512,32,64,3,label1,632,cross_relative,0.0,0.0,632,0
svd_resample,3416,16,[3],constructed_initial,train,cfp_stage3,0,256,0.0625,512,32,64,3,label1,632,total_relative,0.0,0.0,632,0
svd_resample,3416,16,[3],constructed_initial,train,cfp_stage3,0,256,0.0625,512,32,64,3,label1,632,self_cross_cosine,,,0,632
svd_resample,3416,16,[3],constructed_initial,train,cfp_stage3,0,256,0.0625,512,32,64,3,label1,632,energy_identity_relative_error,0.0,0.0,632,0
svd_resample,3416,16,[3],constructed_initial,train,cfp_stage3,0,256,0.0625,512,32,64,3,label1,632,channel_energy_retained,0.6482640017680729,0.025940212221004882,632,0
svd_resample,3416,16,[3],constructed_initial,train,oct_stage3,0,256,0.0625,512,32,64,3,all,1264,self_relative,0.0,0.0,1264,0
svd_resample,3416,16,[3],constructed_initial,train,oct_stage3,0,256,0.0625,512,32,64,3,all,1264,cross_relative,0.0,0.0,1264,0
svd_resample,3416,16,[3],constructed_initial,train,oct_stage3,0,256,0.0625,512,32,64,3,all,1264,total_relative,0.0,0.0,1264,0
svd_resample,3416,16,[3],constructed_initial,train,oct_stage3,0,256,0.0625,512,32,64,3,all,1264,self_cross_cosine,,,0,1264
svd_resample,3416,16,[3],constructed_initial,train,oct_stage3,0,256,0.0625,512,32,64,3,all,1264,energy_identity_relative_error,0.0,0.0,1264,0
svd_resample,3416,16,[3],constructed_initial,train,oct_stage3,0,256,0.0625,512,32,64,3,all,1264,channel_energy_retained,0.6826443044326245,0.03725241190819322,1264,0
svd_resample,3416,16,[3],constructed_initial,train,oct_stage3,0,256,0.0625,512,32,64,3,label0,632,self_relative,0.0,0.0,632,0
svd_resample,3416,16,[3],constructed_initial,train,oct_stage3,0,256,0.0625,512,32,64,3,label0,632,cross_relative,0.0,0.0,632,0
svd_resample,3416,16,[3],constructed_initial,train,oct_stage3,0,256,0.0625,512,32,64,3,label0,632,total_relative,0.0,0.0,632,0
svd_resample,3416,16,[3],constructed_initial,train,oct_stage3,0,256,0.0625,512,32,64,3,label0,632,self_cross_cosine,,,0,632
svd_resample,3416,16,[3],constructed_initial,train,oct_stage3,0,256,0.0625,512,32,64,3,label0,632,energy_identity_relative_error,0.0,0.0,632,0
svd_resample,3416,16,[3],constructed_initial,train,oct_stage3,0,256,0.0625,512,32,64,3,label0,632,channel_energy_retained,0.6843554071308448,0.03659495887469172,632,0
svd_resample,3416,16,[3],constructed_initial,train,oct_stage3,0,256,0.0625,512,32,64,3,label1,632,self_relative,0.0,0.0,632,0
svd_resample,3416,16,[3],constructed_initial,train,oct_stage3,0,256,0.0625,512,32,64,3,label1,632,cross_relative,0.0,0.0,632,0
svd_resample,3416,16,[3],constructed_initial,train,oct_stage3,0,256,0.0625,512,32,64,3,label1,632,total_relative,0.0,0.0,632,0
svd_resample,3416,16,[3],constructed_initial,train,oct_stage3,0,256,0.0625,512,32,64,3,label1,632,self_cross_cosine,,,0,632
svd_resample,3416,16,[3],constructed_initial,train,oct_stage3,0,256,0.0625,512,32,64,3,label1,632,energy_identity_relative_error,0.0,0.0,632,0
svd_resample,3416,16,[3],constructed_initial,train,oct_stage3,0,256,0.0625,512,32,64,3,label1,632,channel_energy_retained,0.6809332017344041,0.037850067640602336,632,0
svd_resample,3416,16,[3],constructed_initial,validation,cfp_stage3,0,256,0.0625,512,32,64,3,all,296,self_relative,0.0,0.0,296,0
svd_resample,3416,16,[3],constructed_initial,validation,cfp_stage3,0,256,0.0625,512,32,64,3,all,296,cross_relative,0.0,0.0,296,0
svd_resample,3416,16,[3],constructed_initial,validation,cfp_stage3,0,256,0.0625,512,32,64,3,all,296,total_relative,0.0,0.0,296,0
svd_resample,3416,16,[3],constructed_initial,validation,cfp_stage3,0,256,0.0625,512,32,64,3,all,296,self_cross_cosine,,,0,296
svd_resample,3416,16,[3],constructed_initial,validation,cfp_stage3,0,256,0.0625,512,32,64,3,all,296,energy_identity_relative_error,0.0,0.0,296,0
svd_resample,3416,16,[3],constructed_initial,validation,cfp_stage3,0,256,0.0625,512,32,64,3,all,296,channel_energy_retained,0.6511995204556743,0.02437543916914782,296,0
svd_resample,3416,16,[3],constructed_initial,validation,cfp_stage3,0,256,0.0625,512,32,64,3,label0,148,self_relative,0.0,0.0,148,0
svd_resample,3416,16,[3],constructed_initial,validation,cfp_stage3,0,256,0.0625,512,32,64,3,label0,148,cross_relative,0.0,0.0,148,0
svd_resample,3416,16,[3],constructed_initial,validation,cfp_stage3,0,256,0.0625,512,32,64,3,label0,148,total_relative,0.0,0.0,148,0
svd_resample,3416,16,[3],constructed_initial,validation,cfp_stage3,0,256,0.0625,512,32,64,3,label0,148,self_cross_cosine,,,0,148
svd_resample,3416,16,[3],constructed_initial,validation,cfp_stage3,0,256,0.0625,512,32,64,3,label0,148,energy_identity_relative_error,0.0,0.0,148,0
svd_resample,3416,16,[3],constructed_initial,validation,cfp_stage3,0,256,0.0625,512,32,64,3,label0,148,channel_energy_retained,0.652599718587423,0.02396377830808441,148,0
svd_resample,3416,16,[3],constructed_initial,validation,cfp_stage3,0,256,0.0625,512,32,64,3,label1,148,self_relative,0.0,0.0,148,0
svd_resample,3416,16,[3],constructed_initial,validation,cfp_stage3,0,256,0.0625,512,32,64,3,label1,148,cross_relative,0.0,0.0,148,0
svd_resample,3416,16,[3],constructed_initial,validation,cfp_stage3,0,256,0.0625,512,32,64,3,label1,148,total_relative,0.0,0.0,148,0
svd_resample,3416,16,[3],constructed_initial,validation,cfp_stage3,0,256,0.0625,512,32,64,3,label1,148,self_cross_cosine,,,0,148
svd_resample,3416,16,[3],constructed_initial,validation,cfp_stage3,0,256,0.0625,512,32,64,3,label1,148,energy_identity_relative_error,0.0,0.0,148,0
svd_resample,3416,16,[3],constructed_initial,validation,cfp_stage3,0,256,0.0625,512,32,64,3,label1,148,channel_energy_retained,0.6497993223239253,0.024782161595601763,148,0
svd_resample,3416,16,[3],constructed_initial,validation,oct_stage3,0,256,0.0625,512,32,64,3,all,296,self_relative,0.0,0.0,296,0
svd_resample,3416,16,[3],constructed_initial,validation,oct_stage3,0,256,0.0625,512,32,64,3,all,296,cross_relative,0.0,0.0,296,0
svd_resample,3416,16,[3],constructed_initial,validation,oct_stage3,0,256,0.0625,512,32,64,3,all,296,total_relative,0.0,0.0,296,0
svd_resample,3416,16,[3],constructed_initial,validation,oct_stage3,0,256,0.0625,512,32,64,3,all,296,self_cross_cosine,,,0,296
svd_resample,3416,16,[3],constructed_initial,validation,oct_stage3,0,256,0.0625,512,32,64,3,all,296,energy_identity_relative_error,0.0,0.0,296,0
svd_resample,3416,16,[3],constructed_initial,validation,oct_stage3,0,256,0.0625,512,32,64,3,all,296,channel_energy_retained,0.6834710805973391,0.03663421645787291,296,0
svd_resample,3416,16,[3],constructed_initial,validation,oct_stage3,0,256,0.0625,512,32,64,3,label0,148,self_relative,0.0,0.0,148,0
svd_resample,3416,16,[3],constructed_initial,validation,oct_stage3,0,256,0.0625,512,32,64,3,label0,148,cross_relative,0.0,0.0,148,0
svd_resample,3416,16,[3],constructed_initial,validation,oct_stage3,0,256,0.0625,512,32,64,3,label0,148,total_relative,0.0,0.0,148,0
svd_resample,3416,16,[3],constructed_initial,validation,oct_stage3,0,256,0.0625,512,32,64,3,label0,148,self_cross_cosine,,,0,148
svd_resample,3416,16,[3],constructed_initial,validation,oct_stage3,0,256,0.0625,512,32,64,3,label0,148,energy_identity_relative_error,0.0,0.0,148,0
svd_resample,3416,16,[3],constructed_initial,validation,oct_stage3,0,256,0.0625,512,32,64,3,label0,148,channel_energy_retained,0.6810298577026515,0.03456383926326756,148,0
svd_resample,3416,16,[3],constructed_initial,validation,oct_stage3,0,256,0.0625,512,32,64,3,label1,148,self_relative,0.0,0.0,148,0
svd_resample,3416,16,[3],constructed_initial,validation,oct_stage3,0,256,0.0625,512,32,64,3,label1,148,cross_relative,0.0,0.0,148,0
svd_resample,3416,16,[3],constructed_initial,validation,oct_stage3,0,256,0.0625,512,32,64,3,label1,148,total_relative,0.0,0.0,148,0
svd_resample,3416,16,[3],constructed_initial,validation,oct_stage3,0,256,0.0625,512,32,64,3,label1,148,self_cross_cosine,,,0,148
svd_resample,3416,16,[3],constructed_initial,validation,oct_stage3,0,256,0.0625,512,32,64,3,label1,148,energy_identity_relative_error,0.0,0.0,148,0
svd_resample,3416,16,[3],constructed_initial,validation,oct_stage3,0,256,0.0625,512,32,64,3,label1,148,channel_energy_retained,0.685912303492027,0.03855647967274525,148,0
svd_resample,3416,16,[3],constructed_initial,test,cfp_stage3,0,256,0.0625,512,32,64,3,all,290,self_relative,0.0,0.0,290,0
svd_resample,3416,16,[3],constructed_initial,test,cfp_stage3,0,256,0.0625,512,32,64,3,all,290,cross_relative,0.0,0.0,290,0
svd_resample,3416,16,[3],constructed_initial,test,cfp_stage3,0,256,0.0625,512,32,64,3,all,290,total_relative,0.0,0.0,290,0
svd_resample,3416,16,[3],constructed_initial,test,cfp_stage3,0,256,0.0625,512,32,64,3,all,290,self_cross_cosine,,,0,290
svd_resample,3416,16,[3],constructed_initial,test,cfp_stage3,0,256,0.0625,512,32,64,3,all,290,energy_identity_relative_error,0.0,0.0,290,0
svd_resample,3416,16,[3],constructed_initial,test,cfp_stage3,0,256,0.0625,512,32,64,3,all,290,channel_energy_retained,0.6503530464625678,0.02521027993973756,290,0
svd_resample,3416,16,[3],constructed_initial,test,cfp_stage3,0,256,0.0625,512,32,64,3,label0,145,self_relative,0.0,0.0,145,0
svd_resample,3416,16,[3],constructed_initial,test,cfp_stage3,0,256,0.0625,512,32,64,3,label0,145,cross_relative,0.0,0.0,145,0
svd_resample,3416,16,[3],constructed_initial,test,cfp_stage3,0,256,0.0625,512,32,64,3,label0,145,total_relative,0.0,0.0,145,0
svd_resample,3416,16,[3],constructed_initial,test,cfp_stage3,0,256,0.0625,512,32,64,3,label0,145,self_cross_cosine,,,0,145
svd_resample,3416,16,[3],constructed_initial,test,cfp_stage3,0,256,0.0625,512,32,64,3,label0,145,energy_identity_relative_error,0.0,0.0,145,0
svd_resample,3416,16,[3],constructed_initial,test,cfp_stage3,0,256,0.0625,512,32,64,3,label0,145,channel_energy_retained,0.6499469933439554,0.025050321575886842,145,0
svd_resample,3416,16,[3],constructed_initial,test,cfp_stage3,0,256,0.0625,512,32,64,3,label1,145,self_relative,0.0,0.0,145,0
svd_resample,3416,16,[3],constructed_initial,test,cfp_stage3,0,256,0.0625,512,32,64,3,label1,145,cross_relative,0.0,0.0,145,0
svd_resample,3416,16,[3],constructed_initial,test,cfp_stage3,0,256,0.0625,512,32,64,3,label1,145,total_relative,0.0,0.0,145,0
svd_resample,3416,16,[3],constructed_initial,test,cfp_stage3,0,256,0.0625,512,32,64,3,label1,145,self_cross_cosine,,,0,145
svd_resample,3416,16,[3],constructed_initial,test,cfp_stage3,0,256,0.0625,512,32,64,3,label1,145,energy_identity_relative_error,0.0,0.0,145,0
svd_resample,3416,16,[3],constructed_initial,test,cfp_stage3,0,256,0.0625,512,32,64,3,label1,145,channel_energy_retained,0.6507590995811801,0.02544954554955614,145,0
svd_resample,3416,16,[3],constructed_initial,test,oct_stage3,0,256,0.0625,512,32,64,3,all,290,self_relative,0.0,0.0,290,0
svd_resample,3416,16,[3],constructed_initial,test,oct_stage3,0,256,0.0625,512,32,64,3,all,290,cross_relative,0.0,0.0,290,0
svd_resample,3416,16,[3],constructed_initial,test,oct_stage3,0,256,0.0625,512,32,64,3,all,290,total_relative,0.0,0.0,290,0
svd_resample,3416,16,[3],constructed_initial,test,oct_stage3,0,256,0.0625,512,32,64,3,all,290,self_cross_cosine,,,0,290
svd_resample,3416,16,[3],constructed_initial,test,oct_stage3,0,256,0.0625,512,32,64,3,all,290,energy_identity_relative_error,0.0,0.0,290,0
svd_resample,3416,16,[3],constructed_initial,test,oct_stage3,0,256,0.0625,512,32,64,3,all,290,channel_energy_retained,0.6796112621559266,0.04277154658748663,290,0
svd_resample,3416,16,[3],constructed_initial,test,oct_stage3,0,256,0.0625,512,32,64,3,label0,145,self_relative,0.0,0.0,145,0
svd_resample,3416,16,[3],constructed_initial,test,oct_stage3,0,256,0.0625,512,32,64,3,label0,145,cross_relative,0.0,0.0,145,0
svd_resample,3416,16,[3],constructed_initial,test,oct_stage3,0,256,0.0625,512,32,64,3,label0,145,total_relative,0.0,0.0,145,0
svd_resample,3416,16,[3],constructed_initial,test,oct_stage3,0,256,0.0625,512,32,64,3,label0,145,self_cross_cosine,,,0,145
svd_resample,3416,16,[3],constructed_initial,test,oct_stage3,0,256,0.0625,512,32,64,3,label0,145,energy_identity_relative_error,0.0,0.0,145,0
svd_resample,3416,16,[3],constructed_initial,test,oct_stage3,0,256,0.0625,512,32,64,3,label0,145,channel_energy_retained,0.6809488544343032,0.04515597737659962,145,0
svd_resample,3416,16,[3],constructed_initial,test,oct_stage3,0,256,0.0625,512,32,64,3,label1,145,self_relative,0.0,0.0,145,0
svd_resample,3416,16,[3],constructed_initial,test,oct_stage3,0,256,0.0625,512,32,64,3,label1,145,cross_relative,0.0,0.0,145,0
svd_resample,3416,16,[3],constructed_initial,test,oct_stage3,0,256,0.0625,512,32,64,3,label1,145,total_relative,0.0,0.0,145,0
svd_resample,3416,16,[3],constructed_initial,test,oct_stage3,0,256,0.0625,512,32,64,3,label1,145,self_cross_cosine,,,0,145
svd_resample,3416,16,[3],constructed_initial,test,oct_stage3,0,256,0.0625,512,32,64,3,label1,145,energy_identity_relative_error,0.0,0.0,145,0
svd_resample,3416,16,[3],constructed_initial,test,oct_stage3,0,256,0.0625,512,32,64,3,label1,145,channel_energy_retained,0.6782736698775501,0.04035900332442017,145,0
svd_resample,3416,16,[3],selected,train,cfp_stage3,0,256,0.0625,512,32,64,3,all,1264,self_relative,0.0,0.0,1264,0
svd_resample,3416,16,[3],selected,train,cfp_stage3,0,256,0.0625,512,32,64,3,all,1264,cross_relative,0.0,0.0,1264,0
svd_resample,3416,16,[3],selected,train,cfp_stage3,0,256,0.0625,512,32,64,3,all,1264,total_relative,0.0,0.0,1264,0
svd_resample,3416,16,[3],selected,train,cfp_stage3,0,256,0.0625,512,32,64,3,all,1264,self_cross_cosine,,,0,1264
svd_resample,3416,16,[3],selected,train,cfp_stage3,0,256,0.0625,512,32,64,3,all,1264,energy_identity_relative_error,0.0,0.0,1264,0
svd_resample,3416,16,[3],selected,train,cfp_stage3,0,256,0.0625,512,32,64,3,all,1264,channel_energy_retained,0.6511129373524998,0.02492261595740647,1264,0
svd_resample,3416,16,[3],selected,train,cfp_stage3,0,256,0.0625,512,32,64,3,label0,632,self_relative,0.0,0.0,632,0
svd_resample,3416,16,[3],selected,train,cfp_stage3,0,256,0.0625,512,32,64,3,label0,632,cross_relative,0.0,0.0,632,0
svd_resample,3416,16,[3],selected,train,cfp_stage3,0,256,0.0625,512,32,64,3,label0,632,total_relative,0.0,0.0,632,0
svd_resample,3416,16,[3],selected,train,cfp_stage3,0,256,0.0625,512,32,64,3,label0,632,self_cross_cosine,,,0,632
svd_resample,3416,16,[3],selected,train,cfp_stage3,0,256,0.0625,512,32,64,3,label0,632,energy_identity_relative_error,0.0,0.0,632,0
svd_resample,3416,16,[3],selected,train,cfp_stage3,0,256,0.0625,512,32,64,3,label0,632,channel_energy_retained,0.6539618729369265,0.02353942942416762,632,0
svd_resample,3416,16,[3],selected,train,cfp_stage3,0,256,0.0625,512,32,64,3,label1,632,self_relative,0.0,0.0,632,0
svd_resample,3416,16,[3],selected,train,cfp_stage3,0,256,0.0625,512,32,64,3,label1,632,cross_relative,0.0,0.0,632,0
svd_resample,3416,16,[3],selected,train,cfp_stage3,0,256,0.0625,512,32,64,3,label1,632,total_relative,0.0,0.0,632,0
svd_resample,3416,16,[3],selected,train,cfp_stage3,0,256,0.0625,512,32,64,3,label1,632,self_cross_cosine,,,0,632
svd_resample,3416,16,[3],selected,train,cfp_stage3,0,256,0.0625,512,32,64,3,label1,632,energy_identity_relative_error,0.0,0.0,632,0
svd_resample,3416,16,[3],selected,train,cfp_stage3,0,256,0.0625,512,32,64,3,label1,632,channel_energy_retained,0.6482640017680729,0.025940212221004882,632,0
svd_resample,3416,16,[3],selected,train,oct_stage3,0,256,0.0625,512,32,64,3,all,1264,self_relative,0.0,0.0,1264,0
svd_resample,3416,16,[3],selected,train,oct_stage3,0,256,0.0625,512,32,64,3,all,1264,cross_relative,0.0,0.0,1264,0
svd_resample,3416,16,[3],selected,train,oct_stage3,0,256,0.0625,512,32,64,3,all,1264,total_relative,0.0,0.0,1264,0
svd_resample,3416,16,[3],selected,train,oct_stage3,0,256,0.0625,512,32,64,3,all,1264,self_cross_cosine,,,0,1264
svd_resample,3416,16,[3],selected,train,oct_stage3,0,256,0.0625,512,32,64,3,all,1264,energy_identity_relative_error,0.0,0.0,1264,0
svd_resample,3416,16,[3],selected,train,oct_stage3,0,256,0.0625,512,32,64,3,all,1264,channel_energy_retained,0.6826443044326245,0.03725241190819322,1264,0
svd_resample,3416,16,[3],selected,train,oct_stage3,0,256,0.0625,512,32,64,3,label0,632,self_relative,0.0,0.0,632,0
svd_resample,3416,16,[3],selected,train,oct_stage3,0,256,0.0625,512,32,64,3,label0,632,cross_relative,0.0,0.0,632,0
svd_resample,3416,16,[3],selected,train,oct_stage3,0,256,0.0625,512,32,64,3,label0,632,total_relative,0.0,0.0,632,0
svd_resample,3416,16,[3],selected,train,oct_stage3,0,256,0.0625,512,32,64,3,label0,632,self_cross_cosine,,,0,632
svd_resample,3416,16,[3],selected,train,oct_stage3,0,256,0.0625,512,32,64,3,label0,632,energy_identity_relative_error,0.0,0.0,632,0
svd_resample,3416,16,[3],selected,train,oct_stage3,0,256,0.0625,512,32,64,3,label0,632,channel_energy_retained,0.6843554071308448,0.03659495887469172,632,0
svd_resample,3416,16,[3],selected,train,oct_stage3,0,256,0.0625,512,32,64,3,label1,632,self_relative,0.0,0.0,632,0
svd_resample,3416,16,[3],selected,train,oct_stage3,0,256,0.0625,512,32,64,3,label1,632,cross_relative,0.0,0.0,632,0
svd_resample,3416,16,[3],selected,train,oct_stage3,0,256,0.0625,512,32,64,3,label1,632,total_relative,0.0,0.0,632,0
svd_resample,3416,16,[3],selected,train,oct_stage3,0,256,0.0625,512,32,64,3,label1,632,self_cross_cosine,,,0,632
svd_resample,3416,16,[3],selected,train,oct_stage3,0,256,0.0625,512,32,64,3,label1,632,energy_identity_relative_error,0.0,0.0,632,0
svd_resample,3416,16,[3],selected,train,oct_stage3,0,256,0.0625,512,32,64,3,label1,632,channel_energy_retained,0.6809332017344041,0.037850067640602336,632,0
svd_resample,3416,16,[3],selected,validation,cfp_stage3,0,256,0.0625,512,32,64,3,all,296,self_relative,0.0,0.0,296,0
svd_resample,3416,16,[3],selected,validation,cfp_stage3,0,256,0.0625,512,32,64,3,all,296,cross_relative,0.0,0.0,296,0
svd_resample,3416,16,[3],selected,validation,cfp_stage3,0,256,0.0625,512,32,64,3,all,296,total_relative,0.0,0.0,296,0
svd_resample,3416,16,[3],selected,validation,cfp_stage3,0,256,0.0625,512,32,64,3,all,296,self_cross_cosine,,,0,296
svd_resample,3416,16,[3],selected,validation,cfp_stage3,0,256,0.0625,512,32,64,3,all,296,energy_identity_relative_error,0.0,0.0,296,0
svd_resample,3416,16,[3],selected,validation,cfp_stage3,0,256,0.0625,512,32,64,3,all,296,channel_energy_retained,0.6511995204556743,0.02437543916914782,296,0
svd_resample,3416,16,[3],selected,validation,cfp_stage3,0,256,0.0625,512,32,64,3,label0,148,self_relative,0.0,0.0,148,0
svd_resample,3416,16,[3],selected,validation,cfp_stage3,0,256,0.0625,512,32,64,3,label0,148,cross_relative,0.0,0.0,148,0
svd_resample,3416,16,[3],selected,validation,cfp_stage3,0,256,0.0625,512,32,64,3,label0,148,total_relative,0.0,0.0,148,0
svd_resample,3416,16,[3],selected,validation,cfp_stage3,0,256,0.0625,512,32,64,3,label0,148,self_cross_cosine,,,0,148
svd_resample,3416,16,[3],selected,validation,cfp_stage3,0,256,0.0625,512,32,64,3,label0,148,energy_identity_relative_error,0.0,0.0,148,0
svd_resample,3416,16,[3],selected,validation,cfp_stage3,0,256,0.0625,512,32,64,3,label0,148,channel_energy_retained,0.652599718587423,0.02396377830808441,148,0
svd_resample,3416,16,[3],selected,validation,cfp_stage3,0,256,0.0625,512,32,64,3,label1,148,self_relative,0.0,0.0,148,0
svd_resample,3416,16,[3],selected,validation,cfp_stage3,0,256,0.0625,512,32,64,3,label1,148,cross_relative,0.0,0.0,148,0
svd_resample,3416,16,[3],selected,validation,cfp_stage3,0,256,0.0625,512,32,64,3,label1,148,total_relative,0.0,0.0,148,0
svd_resample,3416,16,[3],selected,validation,cfp_stage3,0,256,0.0625,512,32,64,3,label1,148,self_cross_cosine,,,0,148
svd_resample,3416,16,[3],selected,validation,cfp_stage3,0,256,0.0625,512,32,64,3,label1,148,energy_identity_relative_error,0.0,0.0,148,0
svd_resample,3416,16,[3],selected,validation,cfp_stage3,0,256,0.0625,512,32,64,3,label1,148,channel_energy_retained,0.6497993223239253,0.024782161595601763,148,0
svd_resample,3416,16,[3],selected,validation,oct_stage3,0,256,0.0625,512,32,64,3,all,296,self_relative,0.0,0.0,296,0
svd_resample,3416,16,[3],selected,validation,oct_stage3,0,256,0.0625,512,32,64,3,all,296,cross_relative,0.0,0.0,296,0
svd_resample,3416,16,[3],selected,validation,oct_stage3,0,256,0.0625,512,32,64,3,all,296,total_relative,0.0,0.0,296,0
svd_resample,3416,16,[3],selected,validation,oct_stage3,0,256,0.0625,512,32,64,3,all,296,self_cross_cosine,,,0,296
svd_resample,3416,16,[3],selected,validation,oct_stage3,0,256,0.0625,512,32,64,3,all,296,energy_identity_relative_error,0.0,0.0,296,0
svd_resample,3416,16,[3],selected,validation,oct_stage3,0,256,0.0625,512,32,64,3,all,296,channel_energy_retained,0.6834710805973391,0.03663421645787291,296,0
svd_resample,3416,16,[3],selected,validation,oct_stage3,0,256,0.0625,512,32,64,3,label0,148,self_relative,0.0,0.0,148,0
svd_resample,3416,16,[3],selected,validation,oct_stage3,0,256,0.0625,512,32,64,3,label0,148,cross_relative,0.0,0.0,148,0
svd_resample,3416,16,[3],selected,validation,oct_stage3,0,256,0.0625,512,32,64,3,label0,148,total_relative,0.0,0.0,148,0
svd_resample,3416,16,[3],selected,validation,oct_stage3,0,256,0.0625,512,32,64,3,label0,148,self_cross_cosine,,,0,148
svd_resample,3416,16,[3],selected,validation,oct_stage3,0,256,0.0625,512,32,64,3,label0,148,energy_identity_relative_error,0.0,0.0,148,0
svd_resample,3416,16,[3],selected,validation,oct_stage3,0,256,0.0625,512,32,64,3,label0,148,channel_energy_retained,0.6810298577026515,0.03456383926326756,148,0
svd_resample,3416,16,[3],selected,validation,oct_stage3,0,256,0.0625,512,32,64,3,label1,148,self_relative,0.0,0.0,148,0
svd_resample,3416,16,[3],selected,validation,oct_stage3,0,256,0.0625,512,32,64,3,label1,148,cross_relative,0.0,0.0,148,0
svd_resample,3416,16,[3],selected,validation,oct_stage3,0,256,0.0625,512,32,64,3,label1,148,total_relative,0.0,0.0,148,0
svd_resample,3416,16,[3],selected,validation,oct_stage3,0,256,0.0625,512,32,64,3,label1,148,self_cross_cosine,,,0,148
svd_resample,3416,16,[3],selected,validation,oct_stage3,0,256,0.0625,512,32,64,3,label1,148,energy_identity_relative_error,0.0,0.0,148,0
svd_resample,3416,16,[3],selected,validation,oct_stage3,0,256,0.0625,512,32,64,3,label1,148,channel_energy_retained,0.685912303492027,0.03855647967274525,148,0
svd_resample,3416,16,[3],selected,test,cfp_stage3,0,256,0.0625,512,32,64,3,all,290,self_relative,0.0,0.0,290,0
svd_resample,3416,16,[3],selected,test,cfp_stage3,0,256,0.0625,512,32,64,3,all,290,cross_relative,0.0,0.0,290,0
svd_resample,3416,16,[3],selected,test,cfp_stage3,0,256,0.0625,512,32,64,3,all,290,total_relative,0.0,0.0,290,0
svd_resample,3416,16,[3],selected,test,cfp_stage3,0,256,0.0625,512,32,64,3,all,290,self_cross_cosine,,,0,290
svd_resample,3416,16,[3],selected,test,cfp_stage3,0,256,0.0625,512,32,64,3,all,290,energy_identity_relative_error,0.0,0.0,290,0
svd_resample,3416,16,[3],selected,test,cfp_stage3,0,256,0.0625,512,32,64,3,all,290,channel_energy_retained,0.6503530464625678,0.02521027993973756,290,0
svd_resample,3416,16,[3],selected,test,cfp_stage3,0,256,0.0625,512,32,64,3,label0,145,self_relative,0.0,0.0,145,0
svd_resample,3416,16,[3],selected,test,cfp_stage3,0,256,0.0625,512,32,64,3,label0,145,cross_relative,0.0,0.0,145,0
svd_resample,3416,16,[3],selected,test,cfp_stage3,0,256,0.0625,512,32,64,3,label0,145,total_relative,0.0,0.0,145,0
svd_resample,3416,16,[3],selected,test,cfp_stage3,0,256,0.0625,512,32,64,3,label0,145,self_cross_cosine,,,0,145
svd_resample,3416,16,[3],selected,test,cfp_stage3,0,256,0.0625,512,32,64,3,label0,145,energy_identity_relative_error,0.0,0.0,145,0
svd_resample,3416,16,[3],selected,test,cfp_stage3,0,256,0.0625,512,32,64,3,label0,145,channel_energy_retained,0.6499469933439554,0.025050321575886842,145,0
svd_resample,3416,16,[3],selected,test,cfp_stage3,0,256,0.0625,512,32,64,3,label1,145,self_relative,0.0,0.0,145,0
svd_resample,3416,16,[3],selected,test,cfp_stage3,0,256,0.0625,512,32,64,3,label1,145,cross_relative,0.0,0.0,145,0
svd_resample,3416,16,[3],selected,test,cfp_stage3,0,256,0.0625,512,32,64,3,label1,145,total_relative,0.0,0.0,145,0
svd_resample,3416,16,[3],selected,test,cfp_stage3,0,256,0.0625,512,32,64,3,label1,145,self_cross_cosine,,,0,145
svd_resample,3416,16,[3],selected,test,cfp_stage3,0,256,0.0625,512,32,64,3,label1,145,energy_identity_relative_error,0.0,0.0,145,0
svd_resample,3416,16,[3],selected,test,cfp_stage3,0,256,0.0625,512,32,64,3,label1,145,channel_energy_retained,0.6507590995811801,0.02544954554955614,145,0
svd_resample,3416,16,[3],selected,test,oct_stage3,0,256,0.0625,512,32,64,3,all,290,self_relative,0.0,0.0,290,0
svd_resample,3416,16,[3],selected,test,oct_stage3,0,256,0.0625,512,32,64,3,all,290,cross_relative,0.0,0.0,290,0
svd_resample,3416,16,[3],selected,test,oct_stage3,0,256,0.0625,512,32,64,3,all,290,total_relative,0.0,0.0,290,0
svd_resample,3416,16,[3],selected,test,oct_stage3,0,256,0.0625,512,32,64,3,all,290,self_cross_cosine,,,0,290
svd_resample,3416,16,[3],selected,test,oct_stage3,0,256,0.0625,512,32,64,3,all,290,energy_identity_relative_error,0.0,0.0,290,0
svd_resample,3416,16,[3],selected,test,oct_stage3,0,256,0.0625,512,32,64,3,all,290,channel_energy_retained,0.6796112621559266,0.04277154658748663,290,0
svd_resample,3416,16,[3],selected,test,oct_stage3,0,256,0.0625,512,32,64,3,label0,145,self_relative,0.0,0.0,145,0
svd_resample,3416,16,[3],selected,test,oct_stage3,0,256,0.0625,512,32,64,3,label0,145,cross_relative,0.0,0.0,145,0
svd_resample,3416,16,[3],selected,test,oct_stage3,0,256,0.0625,512,32,64,3,label0,145,total_relative,0.0,0.0,145,0
svd_resample,3416,16,[3],selected,test,oct_stage3,0,256,0.0625,512,32,64,3,label0,145,self_cross_cosine,,,0,145
svd_resample,3416,16,[3],selected,test,oct_stage3,0,256,0.0625,512,32,64,3,label0,145,energy_identity_relative_error,0.0,0.0,145,0
svd_resample,3416,16,[3],selected,test,oct_stage3,0,256,0.0625,512,32,64,3,label0,145,channel_energy_retained,0.6809488544343032,0.04515597737659962,145,0
svd_resample,3416,16,[3],selected,test,oct_stage3,0,256,0.0625,512,32,64,3,label1,145,self_relative,0.0,0.0,145,0
svd_resample,3416,16,[3],selected,test,oct_stage3,0,256,0.0625,512,32,64,3,label1,145,cross_relative,0.0,0.0,145,0
svd_resample,3416,16,[3],selected,test,oct_stage3,0,256,0.0625,512,32,64,3,label1,145,total_relative,0.0,0.0,145,0
svd_resample,3416,16,[3],selected,test,oct_stage3,0,256,0.0625,512,32,64,3,label1,145,self_cross_cosine,,,0,145
svd_resample,3416,16,[3],selected,test,oct_stage3,0,256,0.0625,512,32,64,3,label1,145,energy_identity_relative_error,0.0,0.0,145,0
svd_resample,3416,16,[3],selected,test,oct_stage3,0,256,0.0625,512,32,64,3,label1,145,channel_energy_retained,0.6782736698775501,0.04035900332442017,145,0
svd_multidepth,3416,16,"[2, 3]",constructed_initial,train,cfp_stage2,0,128,0.125,512,32,64,3,all,1264,self_relative,0.0,0.0,1264,0
svd_multidepth,3416,16,"[2, 3]",constructed_initial,train,cfp_stage2,0,128,0.125,512,32,64,3,all,1264,cross_relative,0.0,0.0,1264,0
svd_multidepth,3416,16,"[2, 3]",constructed_initial,train,cfp_stage2,0,128,0.125,512,32,64,3,all,1264,total_relative,0.0,0.0,1264,0
svd_multidepth,3416,16,"[2, 3]",constructed_initial,train,cfp_stage2,0,128,0.125,512,32,64,3,all,1264,self_cross_cosine,,,0,1264
svd_multidepth,3416,16,"[2, 3]",constructed_initial,train,cfp_stage2,0,128,0.125,512,32,64,3,all,1264,energy_identity_relative_error,0.0,0.0,1264,0
svd_multidepth,3416,16,"[2, 3]",constructed_initial,train,cfp_stage2,0,128,0.125,512,32,64,3,all,1264,channel_energy_retained,0.7037076300192754,0.024011951446036343,1264,0
svd_multidepth,3416,16,"[2, 3]",constructed_initial,train,cfp_stage2,0,128,0.125,512,32,64,3,label0,632,self_relative,0.0,0.0,632,0
svd_multidepth,3416,16,"[2, 3]",constructed_initial,train,cfp_stage2,0,128,0.125,512,32,64,3,label0,632,cross_relative,0.0,0.0,632,0
svd_multidepth,3416,16,"[2, 3]",constructed_initial,train,cfp_stage2,0,128,0.125,512,32,64,3,label0,632,total_relative,0.0,0.0,632,0
svd_multidepth,3416,16,"[2, 3]",constructed_initial,train,cfp_stage2,0,128,0.125,512,32,64,3,label0,632,self_cross_cosine,,,0,632
svd_multidepth,3416,16,"[2, 3]",constructed_initial,train,cfp_stage2,0,128,0.125,512,32,64,3,label0,632,energy_identity_relative_error,0.0,0.0,632,0
svd_multidepth,3416,16,"[2, 3]",constructed_initial,train,cfp_stage2,0,128,0.125,512,32,64,3,label0,632,channel_energy_retained,0.7052669822187849,0.022839536222064288,632,0
svd_multidepth,3416,16,"[2, 3]",constructed_initial,train,cfp_stage2,0,128,0.125,512,32,64,3,label1,632,self_relative,0.0,0.0,632,0
svd_multidepth,3416,16,"[2, 3]",constructed_initial,train,cfp_stage2,0,128,0.125,512,32,64,3,label1,632,cross_relative,0.0,0.0,632,0
svd_multidepth,3416,16,"[2, 3]",constructed_initial,train,cfp_stage2,0,128,0.125,512,32,64,3,label1,632,total_relative,0.0,0.0,632,0
svd_multidepth,3416,16,"[2, 3]",constructed_initial,train,cfp_stage2,0,128,0.125,512,32,64,3,label1,632,self_cross_cosine,,,0,632
svd_multidepth,3416,16,"[2, 3]",constructed_initial,train,cfp_stage2,0,128,0.125,512,32,64,3,label1,632,energy_identity_relative_error,0.0,0.0,632,0
svd_multidepth,3416,16,"[2, 3]",constructed_initial,train,cfp_stage2,0,128,0.125,512,32,64,3,label1,632,channel_energy_retained,0.7021482778197657,0.025050870047989386,632,0
svd_multidepth,3416,16,"[2, 3]",constructed_initial,train,oct_stage2,0,128,0.125,512,32,64,3,all,1264,self_relative,0.0,0.0,1264,0
svd_multidepth,3416,16,"[2, 3]",constructed_initial,train,oct_stage2,0,128,0.125,512,32,64,3,all,1264,cross_relative,0.0,0.0,1264,0
svd_multidepth,3416,16,"[2, 3]",constructed_initial,train,oct_stage2,0,128,0.125,512,32,64,3,all,1264,total_relative,0.0,0.0,1264,0
svd_multidepth,3416,16,"[2, 3]",constructed_initial,train,oct_stage2,0,128,0.125,512,32,64,3,all,1264,self_cross_cosine,,,0,1264
svd_multidepth,3416,16,"[2, 3]",constructed_initial,train,oct_stage2,0,128,0.125,512,32,64,3,all,1264,energy_identity_relative_error,0.0,0.0,1264,0
svd_multidepth,3416,16,"[2, 3]",constructed_initial,train,oct_stage2,0,128,0.125,512,32,64,3,all,1264,channel_energy_retained,0.7373465575269368,0.012959802112575263,1264,0
svd_multidepth,3416,16,"[2, 3]",constructed_initial,train,oct_stage2,0,128,0.125,512,32,64,3,label0,632,self_relative,0.0,0.0,632,0
svd_multidepth,3416,16,"[2, 3]",constructed_initial,train,oct_stage2,0,128,0.125,512,32,64,3,label0,632,cross_relative,0.0,0.0,632,0
svd_multidepth,3416,16,"[2, 3]",constructed_initial,train,oct_stage2,0,128,0.125,512,32,64,3,label0,632,total_relative,0.0,0.0,632,0
svd_multidepth,3416,16,"[2, 3]",constructed_initial,train,oct_stage2,0,128,0.125,512,32,64,3,label0,632,self_cross_cosine,,,0,632
svd_multidepth,3416,16,"[2, 3]",constructed_initial,train,oct_stage2,0,128,0.125,512,32,64,3,label0,632,energy_identity_relative_error,0.0,0.0,632,0
svd_multidepth,3416,16,"[2, 3]",constructed_initial,train,oct_stage2,0,128,0.125,512,32,64,3,label0,632,channel_energy_retained,0.7362196778070544,0.012917315415907226,632,0
svd_multidepth,3416,16,"[2, 3]",constructed_initial,train,oct_stage2,0,128,0.125,512,32,64,3,label1,632,self_relative,0.0,0.0,632,0
svd_multidepth,3416,16,"[2, 3]",constructed_initial,train,oct_stage2,0,128,0.125,512,32,64,3,label1,632,cross_relative,0.0,0.0,632,0
svd_multidepth,3416,16,"[2, 3]",constructed_initial,train,oct_stage2,0,128,0.125,512,32,64,3,label1,632,total_relative,0.0,0.0,632,0
svd_multidepth,3416,16,"[2, 3]",constructed_initial,train,oct_stage2,0,128,0.125,512,32,64,3,label1,632,self_cross_cosine,,,0,632
svd_multidepth,3416,16,"[2, 3]",constructed_initial,train,oct_stage2,0,128,0.125,512,32,64,3,label1,632,energy_identity_relative_error,0.0,0.0,632,0
svd_multidepth,3416,16,"[2, 3]",constructed_initial,train,oct_stage2,0,128,0.125,512,32,64,3,label1,632,channel_energy_retained,0.7384734372468181,0.012914268790831678,632,0
svd_multidepth,3416,16,"[2, 3]",constructed_initial,train,cfp_stage3,1,256,0.0625,512,32,64,3,all,1264,self_relative,0.0,0.0,1264,0
svd_multidepth,3416,16,"[2, 3]",constructed_initial,train,cfp_stage3,1,256,0.0625,512,32,64,3,all,1264,cross_relative,0.0,0.0,1264,0
svd_multidepth,3416,16,"[2, 3]",constructed_initial,train,cfp_stage3,1,256,0.0625,512,32,64,3,all,1264,total_relative,0.0,0.0,1264,0
svd_multidepth,3416,16,"[2, 3]",constructed_initial,train,cfp_stage3,1,256,0.0625,512,32,64,3,all,1264,self_cross_cosine,,,0,1264
svd_multidepth,3416,16,"[2, 3]",constructed_initial,train,cfp_stage3,1,256,0.0625,512,32,64,3,all,1264,energy_identity_relative_error,0.0,0.0,1264,0
svd_multidepth,3416,16,"[2, 3]",constructed_initial,train,cfp_stage3,1,256,0.0625,512,32,64,3,all,1264,channel_energy_retained,0.6511129373524998,0.02492261595740647,1264,0
svd_multidepth,3416,16,"[2, 3]",constructed_initial,train,cfp_stage3,1,256,0.0625,512,32,64,3,label0,632,self_relative,0.0,0.0,632,0
svd_multidepth,3416,16,"[2, 3]",constructed_initial,train,cfp_stage3,1,256,0.0625,512,32,64,3,label0,632,cross_relative,0.0,0.0,632,0
svd_multidepth,3416,16,"[2, 3]",constructed_initial,train,cfp_stage3,1,256,0.0625,512,32,64,3,label0,632,total_relative,0.0,0.0,632,0
svd_multidepth,3416,16,"[2, 3]",constructed_initial,train,cfp_stage3,1,256,0.0625,512,32,64,3,label0,632,self_cross_cosine,,,0,632
svd_multidepth,3416,16,"[2, 3]",constructed_initial,train,cfp_stage3,1,256,0.0625,512,32,64,3,label0,632,energy_identity_relative_error,0.0,0.0,632,0
svd_multidepth,3416,16,"[2, 3]",constructed_initial,train,cfp_stage3,1,256,0.0625,512,32,64,3,label0,632,channel_energy_retained,0.6539618729369265,0.02353942942416762,632,0
svd_multidepth,3416,16,"[2, 3]",constructed_initial,train,cfp_stage3,1,256,0.0625,512,32,64,3,label1,632,self_relative,0.0,0.0,632,0
svd_multidepth,3416,16,"[2, 3]",constructed_initial,train,cfp_stage3,1,256,0.0625,512,32,64,3,label1,632,cross_relative,0.0,0.0,632,0
svd_multidepth,3416,16,"[2, 3]",constructed_initial,train,cfp_stage3,1,256,0.0625,512,32,64,3,label1,632,total_relative,0.0,0.0,632,0
svd_multidepth,3416,16,"[2, 3]",constructed_initial,train,cfp_stage3,1,256,0.0625,512,32,64,3,label1,632,self_cross_cosine,,,0,632
svd_multidepth,3416,16,"[2, 3]",constructed_initial,train,cfp_stage3,1,256,0.0625,512,32,64,3,label1,632,energy_identity_relative_error,0.0,0.0,632,0
svd_multidepth,3416,16,"[2, 3]",constructed_initial,train,cfp_stage3,1,256,0.0625,512,32,64,3,label1,632,channel_energy_retained,0.6482640017680729,0.025940212221004882,632,0
svd_multidepth,3416,16,"[2, 3]",constructed_initial,train,oct_stage3,1,256,0.0625,512,32,64,3,all,1264,self_relative,0.0,0.0,1264,0
svd_multidepth,3416,16,"[2, 3]",constructed_initial,train,oct_stage3,1,256,0.0625,512,32,64,3,all,1264,cross_relative,0.0,0.0,1264,0
svd_multidepth,3416,16,"[2, 3]",constructed_initial,train,oct_stage3,1,256,0.0625,512,32,64,3,all,1264,total_relative,0.0,0.0,1264,0
svd_multidepth,3416,16,"[2, 3]",constructed_initial,train,oct_stage3,1,256,0.0625,512,32,64,3,all,1264,self_cross_cosine,,,0,1264
svd_multidepth,3416,16,"[2, 3]",constructed_initial,train,oct_stage3,1,256,0.0625,512,32,64,3,all,1264,energy_identity_relative_error,0.0,0.0,1264,0
svd_multidepth,3416,16,"[2, 3]",constructed_initial,train,oct_stage3,1,256,0.0625,512,32,64,3,all,1264,channel_energy_retained,0.6826443044326245,0.03725241190819322,1264,0
svd_multidepth,3416,16,"[2, 3]",constructed_initial,train,oct_stage3,1,256,0.0625,512,32,64,3,label0,632,self_relative,0.0,0.0,632,0
svd_multidepth,3416,16,"[2, 3]",constructed_initial,train,oct_stage3,1,256,0.0625,512,32,64,3,label0,632,cross_relative,0.0,0.0,632,0
svd_multidepth,3416,16,"[2, 3]",constructed_initial,train,oct_stage3,1,256,0.0625,512,32,64,3,label0,632,total_relative,0.0,0.0,632,0
svd_multidepth,3416,16,"[2, 3]",constructed_initial,train,oct_stage3,1,256,0.0625,512,32,64,3,label0,632,self_cross_cosine,,,0,632
svd_multidepth,3416,16,"[2, 3]",constructed_initial,train,oct_stage3,1,256,0.0625,512,32,64,3,label0,632,energy_identity_relative_error,0.0,0.0,632,0
svd_multidepth,3416,16,"[2, 3]",constructed_initial,train,oct_stage3,1,256,0.0625,512,32,64,3,label0,632,channel_energy_retained,0.6843554071308448,0.03659495887469172,632,0
svd_multidepth,3416,16,"[2, 3]",constructed_initial,train,oct_stage3,1,256,0.0625,512,32,64,3,label1,632,self_relative,0.0,0.0,632,0
svd_multidepth,3416,16,"[2, 3]",constructed_initial,train,oct_stage3,1,256,0.0625,512,32,64,3,label1,632,cross_relative,0.0,0.0,632,0
svd_multidepth,3416,16,"[2, 3]",constructed_initial,train,oct_stage3,1,256,0.0625,512,32,64,3,label1,632,total_relative,0.0,0.0,632,0
svd_multidepth,3416,16,"[2, 3]",constructed_initial,train,oct_stage3,1,256,0.0625,512,32,64,3,label1,632,self_cross_cosine,,,0,632
svd_multidepth,3416,16,"[2, 3]",constructed_initial,train,oct_stage3,1,256,0.0625,512,32,64,3,label1,632,energy_identity_relative_error,0.0,0.0,632,0
svd_multidepth,3416,16,"[2, 3]",constructed_initial,train,oct_stage3,1,256,0.0625,512,32,64,3,label1,632,channel_energy_retained,0.6809332017344041,0.037850067640602336,632,0
svd_multidepth,3416,16,"[2, 3]",constructed_initial,validation,cfp_stage2,0,128,0.125,512,32,64,3,all,296,self_relative,0.0,0.0,296,0
svd_multidepth,3416,16,"[2, 3]",constructed_initial,validation,cfp_stage2,0,128,0.125,512,32,64,3,all,296,cross_relative,0.0,0.0,296,0
svd_multidepth,3416,16,"[2, 3]",constructed_initial,validation,cfp_stage2,0,128,0.125,512,32,64,3,all,296,total_relative,0.0,0.0,296,0
svd_multidepth,3416,16,"[2, 3]",constructed_initial,validation,cfp_stage2,0,128,0.125,512,32,64,3,all,296,self_cross_cosine,,,0,296
svd_multidepth,3416,16,"[2, 3]",constructed_initial,validation,cfp_stage2,0,128,0.125,512,32,64,3,all,296,energy_identity_relative_error,0.0,0.0,296,0
svd_multidepth,3416,16,"[2, 3]",constructed_initial,validation,cfp_stage2,0,128,0.125,512,32,64,3,all,296,channel_energy_retained,0.7034114360215268,0.023660029744023148,296,0
svd_multidepth,3416,16,"[2, 3]",constructed_initial,validation,cfp_stage2,0,128,0.125,512,32,64,3,label0,148,self_relative,0.0,0.0,148,0
svd_multidepth,3416,16,"[2, 3]",constructed_initial,validation,cfp_stage2,0,128,0.125,512,32,64,3,label0,148,cross_relative,0.0,0.0,148,0
svd_multidepth,3416,16,"[2, 3]",constructed_initial,validation,cfp_stage2,0,128,0.125,512,32,64,3,label0,148,total_relative,0.0,0.0,148,0
svd_multidepth,3416,16,"[2, 3]",constructed_initial,validation,cfp_stage2,0,128,0.125,512,32,64,3,label0,148,self_cross_cosine,,,0,148
svd_multidepth,3416,16,"[2, 3]",constructed_initial,validation,cfp_stage2,0,128,0.125,512,32,64,3,label0,148,energy_identity_relative_error,0.0,0.0,148,0
svd_multidepth,3416,16,"[2, 3]",constructed_initial,validation,cfp_stage2,0,128,0.125,512,32,64,3,label0,148,channel_energy_retained,0.704056115332727,0.022254980078813498,148,0
svd_multidepth,3416,16,"[2, 3]",constructed_initial,validation,cfp_stage2,0,128,0.125,512,32,64,3,label1,148,self_relative,0.0,0.0,148,0
svd_multidepth,3416,16,"[2, 3]",constructed_initial,validation,cfp_stage2,0,128,0.125,512,32,64,3,label1,148,cross_relative,0.0,0.0,148,0
svd_multidepth,3416,16,"[2, 3]",constructed_initial,validation,cfp_stage2,0,128,0.125,512,32,64,3,label1,148,total_relative,0.0,0.0,148,0
svd_multidepth,3416,16,"[2, 3]",constructed_initial,validation,cfp_stage2,0,128,0.125,512,32,64,3,label1,148,self_cross_cosine,,,0,148
svd_multidepth,3416,16,"[2, 3]",constructed_initial,validation,cfp_stage2,0,128,0.125,512,32,64,3,label1,148,energy_identity_relative_error,0.0,0.0,148,0
svd_multidepth,3416,16,"[2, 3]",constructed_initial,validation,cfp_stage2,0,128,0.125,512,32,64,3,label1,148,channel_energy_retained,0.7027667567103268,0.025045581290314554,148,0
svd_multidepth,3416,16,"[2, 3]",constructed_initial,validation,oct_stage2,0,128,0.125,512,32,64,3,all,296,self_relative,0.0,0.0,296,0
svd_multidepth,3416,16,"[2, 3]",constructed_initial,validation,oct_stage2,0,128,0.125,512,32,64,3,all,296,cross_relative,0.0,0.0,296,0
svd_multidepth,3416,16,"[2, 3]",constructed_initial,validation,oct_stage2,0,128,0.125,512,32,64,3,all,296,total_relative,0.0,0.0,296,0
svd_multidepth,3416,16,"[2, 3]",constructed_initial,validation,oct_stage2,0,128,0.125,512,32,64,3,all,296,self_cross_cosine,,,0,296
svd_multidepth,3416,16,"[2, 3]",constructed_initial,validation,oct_stage2,0,128,0.125,512,32,64,3,all,296,energy_identity_relative_error,0.0,0.0,296,0
svd_multidepth,3416,16,"[2, 3]",constructed_initial,validation,oct_stage2,0,128,0.125,512,32,64,3,all,296,channel_energy_retained,0.7371296402685797,0.013348231718599364,296,0
svd_multidepth,3416,16,"[2, 3]",constructed_initial,validation,oct_stage2,0,128,0.125,512,32,64,3,label0,148,self_relative,0.0,0.0,148,0
svd_multidepth,3416,16,"[2, 3]",constructed_initial,validation,oct_stage2,0,128,0.125,512,32,64,3,label0,148,cross_relative,0.0,0.0,148,0
svd_multidepth,3416,16,"[2, 3]",constructed_initial,validation,oct_stage2,0,128,0.125,512,32,64,3,label0,148,total_relative,0.0,0.0,148,0
svd_multidepth,3416,16,"[2, 3]",constructed_initial,validation,oct_stage2,0,128,0.125,512,32,64,3,label0,148,self_cross_cosine,,,0,148
svd_multidepth,3416,16,"[2, 3]",constructed_initial,validation,oct_stage2,0,128,0.125,512,32,64,3,label0,148,energy_identity_relative_error,0.0,0.0,148,0
svd_multidepth,3416,16,"[2, 3]",constructed_initial,validation,oct_stage2,0,128,0.125,512,32,64,3,label0,148,channel_energy_retained,0.7353565029817437,0.011149888435145722,148,0
svd_multidepth,3416,16,"[2, 3]",constructed_initial,validation,oct_stage2,0,128,0.125,512,32,64,3,label1,148,self_relative,0.0,0.0,148,0
svd_multidepth,3416,16,"[2, 3]",constructed_initial,validation,oct_stage2,0,128,0.125,512,32,64,3,label1,148,cross_relative,0.0,0.0,148,0
svd_multidepth,3416,16,"[2, 3]",constructed_initial,validation,oct_stage2,0,128,0.125,512,32,64,3,label1,148,total_relative,0.0,0.0,148,0
svd_multidepth,3416,16,"[2, 3]",constructed_initial,validation,oct_stage2,0,128,0.125,512,32,64,3,label1,148,self_cross_cosine,,,0,148
svd_multidepth,3416,16,"[2, 3]",constructed_initial,validation,oct_stage2,0,128,0.125,512,32,64,3,label1,148,energy_identity_relative_error,0.0,0.0,148,0
svd_multidepth,3416,16,"[2, 3]",constructed_initial,validation,oct_stage2,0,128,0.125,512,32,64,3,label1,148,channel_energy_retained,0.7389027775554162,0.015063593107600599,148,0
svd_multidepth,3416,16,"[2, 3]",constructed_initial,validation,cfp_stage3,1,256,0.0625,512,32,64,3,all,296,self_relative,0.0,0.0,296,0
svd_multidepth,3416,16,"[2, 3]",constructed_initial,validation,cfp_stage3,1,256,0.0625,512,32,64,3,all,296,cross_relative,0.0,0.0,296,0
svd_multidepth,3416,16,"[2, 3]",constructed_initial,validation,cfp_stage3,1,256,0.0625,512,32,64,3,all,296,total_relative,0.0,0.0,296,0
svd_multidepth,3416,16,"[2, 3]",constructed_initial,validation,cfp_stage3,1,256,0.0625,512,32,64,3,all,296,self_cross_cosine,,,0,296
svd_multidepth,3416,16,"[2, 3]",constructed_initial,validation,cfp_stage3,1,256,0.0625,512,32,64,3,all,296,energy_identity_relative_error,0.0,0.0,296,0
svd_multidepth,3416,16,"[2, 3]",constructed_initial,validation,cfp_stage3,1,256,0.0625,512,32,64,3,all,296,channel_energy_retained,0.6511995204556743,0.02437543916914782,296,0
svd_multidepth,3416,16,"[2, 3]",constructed_initial,validation,cfp_stage3,1,256,0.0625,512,32,64,3,label0,148,self_relative,0.0,0.0,148,0
svd_multidepth,3416,16,"[2, 3]",constructed_initial,validation,cfp_stage3,1,256,0.0625,512,32,64,3,label0,148,cross_relative,0.0,0.0,148,0
svd_multidepth,3416,16,"[2, 3]",constructed_initial,validation,cfp_stage3,1,256,0.0625,512,32,64,3,label0,148,total_relative,0.0,0.0,148,0
svd_multidepth,3416,16,"[2, 3]",constructed_initial,validation,cfp_stage3,1,256,0.0625,512,32,64,3,label0,148,self_cross_cosine,,,0,148
svd_multidepth,3416,16,"[2, 3]",constructed_initial,validation,cfp_stage3,1,256,0.0625,512,32,64,3,label0,148,energy_identity_relative_error,0.0,0.0,148,0
svd_multidepth,3416,16,"[2, 3]",constructed_initial,validation,cfp_stage3,1,256,0.0625,512,32,64,3,label0,148,channel_energy_retained,0.652599718587423,0.02396377830808441,148,0
svd_multidepth,3416,16,"[2, 3]",constructed_initial,validation,cfp_stage3,1,256,0.0625,512,32,64,3,label1,148,self_relative,0.0,0.0,148,0
svd_multidepth,3416,16,"[2, 3]",constructed_initial,validation,cfp_stage3,1,256,0.0625,512,32,64,3,label1,148,cross_relative,0.0,0.0,148,0
svd_multidepth,3416,16,"[2, 3]",constructed_initial,validation,cfp_stage3,1,256,0.0625,512,32,64,3,label1,148,total_relative,0.0,0.0,148,0
svd_multidepth,3416,16,"[2, 3]",constructed_initial,validation,cfp_stage3,1,256,0.0625,512,32,64,3,label1,148,self_cross_cosine,,,0,148
svd_multidepth,3416,16,"[2, 3]",constructed_initial,validation,cfp_stage3,1,256,0.0625,512,32,64,3,label1,148,energy_identity_relative_error,0.0,0.0,148,0
svd_multidepth,3416,16,"[2, 3]",constructed_initial,validation,cfp_stage3,1,256,0.0625,512,32,64,3,label1,148,channel_energy_retained,0.6497993223239253,0.024782161595601763,148,0
svd_multidepth,3416,16,"[2, 3]",constructed_initial,validation,oct_stage3,1,256,0.0625,512,32,64,3,all,296,self_relative,0.0,0.0,296,0
svd_multidepth,3416,16,"[2, 3]",constructed_initial,validation,oct_stage3,1,256,0.0625,512,32,64,3,all,296,cross_relative,0.0,0.0,296,0
svd_multidepth,3416,16,"[2, 3]",constructed_initial,validation,oct_stage3,1,256,0.0625,512,32,64,3,all,296,total_relative,0.0,0.0,296,0
svd_multidepth,3416,16,"[2, 3]",constructed_initial,validation,oct_stage3,1,256,0.0625,512,32,64,3,all,296,self_cross_cosine,,,0,296
svd_multidepth,3416,16,"[2, 3]",constructed_initial,validation,oct_stage3,1,256,0.0625,512,32,64,3,all,296,energy_identity_relative_error,0.0,0.0,296,0
svd_multidepth,3416,16,"[2, 3]",constructed_initial,validation,oct_stage3,1,256,0.0625,512,32,64,3,all,296,channel_energy_retained,0.6834710805973391,0.03663421645787291,296,0
svd_multidepth,3416,16,"[2, 3]",constructed_initial,validation,oct_stage3,1,256,0.0625,512,32,64,3,label0,148,self_relative,0.0,0.0,148,0
svd_multidepth,3416,16,"[2, 3]",constructed_initial,validation,oct_stage3,1,256,0.0625,512,32,64,3,label0,148,cross_relative,0.0,0.0,148,0
svd_multidepth,3416,16,"[2, 3]",constructed_initial,validation,oct_stage3,1,256,0.0625,512,32,64,3,label0,148,total_relative,0.0,0.0,148,0
svd_multidepth,3416,16,"[2, 3]",constructed_initial,validation,oct_stage3,1,256,0.0625,512,32,64,3,label0,148,self_cross_cosine,,,0,148
svd_multidepth,3416,16,"[2, 3]",constructed_initial,validation,oct_stage3,1,256,0.0625,512,32,64,3,label0,148,energy_identity_relative_error,0.0,0.0,148,0
svd_multidepth,3416,16,"[2, 3]",constructed_initial,validation,oct_stage3,1,256,0.0625,512,32,64,3,label0,148,channel_energy_retained,0.6810298577026515,0.03456383926326756,148,0
svd_multidepth,3416,16,"[2, 3]",constructed_initial,validation,oct_stage3,1,256,0.0625,512,32,64,3,label1,148,self_relative,0.0,0.0,148,0
svd_multidepth,3416,16,"[2, 3]",constructed_initial,validation,oct_stage3,1,256,0.0625,512,32,64,3,label1,148,cross_relative,0.0,0.0,148,0
svd_multidepth,3416,16,"[2, 3]",constructed_initial,validation,oct_stage3,1,256,0.0625,512,32,64,3,label1,148,total_relative,0.0,0.0,148,0
svd_multidepth,3416,16,"[2, 3]",constructed_initial,validation,oct_stage3,1,256,0.0625,512,32,64,3,label1,148,self_cross_cosine,,,0,148
svd_multidepth,3416,16,"[2, 3]",constructed_initial,validation,oct_stage3,1,256,0.0625,512,32,64,3,label1,148,energy_identity_relative_error,0.0,0.0,148,0
svd_multidepth,3416,16,"[2, 3]",constructed_initial,validation,oct_stage3,1,256,0.0625,512,32,64,3,label1,148,channel_energy_retained,0.685912303492027,0.03855647967274525,148,0
svd_multidepth,3416,16,"[2, 3]",constructed_initial,test,cfp_stage2,0,128,0.125,512,32,64,3,all,290,self_relative,0.0,0.0,290,0
svd_multidepth,3416,16,"[2, 3]",constructed_initial,test,cfp_stage2,0,128,0.125,512,32,64,3,all,290,cross_relative,0.0,0.0,290,0
svd_multidepth,3416,16,"[2, 3]",constructed_initial,test,cfp_stage2,0,128,0.125,512,32,64,3,all,290,total_relative,0.0,0.0,290,0
svd_multidepth,3416,16,"[2, 3]",constructed_initial,test,cfp_stage2,0,128,0.125,512,32,64,3,all,290,self_cross_cosine,,,0,290
svd_multidepth,3416,16,"[2, 3]",constructed_initial,test,cfp_stage2,0,128,0.125,512,32,64,3,all,290,energy_identity_relative_error,0.0,0.0,290,0
svd_multidepth,3416,16,"[2, 3]",constructed_initial,test,cfp_stage2,0,128,0.125,512,32,64,3,all,290,channel_energy_retained,0.7026390258811029,0.02313403768606185,290,0
svd_multidepth,3416,16,"[2, 3]",constructed_initial,test,cfp_stage2,0,128,0.125,512,32,64,3,label0,145,self_relative,0.0,0.0,145,0
svd_multidepth,3416,16,"[2, 3]",constructed_initial,test,cfp_stage2,0,128,0.125,512,32,64,3,label0,145,cross_relative,0.0,0.0,145,0
svd_multidepth,3416,16,"[2, 3]",constructed_initial,test,cfp_stage2,0,128,0.125,512,32,64,3,label0,145,total_relative,0.0,0.0,145,0
svd_multidepth,3416,16,"[2, 3]",constructed_initial,test,cfp_stage2,0,128,0.125,512,32,64,3,label0,145,self_cross_cosine,,,0,145
svd_multidepth,3416,16,"[2, 3]",constructed_initial,test,cfp_stage2,0,128,0.125,512,32,64,3,label0,145,energy_identity_relative_error,0.0,0.0,145,0
svd_multidepth,3416,16,"[2, 3]",constructed_initial,test,cfp_stage2,0,128,0.125,512,32,64,3,label0,145,channel_energy_retained,0.7015525765624021,0.023078694325224722,145,0
svd_multidepth,3416,16,"[2, 3]",constructed_initial,test,cfp_stage2,0,128,0.125,512,32,64,3,label1,145,self_relative,0.0,0.0,145,0
svd_multidepth,3416,16,"[2, 3]",constructed_initial,test,cfp_stage2,0,128,0.125,512,32,64,3,label1,145,cross_relative,0.0,0.0,145,0
svd_multidepth,3416,16,"[2, 3]",constructed_initial,test,cfp_stage2,0,128,0.125,512,32,64,3,label1,145,total_relative,0.0,0.0,145,0
svd_multidepth,3416,16,"[2, 3]",constructed_initial,test,cfp_stage2,0,128,0.125,512,32,64,3,label1,145,self_cross_cosine,,,0,145
svd_multidepth,3416,16,"[2, 3]",constructed_initial,test,cfp_stage2,0,128,0.125,512,32,64,3,label1,145,energy_identity_relative_error,0.0,0.0,145,0
svd_multidepth,3416,16,"[2, 3]",constructed_initial,test,cfp_stage2,0,128,0.125,512,32,64,3,label1,145,channel_energy_retained,0.7037254751998039,0.023218111093096128,145,0
svd_multidepth,3416,16,"[2, 3]",constructed_initial,test,oct_stage2,0,128,0.125,512,32,64,3,all,290,self_relative,0.0,0.0,290,0
svd_multidepth,3416,16,"[2, 3]",constructed_initial,test,oct_stage2,0,128,0.125,512,32,64,3,all,290,cross_relative,0.0,0.0,290,0
svd_multidepth,3416,16,"[2, 3]",constructed_initial,test,oct_stage2,0,128,0.125,512,32,64,3,all,290,total_relative,0.0,0.0,290,0
svd_multidepth,3416,16,"[2, 3]",constructed_initial,test,oct_stage2,0,128,0.125,512,32,64,3,all,290,self_cross_cosine,,,0,290
svd_multidepth,3416,16,"[2, 3]",constructed_initial,test,oct_stage2,0,128,0.125,512,32,64,3,all,290,energy_identity_relative_error,0.0,0.0,290,0
svd_multidepth,3416,16,"[2, 3]",constructed_initial,test,oct_stage2,0,128,0.125,512,32,64,3,all,290,channel_energy_retained,0.7364105306938801,0.014620007891806307,290,0
svd_multidepth,3416,16,"[2, 3]",constructed_initial,test,oct_stage2,0,128,0.125,512,32,64,3,label0,145,self_relative,0.0,0.0,145,0
svd_multidepth,3416,16,"[2, 3]",constructed_initial,test,oct_stage2,0,128,0.125,512,32,64,3,label0,145,cross_relative,0.0,0.0,145,0
svd_multidepth,3416,16,"[2, 3]",constructed_initial,test,oct_stage2,0,128,0.125,512,32,64,3,label0,145,total_relative,0.0,0.0,145,0
svd_multidepth,3416,16,"[2, 3]",constructed_initial,test,oct_stage2,0,128,0.125,512,32,64,3,label0,145,self_cross_cosine,,,0,145
svd_multidepth,3416,16,"[2, 3]",constructed_initial,test,oct_stage2,0,128,0.125,512,32,64,3,label0,145,energy_identity_relative_error,0.0,0.0,145,0
svd_multidepth,3416,16,"[2, 3]",constructed_initial,test,oct_stage2,0,128,0.125,512,32,64,3,label0,145,channel_energy_retained,0.7357722712589845,0.016012432525517897,145,0
svd_multidepth,3416,16,"[2, 3]",constructed_initial,test,oct_stage2,0,128,0.125,512,32,64,3,label1,145,self_relative,0.0,0.0,145,0
svd_multidepth,3416,16,"[2, 3]",constructed_initial,test,oct_stage2,0,128,0.125,512,32,64,3,label1,145,cross_relative,0.0,0.0,145,0
svd_multidepth,3416,16,"[2, 3]",constructed_initial,test,oct_stage2,0,128,0.125,512,32,64,3,label1,145,total_relative,0.0,0.0,145,0
svd_multidepth,3416,16,"[2, 3]",constructed_initial,test,oct_stage2,0,128,0.125,512,32,64,3,label1,145,self_cross_cosine,,,0,145
svd_multidepth,3416,16,"[2, 3]",constructed_initial,test,oct_stage2,0,128,0.125,512,32,64,3,label1,145,energy_identity_relative_error,0.0,0.0,145,0
svd_multidepth,3416,16,"[2, 3]",constructed_initial,test,oct_stage2,0,128,0.125,512,32,64,3,label1,145,channel_energy_retained,0.7370487901287753,0.013105540646716268,145,0
svd_multidepth,3416,16,"[2, 3]",constructed_initial,test,cfp_stage3,1,256,0.0625,512,32,64,3,all,290,self_relative,0.0,0.0,290,0
svd_multidepth,3416,16,"[2, 3]",constructed_initial,test,cfp_stage3,1,256,0.0625,512,32,64,3,all,290,cross_relative,0.0,0.0,290,0
svd_multidepth,3416,16,"[2, 3]",constructed_initial,test,cfp_stage3,1,256,0.0625,512,32,64,3,all,290,total_relative,0.0,0.0,290,0
svd_multidepth,3416,16,"[2, 3]",constructed_initial,test,cfp_stage3,1,256,0.0625,512,32,64,3,all,290,self_cross_cosine,,,0,290
svd_multidepth,3416,16,"[2, 3]",constructed_initial,test,cfp_stage3,1,256,0.0625,512,32,64,3,all,290,energy_identity_relative_error,0.0,0.0,290,0
svd_multidepth,3416,16,"[2, 3]",constructed_initial,test,cfp_stage3,1,256,0.0625,512,32,64,3,all,290,channel_energy_retained,0.6503530464625678,0.02521027993973756,290,0
svd_multidepth,3416,16,"[2, 3]",constructed_initial,test,cfp_stage3,1,256,0.0625,512,32,64,3,label0,145,self_relative,0.0,0.0,145,0
svd_multidepth,3416,16,"[2, 3]",constructed_initial,test,cfp_stage3,1,256,0.0625,512,32,64,3,label0,145,cross_relative,0.0,0.0,145,0
svd_multidepth,3416,16,"[2, 3]",constructed_initial,test,cfp_stage3,1,256,0.0625,512,32,64,3,label0,145,total_relative,0.0,0.0,145,0
svd_multidepth,3416,16,"[2, 3]",constructed_initial,test,cfp_stage3,1,256,0.0625,512,32,64,3,label0,145,self_cross_cosine,,,0,145
svd_multidepth,3416,16,"[2, 3]",constructed_initial,test,cfp_stage3,1,256,0.0625,512,32,64,3,label0,145,energy_identity_relative_error,0.0,0.0,145,0
svd_multidepth,3416,16,"[2, 3]",constructed_initial,test,cfp_stage3,1,256,0.0625,512,32,64,3,label0,145,channel_energy_retained,0.6499469933439554,0.025050321575886842,145,0
svd_multidepth,3416,16,"[2, 3]",constructed_initial,test,cfp_stage3,1,256,0.0625,512,32,64,3,label1,145,self_relative,0.0,0.0,145,0
svd_multidepth,3416,16,"[2, 3]",constructed_initial,test,cfp_stage3,1,256,0.0625,512,32,64,3,label1,145,cross_relative,0.0,0.0,145,0
svd_multidepth,3416,16,"[2, 3]",constructed_initial,test,cfp_stage3,1,256,0.0625,512,32,64,3,label1,145,total_relative,0.0,0.0,145,0
svd_multidepth,3416,16,"[2, 3]",constructed_initial,test,cfp_stage3,1,256,0.0625,512,32,64,3,label1,145,self_cross_cosine,,,0,145
svd_multidepth,3416,16,"[2, 3]",constructed_initial,test,cfp_stage3,1,256,0.0625,512,32,64,3,label1,145,energy_identity_relative_error,0.0,0.0,145,0
svd_multidepth,3416,16,"[2, 3]",constructed_initial,test,cfp_stage3,1,256,0.0625,512,32,64,3,label1,145,channel_energy_retained,0.6507590995811801,0.02544954554955614,145,0
svd_multidepth,3416,16,"[2, 3]",constructed_initial,test,oct_stage3,1,256,0.0625,512,32,64,3,all,290,self_relative,0.0,0.0,290,0
svd_multidepth,3416,16,"[2, 3]",constructed_initial,test,oct_stage3,1,256,0.0625,512,32,64,3,all,290,cross_relative,0.0,0.0,290,0
svd_multidepth,3416,16,"[2, 3]",constructed_initial,test,oct_stage3,1,256,0.0625,512,32,64,3,all,290,total_relative,0.0,0.0,290,0
svd_multidepth,3416,16,"[2, 3]",constructed_initial,test,oct_stage3,1,256,0.0625,512,32,64,3,all,290,self_cross_cosine,,,0,290
svd_multidepth,3416,16,"[2, 3]",constructed_initial,test,oct_stage3,1,256,0.0625,512,32,64,3,all,290,energy_identity_relative_error,0.0,0.0,290,0
svd_multidepth,3416,16,"[2, 3]",constructed_initial,test,oct_stage3,1,256,0.0625,512,32,64,3,all,290,channel_energy_retained,0.6796112621559266,0.04277154658748663,290,0
svd_multidepth,3416,16,"[2, 3]",constructed_initial,test,oct_stage3,1,256,0.0625,512,32,64,3,label0,145,self_relative,0.0,0.0,145,0
svd_multidepth,3416,16,"[2, 3]",constructed_initial,test,oct_stage3,1,256,0.0625,512,32,64,3,label0,145,cross_relative,0.0,0.0,145,0
svd_multidepth,3416,16,"[2, 3]",constructed_initial,test,oct_stage3,1,256,0.0625,512,32,64,3,label0,145,total_relative,0.0,0.0,145,0
svd_multidepth,3416,16,"[2, 3]",constructed_initial,test,oct_stage3,1,256,0.0625,512,32,64,3,label0,145,self_cross_cosine,,,0,145
svd_multidepth,3416,16,"[2, 3]",constructed_initial,test,oct_stage3,1,256,0.0625,512,32,64,3,label0,145,energy_identity_relative_error,0.0,0.0,145,0
svd_multidepth,3416,16,"[2, 3]",constructed_initial,test,oct_stage3,1,256,0.0625,512,32,64,3,label0,145,channel_energy_retained,0.6809488544343032,0.04515597737659962,145,0
svd_multidepth,3416,16,"[2, 3]",constructed_initial,test,oct_stage3,1,256,0.0625,512,32,64,3,label1,145,self_relative,0.0,0.0,145,0
svd_multidepth,3416,16,"[2, 3]",constructed_initial,test,oct_stage3,1,256,0.0625,512,32,64,3,label1,145,cross_relative,0.0,0.0,145,0
svd_multidepth,3416,16,"[2, 3]",constructed_initial,test,oct_stage3,1,256,0.0625,512,32,64,3,label1,145,total_relative,0.0,0.0,145,0
svd_multidepth,3416,16,"[2, 3]",constructed_initial,test,oct_stage3,1,256,0.0625,512,32,64,3,label1,145,self_cross_cosine,,,0,145
svd_multidepth,3416,16,"[2, 3]",constructed_initial,test,oct_stage3,1,256,0.0625,512,32,64,3,label1,145,energy_identity_relative_error,0.0,0.0,145,0
svd_multidepth,3416,16,"[2, 3]",constructed_initial,test,oct_stage3,1,256,0.0625,512,32,64,3,label1,145,channel_energy_retained,0.6782736698775501,0.04035900332442017,145,0
svd_multidepth,3416,16,"[2, 3]",selected,train,cfp_stage2,0,128,0.125,512,32,64,3,all,1264,self_relative,0.3501651307185276,0.011330155762131785,1264,0
svd_multidepth,3416,16,"[2, 3]",selected,train,cfp_stage2,0,128,0.125,512,32,64,3,all,1264,cross_relative,0.28676132719753994,0.019597104114262815,1264,0
svd_multidepth,3416,16,"[2, 3]",selected,train,cfp_stage2,0,128,0.125,512,32,64,3,all,1264,total_relative,0.5153285386109784,0.03169404609569961,1264,0
svd_multidepth,3416,16,"[2, 3]",selected,train,cfp_stage2,0,128,0.125,512,32,64,3,all,1264,self_cross_cosine,0.30017247785832585,0.07040220017959742,1264,0
svd_multidepth,3416,16,"[2, 3]",selected,train,cfp_stage2,0,128,0.125,512,32,64,3,all,1264,energy_identity_relative_error,8.270085838162955e-17,6.456940893632541e-17,1264,0
svd_multidepth,3416,16,"[2, 3]",selected,train,cfp_stage2,0,128,0.125,512,32,64,3,all,1264,channel_energy_retained,0.6590889033477267,0.022480025507741072,1264,0
svd_multidepth,3416,16,"[2, 3]",selected,train,cfp_stage2,0,128,0.125,512,32,64,3,label0,632,self_relative,0.3510727130633441,0.01111459834040718,632,0
svd_multidepth,3416,16,"[2, 3]",selected,train,cfp_stage2,0,128,0.125,512,32,64,3,label0,632,cross_relative,0.2876900014083085,0.018369890642804483,632,0
svd_multidepth,3416,16,"[2, 3]",selected,train,cfp_stage2,0,128,0.125,512,32,64,3,label0,632,total_relative,0.518339719841692,0.029913332478590182,632,0
svd_multidepth,3416,16,"[2, 3]",selected,train,cfp_stage2,0,128,0.125,512,32,64,3,label0,632,self_cross_cosine,0.30824258734353266,0.0667487488135012,632,0
svd_multidepth,3416,16,"[2, 3]",selected,train,cfp_stage2,0,128,0.125,512,32,64,3,label0,632,energy_identity_relative_error,8.209306541120432e-17,6.358120679011601e-17,632,0
svd_multidepth,3416,16,"[2, 3]",selected,train,cfp_stage2,0,128,0.125,512,32,64,3,label0,632,channel_energy_retained,0.660424132267781,0.021577004749130924,632,0
svd_multidepth,3416,16,"[2, 3]",selected,train,cfp_stage2,0,128,0.125,512,32,64,3,label1,632,self_relative,0.3492575483737112,0.011478849399482172,632,0
svd_multidepth,3416,16,"[2, 3]",selected,train,cfp_stage2,0,128,0.125,512,32,64,3,label1,632,cross_relative,0.2858326529867712,0.02072489139877393,632,0
svd_multidepth,3416,16,"[2, 3]",selected,train,cfp_stage2,0,128,0.125,512,32,64,3,label1,632,total_relative,0.5123173573802644,0.03313074749170675,632,0
svd_multidepth,3416,16,"[2, 3]",selected,train,cfp_stage2,0,128,0.125,512,32,64,3,label1,632,self_cross_cosine,0.29210236837311915,0.07304066879769254,632,0
svd_multidepth,3416,16,"[2, 3]",selected,train,cfp_stage2,0,128,0.125,512,32,64,3,label1,632,energy_identity_relative_error,8.330865135205469e-17,6.55874575815738e-17,632,0
svd_multidepth,3416,16,"[2, 3]",selected,train,cfp_stage2,0,128,0.125,512,32,64,3,label1,632,channel_energy_retained,0.6577536744276721,0.023288742139321618,632,0
svd_multidepth,3416,16,"[2, 3]",selected,train,oct_stage2,0,128,0.125,512,32,64,3,all,1264,self_relative,2.375094753475088,0.03293562333639714,1264,0
svd_multidepth,3416,16,"[2, 3]",selected,train,oct_stage2,0,128,0.125,512,32,64,3,all,1264,cross_relative,2.0621989954163995,0.1413347601321569,1264,0
svd_multidepth,3416,16,"[2, 3]",selected,train,oct_stage2,0,128,0.125,512,32,64,3,all,1264,total_relative,4.1760295293117515,0.1364394735836586,1264,0
svd_multidepth,3416,16,"[2, 3]",selected,train,oct_stage2,0,128,0.125,512,32,64,3,all,1264,self_cross_cosine,0.7700900686021017,0.01199228617014009,1264,0
svd_multidepth,3416,16,"[2, 3]",selected,train,oct_stage2,0,128,0.125,512,32,64,3,all,1264,energy_identity_relative_error,7.307293405736165e-17,6.10473393818222e-17,1264,0
svd_multidepth,3416,16,"[2, 3]",selected,train,oct_stage2,0,128,0.125,512,32,64,3,all,1264,channel_energy_retained,0.5505363860371075,0.005315295484673086,1264,0
svd_multidepth,3416,16,"[2, 3]",selected,train,oct_stage2,0,128,0.125,512,32,64,3,label0,632,self_relative,2.378865925004563,0.031081356995160615,632,0
svd_multidepth,3416,16,"[2, 3]",selected,train,oct_stage2,0,128,0.125,512,32,64,3,label0,632,cross_relative,2.05229921234977,0.1321127250781272,632,0
svd_multidepth,3416,16,"[2, 3]",selected,train,oct_stage2,0,128,0.125,512,32,64,3,label0,632,total_relative,4.170499210980432,0.12791252578113935,632,0
svd_multidepth,3416,16,"[2, 3]",selected,train,oct_stage2,0,128,0.125,512,32,64,3,label0,632,self_cross_cosine,0.7701983159963559,0.011044183858255487,632,0
svd_multidepth,3416,16,"[2, 3]",selected,train,oct_stage2,0,128,0.125,512,32,64,3,label0,632,energy_identity_relative_error,7.304990916091724e-17,6.105786537407427e-17,632,0
svd_multidepth,3416,16,"[2, 3]",selected,train,oct_stage2,0,128,0.125,512,32,64,3,label0,632,channel_energy_retained,0.5502075386874199,0.005206450485322202,632,0
svd_multidepth,3416,16,"[2, 3]",selected,train,oct_stage2,0,128,0.125,512,32,64,3,label1,632,self_relative,2.3713235819456133,0.034302920798062894,632,0
svd_multidepth,3416,16,"[2, 3]",selected,train,oct_stage2,0,128,0.125,512,32,64,3,label1,632,cross_relative,2.072098778483029,0.14944093009164106,632,0
svd_multidepth,3416,16,"[2, 3]",selected,train,oct_stage2,0,128,0.125,512,32,64,3,label1,632,total_relative,4.181559847643073,0.14435401559995076,632,0
svd_multidepth,3416,16,"[2, 3]",selected,train,oct_stage2,0,128,0.125,512,32,64,3,label1,632,self_cross_cosine,0.7699818212078473,0.012878676245383226,632,0
svd_multidepth,3416,16,"[2, 3]",selected,train,oct_stage2,0,128,0.125,512,32,64,3,label1,632,energy_identity_relative_error,7.309595895380615e-17,6.108516555127595e-17,632,0
svd_multidepth,3416,16,"[2, 3]",selected,train,oct_stage2,0,128,0.125,512,32,64,3,label1,632,channel_energy_retained,0.5508652333867953,0.005406085049303056,632,0
svd_multidepth,3416,16,"[2, 3]",selected,train,cfp_stage3,1,256,0.0625,512,32,64,3,all,1264,self_relative,0.44669189307838647,0.011494579196594086,1264,0
svd_multidepth,3416,16,"[2, 3]",selected,train,cfp_stage3,1,256,0.0625,512,32,64,3,all,1264,cross_relative,0.3222016587461441,0.017913878099105465,1264,0
svd_multidepth,3416,16,"[2, 3]",selected,train,cfp_stage3,1,256,0.0625,512,32,64,3,all,1264,total_relative,0.5471991529653856,0.015364692743259847,1264,0
svd_multidepth,3416,16,"[2, 3]",selected,train,cfp_stage3,1,256,0.0625,512,32,64,3,all,1264,self_cross_cosine,-0.013961117897759324,0.04610846807291954,1264,0
svd_multidepth,3416,16,"[2, 3]",selected,train,cfp_stage3,1,256,0.0625,512,32,64,3,all,1264,energy_identity_relative_error,7.153524272475825e-17,5.455985953195151e-17,1264,0
svd_multidepth,3416,16,"[2, 3]",selected,train,cfp_stage3,1,256,0.0625,512,32,64,3,all,1264,channel_energy_retained,0.5573622099689903,0.018704505556571993,1264,0
svd_multidepth,3416,16,"[2, 3]",selected,train,cfp_stage3,1,256,0.0625,512,32,64,3,label0,632,self_relative,0.4490290525153012,0.010802542943854762,632,0
svd_multidepth,3416,16,"[2, 3]",selected,train,cfp_stage3,1,256,0.0625,512,32,64,3,label0,632,cross_relative,0.3304349321067498,0.01402409643868814,632,0
svd_multidepth,3416,16,"[2, 3]",selected,train,cfp_stage3,1,256,0.0625,512,32,64,3,label0,632,total_relative,0.5502684277410987,0.013626354600506518,632,0
svd_multidepth,3416,16,"[2, 3]",selected,train,cfp_stage3,1,256,0.0625,512,32,64,3,label0,632,self_cross_cosine,-0.027303938147116565,0.04079208618036649,632,0
svd_multidepth,3416,16,"[2, 3]",selected,train,cfp_stage3,1,256,0.0625,512,32,64,3,label0,632,energy_identity_relative_error,7.043459252070782e-17,5.3957209089830995e-17,632,0
svd_multidepth,3416,16,"[2, 3]",selected,train,cfp_stage3,1,256,0.0625,512,32,64,3,label0,632,channel_energy_retained,0.5605691074371159,0.01826188625288949,632,0
svd_multidepth,3416,16,"[2, 3]",selected,train,cfp_stage3,1,256,0.0625,512,32,64,3,label1,632,self_relative,0.4443547336414715,0.011697145656416632,632,0
svd_multidepth,3416,16,"[2, 3]",selected,train,cfp_stage3,1,256,0.0625,512,32,64,3,label1,632,cross_relative,0.3139683853855386,0.017602809706986303,632,0
svd_multidepth,3416,16,"[2, 3]",selected,train,cfp_stage3,1,256,0.0625,512,32,64,3,label1,632,total_relative,0.5441298781896728,0.016369893061460528,632,0
svd_multidepth,3416,16,"[2, 3]",selected,train,cfp_stage3,1,256,0.0625,512,32,64,3,label1,632,self_cross_cosine,-0.0006182976484020906,0.04727293745574298,632,0
svd_multidepth,3416,16,"[2, 3]",selected,train,cfp_stage3,1,256,0.0625,512,32,64,3,label1,632,energy_identity_relative_error,7.26358929288087e-17,5.517668879843331e-17,632,0
svd_multidepth,3416,16,"[2, 3]",selected,train,cfp_stage3,1,256,0.0625,512,32,64,3,label1,632,channel_energy_retained,0.5541553125008648,0.018605752830940268,632,0
svd_multidepth,3416,16,"[2, 3]",selected,train,oct_stage3,1,256,0.0625,512,32,64,3,all,1264,self_relative,2.638227015046008,0.049934070517563954,1264,0
svd_multidepth,3416,16,"[2, 3]",selected,train,oct_stage3,1,256,0.0625,512,32,64,3,all,1264,cross_relative,4.328717229166062,0.28175589108987487,1264,0
svd_multidepth,3416,16,"[2, 3]",selected,train,oct_stage3,1,256,0.0625,512,32,64,3,all,1264,total_relative,5.858379757361075,0.2390774720319283,1264,0
svd_multidepth,3416,16,"[2, 3]",selected,train,oct_stage3,1,256,0.0625,512,32,64,3,all,1264,self_cross_cosine,0.3775378212797156,0.038698202040381345,1264,0
svd_multidepth,3416,16,"[2, 3]",selected,train,oct_stage3,1,256,0.0625,512,32,64,3,all,1264,energy_identity_relative_error,8.504092668324261e-17,6.694869880541728e-17,1264,0
svd_multidepth,3416,16,"[2, 3]",selected,train,oct_stage3,1,256,0.0625,512,32,64,3,all,1264,channel_energy_retained,0.4448281420153961,0.012737291874298144,1264,0
svd_multidepth,3416,16,"[2, 3]",selected,train,oct_stage3,1,256,0.0625,512,32,64,3,label0,632,self_relative,2.628311897636695,0.0501967195004134,632,0
svd_multidepth,3416,16,"[2, 3]",selected,train,oct_stage3,1,256,0.0625,512,32,64,3,label0,632,cross_relative,4.1249742322929075,0.15760910392427196,632,0
svd_multidepth,3416,16,"[2, 3]",selected,train,oct_stage3,1,256,0.0625,512,32,64,3,label0,632,total_relative,5.681529224848816,0.1444402423277214,632,0
svd_multidepth,3416,16,"[2, 3]",selected,train,oct_stage3,1,256,0.0625,512,32,64,3,label0,632,self_cross_cosine,0.38552023879691477,0.03685854234525321,632,0
svd_multidepth,3416,16,"[2, 3]",selected,train,oct_stage3,1,256,0.0625,512,32,64,3,label0,632,energy_identity_relative_error,9.117977966755525e-17,7.152461337550543e-17,632,0
svd_multidepth,3416,16,"[2, 3]",selected,train,oct_stage3,1,256,0.0625,512,32,64,3,label0,632,channel_energy_retained,0.44389336122028744,0.013280390713311493,632,0
svd_multidepth,3416,16,"[2, 3]",selected,train,oct_stage3,1,256,0.0625,512,32,64,3,label1,632,self_relative,2.6481421324553236,0.04768787022087073,632,0
svd_multidepth,3416,16,"[2, 3]",selected,train,oct_stage3,1,256,0.0625,512,32,64,3,label1,632,cross_relative,4.532460226039219,0.22561904795466806,632,0
svd_multidepth,3416,16,"[2, 3]",selected,train,oct_stage3,1,256,0.0625,512,32,64,3,label1,632,total_relative,6.035230289873332,0.17576211575677758,632,0
svd_multidepth,3416,16,"[2, 3]",selected,train,oct_stage3,1,256,0.0625,512,32,64,3,label1,632,self_cross_cosine,0.36955540376251633,0.038875222126930314,632,0
svd_multidepth,3416,16,"[2, 3]",selected,train,oct_stage3,1,256,0.0625,512,32,64,3,label1,632,energy_identity_relative_error,7.890207369892993e-17,6.14825093864258e-17,632,0
svd_multidepth,3416,16,"[2, 3]",selected,train,oct_stage3,1,256,0.0625,512,32,64,3,label1,632,channel_energy_retained,0.4457629228105047,0.01210847408517752,632,0
svd_multidepth,3416,16,"[2, 3]",selected,validation,cfp_stage2,0,128,0.125,512,32,64,3,all,296,self_relative,0.35002431017878755,0.01098610116627329,296,0
svd_multidepth,3416,16,"[2, 3]",selected,validation,cfp_stage2,0,128,0.125,512,32,64,3,all,296,cross_relative,0.28697796372968126,0.019512213029899514,296,0
svd_multidepth,3416,16,"[2, 3]",selected,validation,cfp_stage2,0,128,0.125,512,32,64,3,all,296,total_relative,0.5152792217513067,0.030085771120309013,296,0
svd_multidepth,3416,16,"[2, 3]",selected,validation,cfp_stage2,0,128,0.125,512,32,64,3,all,296,self_cross_cosine,0.29991514860702023,0.06292202656525368,296,0
svd_multidepth,3416,16,"[2, 3]",selected,validation,cfp_stage2,0,128,0.125,512,32,64,3,all,296,energy_identity_relative_error,8.787852595112913e-17,7.111066071061715e-17,296,0
svd_multidepth,3416,16,"[2, 3]",selected,validation,cfp_stage2,0,128,0.125,512,32,64,3,all,296,channel_energy_retained,0.6587463760803343,0.02203463718594631,296,0
svd_multidepth,3416,16,"[2, 3]",selected,validation,cfp_stage2,0,128,0.125,512,32,64,3,label0,148,self_relative,0.3499855033120457,0.010545723179069577,148,0
svd_multidepth,3416,16,"[2, 3]",selected,validation,cfp_stage2,0,128,0.125,512,32,64,3,label0,148,cross_relative,0.28659941372432807,0.01865261362891724,148,0
svd_multidepth,3416,16,"[2, 3]",selected,validation,cfp_stage2,0,128,0.125,512,32,64,3,label0,148,total_relative,0.5153952657320815,0.028001010241814662,148,0
svd_multidepth,3416,16,"[2, 3]",selected,validation,cfp_stage2,0,128,0.125,512,32,64,3,label0,148,self_cross_cosine,0.3022398134475702,0.05853370165922007,148,0
svd_multidepth,3416,16,"[2, 3]",selected,validation,cfp_stage2,0,128,0.125,512,32,64,3,label0,148,energy_identity_relative_error,8.470285367106478e-17,7.600053023383922e-17,148,0
svd_multidepth,3416,16,"[2, 3]",selected,validation,cfp_stage2,0,128,0.125,512,32,64,3,label0,148,channel_energy_retained,0.6590757032541404,0.020892651147545842,148,0
svd_multidepth,3416,16,"[2, 3]",selected,validation,cfp_stage2,0,128,0.125,512,32,64,3,label1,148,self_relative,0.35006311704552934,0.011445286293257122,148,0
svd_multidepth,3416,16,"[2, 3]",selected,validation,cfp_stage2,0,128,0.125,512,32,64,3,label1,148,cross_relative,0.28735651373503446,0.020392016709595125,148,0
svd_multidepth,3416,16,"[2, 3]",selected,validation,cfp_stage2,0,128,0.125,512,32,64,3,label1,148,total_relative,0.5151631777705319,0.03213068728281437,148,0
svd_multidepth,3416,16,"[2, 3]",selected,validation,cfp_stage2,0,128,0.125,512,32,64,3,label1,148,self_cross_cosine,0.29759048376647024,0.06714328092412215,148,0
svd_multidepth,3416,16,"[2, 3]",selected,validation,cfp_stage2,0,128,0.125,512,32,64,3,label1,148,energy_identity_relative_error,9.105419823119348e-17,6.596562768836454e-17,148,0
svd_multidepth,3416,16,"[2, 3]",selected,validation,cfp_stage2,0,128,0.125,512,32,64,3,label1,148,channel_energy_retained,0.6584170489065281,0.023186895097210027,148,0
svd_multidepth,3416,16,"[2, 3]",selected,validation,oct_stage2,0,128,0.125,512,32,64,3,all,296,self_relative,2.375018364034984,0.034791591507999924,296,0
svd_multidepth,3416,16,"[2, 3]",selected,validation,oct_stage2,0,128,0.125,512,32,64,3,all,296,cross_relative,2.0580261742451125,0.14686412850367123,296,0
svd_multidepth,3416,16,"[2, 3]",selected,validation,oct_stage2,0,128,0.125,512,32,64,3,all,296,total_relative,4.172057723884481,0.14514191810367882,296,0
svd_multidepth,3416,16,"[2, 3]",selected,validation,oct_stage2,0,128,0.125,512,32,64,3,all,296,self_cross_cosine,0.7701759236105518,0.012990664241920042,296,0
svd_multidepth,3416,16,"[2, 3]",selected,validation,oct_stage2,0,128,0.125,512,32,64,3,all,296,energy_identity_relative_error,7.904271500148659e-17,6.327265915926689e-17,296,0
svd_multidepth,3416,16,"[2, 3]",selected,validation,oct_stage2,0,128,0.125,512,32,64,3,all,296,channel_energy_retained,0.5505733338916129,0.005527516547938099,296,0
svd_multidepth,3416,16,"[2, 3]",selected,validation,oct_stage2,0,128,0.125,512,32,64,3,label0,148,self_relative,2.377425819214959,0.03553757505553445,148,0
svd_multidepth,3416,16,"[2, 3]",selected,validation,oct_stage2,0,128,0.125,512,32,64,3,label0,148,cross_relative,2.0578293511651915,0.13708738190205755,148,0
svd_multidepth,3416,16,"[2, 3]",selected,validation,oct_stage2,0,128,0.125,512,32,64,3,label0,148,total_relative,4.174357805573339,0.1347011272555407,148,0
svd_multidepth,3416,16,"[2, 3]",selected,validation,oct_stage2,0,128,0.125,512,32,64,3,label0,148,self_cross_cosine,0.7703104223183591,0.012428107679698529,148,0
svd_multidepth,3416,16,"[2, 3]",selected,validation,oct_stage2,0,128,0.125,512,32,64,3,label0,148,energy_identity_relative_error,7.506035166521082e-17,6.022667799973684e-17,148,0
svd_multidepth,3416,16,"[2, 3]",selected,validation,oct_stage2,0,128,0.125,512,32,64,3,label0,148,channel_energy_retained,0.5501886370029416,0.004998253451857243,148,0
svd_multidepth,3416,16,"[2, 3]",selected,validation,oct_stage2,0,128,0.125,512,32,64,3,label1,148,self_relative,2.3726109088550076,0.033978732897174554,148,0
svd_multidepth,3416,16,"[2, 3]",selected,validation,oct_stage2,0,128,0.125,512,32,64,3,label1,148,cross_relative,2.058222997325033,0.15649870473075456,148,0
svd_multidepth,3416,16,"[2, 3]",selected,validation,oct_stage2,0,128,0.125,512,32,64,3,label1,148,total_relative,4.1697576421956235,0.15530812499880278,148,0
svd_multidepth,3416,16,"[2, 3]",selected,validation,oct_stage2,0,128,0.125,512,32,64,3,label1,148,self_cross_cosine,0.7700414249027444,0.013570867242098834,148,0
svd_multidepth,3416,16,"[2, 3]",selected,validation,oct_stage2,0,128,0.125,512,32,64,3,label1,148,energy_identity_relative_error,8.302507833776231e-17,6.614307263589261e-17,148,0
svd_multidepth,3416,16,"[2, 3]",selected,validation,oct_stage2,0,128,0.125,512,32,64,3,label1,148,channel_energy_retained,0.550958030780284,0.0060028485277369235,148,0
svd_multidepth,3416,16,"[2, 3]",selected,validation,cfp_stage3,1,256,0.0625,512,32,64,3,all,296,self_relative,0.4468763205204564,0.01330691688499364,296,0
svd_multidepth,3416,16,"[2, 3]",selected,validation,cfp_stage3,1,256,0.0625,512,32,64,3,all,296,cross_relative,0.3224667091616835,0.01723637330082425,296,0
svd_multidepth,3416,16,"[2, 3]",selected,validation,cfp_stage3,1,256,0.0625,512,32,64,3,all,296,total_relative,0.5481446929957555,0.014889824077945608,296,0
svd_multidepth,3416,16,"[2, 3]",selected,validation,cfp_stage3,1,256,0.0625,512,32,64,3,all,296,self_cross_cosine,-0.011622985098866027,0.046082100698103645,296,0
svd_multidepth,3416,16,"[2, 3]",selected,validation,cfp_stage3,1,256,0.0625,512,32,64,3,all,296,energy_identity_relative_error,7.468145842314874e-17,5.632167336384131e-17,296,0
svd_multidepth,3416,16,"[2, 3]",selected,validation,cfp_stage3,1,256,0.0625,512,32,64,3,all,296,channel_energy_retained,0.5575861686382534,0.01864383297691916,296,0
svd_multidepth,3416,16,"[2, 3]",selected,validation,cfp_stage3,1,256,0.0625,512,32,64,3,label0,148,self_relative,0.44786821051654047,0.01218451233066271,148,0
svd_multidepth,3416,16,"[2, 3]",selected,validation,cfp_stage3,1,256,0.0625,512,32,64,3,label0,148,cross_relative,0.3264676234661366,0.014360231225977255,148,0
svd_multidepth,3416,16,"[2, 3]",selected,validation,cfp_stage3,1,256,0.0625,512,32,64,3,label0,148,total_relative,0.5479476973194071,0.013308482409745505,148,0
svd_multidepth,3416,16,"[2, 3]",selected,validation,cfp_stage3,1,256,0.0625,512,32,64,3,label0,148,self_cross_cosine,-0.02397262537319219,0.041681990363874315,148,0
svd_multidepth,3416,16,"[2, 3]",selected,validation,cfp_stage3,1,256,0.0625,512,32,64,3,label0,148,energy_identity_relative_error,7.433924170207913e-17,6.138302414316922e-17,148,0
svd_multidepth,3416,16,"[2, 3]",selected,validation,cfp_stage3,1,256,0.0625,512,32,64,3,label0,148,channel_energy_retained,0.5577121007642641,0.018281197619601335,148,0
svd_multidepth,3416,16,"[2, 3]",selected,validation,cfp_stage3,1,256,0.0625,512,32,64,3,label1,148,self_relative,0.4458844305243721,0.014314651282257,148,0
svd_multidepth,3416,16,"[2, 3]",selected,validation,cfp_stage3,1,256,0.0625,512,32,64,3,label1,148,cross_relative,0.31846579485723026,0.018914478818512624,148,0
svd_multidepth,3416,16,"[2, 3]",selected,validation,cfp_stage3,1,256,0.0625,512,32,64,3,label1,148,total_relative,0.5483416886721042,0.016362398523732072,148,0
svd_multidepth,3416,16,"[2, 3]",selected,validation,cfp_stage3,1,256,0.0625,512,32,64,3,label1,148,self_cross_cosine,0.0007266551754601301,0.0470858304615496,148,0
svd_multidepth,3416,16,"[2, 3]",selected,validation,cfp_stage3,1,256,0.0625,512,32,64,3,label1,148,energy_identity_relative_error,7.502367514421837e-17,5.096792552004547e-17,148,0
svd_multidepth,3416,16,"[2, 3]",selected,validation,cfp_stage3,1,256,0.0625,512,32,64,3,label1,148,channel_energy_retained,0.5574602365122424,0.019060836053348167,148,0
svd_multidepth,3416,16,"[2, 3]",selected,validation,oct_stage3,1,256,0.0625,512,32,64,3,all,296,self_relative,2.6393724425926806,0.052031742008413207,296,0
svd_multidepth,3416,16,"[2, 3]",selected,validation,oct_stage3,1,256,0.0625,512,32,64,3,all,296,cross_relative,4.321213894873847,0.2166139193556415,296,0
svd_multidepth,3416,16,"[2, 3]",selected,validation,oct_stage3,1,256,0.0625,512,32,64,3,all,296,total_relative,5.851219839333439,0.19142995605543384,296,0
svd_multidepth,3416,16,"[2, 3]",selected,validation,oct_stage3,1,256,0.0625,512,32,64,3,all,296,self_cross_cosine,0.37688258806378905,0.03598725746016718,296,0
svd_multidepth,3416,16,"[2, 3]",selected,validation,oct_stage3,1,256,0.0625,512,32,64,3,all,296,energy_identity_relative_error,7.743799749436223e-17,5.798372627698314e-17,296,0
svd_multidepth,3416,16,"[2, 3]",selected,validation,oct_stage3,1,256,0.0625,512,32,64,3,all,296,channel_energy_retained,0.4446439557201636,0.013176598722169705,296,0
svd_multidepth,3416,16,"[2, 3]",selected,validation,oct_stage3,1,256,0.0625,512,32,64,3,label0,148,self_relative,2.6316492212823035,0.0497833802857302,148,0
svd_multidepth,3416,16,"[2, 3]",selected,validation,oct_stage3,1,256,0.0625,512,32,64,3,label0,148,cross_relative,4.258916453653873,0.1798630901218125,148,0
svd_multidepth,3416,16,"[2, 3]",selected,validation,oct_stage3,1,256,0.0625,512,32,64,3,label0,148,total_relative,5.784084857983971,0.15736488867913384,148,0
svd_multidepth,3416,16,"[2, 3]",selected,validation,oct_stage3,1,256,0.0625,512,32,64,3,label0,148,self_cross_cosine,0.3744358401901733,0.03561313688088536,148,0
svd_multidepth,3416,16,"[2, 3]",selected,validation,oct_stage3,1,256,0.0625,512,32,64,3,label0,148,energy_identity_relative_error,7.881194222946478e-17,5.498523097926235e-17,148,0
svd_multidepth,3416,16,"[2, 3]",selected,validation,oct_stage3,1,256,0.0625,512,32,64,3,label0,148,channel_energy_retained,0.4439143034324209,0.01340552213091584,148,0
svd_multidepth,3416,16,"[2, 3]",selected,validation,oct_stage3,1,256,0.0625,512,32,64,3,label1,148,self_relative,2.6470956639030576,0.05324029101684611,148,0
svd_multidepth,3416,16,"[2, 3]",selected,validation,oct_stage3,1,256,0.0625,512,32,64,3,label1,148,cross_relative,4.383511336093822,0.23237232779555067,148,0
svd_multidepth,3416,16,"[2, 3]",selected,validation,oct_stage3,1,256,0.0625,512,32,64,3,label1,148,total_relative,5.918354820682909,0.19925085691219463,148,0
svd_multidepth,3416,16,"[2, 3]",selected,validation,oct_stage3,1,256,0.0625,512,32,64,3,label1,148,self_cross_cosine,0.37932933593740487,0.03631288155168908,148,0
svd_multidepth,3416,16,"[2, 3]",selected,validation,oct_stage3,1,256,0.0625,512,32,64,3,label1,148,energy_identity_relative_error,7.606405275925967e-17,6.099114511293592e-17,148,0
svd_multidepth,3416,16,"[2, 3]",selected,validation,oct_stage3,1,256,0.0625,512,32,64,3,label1,148,channel_energy_retained,0.44537360800790626,0.012947840089380231,148,0
svd_multidepth,3416,16,"[2, 3]",selected,test,cfp_stage2,0,128,0.125,512,32,64,3,all,290,self_relative,0.3502328492694082,0.01094171421767599,290,0
svd_multidepth,3416,16,"[2, 3]",selected,test,cfp_stage2,0,128,0.125,512,32,64,3,all,290,cross_relative,0.28693987232983154,0.019055589087284504,290,0
svd_multidepth,3416,16,"[2, 3]",selected,test,cfp_stage2,0,128,0.125,512,32,64,3,all,290,total_relative,0.5157867030199215,0.030582920205787442,290,0
svd_multidepth,3416,16,"[2, 3]",selected,test,cfp_stage2,0,128,0.125,512,32,64,3,all,290,self_cross_cosine,0.30164995303205266,0.06854794686589646,290,0
svd_multidepth,3416,16,"[2, 3]",selected,test,cfp_stage2,0,128,0.125,512,32,64,3,all,290,energy_identity_relative_error,8.37856027175316e-17,6.362673400852757e-17,290,0
svd_multidepth,3416,16,"[2, 3]",selected,test,cfp_stage2,0,128,0.125,512,32,64,3,all,290,channel_energy_retained,0.6581488918932555,0.02146409576840094,290,0
svd_multidepth,3416,16,"[2, 3]",selected,test,cfp_stage2,0,128,0.125,512,32,64,3,label0,145,self_relative,0.34960604076652124,0.010080530740035882,145,0
svd_multidepth,3416,16,"[2, 3]",selected,test,cfp_stage2,0,128,0.125,512,32,64,3,label0,145,cross_relative,0.2857459825114422,0.01729802628225157,145,0
svd_multidepth,3416,16,"[2, 3]",selected,test,cfp_stage2,0,128,0.125,512,32,64,3,label0,145,total_relative,0.5143626765415901,0.028796331144837806,145,0
svd_multidepth,3416,16,"[2, 3]",selected,test,cfp_stage2,0,128,0.125,512,32,64,3,label0,145,self_cross_cosine,0.3019638176538763,0.06934306827250017,145,0
svd_multidepth,3416,16,"[2, 3]",selected,test,cfp_stage2,0,128,0.125,512,32,64,3,label0,145,energy_identity_relative_error,9.01196295803251e-17,6.878399493534512e-17,145,0
svd_multidepth,3416,16,"[2, 3]",selected,test,cfp_stage2,0,128,0.125,512,32,64,3,label0,145,channel_energy_retained,0.6571195592253252,0.021168174513593464,145,0
svd_multidepth,3416,16,"[2, 3]",selected,test,cfp_stage2,0,128,0.125,512,32,64,3,label1,145,self_relative,0.35085965777229483,0.01174160474766694,145,0
svd_multidepth,3416,16,"[2, 3]",selected,test,cfp_stage2,0,128,0.125,512,32,64,3,label1,145,cross_relative,0.2881337621482211,0.020655757799433853,145,0
svd_multidepth,3416,16,"[2, 3]",selected,test,cfp_stage2,0,128,0.125,512,32,64,3,label1,145,total_relative,0.517210729498253,0.032308090394079905,145,0
svd_multidepth,3416,16,"[2, 3]",selected,test,cfp_stage2,0,128,0.125,512,32,64,3,label1,145,self_cross_cosine,0.30133608841022896,0.0679824479768814,145,0
svd_multidepth,3416,16,"[2, 3]",selected,test,cfp_stage2,0,128,0.125,512,32,64,3,label1,145,energy_identity_relative_error,7.74515758547381e-17,5.75569388392335e-17,145,0
svd_multidepth,3416,16,"[2, 3]",selected,test,cfp_stage2,0,128,0.125,512,32,64,3,label1,145,channel_energy_retained,0.6591782245611855,0.02178046812969811,145,0
svd_multidepth,3416,16,"[2, 3]",selected,test,oct_stage2,0,128,0.125,512,32,64,3,all,290,self_relative,2.377857403374632,0.03554402028705295,290,0
svd_multidepth,3416,16,"[2, 3]",selected,test,oct_stage2,0,128,0.125,512,32,64,3,all,290,cross_relative,2.0667193912589417,0.13874393385087505,290,0
svd_multidepth,3416,16,"[2, 3]",selected,test,oct_stage2,0,128,0.125,512,32,64,3,all,290,total_relative,4.1817224887935,0.13907982752899797,290,0
svd_multidepth,3416,16,"[2, 3]",selected,test,oct_stage2,0,128,0.125,512,32,64,3,all,290,self_cross_cosine,0.7690792972143995,0.01230257403878344,290,0
svd_multidepth,3416,16,"[2, 3]",selected,test,oct_stage2,0,128,0.125,512,32,64,3,all,290,energy_identity_relative_error,6.979237271235686e-17,5.881337633059206e-17,290,0
svd_multidepth,3416,16,"[2, 3]",selected,test,oct_stage2,0,128,0.125,512,32,64,3,all,290,channel_energy_retained,0.5508685474824144,0.005809787485695893,290,0
svd_multidepth,3416,16,"[2, 3]",selected,test,oct_stage2,0,128,0.125,512,32,64,3,label0,145,self_relative,2.3778963635188104,0.03181784327141575,145,0
svd_multidepth,3416,16,"[2, 3]",selected,test,oct_stage2,0,128,0.125,512,32,64,3,label0,145,cross_relative,2.069579857187098,0.1368066821269975,145,0
svd_multidepth,3416,16,"[2, 3]",selected,test,oct_stage2,0,128,0.125,512,32,64,3,label0,145,total_relative,4.1841318016955436,0.13329172092457198,145,0
svd_multidepth,3416,16,"[2, 3]",selected,test,oct_stage2,0,128,0.125,512,32,64,3,label0,145,self_cross_cosine,0.7687971614725461,0.011168190548647434,145,0
svd_multidepth,3416,16,"[2, 3]",selected,test,oct_stage2,0,128,0.125,512,32,64,3,label0,145,energy_identity_relative_error,7.141178480436808e-17,6.165660288632525e-17,145,0
svd_multidepth,3416,16,"[2, 3]",selected,test,oct_stage2,0,128,0.125,512,32,64,3,label0,145,channel_energy_retained,0.5507476307353096,0.0061121478484408584,145,0
svd_multidepth,3416,16,"[2, 3]",selected,test,oct_stage2,0,128,0.125,512,32,64,3,label1,145,self_relative,2.377818443230454,0.039027554407569345,145,0
svd_multidepth,3416,16,"[2, 3]",selected,test,oct_stage2,0,128,0.125,512,32,64,3,label1,145,cross_relative,2.0638589253307846,0.14107052005836448,145,0
svd_multidepth,3416,16,"[2, 3]",selected,test,oct_stage2,0,128,0.125,512,32,64,3,label1,145,total_relative,4.179313175891457,0.1450598205962243,145,0
svd_multidepth,3416,16,"[2, 3]",selected,test,oct_stage2,0,128,0.125,512,32,64,3,label1,145,self_cross_cosine,0.769361432956253,0.013374189092767476,145,0
svd_multidepth,3416,16,"[2, 3]",selected,test,oct_stage2,0,128,0.125,512,32,64,3,label1,145,energy_identity_relative_error,6.817296062034563e-17,5.599311834480287e-17,145,0
svd_multidepth,3416,16,"[2, 3]",selected,test,oct_stage2,0,128,0.125,512,32,64,3,label1,145,channel_energy_retained,0.5509894642295193,0.005509434214349628,145,0
svd_multidepth,3416,16,"[2, 3]",selected,test,cfp_stage3,1,256,0.0625,512,32,64,3,all,290,self_relative,0.4474013658748735,0.012237253202644885,290,0
svd_multidepth,3416,16,"[2, 3]",selected,test,cfp_stage3,1,256,0.0625,512,32,64,3,all,290,cross_relative,0.3218748735467898,0.016479894114355575,290,0
svd_multidepth,3416,16,"[2, 3]",selected,test,cfp_stage3,1,256,0.0625,512,32,64,3,all,290,total_relative,0.5471278542231636,0.014558125720352198,290,0
svd_multidepth,3416,16,"[2, 3]",selected,test,cfp_stage3,1,256,0.0625,512,32,64,3,all,290,self_cross_cosine,-0.015643295595324482,0.04473886532214761,290,0
svd_multidepth,3416,16,"[2, 3]",selected,test,cfp_stage3,1,256,0.0625,512,32,64,3,all,290,energy_identity_relative_error,7.239153219838524e-17,5.5323611137655134e-17,290,0
svd_multidepth,3416,16,"[2, 3]",selected,test,cfp_stage3,1,256,0.0625,512,32,64,3,all,290,channel_energy_retained,0.5567954599499407,0.018503516432556693,290,0
svd_multidepth,3416,16,"[2, 3]",selected,test,cfp_stage3,1,256,0.0625,512,32,64,3,label0,145,self_relative,0.4478439806651866,0.011035881175401115,145,0
svd_multidepth,3416,16,"[2, 3]",selected,test,cfp_stage3,1,256,0.0625,512,32,64,3,label0,145,cross_relative,0.3228942969808624,0.014537792796978163,145,0
svd_multidepth,3416,16,"[2, 3]",selected,test,cfp_stage3,1,256,0.0625,512,32,64,3,label0,145,total_relative,0.5461472822248291,0.014064993795676016,145,0
svd_multidepth,3416,16,"[2, 3]",selected,test,cfp_stage3,1,256,0.0625,512,32,64,3,label0,145,self_cross_cosine,-0.02296544519473334,0.0410211154944211,145,0
svd_multidepth,3416,16,"[2, 3]",selected,test,cfp_stage3,1,256,0.0625,512,32,64,3,label0,145,energy_identity_relative_error,7.438336341069184e-17,5.625253168610583e-17,145,0
svd_multidepth,3416,16,"[2, 3]",selected,test,cfp_stage3,1,256,0.0625,512,32,64,3,label0,145,channel_energy_retained,0.5561246185017437,0.018304526553734053,145,0
svd_multidepth,3416,16,"[2, 3]",selected,test,cfp_stage3,1,256,0.0625,512,32,64,3,label1,145,self_relative,0.4469587510845604,0.01335497866052235,145,0
svd_multidepth,3416,16,"[2, 3]",selected,test,cfp_stage3,1,256,0.0625,512,32,64,3,label1,145,cross_relative,0.32085545011271716,0.018210423907667406,145,0
svd_multidepth,3416,16,"[2, 3]",selected,test,cfp_stage3,1,256,0.0625,512,32,64,3,label1,145,total_relative,0.548108426221498,0.01501963381496669,145,0
svd_multidepth,3416,16,"[2, 3]",selected,test,cfp_stage3,1,256,0.0625,512,32,64,3,label1,145,self_cross_cosine,-0.00832114599591562,0.04718397611409436,145,0
svd_multidepth,3416,16,"[2, 3]",selected,test,cfp_stage3,1,256,0.0625,512,32,64,3,label1,145,energy_identity_relative_error,7.039970098607868e-17,5.4500656568110764e-17,145,0
svd_multidepth,3416,16,"[2, 3]",selected,test,cfp_stage3,1,256,0.0625,512,32,64,3,label1,145,channel_energy_retained,0.5574663013981377,0.01873968732980327,145,0
svd_multidepth,3416,16,"[2, 3]",selected,test,oct_stage3,1,256,0.0625,512,32,64,3,all,290,self_relative,2.637715832221168,0.04910414862052567,290,0
svd_multidepth,3416,16,"[2, 3]",selected,test,oct_stage3,1,256,0.0625,512,32,64,3,all,290,cross_relative,4.311266798241145,0.22883390804505516,290,0
svd_multidepth,3416,16,"[2, 3]",selected,test,oct_stage3,1,256,0.0625,512,32,64,3,all,290,total_relative,5.8429604165655515,0.1933930585587018,290,0
svd_multidepth,3416,16,"[2, 3]",selected,test,oct_stage3,1,256,0.0625,512,32,64,3,all,290,self_cross_cosine,0.37812794568909897,0.04058642337342801,290,0
svd_multidepth,3416,16,"[2, 3]",selected,test,oct_stage3,1,256,0.0625,512,32,64,3,all,290,energy_identity_relative_error,8.129149140571933e-17,5.796636242090938e-17,290,0
svd_multidepth,3416,16,"[2, 3]",selected,test,oct_stage3,1,256,0.0625,512,32,64,3,all,290,channel_energy_retained,0.44446838127418703,0.013054132509970263,290,0
svd_multidepth,3416,16,"[2, 3]",selected,test,oct_stage3,1,256,0.0625,512,32,64,3,label0,145,self_relative,2.6353106164469544,0.04541367986872658,145,0
svd_multidepth,3416,16,"[2, 3]",selected,test,oct_stage3,1,256,0.0625,512,32,64,3,label0,145,cross_relative,4.285394113589221,0.22979998709151586,145,0
svd_multidepth,3416,16,"[2, 3]",selected,test,oct_stage3,1,256,0.0625,512,32,64,3,label0,145,total_relative,5.8138137948112725,0.19717864541755104,145,0
svd_multidepth,3416,16,"[2, 3]",selected,test,oct_stage3,1,256,0.0625,512,32,64,3,label0,145,self_cross_cosine,0.37614574320595257,0.04073194774292606,145,0
svd_multidepth,3416,16,"[2, 3]",selected,test,oct_stage3,1,256,0.0625,512,32,64,3,label0,145,energy_identity_relative_error,8.128724015958284e-17,5.753945308983933e-17,145,0
svd_multidepth,3416,16,"[2, 3]",selected,test,oct_stage3,1,256,0.0625,512,32,64,3,label0,145,channel_energy_retained,0.443963089354837,0.013040952694066556,145,0
svd_multidepth,3416,16,"[2, 3]",selected,test,oct_stage3,1,256,0.0625,512,32,64,3,label1,145,self_relative,2.6401210479953816,0.05258447105085681,145,0
svd_multidepth,3416,16,"[2, 3]",selected,test,oct_stage3,1,256,0.0625,512,32,64,3,label1,145,cross_relative,4.33713948289307,0.22569323788457205,145,0
svd_multidepth,3416,16,"[2, 3]",selected,test,oct_stage3,1,256,0.0625,512,32,64,3,label1,145,total_relative,5.872107038319825,0.18566424050561145,145,0
svd_multidepth,3416,16,"[2, 3]",selected,test,oct_stage3,1,256,0.0625,512,32,64,3,label1,145,self_cross_cosine,0.3801101481722453,0.040483952660347274,145,0
svd_multidepth,3416,16,"[2, 3]",selected,test,oct_stage3,1,256,0.0625,512,32,64,3,label1,145,energy_identity_relative_error,8.129574265185581e-17,5.858962082467642e-17,145,0
svd_multidepth,3416,16,"[2, 3]",selected,test,oct_stage3,1,256,0.0625,512,32,64,3,label1,145,channel_energy_retained,0.444973673193537,0.013092880639314247,145,0
svd_multidepth,3416,16,"[2, 3, 4]",constructed_initial,train,cfp_stage2,0,128,0.125,512,32,64,3,all,1264,self_relative,0.0,0.0,1264,0
svd_multidepth,3416,16,"[2, 3, 4]",constructed_initial,train,cfp_stage2,0,128,0.125,512,32,64,3,all,1264,cross_relative,0.0,0.0,1264,0
svd_multidepth,3416,16,"[2, 3, 4]",constructed_initial,train,cfp_stage2,0,128,0.125,512,32,64,3,all,1264,total_relative,0.0,0.0,1264,0
svd_multidepth,3416,16,"[2, 3, 4]",constructed_initial,train,cfp_stage2,0,128,0.125,512,32,64,3,all,1264,self_cross_cosine,,,0,1264
svd_multidepth,3416,16,"[2, 3, 4]",constructed_initial,train,cfp_stage2,0,128,0.125,512,32,64,3,all,1264,energy_identity_relative_error,0.0,0.0,1264,0
svd_multidepth,3416,16,"[2, 3, 4]",constructed_initial,train,cfp_stage2,0,128,0.125,512,32,64,3,all,1264,channel_energy_retained,0.7037076300192754,0.024011951446036343,1264,0
svd_multidepth,3416,16,"[2, 3, 4]",constructed_initial,train,cfp_stage2,0,128,0.125,512,32,64,3,label0,632,self_relative,0.0,0.0,632,0
svd_multidepth,3416,16,"[2, 3, 4]",constructed_initial,train,cfp_stage2,0,128,0.125,512,32,64,3,label0,632,cross_relative,0.0,0.0,632,0
svd_multidepth,3416,16,"[2, 3, 4]",constructed_initial,train,cfp_stage2,0,128,0.125,512,32,64,3,label0,632,total_relative,0.0,0.0,632,0
svd_multidepth,3416,16,"[2, 3, 4]",constructed_initial,train,cfp_stage2,0,128,0.125,512,32,64,3,label0,632,self_cross_cosine,,,0,632
svd_multidepth,3416,16,"[2, 3, 4]",constructed_initial,train,cfp_stage2,0,128,0.125,512,32,64,3,label0,632,energy_identity_relative_error,0.0,0.0,632,0
svd_multidepth,3416,16,"[2, 3, 4]",constructed_initial,train,cfp_stage2,0,128,0.125,512,32,64,3,label0,632,channel_energy_retained,0.7052669822187849,0.022839536222064288,632,0
svd_multidepth,3416,16,"[2, 3, 4]",constructed_initial,train,cfp_stage2,0,128,0.125,512,32,64,3,label1,632,self_relative,0.0,0.0,632,0
svd_multidepth,3416,16,"[2, 3, 4]",constructed_initial,train,cfp_stage2,0,128,0.125,512,32,64,3,label1,632,cross_relative,0.0,0.0,632,0
svd_multidepth,3416,16,"[2, 3, 4]",constructed_initial,train,cfp_stage2,0,128,0.125,512,32,64,3,label1,632,total_relative,0.0,0.0,632,0
svd_multidepth,3416,16,"[2, 3, 4]",constructed_initial,train,cfp_stage2,0,128,0.125,512,32,64,3,label1,632,self_cross_cosine,,,0,632
svd_multidepth,3416,16,"[2, 3, 4]",constructed_initial,train,cfp_stage2,0,128,0.125,512,32,64,3,label1,632,energy_identity_relative_error,0.0,0.0,632,0
svd_multidepth,3416,16,"[2, 3, 4]",constructed_initial,train,cfp_stage2,0,128,0.125,512,32,64,3,label1,632,channel_energy_retained,0.7021482778197657,0.025050870047989386,632,0
svd_multidepth,3416,16,"[2, 3, 4]",constructed_initial,train,oct_stage2,0,128,0.125,512,32,64,3,all,1264,self_relative,0.0,0.0,1264,0
svd_multidepth,3416,16,"[2, 3, 4]",constructed_initial,train,oct_stage2,0,128,0.125,512,32,64,3,all,1264,cross_relative,0.0,0.0,1264,0
svd_multidepth,3416,16,"[2, 3, 4]",constructed_initial,train,oct_stage2,0,128,0.125,512,32,64,3,all,1264,total_relative,0.0,0.0,1264,0
svd_multidepth,3416,16,"[2, 3, 4]",constructed_initial,train,oct_stage2,0,128,0.125,512,32,64,3,all,1264,self_cross_cosine,,,0,1264
svd_multidepth,3416,16,"[2, 3, 4]",constructed_initial,train,oct_stage2,0,128,0.125,512,32,64,3,all,1264,energy_identity_relative_error,0.0,0.0,1264,0
svd_multidepth,3416,16,"[2, 3, 4]",constructed_initial,train,oct_stage2,0,128,0.125,512,32,64,3,all,1264,channel_energy_retained,0.7373465575269368,0.012959802112575263,1264,0
svd_multidepth,3416,16,"[2, 3, 4]",constructed_initial,train,oct_stage2,0,128,0.125,512,32,64,3,label0,632,self_relative,0.0,0.0,632,0
svd_multidepth,3416,16,"[2, 3, 4]",constructed_initial,train,oct_stage2,0,128,0.125,512,32,64,3,label0,632,cross_relative,0.0,0.0,632,0
svd_multidepth,3416,16,"[2, 3, 4]",constructed_initial,train,oct_stage2,0,128,0.125,512,32,64,3,label0,632,total_relative,0.0,0.0,632,0
svd_multidepth,3416,16,"[2, 3, 4]",constructed_initial,train,oct_stage2,0,128,0.125,512,32,64,3,label0,632,self_cross_cosine,,,0,632
svd_multidepth,3416,16,"[2, 3, 4]",constructed_initial,train,oct_stage2,0,128,0.125,512,32,64,3,label0,632,energy_identity_relative_error,0.0,0.0,632,0
svd_multidepth,3416,16,"[2, 3, 4]",constructed_initial,train,oct_stage2,0,128,0.125,512,32,64,3,label0,632,channel_energy_retained,0.7362196778070544,0.012917315415907226,632,0
svd_multidepth,3416,16,"[2, 3, 4]",constructed_initial,train,oct_stage2,0,128,0.125,512,32,64,3,label1,632,self_relative,0.0,0.0,632,0
svd_multidepth,3416,16,"[2, 3, 4]",constructed_initial,train,oct_stage2,0,128,0.125,512,32,64,3,label1,632,cross_relative,0.0,0.0,632,0
svd_multidepth,3416,16,"[2, 3, 4]",constructed_initial,train,oct_stage2,0,128,0.125,512,32,64,3,label1,632,total_relative,0.0,0.0,632,0
svd_multidepth,3416,16,"[2, 3, 4]",constructed_initial,train,oct_stage2,0,128,0.125,512,32,64,3,label1,632,self_cross_cosine,,,0,632
svd_multidepth,3416,16,"[2, 3, 4]",constructed_initial,train,oct_stage2,0,128,0.125,512,32,64,3,label1,632,energy_identity_relative_error,0.0,0.0,632,0
svd_multidepth,3416,16,"[2, 3, 4]",constructed_initial,train,oct_stage2,0,128,0.125,512,32,64,3,label1,632,channel_energy_retained,0.7384734372468181,0.012914268790831678,632,0
svd_multidepth,3416,16,"[2, 3, 4]",constructed_initial,train,cfp_stage3,1,256,0.0625,512,32,64,3,all,1264,self_relative,0.0,0.0,1264,0
svd_multidepth,3416,16,"[2, 3, 4]",constructed_initial,train,cfp_stage3,1,256,0.0625,512,32,64,3,all,1264,cross_relative,0.0,0.0,1264,0
svd_multidepth,3416,16,"[2, 3, 4]",constructed_initial,train,cfp_stage3,1,256,0.0625,512,32,64,3,all,1264,total_relative,0.0,0.0,1264,0
svd_multidepth,3416,16,"[2, 3, 4]",constructed_initial,train,cfp_stage3,1,256,0.0625,512,32,64,3,all,1264,self_cross_cosine,,,0,1264
svd_multidepth,3416,16,"[2, 3, 4]",constructed_initial,train,cfp_stage3,1,256,0.0625,512,32,64,3,all,1264,energy_identity_relative_error,0.0,0.0,1264,0
svd_multidepth,3416,16,"[2, 3, 4]",constructed_initial,train,cfp_stage3,1,256,0.0625,512,32,64,3,all,1264,channel_energy_retained,0.6511129373524998,0.02492261595740647,1264,0
svd_multidepth,3416,16,"[2, 3, 4]",constructed_initial,train,cfp_stage3,1,256,0.0625,512,32,64,3,label0,632,self_relative,0.0,0.0,632,0
svd_multidepth,3416,16,"[2, 3, 4]",constructed_initial,train,cfp_stage3,1,256,0.0625,512,32,64,3,label0,632,cross_relative,0.0,0.0,632,0
svd_multidepth,3416,16,"[2, 3, 4]",constructed_initial,train,cfp_stage3,1,256,0.0625,512,32,64,3,label0,632,total_relative,0.0,0.0,632,0
svd_multidepth,3416,16,"[2, 3, 4]",constructed_initial,train,cfp_stage3,1,256,0.0625,512,32,64,3,label0,632,self_cross_cosine,,,0,632
svd_multidepth,3416,16,"[2, 3, 4]",constructed_initial,train,cfp_stage3,1,256,0.0625,512,32,64,3,label0,632,energy_identity_relative_error,0.0,0.0,632,0
svd_multidepth,3416,16,"[2, 3, 4]",constructed_initial,train,cfp_stage3,1,256,0.0625,512,32,64,3,label0,632,channel_energy_retained,0.6539618729369265,0.02353942942416762,632,0
svd_multidepth,3416,16,"[2, 3, 4]",constructed_initial,train,cfp_stage3,1,256,0.0625,512,32,64,3,label1,632,self_relative,0.0,0.0,632,0
svd_multidepth,3416,16,"[2, 3, 4]",constructed_initial,train,cfp_stage3,1,256,0.0625,512,32,64,3,label1,632,cross_relative,0.0,0.0,632,0
svd_multidepth,3416,16,"[2, 3, 4]",constructed_initial,train,cfp_stage3,1,256,0.0625,512,32,64,3,label1,632,total_relative,0.0,0.0,632,0
svd_multidepth,3416,16,"[2, 3, 4]",constructed_initial,train,cfp_stage3,1,256,0.0625,512,32,64,3,label1,632,self_cross_cosine,,,0,632
svd_multidepth,3416,16,"[2, 3, 4]",constructed_initial,train,cfp_stage3,1,256,0.0625,512,32,64,3,label1,632,energy_identity_relative_error,0.0,0.0,632,0
svd_multidepth,3416,16,"[2, 3, 4]",constructed_initial,train,cfp_stage3,1,256,0.0625,512,32,64,3,label1,632,channel_energy_retained,0.6482640017680729,0.025940212221004882,632,0
svd_multidepth,3416,16,"[2, 3, 4]",constructed_initial,train,oct_stage3,1,256,0.0625,512,32,64,3,all,1264,self_relative,0.0,0.0,1264,0
svd_multidepth,3416,16,"[2, 3, 4]",constructed_initial,train,oct_stage3,1,256,0.0625,512,32,64,3,all,1264,cross_relative,0.0,0.0,1264,0
svd_multidepth,3416,16,"[2, 3, 4]",constructed_initial,train,oct_stage3,1,256,0.0625,512,32,64,3,all,1264,total_relative,0.0,0.0,1264,0
svd_multidepth,3416,16,"[2, 3, 4]",constructed_initial,train,oct_stage3,1,256,0.0625,512,32,64,3,all,1264,self_cross_cosine,,,0,1264
svd_multidepth,3416,16,"[2, 3, 4]",constructed_initial,train,oct_stage3,1,256,0.0625,512,32,64,3,all,1264,energy_identity_relative_error,0.0,0.0,1264,0
svd_multidepth,3416,16,"[2, 3, 4]",constructed_initial,train,oct_stage3,1,256,0.0625,512,32,64,3,all,1264,channel_energy_retained,0.6826443044326245,0.03725241190819322,1264,0
svd_multidepth,3416,16,"[2, 3, 4]",constructed_initial,train,oct_stage3,1,256,0.0625,512,32,64,3,label0,632,self_relative,0.0,0.0,632,0
svd_multidepth,3416,16,"[2, 3, 4]",constructed_initial,train,oct_stage3,1,256,0.0625,512,32,64,3,label0,632,cross_relative,0.0,0.0,632,0
svd_multidepth,3416,16,"[2, 3, 4]",constructed_initial,train,oct_stage3,1,256,0.0625,512,32,64,3,label0,632,total_relative,0.0,0.0,632,0
svd_multidepth,3416,16,"[2, 3, 4]",constructed_initial,train,oct_stage3,1,256,0.0625,512,32,64,3,label0,632,self_cross_cosine,,,0,632
svd_multidepth,3416,16,"[2, 3, 4]",constructed_initial,train,oct_stage3,1,256,0.0625,512,32,64,3,label0,632,energy_identity_relative_error,0.0,0.0,632,0
svd_multidepth,3416,16,"[2, 3, 4]",constructed_initial,train,oct_stage3,1,256,0.0625,512,32,64,3,label0,632,channel_energy_retained,0.6843554071308448,0.03659495887469172,632,0
svd_multidepth,3416,16,"[2, 3, 4]",constructed_initial,train,oct_stage3,1,256,0.0625,512,32,64,3,label1,632,self_relative,0.0,0.0,632,0
svd_multidepth,3416,16,"[2, 3, 4]",constructed_initial,train,oct_stage3,1,256,0.0625,512,32,64,3,label1,632,cross_relative,0.0,0.0,632,0
svd_multidepth,3416,16,"[2, 3, 4]",constructed_initial,train,oct_stage3,1,256,0.0625,512,32,64,3,label1,632,total_relative,0.0,0.0,632,0
svd_multidepth,3416,16,"[2, 3, 4]",constructed_initial,train,oct_stage3,1,256,0.0625,512,32,64,3,label1,632,self_cross_cosine,,,0,632
svd_multidepth,3416,16,"[2, 3, 4]",constructed_initial,train,oct_stage3,1,256,0.0625,512,32,64,3,label1,632,energy_identity_relative_error,0.0,0.0,632,0
svd_multidepth,3416,16,"[2, 3, 4]",constructed_initial,train,oct_stage3,1,256,0.0625,512,32,64,3,label1,632,channel_energy_retained,0.6809332017344041,0.037850067640602336,632,0
svd_multidepth,3416,16,"[2, 3, 4]",constructed_initial,train,cfp_stage4,2,512,0.03125,512,32,64,3,all,1264,self_relative,0.0,0.0,1264,0
svd_multidepth,3416,16,"[2, 3, 4]",constructed_initial,train,cfp_stage4,2,512,0.03125,512,32,64,3,all,1264,cross_relative,0.0,0.0,1264,0
svd_multidepth,3416,16,"[2, 3, 4]",constructed_initial,train,cfp_stage4,2,512,0.03125,512,32,64,3,all,1264,total_relative,0.0,0.0,1264,0
svd_multidepth,3416,16,"[2, 3, 4]",constructed_initial,train,cfp_stage4,2,512,0.03125,512,32,64,3,all,1264,self_cross_cosine,,,0,1264
svd_multidepth,3416,16,"[2, 3, 4]",constructed_initial,train,cfp_stage4,2,512,0.03125,512,32,64,3,all,1264,energy_identity_relative_error,0.0,0.0,1264,0
svd_multidepth,3416,16,"[2, 3, 4]",constructed_initial,train,cfp_stage4,2,512,0.03125,512,32,64,3,all,1264,channel_energy_retained,0.6190833439723065,0.04488901577698292,1264,0
svd_multidepth,3416,16,"[2, 3, 4]",constructed_initial,train,cfp_stage4,2,512,0.03125,512,32,64,3,label0,632,self_relative,0.0,0.0,632,0
svd_multidepth,3416,16,"[2, 3, 4]",constructed_initial,train,cfp_stage4,2,512,0.03125,512,32,64,3,label0,632,cross_relative,0.0,0.0,632,0
svd_multidepth,3416,16,"[2, 3, 4]",constructed_initial,train,cfp_stage4,2,512,0.03125,512,32,64,3,label0,632,total_relative,0.0,0.0,632,0
svd_multidepth,3416,16,"[2, 3, 4]",constructed_initial,train,cfp_stage4,2,512,0.03125,512,32,64,3,label0,632,self_cross_cosine,,,0,632
svd_multidepth,3416,16,"[2, 3, 4]",constructed_initial,train,cfp_stage4,2,512,0.03125,512,32,64,3,label0,632,energy_identity_relative_error,0.0,0.0,632,0
svd_multidepth,3416,16,"[2, 3, 4]",constructed_initial,train,cfp_stage4,2,512,0.03125,512,32,64,3,label0,632,channel_energy_retained,0.6307652259569833,0.04022002207674447,632,0
svd_multidepth,3416,16,"[2, 3, 4]",constructed_initial,train,cfp_stage4,2,512,0.03125,512,32,64,3,label1,632,self_relative,0.0,0.0,632,0
svd_multidepth,3416,16,"[2, 3, 4]",constructed_initial,train,cfp_stage4,2,512,0.03125,512,32,64,3,label1,632,cross_relative,0.0,0.0,632,0
svd_multidepth,3416,16,"[2, 3, 4]",constructed_initial,train,cfp_stage4,2,512,0.03125,512,32,64,3,label1,632,total_relative,0.0,0.0,632,0
svd_multidepth,3416,16,"[2, 3, 4]",constructed_initial,train,cfp_stage4,2,512,0.03125,512,32,64,3,label1,632,self_cross_cosine,,,0,632
svd_multidepth,3416,16,"[2, 3, 4]",constructed_initial,train,cfp_stage4,2,512,0.03125,512,32,64,3,label1,632,energy_identity_relative_error,0.0,0.0,632,0
svd_multidepth,3416,16,"[2, 3, 4]",constructed_initial,train,cfp_stage4,2,512,0.03125,512,32,64,3,label1,632,channel_energy_retained,0.6074014619876301,0.0462841809597883,632,0
svd_multidepth,3416,16,"[2, 3, 4]",constructed_initial,train,oct_stage4,2,512,0.03125,512,32,64,3,all,1264,self_relative,0.0,0.0,1264,0
svd_multidepth,3416,16,"[2, 3, 4]",constructed_initial,train,oct_stage4,2,512,0.03125,512,32,64,3,all,1264,cross_relative,0.0,0.0,1264,0
svd_multidepth,3416,16,"[2, 3, 4]",constructed_initial,train,oct_stage4,2,512,0.03125,512,32,64,3,all,1264,total_relative,0.0,0.0,1264,0
svd_multidepth,3416,16,"[2, 3, 4]",constructed_initial,train,oct_stage4,2,512,0.03125,512,32,64,3,all,1264,self_cross_cosine,,,0,1264
svd_multidepth,3416,16,"[2, 3, 4]",constructed_initial,train,oct_stage4,2,512,0.03125,512,32,64,3,all,1264,energy_identity_relative_error,0.0,0.0,1264,0
svd_multidepth,3416,16,"[2, 3, 4]",constructed_initial,train,oct_stage4,2,512,0.03125,512,32,64,3,all,1264,channel_energy_retained,0.7176786180383463,0.07762748473119782,1264,0
svd_multidepth,3416,16,"[2, 3, 4]",constructed_initial,train,oct_stage4,2,512,0.03125,512,32,64,3,label0,632,self_relative,0.0,0.0,632,0
svd_multidepth,3416,16,"[2, 3, 4]",constructed_initial,train,oct_stage4,2,512,0.03125,512,32,64,3,label0,632,cross_relative,0.0,0.0,632,0
svd_multidepth,3416,16,"[2, 3, 4]",constructed_initial,train,oct_stage4,2,512,0.03125,512,32,64,3,label0,632,total_relative,0.0,0.0,632,0
svd_multidepth,3416,16,"[2, 3, 4]",constructed_initial,train,oct_stage4,2,512,0.03125,512,32,64,3,label0,632,self_cross_cosine,,,0,632
svd_multidepth,3416,16,"[2, 3, 4]",constructed_initial,train,oct_stage4,2,512,0.03125,512,32,64,3,label0,632,energy_identity_relative_error,0.0,0.0,632,0
svd_multidepth,3416,16,"[2, 3, 4]",constructed_initial,train,oct_stage4,2,512,0.03125,512,32,64,3,label0,632,channel_energy_retained,0.7100610657033871,0.0684243802382604,632,0
svd_multidepth,3416,16,"[2, 3, 4]",constructed_initial,train,oct_stage4,2,512,0.03125,512,32,64,3,label1,632,self_relative,0.0,0.0,632,0
svd_multidepth,3416,16,"[2, 3, 4]",constructed_initial,train,oct_stage4,2,512,0.03125,512,32,64,3,label1,632,cross_relative,0.0,0.0,632,0
svd_multidepth,3416,16,"[2, 3, 4]",constructed_initial,train,oct_stage4,2,512,0.03125,512,32,64,3,label1,632,total_relative,0.0,0.0,632,0
svd_multidepth,3416,16,"[2, 3, 4]",constructed_initial,train,oct_stage4,2,512,0.03125,512,32,64,3,label1,632,self_cross_cosine,,,0,632
svd_multidepth,3416,16,"[2, 3, 4]",constructed_initial,train,oct_stage4,2,512,0.03125,512,32,64,3,label1,632,energy_identity_relative_error,0.0,0.0,632,0
svd_multidepth,3416,16,"[2, 3, 4]",constructed_initial,train,oct_stage4,2,512,0.03125,512,32,64,3,label1,632,channel_energy_retained,0.7252961703733056,0.08522598661635221,632,0
svd_multidepth,3416,16,"[2, 3, 4]",constructed_initial,validation,cfp_stage2,0,128,0.125,512,32,64,3,all,296,self_relative,0.0,0.0,296,0
svd_multidepth,3416,16,"[2, 3, 4]",constructed_initial,validation,cfp_stage2,0,128,0.125,512,32,64,3,all,296,cross_relative,0.0,0.0,296,0
svd_multidepth,3416,16,"[2, 3, 4]",constructed_initial,validation,cfp_stage2,0,128,0.125,512,32,64,3,all,296,total_relative,0.0,0.0,296,0
svd_multidepth,3416,16,"[2, 3, 4]",constructed_initial,validation,cfp_stage2,0,128,0.125,512,32,64,3,all,296,self_cross_cosine,,,0,296
svd_multidepth,3416,16,"[2, 3, 4]",constructed_initial,validation,cfp_stage2,0,128,0.125,512,32,64,3,all,296,energy_identity_relative_error,0.0,0.0,296,0
svd_multidepth,3416,16,"[2, 3, 4]",constructed_initial,validation,cfp_stage2,0,128,0.125,512,32,64,3,all,296,channel_energy_retained,0.7034114360215268,0.023660029744023148,296,0
svd_multidepth,3416,16,"[2, 3, 4]",constructed_initial,validation,cfp_stage2,0,128,0.125,512,32,64,3,label0,148,self_relative,0.0,0.0,148,0
svd_multidepth,3416,16,"[2, 3, 4]",constructed_initial,validation,cfp_stage2,0,128,0.125,512,32,64,3,label0,148,cross_relative,0.0,0.0,148,0
svd_multidepth,3416,16,"[2, 3, 4]",constructed_initial,validation,cfp_stage2,0,128,0.125,512,32,64,3,label0,148,total_relative,0.0,0.0,148,0
svd_multidepth,3416,16,"[2, 3, 4]",constructed_initial,validation,cfp_stage2,0,128,0.125,512,32,64,3,label0,148,self_cross_cosine,,,0,148
svd_multidepth,3416,16,"[2, 3, 4]",constructed_initial,validation,cfp_stage2,0,128,0.125,512,32,64,3,label0,148,energy_identity_relative_error,0.0,0.0,148,0
svd_multidepth,3416,16,"[2, 3, 4]",constructed_initial,validation,cfp_stage2,0,128,0.125,512,32,64,3,label0,148,channel_energy_retained,0.704056115332727,0.022254980078813498,148,0
svd_multidepth,3416,16,"[2, 3, 4]",constructed_initial,validation,cfp_stage2,0,128,0.125,512,32,64,3,label1,148,self_relative,0.0,0.0,148,0
svd_multidepth,3416,16,"[2, 3, 4]",constructed_initial,validation,cfp_stage2,0,128,0.125,512,32,64,3,label1,148,cross_relative,0.0,0.0,148,0
svd_multidepth,3416,16,"[2, 3, 4]",constructed_initial,validation,cfp_stage2,0,128,0.125,512,32,64,3,label1,148,total_relative,0.0,0.0,148,0
svd_multidepth,3416,16,"[2, 3, 4]",constructed_initial,validation,cfp_stage2,0,128,0.125,512,32,64,3,label1,148,self_cross_cosine,,,0,148
svd_multidepth,3416,16,"[2, 3, 4]",constructed_initial,validation,cfp_stage2,0,128,0.125,512,32,64,3,label1,148,energy_identity_relative_error,0.0,0.0,148,0
svd_multidepth,3416,16,"[2, 3, 4]",constructed_initial,validation,cfp_stage2,0,128,0.125,512,32,64,3,label1,148,channel_energy_retained,0.7027667567103268,0.025045581290314554,148,0
svd_multidepth,3416,16,"[2, 3, 4]",constructed_initial,validation,oct_stage2,0,128,0.125,512,32,64,3,all,296,self_relative,0.0,0.0,296,0
svd_multidepth,3416,16,"[2, 3, 4]",constructed_initial,validation,oct_stage2,0,128,0.125,512,32,64,3,all,296,cross_relative,0.0,0.0,296,0
svd_multidepth,3416,16,"[2, 3, 4]",constructed_initial,validation,oct_stage2,0,128,0.125,512,32,64,3,all,296,total_relative,0.0,0.0,296,0
svd_multidepth,3416,16,"[2, 3, 4]",constructed_initial,validation,oct_stage2,0,128,0.125,512,32,64,3,all,296,self_cross_cosine,,,0,296
svd_multidepth,3416,16,"[2, 3, 4]",constructed_initial,validation,oct_stage2,0,128,0.125,512,32,64,3,all,296,energy_identity_relative_error,0.0,0.0,296,0
svd_multidepth,3416,16,"[2, 3, 4]",constructed_initial,validation,oct_stage2,0,128,0.125,512,32,64,3,all,296,channel_energy_retained,0.7371296402685797,0.013348231718599364,296,0
svd_multidepth,3416,16,"[2, 3, 4]",constructed_initial,validation,oct_stage2,0,128,0.125,512,32,64,3,label0,148,self_relative,0.0,0.0,148,0
svd_multidepth,3416,16,"[2, 3, 4]",constructed_initial,validation,oct_stage2,0,128,0.125,512,32,64,3,label0,148,cross_relative,0.0,0.0,148,0
svd_multidepth,3416,16,"[2, 3, 4]",constructed_initial,validation,oct_stage2,0,128,0.125,512,32,64,3,label0,148,total_relative,0.0,0.0,148,0
svd_multidepth,3416,16,"[2, 3, 4]",constructed_initial,validation,oct_stage2,0,128,0.125,512,32,64,3,label0,148,self_cross_cosine,,,0,148
svd_multidepth,3416,16,"[2, 3, 4]",constructed_initial,validation,oct_stage2,0,128,0.125,512,32,64,3,label0,148,energy_identity_relative_error,0.0,0.0,148,0
svd_multidepth,3416,16,"[2, 3, 4]",constructed_initial,validation,oct_stage2,0,128,0.125,512,32,64,3,label0,148,channel_energy_retained,0.7353565029817437,0.011149888435145722,148,0
svd_multidepth,3416,16,"[2, 3, 4]",constructed_initial,validation,oct_stage2,0,128,0.125,512,32,64,3,label1,148,self_relative,0.0,0.0,148,0
svd_multidepth,3416,16,"[2, 3, 4]",constructed_initial,validation,oct_stage2,0,128,0.125,512,32,64,3,label1,148,cross_relative,0.0,0.0,148,0
svd_multidepth,3416,16,"[2, 3, 4]",constructed_initial,validation,oct_stage2,0,128,0.125,512,32,64,3,label1,148,total_relative,0.0,0.0,148,0
svd_multidepth,3416,16,"[2, 3, 4]",constructed_initial,validation,oct_stage2,0,128,0.125,512,32,64,3,label1,148,self_cross_cosine,,,0,148
svd_multidepth,3416,16,"[2, 3, 4]",constructed_initial,validation,oct_stage2,0,128,0.125,512,32,64,3,label1,148,energy_identity_relative_error,0.0,0.0,148,0
svd_multidepth,3416,16,"[2, 3, 4]",constructed_initial,validation,oct_stage2,0,128,0.125,512,32,64,3,label1,148,channel_energy_retained,0.7389027775554162,0.015063593107600599,148,0
svd_multidepth,3416,16,"[2, 3, 4]",constructed_initial,validation,cfp_stage3,1,256,0.0625,512,32,64,3,all,296,self_relative,0.0,0.0,296,0
svd_multidepth,3416,16,"[2, 3, 4]",constructed_initial,validation,cfp_stage3,1,256,0.0625,512,32,64,3,all,296,cross_relative,0.0,0.0,296,0
svd_multidepth,3416,16,"[2, 3, 4]",constructed_initial,validation,cfp_stage3,1,256,0.0625,512,32,64,3,all,296,total_relative,0.0,0.0,296,0
svd_multidepth,3416,16,"[2, 3, 4]",constructed_initial,validation,cfp_stage3,1,256,0.0625,512,32,64,3,all,296,self_cross_cosine,,,0,296
svd_multidepth,3416,16,"[2, 3, 4]",constructed_initial,validation,cfp_stage3,1,256,0.0625,512,32,64,3,all,296,energy_identity_relative_error,0.0,0.0,296,0
svd_multidepth,3416,16,"[2, 3, 4]",constructed_initial,validation,cfp_stage3,1,256,0.0625,512,32,64,3,all,296,channel_energy_retained,0.6511995204556743,0.02437543916914782,296,0
svd_multidepth,3416,16,"[2, 3, 4]",constructed_initial,validation,cfp_stage3,1,256,0.0625,512,32,64,3,label0,148,self_relative,0.0,0.0,148,0
svd_multidepth,3416,16,"[2, 3, 4]",constructed_initial,validation,cfp_stage3,1,256,0.0625,512,32,64,3,label0,148,cross_relative,0.0,0.0,148,0
svd_multidepth,3416,16,"[2, 3, 4]",constructed_initial,validation,cfp_stage3,1,256,0.0625,512,32,64,3,label0,148,total_relative,0.0,0.0,148,0
svd_multidepth,3416,16,"[2, 3, 4]",constructed_initial,validation,cfp_stage3,1,256,0.0625,512,32,64,3,label0,148,self_cross_cosine,,,0,148
svd_multidepth,3416,16,"[2, 3, 4]",constructed_initial,validation,cfp_stage3,1,256,0.0625,512,32,64,3,label0,148,energy_identity_relative_error,0.0,0.0,148,0
svd_multidepth,3416,16,"[2, 3, 4]",constructed_initial,validation,cfp_stage3,1,256,0.0625,512,32,64,3,label0,148,channel_energy_retained,0.652599718587423,0.02396377830808441,148,0
svd_multidepth,3416,16,"[2, 3, 4]",constructed_initial,validation,cfp_stage3,1,256,0.0625,512,32,64,3,label1,148,self_relative,0.0,0.0,148,0
svd_multidepth,3416,16,"[2, 3, 4]",constructed_initial,validation,cfp_stage3,1,256,0.0625,512,32,64,3,label1,148,cross_relative,0.0,0.0,148,0
svd_multidepth,3416,16,"[2, 3, 4]",constructed_initial,validation,cfp_stage3,1,256,0.0625,512,32,64,3,label1,148,total_relative,0.0,0.0,148,0
svd_multidepth,3416,16,"[2, 3, 4]",constructed_initial,validation,cfp_stage3,1,256,0.0625,512,32,64,3,label1,148,self_cross_cosine,,,0,148
svd_multidepth,3416,16,"[2, 3, 4]",constructed_initial,validation,cfp_stage3,1,256,0.0625,512,32,64,3,label1,148,energy_identity_relative_error,0.0,0.0,148,0
svd_multidepth,3416,16,"[2, 3, 4]",constructed_initial,validation,cfp_stage3,1,256,0.0625,512,32,64,3,label1,148,channel_energy_retained,0.6497993223239253,0.024782161595601763,148,0
svd_multidepth,3416,16,"[2, 3, 4]",constructed_initial,validation,oct_stage3,1,256,0.0625,512,32,64,3,all,296,self_relative,0.0,0.0,296,0
svd_multidepth,3416,16,"[2, 3, 4]",constructed_initial,validation,oct_stage3,1,256,0.0625,512,32,64,3,all,296,cross_relative,0.0,0.0,296,0
svd_multidepth,3416,16,"[2, 3, 4]",constructed_initial,validation,oct_stage3,1,256,0.0625,512,32,64,3,all,296,total_relative,0.0,0.0,296,0
svd_multidepth,3416,16,"[2, 3, 4]",constructed_initial,validation,oct_stage3,1,256,0.0625,512,32,64,3,all,296,self_cross_cosine,,,0,296
svd_multidepth,3416,16,"[2, 3, 4]",constructed_initial,validation,oct_stage3,1,256,0.0625,512,32,64,3,all,296,energy_identity_relative_error,0.0,0.0,296,0
svd_multidepth,3416,16,"[2, 3, 4]",constructed_initial,validation,oct_stage3,1,256,0.0625,512,32,64,3,all,296,channel_energy_retained,0.6834710805973391,0.03663421645787291,296,0
svd_multidepth,3416,16,"[2, 3, 4]",constructed_initial,validation,oct_stage3,1,256,0.0625,512,32,64,3,label0,148,self_relative,0.0,0.0,148,0
svd_multidepth,3416,16,"[2, 3, 4]",constructed_initial,validation,oct_stage3,1,256,0.0625,512,32,64,3,label0,148,cross_relative,0.0,0.0,148,0
svd_multidepth,3416,16,"[2, 3, 4]",constructed_initial,validation,oct_stage3,1,256,0.0625,512,32,64,3,label0,148,total_relative,0.0,0.0,148,0
svd_multidepth,3416,16,"[2, 3, 4]",constructed_initial,validation,oct_stage3,1,256,0.0625,512,32,64,3,label0,148,self_cross_cosine,,,0,148
svd_multidepth,3416,16,"[2, 3, 4]",constructed_initial,validation,oct_stage3,1,256,0.0625,512,32,64,3,label0,148,energy_identity_relative_error,0.0,0.0,148,0
svd_multidepth,3416,16,"[2, 3, 4]",constructed_initial,validation,oct_stage3,1,256,0.0625,512,32,64,3,label0,148,channel_energy_retained,0.6810298577026515,0.03456383926326756,148,0
svd_multidepth,3416,16,"[2, 3, 4]",constructed_initial,validation,oct_stage3,1,256,0.0625,512,32,64,3,label1,148,self_relative,0.0,0.0,148,0
svd_multidepth,3416,16,"[2, 3, 4]",constructed_initial,validation,oct_stage3,1,256,0.0625,512,32,64,3,label1,148,cross_relative,0.0,0.0,148,0
svd_multidepth,3416,16,"[2, 3, 4]",constructed_initial,validation,oct_stage3,1,256,0.0625,512,32,64,3,label1,148,total_relative,0.0,0.0,148,0
svd_multidepth,3416,16,"[2, 3, 4]",constructed_initial,validation,oct_stage3,1,256,0.0625,512,32,64,3,label1,148,self_cross_cosine,,,0,148
svd_multidepth,3416,16,"[2, 3, 4]",constructed_initial,validation,oct_stage3,1,256,0.0625,512,32,64,3,label1,148,energy_identity_relative_error,0.0,0.0,148,0
svd_multidepth,3416,16,"[2, 3, 4]",constructed_initial,validation,oct_stage3,1,256,0.0625,512,32,64,3,label1,148,channel_energy_retained,0.685912303492027,0.03855647967274525,148,0
svd_multidepth,3416,16,"[2, 3, 4]",constructed_initial,validation,cfp_stage4,2,512,0.03125,512,32,64,3,all,296,self_relative,0.0,0.0,296,0
svd_multidepth,3416,16,"[2, 3, 4]",constructed_initial,validation,cfp_stage4,2,512,0.03125,512,32,64,3,all,296,cross_relative,0.0,0.0,296,0
svd_multidepth,3416,16,"[2, 3, 4]",constructed_initial,validation,cfp_stage4,2,512,0.03125,512,32,64,3,all,296,total_relative,0.0,0.0,296,0
svd_multidepth,3416,16,"[2, 3, 4]",constructed_initial,validation,cfp_stage4,2,512,0.03125,512,32,64,3,all,296,self_cross_cosine,,,0,296
svd_multidepth,3416,16,"[2, 3, 4]",constructed_initial,validation,cfp_stage4,2,512,0.03125,512,32,64,3,all,296,energy_identity_relative_error,0.0,0.0,296,0
svd_multidepth,3416,16,"[2, 3, 4]",constructed_initial,validation,cfp_stage4,2,512,0.03125,512,32,64,3,all,296,channel_energy_retained,0.5824484809410927,0.044124340071355794,296,0
svd_multidepth,3416,16,"[2, 3, 4]",constructed_initial,validation,cfp_stage4,2,512,0.03125,512,32,64,3,label0,148,self_relative,0.0,0.0,148,0
svd_multidepth,3416,16,"[2, 3, 4]",constructed_initial,validation,cfp_stage4,2,512,0.03125,512,32,64,3,label0,148,cross_relative,0.0,0.0,148,0
svd_multidepth,3416,16,"[2, 3, 4]",constructed_initial,validation,cfp_stage4,2,512,0.03125,512,32,64,3,label0,148,total_relative,0.0,0.0,148,0
svd_multidepth,3416,16,"[2, 3, 4]",constructed_initial,validation,cfp_stage4,2,512,0.03125,512,32,64,3,label0,148,self_cross_cosine,,,0,148
svd_multidepth,3416,16,"[2, 3, 4]",constructed_initial,validation,cfp_stage4,2,512,0.03125,512,32,64,3,label0,148,energy_identity_relative_error,0.0,0.0,148,0
svd_multidepth,3416,16,"[2, 3, 4]",constructed_initial,validation,cfp_stage4,2,512,0.03125,512,32,64,3,label0,148,channel_energy_retained,0.5826748301245859,0.043629197718777366,148,0
svd_multidepth,3416,16,"[2, 3, 4]",constructed_initial,validation,cfp_stage4,2,512,0.03125,512,32,64,3,label1,148,self_relative,0.0,0.0,148,0
svd_multidepth,3416,16,"[2, 3, 4]",constructed_initial,validation,cfp_stage4,2,512,0.03125,512,32,64,3,label1,148,cross_relative,0.0,0.0,148,0
svd_multidepth,3416,16,"[2, 3, 4]",constructed_initial,validation,cfp_stage4,2,512,0.03125,512,32,64,3,label1,148,total_relative,0.0,0.0,148,0
svd_multidepth,3416,16,"[2, 3, 4]",constructed_initial,validation,cfp_stage4,2,512,0.03125,512,32,64,3,label1,148,self_cross_cosine,,,0,148
svd_multidepth,3416,16,"[2, 3, 4]",constructed_initial,validation,cfp_stage4,2,512,0.03125,512,32,64,3,label1,148,energy_identity_relative_error,0.0,0.0,148,0
svd_multidepth,3416,16,"[2, 3, 4]",constructed_initial,validation,cfp_stage4,2,512,0.03125,512,32,64,3,label1,148,channel_energy_retained,0.5822221317575996,0.044761024597162025,148,0
svd_multidepth,3416,16,"[2, 3, 4]",constructed_initial,validation,oct_stage4,2,512,0.03125,512,32,64,3,all,296,self_relative,0.0,0.0,296,0
svd_multidepth,3416,16,"[2, 3, 4]",constructed_initial,validation,oct_stage4,2,512,0.03125,512,32,64,3,all,296,cross_relative,0.0,0.0,296,0
svd_multidepth,3416,16,"[2, 3, 4]",constructed_initial,validation,oct_stage4,2,512,0.03125,512,32,64,3,all,296,total_relative,0.0,0.0,296,0
svd_multidepth,3416,16,"[2, 3, 4]",constructed_initial,validation,oct_stage4,2,512,0.03125,512,32,64,3,all,296,self_cross_cosine,,,0,296
svd_multidepth,3416,16,"[2, 3, 4]",constructed_initial,validation,oct_stage4,2,512,0.03125,512,32,64,3,all,296,energy_identity_relative_error,0.0,0.0,296,0
svd_multidepth,3416,16,"[2, 3, 4]",constructed_initial,validation,oct_stage4,2,512,0.03125,512,32,64,3,all,296,channel_energy_retained,0.7136309202776643,0.07300205666908485,296,0
svd_multidepth,3416,16,"[2, 3, 4]",constructed_initial,validation,oct_stage4,2,512,0.03125,512,32,64,3,label0,148,self_relative,0.0,0.0,148,0
svd_multidepth,3416,16,"[2, 3, 4]",constructed_initial,validation,oct_stage4,2,512,0.03125,512,32,64,3,label0,148,cross_relative,0.0,0.0,148,0
svd_multidepth,3416,16,"[2, 3, 4]",constructed_initial,validation,oct_stage4,2,512,0.03125,512,32,64,3,label0,148,total_relative,0.0,0.0,148,0
svd_multidepth,3416,16,"[2, 3, 4]",constructed_initial,validation,oct_stage4,2,512,0.03125,512,32,64,3,label0,148,self_cross_cosine,,,0,148
svd_multidepth,3416,16,"[2, 3, 4]",constructed_initial,validation,oct_stage4,2,512,0.03125,512,32,64,3,label0,148,energy_identity_relative_error,0.0,0.0,148,0
svd_multidepth,3416,16,"[2, 3, 4]",constructed_initial,validation,oct_stage4,2,512,0.03125,512,32,64,3,label0,148,channel_energy_retained,0.7037958096995507,0.06907778078652978,148,0
svd_multidepth,3416,16,"[2, 3, 4]",constructed_initial,validation,oct_stage4,2,512,0.03125,512,32,64,3,label1,148,self_relative,0.0,0.0,148,0
svd_multidepth,3416,16,"[2, 3, 4]",constructed_initial,validation,oct_stage4,2,512,0.03125,512,32,64,3,label1,148,cross_relative,0.0,0.0,148,0
svd_multidepth,3416,16,"[2, 3, 4]",constructed_initial,validation,oct_stage4,2,512,0.03125,512,32,64,3,label1,148,total_relative,0.0,0.0,148,0
svd_multidepth,3416,16,"[2, 3, 4]",constructed_initial,validation,oct_stage4,2,512,0.03125,512,32,64,3,label1,148,self_cross_cosine,,,0,148
svd_multidepth,3416,16,"[2, 3, 4]",constructed_initial,validation,oct_stage4,2,512,0.03125,512,32,64,3,label1,148,energy_identity_relative_error,0.0,0.0,148,0
svd_multidepth,3416,16,"[2, 3, 4]",constructed_initial,validation,oct_stage4,2,512,0.03125,512,32,64,3,label1,148,channel_energy_retained,0.7234660308557778,0.07568579559204436,148,0
svd_multidepth,3416,16,"[2, 3, 4]",constructed_initial,test,cfp_stage2,0,128,0.125,512,32,64,3,all,290,self_relative,0.0,0.0,290,0
svd_multidepth,3416,16,"[2, 3, 4]",constructed_initial,test,cfp_stage2,0,128,0.125,512,32,64,3,all,290,cross_relative,0.0,0.0,290,0
svd_multidepth,3416,16,"[2, 3, 4]",constructed_initial,test,cfp_stage2,0,128,0.125,512,32,64,3,all,290,total_relative,0.0,0.0,290,0
svd_multidepth,3416,16,"[2, 3, 4]",constructed_initial,test,cfp_stage2,0,128,0.125,512,32,64,3,all,290,self_cross_cosine,,,0,290
svd_multidepth,3416,16,"[2, 3, 4]",constructed_initial,test,cfp_stage2,0,128,0.125,512,32,64,3,all,290,energy_identity_relative_error,0.0,0.0,290,0
svd_multidepth,3416,16,"[2, 3, 4]",constructed_initial,test,cfp_stage2,0,128,0.125,512,32,64,3,all,290,channel_energy_retained,0.7026390258811029,0.02313403768606185,290,0
svd_multidepth,3416,16,"[2, 3, 4]",constructed_initial,test,cfp_stage2,0,128,0.125,512,32,64,3,label0,145,self_relative,0.0,0.0,145,0
svd_multidepth,3416,16,"[2, 3, 4]",constructed_initial,test,cfp_stage2,0,128,0.125,512,32,64,3,label0,145,cross_relative,0.0,0.0,145,0
svd_multidepth,3416,16,"[2, 3, 4]",constructed_initial,test,cfp_stage2,0,128,0.125,512,32,64,3,label0,145,total_relative,0.0,0.0,145,0
svd_multidepth,3416,16,"[2, 3, 4]",constructed_initial,test,cfp_stage2,0,128,0.125,512,32,64,3,label0,145,self_cross_cosine,,,0,145
svd_multidepth,3416,16,"[2, 3, 4]",constructed_initial,test,cfp_stage2,0,128,0.125,512,32,64,3,label0,145,energy_identity_relative_error,0.0,0.0,145,0
svd_multidepth,3416,16,"[2, 3, 4]",constructed_initial,test,cfp_stage2,0,128,0.125,512,32,64,3,label0,145,channel_energy_retained,0.7015525765624021,0.023078694325224722,145,0
svd_multidepth,3416,16,"[2, 3, 4]",constructed_initial,test,cfp_stage2,0,128,0.125,512,32,64,3,label1,145,self_relative,0.0,0.0,145,0
svd_multidepth,3416,16,"[2, 3, 4]",constructed_initial,test,cfp_stage2,0,128,0.125,512,32,64,3,label1,145,cross_relative,0.0,0.0,145,0
svd_multidepth,3416,16,"[2, 3, 4]",constructed_initial,test,cfp_stage2,0,128,0.125,512,32,64,3,label1,145,total_relative,0.0,0.0,145,0
svd_multidepth,3416,16,"[2, 3, 4]",constructed_initial,test,cfp_stage2,0,128,0.125,512,32,64,3,label1,145,self_cross_cosine,,,0,145
svd_multidepth,3416,16,"[2, 3, 4]",constructed_initial,test,cfp_stage2,0,128,0.125,512,32,64,3,label1,145,energy_identity_relative_error,0.0,0.0,145,0
svd_multidepth,3416,16,"[2, 3, 4]",constructed_initial,test,cfp_stage2,0,128,0.125,512,32,64,3,label1,145,channel_energy_retained,0.7037254751998039,0.023218111093096128,145,0
svd_multidepth,3416,16,"[2, 3, 4]",constructed_initial,test,oct_stage2,0,128,0.125,512,32,64,3,all,290,self_relative,0.0,0.0,290,0
svd_multidepth,3416,16,"[2, 3, 4]",constructed_initial,test,oct_stage2,0,128,0.125,512,32,64,3,all,290,cross_relative,0.0,0.0,290,0
svd_multidepth,3416,16,"[2, 3, 4]",constructed_initial,test,oct_stage2,0,128,0.125,512,32,64,3,all,290,total_relative,0.0,0.0,290,0
svd_multidepth,3416,16,"[2, 3, 4]",constructed_initial,test,oct_stage2,0,128,0.125,512,32,64,3,all,290,self_cross_cosine,,,0,290
svd_multidepth,3416,16,"[2, 3, 4]",constructed_initial,test,oct_stage2,0,128,0.125,512,32,64,3,all,290,energy_identity_relative_error,0.0,0.0,290,0
svd_multidepth,3416,16,"[2, 3, 4]",constructed_initial,test,oct_stage2,0,128,0.125,512,32,64,3,all,290,channel_energy_retained,0.7364105306938801,0.014620007891806307,290,0
svd_multidepth,3416,16,"[2, 3, 4]",constructed_initial,test,oct_stage2,0,128,0.125,512,32,64,3,label0,145,self_relative,0.0,0.0,145,0
svd_multidepth,3416,16,"[2, 3, 4]",constructed_initial,test,oct_stage2,0,128,0.125,512,32,64,3,label0,145,cross_relative,0.0,0.0,145,0
svd_multidepth,3416,16,"[2, 3, 4]",constructed_initial,test,oct_stage2,0,128,0.125,512,32,64,3,label0,145,total_relative,0.0,0.0,145,0
svd_multidepth,3416,16,"[2, 3, 4]",constructed_initial,test,oct_stage2,0,128,0.125,512,32,64,3,label0,145,self_cross_cosine,,,0,145
svd_multidepth,3416,16,"[2, 3, 4]",constructed_initial,test,oct_stage2,0,128,0.125,512,32,64,3,label0,145,energy_identity_relative_error,0.0,0.0,145,0
svd_multidepth,3416,16,"[2, 3, 4]",constructed_initial,test,oct_stage2,0,128,0.125,512,32,64,3,label0,145,channel_energy_retained,0.7357722712589845,0.016012432525517897,145,0
svd_multidepth,3416,16,"[2, 3, 4]",constructed_initial,test,oct_stage2,0,128,0.125,512,32,64,3,label1,145,self_relative,0.0,0.0,145,0
svd_multidepth,3416,16,"[2, 3, 4]",constructed_initial,test,oct_stage2,0,128,0.125,512,32,64,3,label1,145,cross_relative,0.0,0.0,145,0
svd_multidepth,3416,16,"[2, 3, 4]",constructed_initial,test,oct_stage2,0,128,0.125,512,32,64,3,label1,145,total_relative,0.0,0.0,145,0
svd_multidepth,3416,16,"[2, 3, 4]",constructed_initial,test,oct_stage2,0,128,0.125,512,32,64,3,label1,145,self_cross_cosine,,,0,145
svd_multidepth,3416,16,"[2, 3, 4]",constructed_initial,test,oct_stage2,0,128,0.125,512,32,64,3,label1,145,energy_identity_relative_error,0.0,0.0,145,0
svd_multidepth,3416,16,"[2, 3, 4]",constructed_initial,test,oct_stage2,0,128,0.125,512,32,64,3,label1,145,channel_energy_retained,0.7370487901287753,0.013105540646716268,145,0
svd_multidepth,3416,16,"[2, 3, 4]",constructed_initial,test,cfp_stage3,1,256,0.0625,512,32,64,3,all,290,self_relative,0.0,0.0,290,0
svd_multidepth,3416,16,"[2, 3, 4]",constructed_initial,test,cfp_stage3,1,256,0.0625,512,32,64,3,all,290,cross_relative,0.0,0.0,290,0
svd_multidepth,3416,16,"[2, 3, 4]",constructed_initial,test,cfp_stage3,1,256,0.0625,512,32,64,3,all,290,total_relative,0.0,0.0,290,0
svd_multidepth,3416,16,"[2, 3, 4]",constructed_initial,test,cfp_stage3,1,256,0.0625,512,32,64,3,all,290,self_cross_cosine,,,0,290
svd_multidepth,3416,16,"[2, 3, 4]",constructed_initial,test,cfp_stage3,1,256,0.0625,512,32,64,3,all,290,energy_identity_relative_error,0.0,0.0,290,0
svd_multidepth,3416,16,"[2, 3, 4]",constructed_initial,test,cfp_stage3,1,256,0.0625,512,32,64,3,all,290,channel_energy_retained,0.6503530464625678,0.02521027993973756,290,0
svd_multidepth,3416,16,"[2, 3, 4]",constructed_initial,test,cfp_stage3,1,256,0.0625,512,32,64,3,label0,145,self_relative,0.0,0.0,145,0
svd_multidepth,3416,16,"[2, 3, 4]",constructed_initial,test,cfp_stage3,1,256,0.0625,512,32,64,3,label0,145,cross_relative,0.0,0.0,145,0
svd_multidepth,3416,16,"[2, 3, 4]",constructed_initial,test,cfp_stage3,1,256,0.0625,512,32,64,3,label0,145,total_relative,0.0,0.0,145,0
svd_multidepth,3416,16,"[2, 3, 4]",constructed_initial,test,cfp_stage3,1,256,0.0625,512,32,64,3,label0,145,self_cross_cosine,,,0,145
svd_multidepth,3416,16,"[2, 3, 4]",constructed_initial,test,cfp_stage3,1,256,0.0625,512,32,64,3,label0,145,energy_identity_relative_error,0.0,0.0,145,0
svd_multidepth,3416,16,"[2, 3, 4]",constructed_initial,test,cfp_stage3,1,256,0.0625,512,32,64,3,label0,145,channel_energy_retained,0.6499469933439554,0.025050321575886842,145,0
svd_multidepth,3416,16,"[2, 3, 4]",constructed_initial,test,cfp_stage3,1,256,0.0625,512,32,64,3,label1,145,self_relative,0.0,0.0,145,0
svd_multidepth,3416,16,"[2, 3, 4]",constructed_initial,test,cfp_stage3,1,256,0.0625,512,32,64,3,label1,145,cross_relative,0.0,0.0,145,0
svd_multidepth,3416,16,"[2, 3, 4]",constructed_initial,test,cfp_stage3,1,256,0.0625,512,32,64,3,label1,145,total_relative,0.0,0.0,145,0
svd_multidepth,3416,16,"[2, 3, 4]",constructed_initial,test,cfp_stage3,1,256,0.0625,512,32,64,3,label1,145,self_cross_cosine,,,0,145
svd_multidepth,3416,16,"[2, 3, 4]",constructed_initial,test,cfp_stage3,1,256,0.0625,512,32,64,3,label1,145,energy_identity_relative_error,0.0,0.0,145,0
svd_multidepth,3416,16,"[2, 3, 4]",constructed_initial,test,cfp_stage3,1,256,0.0625,512,32,64,3,label1,145,channel_energy_retained,0.6507590995811801,0.02544954554955614,145,0
svd_multidepth,3416,16,"[2, 3, 4]",constructed_initial,test,oct_stage3,1,256,0.0625,512,32,64,3,all,290,self_relative,0.0,0.0,290,0
svd_multidepth,3416,16,"[2, 3, 4]",constructed_initial,test,oct_stage3,1,256,0.0625,512,32,64,3,all,290,cross_relative,0.0,0.0,290,0
svd_multidepth,3416,16,"[2, 3, 4]",constructed_initial,test,oct_stage3,1,256,0.0625,512,32,64,3,all,290,total_relative,0.0,0.0,290,0
svd_multidepth,3416,16,"[2, 3, 4]",constructed_initial,test,oct_stage3,1,256,0.0625,512,32,64,3,all,290,self_cross_cosine,,,0,290
svd_multidepth,3416,16,"[2, 3, 4]",constructed_initial,test,oct_stage3,1,256,0.0625,512,32,64,3,all,290,energy_identity_relative_error,0.0,0.0,290,0
svd_multidepth,3416,16,"[2, 3, 4]",constructed_initial,test,oct_stage3,1,256,0.0625,512,32,64,3,all,290,channel_energy_retained,0.6796112621559266,0.04277154658748663,290,0
svd_multidepth,3416,16,"[2, 3, 4]",constructed_initial,test,oct_stage3,1,256,0.0625,512,32,64,3,label0,145,self_relative,0.0,0.0,145,0
svd_multidepth,3416,16,"[2, 3, 4]",constructed_initial,test,oct_stage3,1,256,0.0625,512,32,64,3,label0,145,cross_relative,0.0,0.0,145,0
svd_multidepth,3416,16,"[2, 3, 4]",constructed_initial,test,oct_stage3,1,256,0.0625,512,32,64,3,label0,145,total_relative,0.0,0.0,145,0
svd_multidepth,3416,16,"[2, 3, 4]",constructed_initial,test,oct_stage3,1,256,0.0625,512,32,64,3,label0,145,self_cross_cosine,,,0,145
svd_multidepth,3416,16,"[2, 3, 4]",constructed_initial,test,oct_stage3,1,256,0.0625,512,32,64,3,label0,145,energy_identity_relative_error,0.0,0.0,145,0
svd_multidepth,3416,16,"[2, 3, 4]",constructed_initial,test,oct_stage3,1,256,0.0625,512,32,64,3,label0,145,channel_energy_retained,0.6809488544343032,0.04515597737659962,145,0
svd_multidepth,3416,16,"[2, 3, 4]",constructed_initial,test,oct_stage3,1,256,0.0625,512,32,64,3,label1,145,self_relative,0.0,0.0,145,0
svd_multidepth,3416,16,"[2, 3, 4]",constructed_initial,test,oct_stage3,1,256,0.0625,512,32,64,3,label1,145,cross_relative,0.0,0.0,145,0
svd_multidepth,3416,16,"[2, 3, 4]",constructed_initial,test,oct_stage3,1,256,0.0625,512,32,64,3,label1,145,total_relative,0.0,0.0,145,0
svd_multidepth,3416,16,"[2, 3, 4]",constructed_initial,test,oct_stage3,1,256,0.0625,512,32,64,3,label1,145,self_cross_cosine,,,0,145
svd_multidepth,3416,16,"[2, 3, 4]",constructed_initial,test,oct_stage3,1,256,0.0625,512,32,64,3,label1,145,energy_identity_relative_error,0.0,0.0,145,0
svd_multidepth,3416,16,"[2, 3, 4]",constructed_initial,test,oct_stage3,1,256,0.0625,512,32,64,3,label1,145,channel_energy_retained,0.6782736698775501,0.04035900332442017,145,0
svd_multidepth,3416,16,"[2, 3, 4]",constructed_initial,test,cfp_stage4,2,512,0.03125,512,32,64,3,all,290,self_relative,0.0,0.0,290,0
svd_multidepth,3416,16,"[2, 3, 4]",constructed_initial,test,cfp_stage4,2,512,0.03125,512,32,64,3,all,290,cross_relative,0.0,0.0,290,0
svd_multidepth,3416,16,"[2, 3, 4]",constructed_initial,test,cfp_stage4,2,512,0.03125,512,32,64,3,all,290,total_relative,0.0,0.0,290,0
svd_multidepth,3416,16,"[2, 3, 4]",constructed_initial,test,cfp_stage4,2,512,0.03125,512,32,64,3,all,290,self_cross_cosine,,,0,290
svd_multidepth,3416,16,"[2, 3, 4]",constructed_initial,test,cfp_stage4,2,512,0.03125,512,32,64,3,all,290,energy_identity_relative_error,0.0,0.0,290,0
svd_multidepth,3416,16,"[2, 3, 4]",constructed_initial,test,cfp_stage4,2,512,0.03125,512,32,64,3,all,290,channel_energy_retained,0.5800797656344867,0.04476511934856452,290,0
svd_multidepth,3416,16,"[2, 3, 4]",constructed_initial,test,cfp_stage4,2,512,0.03125,512,32,64,3,label0,145,self_relative,0.0,0.0,145,0
svd_multidepth,3416,16,"[2, 3, 4]",constructed_initial,test,cfp_stage4,2,512,0.03125,512,32,64,3,label0,145,cross_relative,0.0,0.0,145,0
svd_multidepth,3416,16,"[2, 3, 4]",constructed_initial,test,cfp_stage4,2,512,0.03125,512,32,64,3,label0,145,total_relative,0.0,0.0,145,0
svd_multidepth,3416,16,"[2, 3, 4]",constructed_initial,test,cfp_stage4,2,512,0.03125,512,32,64,3,label0,145,self_cross_cosine,,,0,145
svd_multidepth,3416,16,"[2, 3, 4]",constructed_initial,test,cfp_stage4,2,512,0.03125,512,32,64,3,label0,145,energy_identity_relative_error,0.0,0.0,145,0
svd_multidepth,3416,16,"[2, 3, 4]",constructed_initial,test,cfp_stage4,2,512,0.03125,512,32,64,3,label0,145,channel_energy_retained,0.578388891382895,0.04436031636583234,145,0
svd_multidepth,3416,16,"[2, 3, 4]",constructed_initial,test,cfp_stage4,2,512,0.03125,512,32,64,3,label1,145,self_relative,0.0,0.0,145,0
svd_multidepth,3416,16,"[2, 3, 4]",constructed_initial,test,cfp_stage4,2,512,0.03125,512,32,64,3,label1,145,cross_relative,0.0,0.0,145,0
svd_multidepth,3416,16,"[2, 3, 4]",constructed_initial,test,cfp_stage4,2,512,0.03125,512,32,64,3,label1,145,total_relative,0.0,0.0,145,0
svd_multidepth,3416,16,"[2, 3, 4]",constructed_initial,test,cfp_stage4,2,512,0.03125,512,32,64,3,label1,145,self_cross_cosine,,,0,145
svd_multidepth,3416,16,"[2, 3, 4]",constructed_initial,test,cfp_stage4,2,512,0.03125,512,32,64,3,label1,145,energy_identity_relative_error,0.0,0.0,145,0
svd_multidepth,3416,16,"[2, 3, 4]",constructed_initial,test,cfp_stage4,2,512,0.03125,512,32,64,3,label1,145,channel_energy_retained,0.5817706398860782,0.04525651792437532,145,0
svd_multidepth,3416,16,"[2, 3, 4]",constructed_initial,test,oct_stage4,2,512,0.03125,512,32,64,3,all,290,self_relative,0.0,0.0,290,0
svd_multidepth,3416,16,"[2, 3, 4]",constructed_initial,test,oct_stage4,2,512,0.03125,512,32,64,3,all,290,cross_relative,0.0,0.0,290,0
svd_multidepth,3416,16,"[2, 3, 4]",constructed_initial,test,oct_stage4,2,512,0.03125,512,32,64,3,all,290,total_relative,0.0,0.0,290,0
svd_multidepth,3416,16,"[2, 3, 4]",constructed_initial,test,oct_stage4,2,512,0.03125,512,32,64,3,all,290,self_cross_cosine,,,0,290
svd_multidepth,3416,16,"[2, 3, 4]",constructed_initial,test,oct_stage4,2,512,0.03125,512,32,64,3,all,290,energy_identity_relative_error,0.0,0.0,290,0
svd_multidepth,3416,16,"[2, 3, 4]",constructed_initial,test,oct_stage4,2,512,0.03125,512,32,64,3,all,290,channel_energy_retained,0.704408603923016,0.08739844571023384,290,0
svd_multidepth,3416,16,"[2, 3, 4]",constructed_initial,test,oct_stage4,2,512,0.03125,512,32,64,3,label0,145,self_relative,0.0,0.0,145,0
svd_multidepth,3416,16,"[2, 3, 4]",constructed_initial,test,oct_stage4,2,512,0.03125,512,32,64,3,label0,145,cross_relative,0.0,0.0,145,0
svd_multidepth,3416,16,"[2, 3, 4]",constructed_initial,test,oct_stage4,2,512,0.03125,512,32,64,3,label0,145,total_relative,0.0,0.0,145,0
svd_multidepth,3416,16,"[2, 3, 4]",constructed_initial,test,oct_stage4,2,512,0.03125,512,32,64,3,label0,145,self_cross_cosine,,,0,145
svd_multidepth,3416,16,"[2, 3, 4]",constructed_initial,test,oct_stage4,2,512,0.03125,512,32,64,3,label0,145,energy_identity_relative_error,0.0,0.0,145,0
svd_multidepth,3416,16,"[2, 3, 4]",constructed_initial,test,oct_stage4,2,512,0.03125,512,32,64,3,label0,145,channel_energy_retained,0.7054218202264669,0.07947548734353728,145,0
svd_multidepth,3416,16,"[2, 3, 4]",constructed_initial,test,oct_stage4,2,512,0.03125,512,32,64,3,label1,145,self_relative,0.0,0.0,145,0
svd_multidepth,3416,16,"[2, 3, 4]",constructed_initial,test,oct_stage4,2,512,0.03125,512,32,64,3,label1,145,cross_relative,0.0,0.0,145,0
svd_multidepth,3416,16,"[2, 3, 4]",constructed_initial,test,oct_stage4,2,512,0.03125,512,32,64,3,label1,145,total_relative,0.0,0.0,145,0
svd_multidepth,3416,16,"[2, 3, 4]",constructed_initial,test,oct_stage4,2,512,0.03125,512,32,64,3,label1,145,self_cross_cosine,,,0,145
svd_multidepth,3416,16,"[2, 3, 4]",constructed_initial,test,oct_stage4,2,512,0.03125,512,32,64,3,label1,145,energy_identity_relative_error,0.0,0.0,145,0
svd_multidepth,3416,16,"[2, 3, 4]",constructed_initial,test,oct_stage4,2,512,0.03125,512,32,64,3,label1,145,channel_energy_retained,0.7033953876195647,0.09492945339236773,145,0
svd_multidepth,3416,16,"[2, 3, 4]",selected,train,cfp_stage2,0,128,0.125,512,32,64,3,all,1264,self_relative,0.3663692187303431,0.009636334632245088,1264,0
svd_multidepth,3416,16,"[2, 3, 4]",selected,train,cfp_stage2,0,128,0.125,512,32,64,3,all,1264,cross_relative,0.22744861585267281,0.016402653980785276,1264,0
svd_multidepth,3416,16,"[2, 3, 4]",selected,train,cfp_stage2,0,128,0.125,512,32,64,3,all,1264,total_relative,0.4314354821792839,0.02037615147583988,1264,0
svd_multidepth,3416,16,"[2, 3, 4]",selected,train,cfp_stage2,0,128,0.125,512,32,64,3,all,1264,self_cross_cosine,-0.0002671625194087432,0.051299279557546165,1264,0
svd_multidepth,3416,16,"[2, 3, 4]",selected,train,cfp_stage2,0,128,0.125,512,32,64,3,all,1264,energy_identity_relative_error,8.072360082858634e-17,6.110700703797564e-17,1264,0
svd_multidepth,3416,16,"[2, 3, 4]",selected,train,cfp_stage2,0,128,0.125,512,32,64,3,all,1264,channel_energy_retained,0.6676580343563576,0.021620705350493215,1264,0
svd_multidepth,3416,16,"[2, 3, 4]",selected,train,cfp_stage2,0,128,0.125,512,32,64,3,label0,632,self_relative,0.36629740113045467,0.00851580682265145,632,0
svd_multidepth,3416,16,"[2, 3, 4]",selected,train,cfp_stage2,0,128,0.125,512,32,64,3,label0,632,cross_relative,0.22691562090233652,0.015485148624047375,632,0
svd_multidepth,3416,16,"[2, 3, 4]",selected,train,cfp_stage2,0,128,0.125,512,32,64,3,label0,632,total_relative,0.4300427562739821,0.018910431773581822,632,0
svd_multidepth,3416,16,"[2, 3, 4]",selected,train,cfp_stage2,0,128,0.125,512,32,64,3,label0,632,self_cross_cosine,-0.005522508394557597,0.05133592839757121,632,0
svd_multidepth,3416,16,"[2, 3, 4]",selected,train,cfp_stage2,0,128,0.125,512,32,64,3,label0,632,energy_identity_relative_error,8.453485533591624e-17,6.330708286791713e-17,632,0
svd_multidepth,3416,16,"[2, 3, 4]",selected,train,cfp_stage2,0,128,0.125,512,32,64,3,label0,632,channel_energy_retained,0.669081936321322,0.020673218308186584,632,0
svd_multidepth,3416,16,"[2, 3, 4]",selected,train,cfp_stage2,0,128,0.125,512,32,64,3,label1,632,self_relative,0.3664410363302315,0.010645926644812544,632,0
svd_multidepth,3416,16,"[2, 3, 4]",selected,train,cfp_stage2,0,128,0.125,512,32,64,3,label1,632,cross_relative,0.227981610803009,0.017267356534369917,632,0
svd_multidepth,3416,16,"[2, 3, 4]",selected,train,cfp_stage2,0,128,0.125,512,32,64,3,label1,632,total_relative,0.4328282080845856,0.021668943966872647,632,0
svd_multidepth,3416,16,"[2, 3, 4]",selected,train,cfp_stage2,0,128,0.125,512,32,64,3,label1,632,self_cross_cosine,0.00498818335574011,0.05076120871692845,632,0
svd_multidepth,3416,16,"[2, 3, 4]",selected,train,cfp_stage2,0,128,0.125,512,32,64,3,label1,632,energy_identity_relative_error,7.691234632125648e-17,5.862735036887721e-17,632,0
svd_multidepth,3416,16,"[2, 3, 4]",selected,train,cfp_stage2,0,128,0.125,512,32,64,3,label1,632,channel_energy_retained,0.6662341323913938,0.02245455946091945,632,0
svd_multidepth,3416,16,"[2, 3, 4]",selected,train,oct_stage2,0,128,0.125,512,32,64,3,all,1264,self_relative,4.4159734464091835,0.05700760681987578,1264,0
svd_multidepth,3416,16,"[2, 3, 4]",selected,train,oct_stage2,0,128,0.125,512,32,64,3,all,1264,cross_relative,2.113863471855032,0.13604235400580733,1264,0
svd_multidepth,3416,16,"[2, 3, 4]",selected,train,oct_stage2,0,128,0.125,512,32,64,3,all,1264,total_relative,6.21474728605047,0.12984770579378316,1264,0
svd_multidepth,3416,16,"[2, 3, 4]",selected,train,oct_stage2,0,128,0.125,512,32,64,3,all,1264,self_cross_cosine,0.7856177000194507,0.034642909325221946,1264,0
svd_multidepth,3416,16,"[2, 3, 4]",selected,train,oct_stage2,0,128,0.125,512,32,64,3,all,1264,energy_identity_relative_error,7.087837426396757e-17,6.072798169039631e-17,1264,0
svd_multidepth,3416,16,"[2, 3, 4]",selected,train,oct_stage2,0,128,0.125,512,32,64,3,all,1264,channel_energy_retained,0.5187646996237748,0.007694886217869923,1264,0
svd_multidepth,3416,16,"[2, 3, 4]",selected,train,oct_stage2,0,128,0.125,512,32,64,3,label0,632,self_relative,4.415622353539256,0.05348665998470118,632,0
svd_multidepth,3416,16,"[2, 3, 4]",selected,train,oct_stage2,0,128,0.125,512,32,64,3,label0,632,cross_relative,2.1012047169321275,0.1250632914513506,632,0
svd_multidepth,3416,16,"[2, 3, 4]",selected,train,oct_stage2,0,128,0.125,512,32,64,3,label0,632,total_relative,6.202982140860909,0.12111058062952056,632,0
svd_multidepth,3416,16,"[2, 3, 4]",selected,train,oct_stage2,0,128,0.125,512,32,64,3,label0,632,self_cross_cosine,0.7854974447133567,0.034940411846249596,632,0
svd_multidepth,3416,16,"[2, 3, 4]",selected,train,oct_stage2,0,128,0.125,512,32,64,3,label0,632,energy_identity_relative_error,7.428719486190013e-17,6.264752941734533e-17,632,0
svd_multidepth,3416,16,"[2, 3, 4]",selected,train,oct_stage2,0,128,0.125,512,32,64,3,label0,632,channel_energy_retained,0.518107248654052,0.007345848668751806,632,0
svd_multidepth,3416,16,"[2, 3, 4]",selected,train,oct_stage2,0,128,0.125,512,32,64,3,label1,632,self_relative,4.416324539279115,0.0603640215318362,632,0
svd_multidepth,3416,16,"[2, 3, 4]",selected,train,oct_stage2,0,128,0.125,512,32,64,3,label1,632,cross_relative,2.126522226777936,0.1451983185287726,632,0
svd_multidepth,3416,16,"[2, 3, 4]",selected,train,oct_stage2,0,128,0.125,512,32,64,3,label1,632,total_relative,6.226512431240035,0.13712229876246362,632,0
svd_multidepth,3416,16,"[2, 3, 4]",selected,train,oct_stage2,0,128,0.125,512,32,64,3,label1,632,self_cross_cosine,0.7857379553255452,0.03437008780417634,632,0
svd_multidepth,3416,16,"[2, 3, 4]",selected,train,oct_stage2,0,128,0.125,512,32,64,3,label1,632,energy_identity_relative_error,6.7469553666035e-17,5.859718547014534e-17,632,0
svd_multidepth,3416,16,"[2, 3, 4]",selected,train,oct_stage2,0,128,0.125,512,32,64,3,label1,632,channel_energy_retained,0.5194221505934971,0.007980541258137077,632,0
svd_multidepth,3416,16,"[2, 3, 4]",selected,train,cfp_stage3,1,256,0.0625,512,32,64,3,all,1264,self_relative,0.5028594683033306,0.01979472812946662,1264,0
svd_multidepth,3416,16,"[2, 3, 4]",selected,train,cfp_stage3,1,256,0.0625,512,32,64,3,all,1264,cross_relative,0.21037360484597953,0.014017148043049809,1264,0
svd_multidepth,3416,16,"[2, 3, 4]",selected,train,cfp_stage3,1,256,0.0625,512,32,64,3,all,1264,total_relative,0.6131935440794666,0.021822619842391963,1264,0
svd_multidepth,3416,16,"[2, 3, 4]",selected,train,cfp_stage3,1,256,0.0625,512,32,64,3,all,1264,self_cross_cosine,0.3739626730485048,0.04912226481623197,1264,0
svd_multidepth,3416,16,"[2, 3, 4]",selected,train,cfp_stage3,1,256,0.0625,512,32,64,3,all,1264,energy_identity_relative_error,9.435763078640406e-17,7.115549682292896e-17,1264,0
svd_multidepth,3416,16,"[2, 3, 4]",selected,train,cfp_stage3,1,256,0.0625,512,32,64,3,all,1264,channel_energy_retained,0.5699882316073083,0.01967781674474579,1264,0
svd_multidepth,3416,16,"[2, 3, 4]",selected,train,cfp_stage3,1,256,0.0625,512,32,64,3,label0,632,self_relative,0.5059322361443012,0.018902264980364507,632,0
svd_multidepth,3416,16,"[2, 3, 4]",selected,train,cfp_stage3,1,256,0.0625,512,32,64,3,label0,632,cross_relative,0.2119161990205901,0.013734288622120559,632,0
svd_multidepth,3416,16,"[2, 3, 4]",selected,train,cfp_stage3,1,256,0.0625,512,32,64,3,label0,632,total_relative,0.6177821281256445,0.02063156850694676,632,0
svd_multidepth,3416,16,"[2, 3, 4]",selected,train,cfp_stage3,1,256,0.0625,512,32,64,3,label0,632,self_cross_cosine,0.3778560632459911,0.04929108310411967,632,0
svd_multidepth,3416,16,"[2, 3, 4]",selected,train,cfp_stage3,1,256,0.0625,512,32,64,3,label0,632,energy_identity_relative_error,9.387760800182023e-17,7.013307367734514e-17,632,0
svd_multidepth,3416,16,"[2, 3, 4]",selected,train,cfp_stage3,1,256,0.0625,512,32,64,3,label0,632,channel_energy_retained,0.572953533999651,0.01877356176965961,632,0
svd_multidepth,3416,16,"[2, 3, 4]",selected,train,cfp_stage3,1,256,0.0625,512,32,64,3,label1,632,self_relative,0.4997867004623597,0.020200845021225867,632,0
svd_multidepth,3416,16,"[2, 3, 4]",selected,train,cfp_stage3,1,256,0.0625,512,32,64,3,label1,632,cross_relative,0.20883101067136892,0.01413770979144665,632,0
svd_multidepth,3416,16,"[2, 3, 4]",selected,train,cfp_stage3,1,256,0.0625,512,32,64,3,label1,632,total_relative,0.6086049600332887,0.02203110594678414,632,0
svd_multidepth,3416,16,"[2, 3, 4]",selected,train,cfp_stage3,1,256,0.0625,512,32,64,3,label1,632,self_cross_cosine,0.3700692828510181,0.04868102290660299,632,0
svd_multidepth,3416,16,"[2, 3, 4]",selected,train,cfp_stage3,1,256,0.0625,512,32,64,3,label1,632,energy_identity_relative_error,9.483765357098792e-17,7.221581403321611e-17,632,0
svd_multidepth,3416,16,"[2, 3, 4]",selected,train,cfp_stage3,1,256,0.0625,512,32,64,3,label1,632,channel_energy_retained,0.5670229292149654,0.02012426571985263,632,0
svd_multidepth,3416,16,"[2, 3, 4]",selected,train,oct_stage3,1,256,0.0625,512,32,64,3,all,1264,self_relative,1.8648943442700099,0.2165640838031963,1264,0
svd_multidepth,3416,16,"[2, 3, 4]",selected,train,oct_stage3,1,256,0.0625,512,32,64,3,all,1264,cross_relative,2.1554697101544322,0.10969884812822608,1264,0
svd_multidepth,3416,16,"[2, 3, 4]",selected,train,oct_stage3,1,256,0.0625,512,32,64,3,all,1264,total_relative,3.0866444366903796,0.130284874651356,1264,0
svd_multidepth,3416,16,"[2, 3, 4]",selected,train,oct_stage3,1,256,0.0625,512,32,64,3,all,1264,self_cross_cosine,0.17514706839810237,0.08159809071497895,1264,0
svd_multidepth,3416,16,"[2, 3, 4]",selected,train,oct_stage3,1,256,0.0625,512,32,64,3,all,1264,energy_identity_relative_error,9.128604470316e-17,6.779601666297322e-17,1264,0
svd_multidepth,3416,16,"[2, 3, 4]",selected,train,oct_stage3,1,256,0.0625,512,32,64,3,all,1264,channel_energy_retained,0.512475472017243,0.02469719316972912,1264,0
svd_multidepth,3416,16,"[2, 3, 4]",selected,train,oct_stage3,1,256,0.0625,512,32,64,3,label0,632,self_relative,1.8626679461842406,0.21250547688085503,632,0
svd_multidepth,3416,16,"[2, 3, 4]",selected,train,oct_stage3,1,256,0.0625,512,32,64,3,label0,632,cross_relative,2.1479175783565845,0.10282038981339418,632,0
svd_multidepth,3416,16,"[2, 3, 4]",selected,train,oct_stage3,1,256,0.0625,512,32,64,3,label0,632,total_relative,3.0702704531262945,0.12425603151631062,632,0
svd_multidepth,3416,16,"[2, 3, 4]",selected,train,oct_stage3,1,256,0.0625,512,32,64,3,label0,632,self_cross_cosine,0.16857129528015027,0.08122759591062237,632,0
svd_multidepth,3416,16,"[2, 3, 4]",selected,train,oct_stage3,1,256,0.0625,512,32,64,3,label0,632,energy_identity_relative_error,8.992863068169287e-17,6.799989298930376e-17,632,0
svd_multidepth,3416,16,"[2, 3, 4]",selected,train,oct_stage3,1,256,0.0625,512,32,64,3,label0,632,channel_energy_retained,0.5132482995550659,0.024481381557280846,632,0
svd_multidepth,3416,16,"[2, 3, 4]",selected,train,oct_stage3,1,256,0.0625,512,32,64,3,label1,632,self_relative,1.8671207423557816,0.22069396037144348,632,0
svd_multidepth,3416,16,"[2, 3, 4]",selected,train,oct_stage3,1,256,0.0625,512,32,64,3,label1,632,cross_relative,2.163021841952279,0.11576036840162039,632,0
svd_multidepth,3416,16,"[2, 3, 4]",selected,train,oct_stage3,1,256,0.0625,512,32,64,3,label1,632,total_relative,3.103018420254464,0.13415875554925502,632,0
svd_multidepth,3416,16,"[2, 3, 4]",selected,train,oct_stage3,1,256,0.0625,512,32,64,3,label1,632,self_cross_cosine,0.18172284151605433,0.08150158120831275,632,0
svd_multidepth,3416,16,"[2, 3, 4]",selected,train,oct_stage3,1,256,0.0625,512,32,64,3,label1,632,energy_identity_relative_error,9.264345872462717e-17,6.761810016777063e-17,632,0
svd_multidepth,3416,16,"[2, 3, 4]",selected,train,oct_stage3,1,256,0.0625,512,32,64,3,label1,632,channel_energy_retained,0.5117026444794204,0.024906522890467856,632,0
svd_multidepth,3416,16,"[2, 3, 4]",selected,train,cfp_stage4,2,512,0.03125,512,32,64,3,all,1264,self_relative,1.119232198301827,0.2909512836740679,1264,0
svd_multidepth,3416,16,"[2, 3, 4]",selected,train,cfp_stage4,2,512,0.03125,512,32,64,3,all,1264,cross_relative,0.20816242134886243,0.23244451743477304,1264,0
svd_multidepth,3416,16,"[2, 3, 4]",selected,train,cfp_stage4,2,512,0.03125,512,32,64,3,all,1264,total_relative,1.1667820882103117,0.2842989463166694,1264,0
svd_multidepth,3416,16,"[2, 3, 4]",selected,train,cfp_stage4,2,512,0.03125,512,32,64,3,all,1264,self_cross_cosine,0.07691683145497613,0.30936879465913136,1264,0
svd_multidepth,3416,16,"[2, 3, 4]",selected,train,cfp_stage4,2,512,0.03125,512,32,64,3,all,1264,energy_identity_relative_error,8.827328577080923e-17,6.584136203795542e-17,1264,0
svd_multidepth,3416,16,"[2, 3, 4]",selected,train,cfp_stage4,2,512,0.03125,512,32,64,3,all,1264,channel_energy_retained,0.6376754715593776,0.06664453776086604,1264,0
svd_multidepth,3416,16,"[2, 3, 4]",selected,train,cfp_stage4,2,512,0.03125,512,32,64,3,label0,632,self_relative,0.9546632533227123,0.20670454650972597,632,0
svd_multidepth,3416,16,"[2, 3, 4]",selected,train,cfp_stage4,2,512,0.03125,512,32,64,3,label0,632,cross_relative,0.19612205071317437,0.1836175281645535,632,0
svd_multidepth,3416,16,"[2, 3, 4]",selected,train,cfp_stage4,2,512,0.03125,512,32,64,3,label0,632,total_relative,1.050493868377226,0.22584097879471451,632,0
svd_multidepth,3416,16,"[2, 3, 4]",selected,train,cfp_stage4,2,512,0.03125,512,32,64,3,label0,632,self_cross_cosine,0.37668805529959076,0.07789473812781784,632,0
svd_multidepth,3416,16,"[2, 3, 4]",selected,train,cfp_stage4,2,512,0.03125,512,32,64,3,label0,632,energy_identity_relative_error,8.759712994054923e-17,6.336659255896654e-17,632,0
svd_multidepth,3416,16,"[2, 3, 4]",selected,train,cfp_stage4,2,512,0.03125,512,32,64,3,label0,632,channel_energy_retained,0.6430010272317611,0.05589414709590102,632,0
svd_multidepth,3416,16,"[2, 3, 4]",selected,train,cfp_stage4,2,512,0.03125,512,32,64,3,label1,632,self_relative,1.2838011432809413,0.26918575205021095,632,0
svd_multidepth,3416,16,"[2, 3, 4]",selected,train,cfp_stage4,2,512,0.03125,512,32,64,3,label1,632,cross_relative,0.22020279198455048,0.27228796684130585,632,0
svd_multidepth,3416,16,"[2, 3, 4]",selected,train,cfp_stage4,2,512,0.03125,512,32,64,3,label1,632,total_relative,1.2830703080433972,0.28928699190592144,632,0
svd_multidepth,3416,16,"[2, 3, 4]",selected,train,cfp_stage4,2,512,0.03125,512,32,64,3,label1,632,self_cross_cosine,-0.22285439238963853,0.07410661567256187,632,0
svd_multidepth,3416,16,"[2, 3, 4]",selected,train,cfp_stage4,2,512,0.03125,512,32,64,3,label1,632,energy_identity_relative_error,8.894944160106922e-17,6.82700462660708e-17,632,0
svd_multidepth,3416,16,"[2, 3, 4]",selected,train,cfp_stage4,2,512,0.03125,512,32,64,3,label1,632,channel_energy_retained,0.6323499158869941,0.07555831512911007,632,0
svd_multidepth,3416,16,"[2, 3, 4]",selected,train,oct_stage4,2,512,0.03125,512,32,64,3,all,1264,self_relative,0.7804105883745921,0.11477156716562402,1264,0
svd_multidepth,3416,16,"[2, 3, 4]",selected,train,oct_stage4,2,512,0.03125,512,32,64,3,all,1264,cross_relative,5.520355052456086,2.27718189005674,1264,0
svd_multidepth,3416,16,"[2, 3, 4]",selected,train,oct_stage4,2,512,0.03125,512,32,64,3,all,1264,total_relative,5.579803577425137,2.270434677180979,1264,0
svd_multidepth,3416,16,"[2, 3, 4]",selected,train,oct_stage4,2,512,0.03125,512,32,64,3,all,1264,self_cross_cosine,0.001605857702085513,0.42367463014843193,1264,0
svd_multidepth,3416,16,"[2, 3, 4]",selected,train,oct_stage4,2,512,0.03125,512,32,64,3,all,1264,energy_identity_relative_error,8.57056108481599e-17,6.541256018914509e-17,1264,0
svd_multidepth,3416,16,"[2, 3, 4]",selected,train,oct_stage4,2,512,0.03125,512,32,64,3,all,1264,channel_energy_retained,0.6136065282468368,0.10106032436949144,1264,0
svd_multidepth,3416,16,"[2, 3, 4]",selected,train,oct_stage4,2,512,0.03125,512,32,64,3,label0,632,self_relative,0.7820896678974547,0.11037742756310523,632,0
svd_multidepth,3416,16,"[2, 3, 4]",selected,train,oct_stage4,2,512,0.03125,512,32,64,3,label0,632,cross_relative,5.533712705048112,2.1709115742823686,632,0
svd_multidepth,3416,16,"[2, 3, 4]",selected,train,oct_stage4,2,512,0.03125,512,32,64,3,label0,632,total_relative,5.902967666691294,2.1963079255427753,632,0
svd_multidepth,3416,16,"[2, 3, 4]",selected,train,oct_stage4,2,512,0.03125,512,32,64,3,label0,632,self_cross_cosine,0.4065406259900051,0.12835840501317144,632,0
svd_multidepth,3416,16,"[2, 3, 4]",selected,train,oct_stage4,2,512,0.03125,512,32,64,3,label0,632,energy_identity_relative_error,8.582300169154821e-17,6.495912827836571e-17,632,0
svd_multidepth,3416,16,"[2, 3, 4]",selected,train,oct_stage4,2,512,0.03125,512,32,64,3,label0,632,channel_energy_retained,0.6153096714700224,0.09663479594190628,632,0
svd_multidepth,3416,16,"[2, 3, 4]",selected,train,oct_stage4,2,512,0.03125,512,32,64,3,label1,632,self_relative,0.7787315088517291,0.11906753044419521,632,0
svd_multidepth,3416,16,"[2, 3, 4]",selected,train,oct_stage4,2,512,0.03125,512,32,64,3,label1,632,cross_relative,5.506997399864058,2.3803609468178566,632,0
svd_multidepth,3416,16,"[2, 3, 4]",selected,train,oct_stage4,2,512,0.03125,512,32,64,3,label1,632,total_relative,5.2566394881589815,2.2989012686893275,632,0
svd_multidepth,3416,16,"[2, 3, 4]",selected,train,oct_stage4,2,512,0.03125,512,32,64,3,label1,632,self_cross_cosine,-0.4033289105858339,0.11977027587939368,632,0
svd_multidepth,3416,16,"[2, 3, 4]",selected,train,oct_stage4,2,512,0.03125,512,32,64,3,label1,632,energy_identity_relative_error,8.558822000477161e-17,6.591411910041022e-17,632,0
svd_multidepth,3416,16,"[2, 3, 4]",selected,train,oct_stage4,2,512,0.03125,512,32,64,3,label1,632,channel_energy_retained,0.611903385023651,0.10534927464726199,632,0
svd_multidepth,3416,16,"[2, 3, 4]",selected,validation,cfp_stage2,0,128,0.125,512,32,64,3,all,296,self_relative,0.3658422836094052,0.010058401496427357,296,0
svd_multidepth,3416,16,"[2, 3, 4]",selected,validation,cfp_stage2,0,128,0.125,512,32,64,3,all,296,cross_relative,0.227601331476247,0.015929333596008545,296,0
svd_multidepth,3416,16,"[2, 3, 4]",selected,validation,cfp_stage2,0,128,0.125,512,32,64,3,all,296,total_relative,0.4309110751638639,0.019708126361587315,296,0
svd_multidepth,3416,16,"[2, 3, 4]",selected,validation,cfp_stage2,0,128,0.125,512,32,64,3,all,296,self_cross_cosine,-0.0009090090113837198,0.0484421036095302,296,0
svd_multidepth,3416,16,"[2, 3, 4]",selected,validation,cfp_stage2,0,128,0.125,512,32,64,3,all,296,energy_identity_relative_error,8.384903371989946e-17,6.104642439566934e-17,296,0
svd_multidepth,3416,16,"[2, 3, 4]",selected,validation,cfp_stage2,0,128,0.125,512,32,64,3,all,296,channel_energy_retained,0.6675033778781133,0.021341481094634303,296,0
svd_multidepth,3416,16,"[2, 3, 4]",selected,validation,cfp_stage2,0,128,0.125,512,32,64,3,label0,148,self_relative,0.36546837905266527,0.009009775135560356,148,0
svd_multidepth,3416,16,"[2, 3, 4]",selected,validation,cfp_stage2,0,128,0.125,512,32,64,3,label0,148,cross_relative,0.22670859644882707,0.015602589814328119,148,0
svd_multidepth,3416,16,"[2, 3, 4]",selected,validation,cfp_stage2,0,128,0.125,512,32,64,3,label0,148,total_relative,0.4297180074992814,0.018854241323457973,148,0
svd_multidepth,3416,16,"[2, 3, 4]",selected,validation,cfp_stage2,0,128,0.125,512,32,64,3,label0,148,self_cross_cosine,-0.0031105644056636478,0.04930523821502087,148,0
svd_multidepth,3416,16,"[2, 3, 4]",selected,validation,cfp_stage2,0,128,0.125,512,32,64,3,label0,148,energy_identity_relative_error,8.600646054596771e-17,6.292794942407263e-17,148,0
svd_multidepth,3416,16,"[2, 3, 4]",selected,validation,cfp_stage2,0,128,0.125,512,32,64,3,label0,148,channel_energy_retained,0.667893535740175,0.02023704999250018,148,0
svd_multidepth,3416,16,"[2, 3, 4]",selected,validation,cfp_stage2,0,128,0.125,512,32,64,3,label1,148,self_relative,0.36621618816614515,0.011026040226997201,148,0
svd_multidepth,3416,16,"[2, 3, 4]",selected,validation,cfp_stage2,0,128,0.125,512,32,64,3,label1,148,cross_relative,0.2284940665036669,0.016253242176612302,148,0
svd_multidepth,3416,16,"[2, 3, 4]",selected,validation,cfp_stage2,0,128,0.125,512,32,64,3,label1,148,total_relative,0.4321041428284464,0.02052106559160021,148,0
svd_multidepth,3416,16,"[2, 3, 4]",selected,validation,cfp_stage2,0,128,0.125,512,32,64,3,label1,148,self_cross_cosine,0.0012925463828962075,0.04762848068899527,148,0
svd_multidepth,3416,16,"[2, 3, 4]",selected,validation,cfp_stage2,0,128,0.125,512,32,64,3,label1,148,energy_identity_relative_error,8.16916068938312e-17,5.924005575431437e-17,148,0
svd_multidepth,3416,16,"[2, 3, 4]",selected,validation,cfp_stage2,0,128,0.125,512,32,64,3,label1,148,channel_energy_retained,0.6671132200160513,0.022453758708439506,148,0
svd_multidepth,3416,16,"[2, 3, 4]",selected,validation,oct_stage2,0,128,0.125,512,32,64,3,all,296,self_relative,4.415572059333687,0.061879329139080785,296,0
svd_multidepth,3416,16,"[2, 3, 4]",selected,validation,oct_stage2,0,128,0.125,512,32,64,3,all,296,cross_relative,2.10883511993977,0.12655140606755733,296,0
svd_multidepth,3416,16,"[2, 3, 4]",selected,validation,oct_stage2,0,128,0.125,512,32,64,3,all,296,total_relative,6.214677309100173,0.130610608663185,296,0
svd_multidepth,3416,16,"[2, 3, 4]",selected,validation,oct_stage2,0,128,0.125,512,32,64,3,all,296,self_cross_cosine,0.7887856967074255,0.03354052464795737,296,0
svd_multidepth,3416,16,"[2, 3, 4]",selected,validation,oct_stage2,0,128,0.125,512,32,64,3,all,296,energy_identity_relative_error,7.052741044669349e-17,6.295460313262453e-17,296,0
svd_multidepth,3416,16,"[2, 3, 4]",selected,validation,oct_stage2,0,128,0.125,512,32,64,3,all,296,channel_energy_retained,0.5186886285485086,0.007927471422299015,296,0
svd_multidepth,3416,16,"[2, 3, 4]",selected,validation,oct_stage2,0,128,0.125,512,32,64,3,label0,148,self_relative,4.416647254358476,0.058700344227089155,148,0
svd_multidepth,3416,16,"[2, 3, 4]",selected,validation,oct_stage2,0,128,0.125,512,32,64,3,label0,148,cross_relative,2.103739266019476,0.12824435479882307,148,0
svd_multidepth,3416,16,"[2, 3, 4]",selected,validation,oct_stage2,0,128,0.125,512,32,64,3,label0,148,total_relative,6.211591890841678,0.12717786306176845,148,0
svd_multidepth,3416,16,"[2, 3, 4]",selected,validation,oct_stage2,0,128,0.125,512,32,64,3,label0,148,self_cross_cosine,0.7891686810938376,0.03533393430914643,148,0
svd_multidepth,3416,16,"[2, 3, 4]",selected,validation,oct_stage2,0,128,0.125,512,32,64,3,label0,148,energy_identity_relative_error,7.68355987242243e-17,6.678703661317326e-17,148,0
svd_multidepth,3416,16,"[2, 3, 4]",selected,validation,oct_stage2,0,128,0.125,512,32,64,3,label0,148,channel_energy_retained,0.5181172851129976,0.007673751410595259,148,0
svd_multidepth,3416,16,"[2, 3, 4]",selected,validation,oct_stage2,0,128,0.125,512,32,64,3,label1,148,self_relative,4.414496864308899,0.06508527090200383,148,0
svd_multidepth,3416,16,"[2, 3, 4]",selected,validation,oct_stage2,0,128,0.125,512,32,64,3,label1,148,cross_relative,2.1139309738600636,0.12506222769775627,148,0
svd_multidepth,3416,16,"[2, 3, 4]",selected,validation,oct_stage2,0,128,0.125,512,32,64,3,label1,148,total_relative,6.217762727358669,0.13431653924893794,148,0
svd_multidepth,3416,16,"[2, 3, 4]",selected,validation,oct_stage2,0,128,0.125,512,32,64,3,label1,148,self_cross_cosine,0.7884027123210137,0.03176167752499158,148,0
svd_multidepth,3416,16,"[2, 3, 4]",selected,validation,oct_stage2,0,128,0.125,512,32,64,3,label1,148,energy_identity_relative_error,6.421922216916268e-17,5.841993727072666e-17,148,0
svd_multidepth,3416,16,"[2, 3, 4]",selected,validation,oct_stage2,0,128,0.125,512,32,64,3,label1,148,channel_energy_retained,0.5192599719840194,0.008159249557815537,148,0
svd_multidepth,3416,16,"[2, 3, 4]",selected,validation,cfp_stage3,1,256,0.0625,512,32,64,3,all,296,self_relative,0.5016670411824431,0.020857291972874496,296,0
svd_multidepth,3416,16,"[2, 3, 4]",selected,validation,cfp_stage3,1,256,0.0625,512,32,64,3,all,296,cross_relative,0.20970274377821205,0.014608675683801241,296,0
svd_multidepth,3416,16,"[2, 3, 4]",selected,validation,cfp_stage3,1,256,0.0625,512,32,64,3,all,296,total_relative,0.6118946808899283,0.022129329506488032,296,0
svd_multidepth,3416,16,"[2, 3, 4]",selected,validation,cfp_stage3,1,256,0.0625,512,32,64,3,all,296,self_cross_cosine,0.3753932044637052,0.04763435569171998,296,0
svd_multidepth,3416,16,"[2, 3, 4]",selected,validation,cfp_stage3,1,256,0.0625,512,32,64,3,all,296,energy_identity_relative_error,9.127587123160849e-17,7.057020882731264e-17,296,0
svd_multidepth,3416,16,"[2, 3, 4]",selected,validation,cfp_stage3,1,256,0.0625,512,32,64,3,all,296,channel_energy_retained,0.5708036254129959,0.019160488780267645,296,0
svd_multidepth,3416,16,"[2, 3, 4]",selected,validation,cfp_stage3,1,256,0.0625,512,32,64,3,label0,148,self_relative,0.5031442949311284,0.0208755234340836,148,0
svd_multidepth,3416,16,"[2, 3, 4]",selected,validation,cfp_stage3,1,256,0.0625,512,32,64,3,label0,148,cross_relative,0.21031713880230687,0.013876591385126136,148,0
svd_multidepth,3416,16,"[2, 3, 4]",selected,validation,cfp_stage3,1,256,0.0625,512,32,64,3,label0,148,total_relative,0.6142923036692175,0.02265006649284461,148,0
svd_multidepth,3416,16,"[2, 3, 4]",selected,validation,cfp_stage3,1,256,0.0625,512,32,64,3,label0,148,self_cross_cosine,0.37893183650278917,0.049297283470997696,148,0
svd_multidepth,3416,16,"[2, 3, 4]",selected,validation,cfp_stage3,1,256,0.0625,512,32,64,3,label0,148,energy_identity_relative_error,9.979787459621368e-17,7.406088931944977e-17,148,0
svd_multidepth,3416,16,"[2, 3, 4]",selected,validation,cfp_stage3,1,256,0.0625,512,32,64,3,label0,148,channel_energy_retained,0.5711571894403767,0.019389792861360125,148,0
svd_multidepth,3416,16,"[2, 3, 4]",selected,validation,cfp_stage3,1,256,0.0625,512,32,64,3,label1,148,self_relative,0.5001897874337576,0.020804588313969044,148,0
svd_multidepth,3416,16,"[2, 3, 4]",selected,validation,cfp_stage3,1,256,0.0625,512,32,64,3,label1,148,cross_relative,0.20908834875411716,0.015328363108337302,148,0
svd_multidepth,3416,16,"[2, 3, 4]",selected,validation,cfp_stage3,1,256,0.0625,512,32,64,3,label1,148,total_relative,0.609497058110639,0.021404319101187452,148,0
svd_multidepth,3416,16,"[2, 3, 4]",selected,validation,cfp_stage3,1,256,0.0625,512,32,64,3,label1,148,self_cross_cosine,0.37185457242462105,0.04580461677433844,148,0
svd_multidepth,3416,16,"[2, 3, 4]",selected,validation,cfp_stage3,1,256,0.0625,512,32,64,3,label1,148,energy_identity_relative_error,8.275386786700332e-17,6.605251585341649e-17,148,0
svd_multidepth,3416,16,"[2, 3, 4]",selected,validation,cfp_stage3,1,256,0.0625,512,32,64,3,label1,148,channel_energy_retained,0.5704500613856153,0.018987636029508155,148,0
svd_multidepth,3416,16,"[2, 3, 4]",selected,validation,oct_stage3,1,256,0.0625,512,32,64,3,all,296,self_relative,1.851153886640788,0.239456675040867,296,0
svd_multidepth,3416,16,"[2, 3, 4]",selected,validation,oct_stage3,1,256,0.0625,512,32,64,3,all,296,cross_relative,2.15932199786273,0.11687516843157661,296,0
svd_multidepth,3416,16,"[2, 3, 4]",selected,validation,oct_stage3,1,256,0.0625,512,32,64,3,all,296,total_relative,3.0806009044751717,0.13975939002809165,296,0
svd_multidepth,3416,16,"[2, 3, 4]",selected,validation,oct_stage3,1,256,0.0625,512,32,64,3,all,296,self_cross_cosine,0.1754340230162911,0.08212128023842312,296,0
svd_multidepth,3416,16,"[2, 3, 4]",selected,validation,oct_stage3,1,256,0.0625,512,32,64,3,all,296,energy_identity_relative_error,1.0016678687434949e-16,7.296866717373912e-17,296,0
svd_multidepth,3416,16,"[2, 3, 4]",selected,validation,oct_stage3,1,256,0.0625,512,32,64,3,all,296,channel_energy_retained,0.5115640651288406,0.022737804957605686,296,0
svd_multidepth,3416,16,"[2, 3, 4]",selected,validation,oct_stage3,1,256,0.0625,512,32,64,3,label0,148,self_relative,1.8548150454546077,0.23872874697950675,148,0
svd_multidepth,3416,16,"[2, 3, 4]",selected,validation,oct_stage3,1,256,0.0625,512,32,64,3,label0,148,cross_relative,2.155868665498839,0.11597827929940265,148,0
svd_multidepth,3416,16,"[2, 3, 4]",selected,validation,oct_stage3,1,256,0.0625,512,32,64,3,label0,148,total_relative,3.0781264962382546,0.14206306757175355,148,0
svd_multidepth,3416,16,"[2, 3, 4]",selected,validation,oct_stage3,1,256,0.0625,512,32,64,3,label0,148,self_cross_cosine,0.17288026239182638,0.07816148441923938,148,0
svd_multidepth,3416,16,"[2, 3, 4]",selected,validation,oct_stage3,1,256,0.0625,512,32,64,3,label0,148,energy_identity_relative_error,1.0651127725196546e-16,7.311948171179567e-17,148,0
svd_multidepth,3416,16,"[2, 3, 4]",selected,validation,oct_stage3,1,256,0.0625,512,32,64,3,label0,148,channel_energy_retained,0.5116455355629717,0.022494112336628954,148,0
svd_multidepth,3416,16,"[2, 3, 4]",selected,validation,oct_stage3,1,256,0.0625,512,32,64,3,label1,148,self_relative,1.8474927278269682,0.24093704134731372,148,0
svd_multidepth,3416,16,"[2, 3, 4]",selected,validation,oct_stage3,1,256,0.0625,512,32,64,3,label1,148,cross_relative,2.1627753302266215,0.11805744070360655,148,0
svd_multidepth,3416,16,"[2, 3, 4]",selected,validation,oct_stage3,1,256,0.0625,512,32,64,3,label1,148,total_relative,3.083075312712089,0.137855017182436,148,0
svd_multidepth,3416,16,"[2, 3, 4]",selected,validation,oct_stage3,1,256,0.0625,512,32,64,3,label1,148,self_cross_cosine,0.1779877836407558,0.0860891193746577,148,0
svd_multidepth,3416,16,"[2, 3, 4]",selected,validation,oct_stage3,1,256,0.0625,512,32,64,3,label1,148,energy_identity_relative_error,9.382229649673352e-17,7.250904764198405e-17,148,0
svd_multidepth,3416,16,"[2, 3, 4]",selected,validation,oct_stage3,1,256,0.0625,512,32,64,3,label1,148,channel_energy_retained,0.5114825946947095,0.023055024469470022,148,0
svd_multidepth,3416,16,"[2, 3, 4]",selected,validation,cfp_stage4,2,512,0.03125,512,32,64,3,all,296,self_relative,0.8188587238118196,0.32278129148939055,296,0
svd_multidepth,3416,16,"[2, 3, 4]",selected,validation,cfp_stage4,2,512,0.03125,512,32,64,3,all,296,cross_relative,0.22598930003853251,0.23447932655906278,296,0
svd_multidepth,3416,16,"[2, 3, 4]",selected,validation,cfp_stage4,2,512,0.03125,512,32,64,3,all,296,total_relative,0.8903974649736928,0.32800526787497997,296,0
svd_multidepth,3416,16,"[2, 3, 4]",selected,validation,cfp_stage4,2,512,0.03125,512,32,64,3,all,296,self_cross_cosine,0.09461090312666012,0.26611358754056985,296,0
svd_multidepth,3416,16,"[2, 3, 4]",selected,validation,cfp_stage4,2,512,0.03125,512,32,64,3,all,296,energy_identity_relative_error,8.889015173418738e-17,6.82837057701759e-17,296,0
svd_multidepth,3416,16,"[2, 3, 4]",selected,validation,cfp_stage4,2,512,0.03125,512,32,64,3,all,296,channel_energy_retained,0.5911796256995213,0.06689853710689402,296,0
svd_multidepth,3416,16,"[2, 3, 4]",selected,validation,cfp_stage4,2,512,0.03125,512,32,64,3,label0,148,self_relative,0.7545761150294797,0.2716915269049442,148,0
svd_multidepth,3416,16,"[2, 3, 4]",selected,validation,cfp_stage4,2,512,0.03125,512,32,64,3,label0,148,cross_relative,0.23171208517917313,0.2603642576335405,148,0
svd_multidepth,3416,16,"[2, 3, 4]",selected,validation,cfp_stage4,2,512,0.03125,512,32,64,3,label0,148,total_relative,0.8461296692885586,0.3074750195711533,148,0
svd_multidepth,3416,16,"[2, 3, 4]",selected,validation,cfp_stage4,2,512,0.03125,512,32,64,3,label0,148,self_cross_cosine,0.18820736441651542,0.21815733070458262,148,0
svd_multidepth,3416,16,"[2, 3, 4]",selected,validation,cfp_stage4,2,512,0.03125,512,32,64,3,label0,148,energy_identity_relative_error,9.271293801301944e-17,6.374932092194441e-17,148,0
svd_multidepth,3416,16,"[2, 3, 4]",selected,validation,cfp_stage4,2,512,0.03125,512,32,64,3,label0,148,channel_energy_retained,0.5858731368471266,0.06127926684688662,148,0
svd_multidepth,3416,16,"[2, 3, 4]",selected,validation,cfp_stage4,2,512,0.03125,512,32,64,3,label1,148,self_relative,0.8831413325941595,0.35629660402824787,148,0
svd_multidepth,3416,16,"[2, 3, 4]",selected,validation,cfp_stage4,2,512,0.03125,512,32,64,3,label1,148,cross_relative,0.2202665148978918,0.2061058800005588,148,0
svd_multidepth,3416,16,"[2, 3, 4]",selected,validation,cfp_stage4,2,512,0.03125,512,32,64,3,label1,148,total_relative,0.9346652606588269,0.3426659803566295,148,0
svd_multidepth,3416,16,"[2, 3, 4]",selected,validation,cfp_stage4,2,512,0.03125,512,32,64,3,label1,148,self_cross_cosine,0.0010144418368047616,0.2772764390516162,148,0
svd_multidepth,3416,16,"[2, 3, 4]",selected,validation,cfp_stage4,2,512,0.03125,512,32,64,3,label1,148,energy_identity_relative_error,8.506736545535533e-17,7.255098634547825e-17,148,0
svd_multidepth,3416,16,"[2, 3, 4]",selected,validation,cfp_stage4,2,512,0.03125,512,32,64,3,label1,148,channel_energy_retained,0.5964861145519161,0.07189870807375451,148,0
svd_multidepth,3416,16,"[2, 3, 4]",selected,validation,oct_stage4,2,512,0.03125,512,32,64,3,all,296,self_relative,0.7824562583775784,0.10986705698325416,296,0
svd_multidepth,3416,16,"[2, 3, 4]",selected,validation,oct_stage4,2,512,0.03125,512,32,64,3,all,296,cross_relative,3.758948987656432,2.145669513200405,296,0
svd_multidepth,3416,16,"[2, 3, 4]",selected,validation,oct_stage4,2,512,0.03125,512,32,64,3,all,296,total_relative,3.8437053976399236,2.088059718053607,296,0
svd_multidepth,3416,16,"[2, 3, 4]",selected,validation,oct_stage4,2,512,0.03125,512,32,64,3,all,296,self_cross_cosine,-0.013059471468300997,0.36726647700135695,296,0
svd_multidepth,3416,16,"[2, 3, 4]",selected,validation,oct_stage4,2,512,0.03125,512,32,64,3,all,296,energy_identity_relative_error,7.812985164589713e-17,6.57171313619627e-17,296,0
svd_multidepth,3416,16,"[2, 3, 4]",selected,validation,oct_stage4,2,512,0.03125,512,32,64,3,all,296,channel_energy_retained,0.6183487394266985,0.09542553406161101,296,0
svd_multidepth,3416,16,"[2, 3, 4]",selected,validation,oct_stage4,2,512,0.03125,512,32,64,3,label0,148,self_relative,0.7752758310508476,0.11230793934055434,148,0
svd_multidepth,3416,16,"[2, 3, 4]",selected,validation,oct_stage4,2,512,0.03125,512,32,64,3,label0,148,cross_relative,3.5980380545928514,1.9951636782863302,148,0
svd_multidepth,3416,16,"[2, 3, 4]",selected,validation,oct_stage4,2,512,0.03125,512,32,64,3,label0,148,total_relative,3.768077639504355,2.002042057929366,148,0
svd_multidepth,3416,16,"[2, 3, 4]",selected,validation,oct_stage4,2,512,0.03125,512,32,64,3,label0,148,self_cross_cosine,0.09146351139371445,0.32660512537858255,148,0
svd_multidepth,3416,16,"[2, 3, 4]",selected,validation,oct_stage4,2,512,0.03125,512,32,64,3,label0,148,energy_identity_relative_error,7.272295849343572e-17,6.423090083362617e-17,148,0
svd_multidepth,3416,16,"[2, 3, 4]",selected,validation,oct_stage4,2,512,0.03125,512,32,64,3,label0,148,channel_energy_retained,0.6143660328867235,0.09904686742610898,148,0
svd_multidepth,3416,16,"[2, 3, 4]",selected,validation,oct_stage4,2,512,0.03125,512,32,64,3,label1,148,self_relative,0.7896366857043089,0.10726957963275063,148,0
svd_multidepth,3416,16,"[2, 3, 4]",selected,validation,oct_stage4,2,512,0.03125,512,32,64,3,label1,148,cross_relative,3.919859920720011,2.281731648324748,148,0
svd_multidepth,3416,16,"[2, 3, 4]",selected,validation,oct_stage4,2,512,0.03125,512,32,64,3,label1,148,total_relative,3.9193331557754933,2.1748464904074165,148,0
svd_multidepth,3416,16,"[2, 3, 4]",selected,validation,oct_stage4,2,512,0.03125,512,32,64,3,label1,148,self_cross_cosine,-0.11758245433031642,0.376851770604708,148,0
svd_multidepth,3416,16,"[2, 3, 4]",selected,validation,oct_stage4,2,512,0.03125,512,32,64,3,label1,148,energy_identity_relative_error,8.353674479835854e-17,6.695062766354911e-17,148,0
svd_multidepth,3416,16,"[2, 3, 4]",selected,validation,oct_stage4,2,512,0.03125,512,32,64,3,label1,148,channel_energy_retained,0.6223314459666733,0.09182477466892731,148,0
svd_multidepth,3416,16,"[2, 3, 4]",selected,test,cfp_stage2,0,128,0.125,512,32,64,3,all,290,self_relative,0.36610341864847246,0.009131627764303143,290,0
svd_multidepth,3416,16,"[2, 3, 4]",selected,test,cfp_stage2,0,128,0.125,512,32,64,3,all,290,cross_relative,0.22791461373410657,0.017900994625824097,290,0
svd_multidepth,3416,16,"[2, 3, 4]",selected,test,cfp_stage2,0,128,0.125,512,32,64,3,all,290,total_relative,0.43199663150647044,0.021467215848061074,290,0
svd_multidepth,3416,16,"[2, 3, 4]",selected,test,cfp_stage2,0,128,0.125,512,32,64,3,all,290,self_cross_cosine,0.0018660493672689612,0.05074180369179367,290,0
svd_multidepth,3416,16,"[2, 3, 4]",selected,test,cfp_stage2,0,128,0.125,512,32,64,3,all,290,energy_identity_relative_error,8.302775873268668e-17,6.182471255996234e-17,290,0
svd_multidepth,3416,16,"[2, 3, 4]",selected,test,cfp_stage2,0,128,0.125,512,32,64,3,all,290,channel_energy_retained,0.6667444493553384,0.02077035359618212,290,0
svd_multidepth,3416,16,"[2, 3, 4]",selected,test,cfp_stage2,0,128,0.125,512,32,64,3,label0,145,self_relative,0.36553471785979214,0.00803508360337314,145,0
svd_multidepth,3416,16,"[2, 3, 4]",selected,test,cfp_stage2,0,128,0.125,512,32,64,3,label0,145,cross_relative,0.22714571501443767,0.018286248128520005,145,0
svd_multidepth,3416,16,"[2, 3, 4]",selected,test,cfp_stage2,0,128,0.125,512,32,64,3,label0,145,total_relative,0.43017070161684023,0.02238958821737068,145,0
svd_multidepth,3416,16,"[2, 3, 4]",selected,test,cfp_stage2,0,128,0.125,512,32,64,3,label0,145,self_cross_cosine,-0.003392685313087087,0.056013711068297736,145,0
svd_multidepth,3416,16,"[2, 3, 4]",selected,test,cfp_stage2,0,128,0.125,512,32,64,3,label0,145,energy_identity_relative_error,8.328560670836931e-17,6.357987788351152e-17,145,0
svd_multidepth,3416,16,"[2, 3, 4]",selected,test,cfp_stage2,0,128,0.125,512,32,64,3,label0,145,channel_energy_retained,0.665605906239811,0.020599977757440685,145,0
svd_multidepth,3416,16,"[2, 3, 4]",selected,test,cfp_stage2,0,128,0.125,512,32,64,3,label1,145,self_relative,0.3666721194371527,0.010106355594417452,145,0
svd_multidepth,3416,16,"[2, 3, 4]",selected,test,cfp_stage2,0,128,0.125,512,32,64,3,label1,145,cross_relative,0.22868351245377538,0.017536791087027402,145,0
svd_multidepth,3416,16,"[2, 3, 4]",selected,test,cfp_stage2,0,128,0.125,512,32,64,3,label1,145,total_relative,0.43382256139610054,0.02041751682822601,145,0
svd_multidepth,3416,16,"[2, 3, 4]",selected,test,cfp_stage2,0,128,0.125,512,32,64,3,label1,145,self_cross_cosine,0.00712478404762501,0.0444309898810325,145,0
svd_multidepth,3416,16,"[2, 3, 4]",selected,test,cfp_stage2,0,128,0.125,512,32,64,3,label1,145,energy_identity_relative_error,8.276991075700402e-17,6.023785450901104e-17,145,0
svd_multidepth,3416,16,"[2, 3, 4]",selected,test,cfp_stage2,0,128,0.125,512,32,64,3,label1,145,channel_energy_retained,0.6678829924708656,0.020948542066183132,145,0
svd_multidepth,3416,16,"[2, 3, 4]",selected,test,oct_stage2,0,128,0.125,512,32,64,3,all,290,self_relative,4.42239080081644,0.07480843970997372,290,0
svd_multidepth,3416,16,"[2, 3, 4]",selected,test,oct_stage2,0,128,0.125,512,32,64,3,all,290,cross_relative,2.1189570416441423,0.14113224592162024,290,0
svd_multidepth,3416,16,"[2, 3, 4]",selected,test,oct_stage2,0,128,0.125,512,32,64,3,all,290,total_relative,6.223829126232522,0.14984163372260192,290,0
svd_multidepth,3416,16,"[2, 3, 4]",selected,test,oct_stage2,0,128,0.125,512,32,64,3,all,290,self_cross_cosine,0.7844530525407618,0.03345353378679561,290,0
svd_multidepth,3416,16,"[2, 3, 4]",selected,test,oct_stage2,0,128,0.125,512,32,64,3,all,290,energy_identity_relative_error,8.10277072118649e-17,6.43969605814286e-17,290,0
svd_multidepth,3416,16,"[2, 3, 4]",selected,test,oct_stage2,0,128,0.125,512,32,64,3,all,290,channel_energy_retained,0.5193399936422656,0.009142483708119351,290,0
svd_multidepth,3416,16,"[2, 3, 4]",selected,test,oct_stage2,0,128,0.125,512,32,64,3,label0,145,self_relative,4.417946159778794,0.06287880372190045,145,0
svd_multidepth,3416,16,"[2, 3, 4]",selected,test,oct_stage2,0,128,0.125,512,32,64,3,label0,145,cross_relative,2.110176367494798,0.12865414192751426,145,0
svd_multidepth,3416,16,"[2, 3, 4]",selected,test,oct_stage2,0,128,0.125,512,32,64,3,label0,145,total_relative,6.212260429328381,0.12758835986023567,145,0
svd_multidepth,3416,16,"[2, 3, 4]",selected,test,oct_stage2,0,128,0.125,512,32,64,3,label0,145,self_cross_cosine,0.7848227749425325,0.03439709280515004,145,0
svd_multidepth,3416,16,"[2, 3, 4]",selected,test,oct_stage2,0,128,0.125,512,32,64,3,label0,145,energy_identity_relative_error,7.625902658903983e-17,5.512729854940939e-17,145,0
svd_multidepth,3416,16,"[2, 3, 4]",selected,test,oct_stage2,0,128,0.125,512,32,64,3,label0,145,channel_energy_retained,0.5183423574551811,0.008311908752783046,145,0
svd_multidepth,3416,16,"[2, 3, 4]",selected,test,oct_stage2,0,128,0.125,512,32,64,3,label1,145,self_relative,4.426835441854086,0.08507608664282185,145,0
svd_multidepth,3416,16,"[2, 3, 4]",selected,test,oct_stage2,0,128,0.125,512,32,64,3,label1,145,cross_relative,2.127737715793487,0.15253781082741655,145,0
svd_multidepth,3416,16,"[2, 3, 4]",selected,test,oct_stage2,0,128,0.125,512,32,64,3,label1,145,total_relative,6.235397823136659,0.1688568410041764,145,0
svd_multidepth,3416,16,"[2, 3, 4]",selected,test,oct_stage2,0,128,0.125,512,32,64,3,label1,145,self_cross_cosine,0.7840833301389912,0.03259776621843834,145,0
svd_multidepth,3416,16,"[2, 3, 4]",selected,test,oct_stage2,0,128,0.125,512,32,64,3,label1,145,energy_identity_relative_error,8.579638783468997e-17,7.23734754175099e-17,145,0
svd_multidepth,3416,16,"[2, 3, 4]",selected,test,oct_stage2,0,128,0.125,512,32,64,3,label1,145,channel_energy_retained,0.5203376298293501,0.009831493366228418,145,0
svd_multidepth,3416,16,"[2, 3, 4]",selected,test,cfp_stage3,1,256,0.0625,512,32,64,3,all,290,self_relative,0.5013570067052092,0.020501901313120924,290,0
svd_multidepth,3416,16,"[2, 3, 4]",selected,test,cfp_stage3,1,256,0.0625,512,32,64,3,all,290,cross_relative,0.21054720439803554,0.013830618923858963,290,0
svd_multidepth,3416,16,"[2, 3, 4]",selected,test,cfp_stage3,1,256,0.0625,512,32,64,3,all,290,total_relative,0.6114531210307411,0.02229306468973206,290,0
svd_multidepth,3416,16,"[2, 3, 4]",selected,test,cfp_stage3,1,256,0.0625,512,32,64,3,all,290,self_cross_cosine,0.37172486961692724,0.05370666455600764,290,0
svd_multidepth,3416,16,"[2, 3, 4]",selected,test,cfp_stage3,1,256,0.0625,512,32,64,3,all,290,energy_identity_relative_error,9.352782568108299e-17,6.940902679371282e-17,290,0
svd_multidepth,3416,16,"[2, 3, 4]",selected,test,cfp_stage3,1,256,0.0625,512,32,64,3,all,290,channel_energy_retained,0.5696865078455212,0.018816697421147874,290,0
svd_multidepth,3416,16,"[2, 3, 4]",selected,test,cfp_stage3,1,256,0.0625,512,32,64,3,label0,145,self_relative,0.5034963738444238,0.02069975210636701,145,0
svd_multidepth,3416,16,"[2, 3, 4]",selected,test,cfp_stage3,1,256,0.0625,512,32,64,3,label0,145,cross_relative,0.21118115481174946,0.012969663400850585,145,0
svd_multidepth,3416,16,"[2, 3, 4]",selected,test,cfp_stage3,1,256,0.0625,512,32,64,3,label0,145,total_relative,0.6146627789297632,0.022501757606407904,145,0
svd_multidepth,3416,16,"[2, 3, 4]",selected,test,cfp_stage3,1,256,0.0625,512,32,64,3,label0,145,self_cross_cosine,0.37586296970696165,0.0512915754467777,145,0
svd_multidepth,3416,16,"[2, 3, 4]",selected,test,cfp_stage3,1,256,0.0625,512,32,64,3,label0,145,energy_identity_relative_error,9.77202280995456e-17,6.901079444155434e-17,145,0
svd_multidepth,3416,16,"[2, 3, 4]",selected,test,cfp_stage3,1,256,0.0625,512,32,64,3,label0,145,channel_energy_retained,0.5688393904774341,0.01840738391062743,145,0
svd_multidepth,3416,16,"[2, 3, 4]",selected,test,cfp_stage3,1,256,0.0625,512,32,64,3,label1,145,self_relative,0.49921763956599474,0.020146408373104288,145,0
svd_multidepth,3416,16,"[2, 3, 4]",selected,test,cfp_stage3,1,256,0.0625,512,32,64,3,label1,145,cross_relative,0.20991325398432165,0.01465874748868968,145,0
svd_multidepth,3416,16,"[2, 3, 4]",selected,test,cfp_stage3,1,256,0.0625,512,32,64,3,label1,145,total_relative,0.6082434631317188,0.021687248248242808,145,0
svd_multidepth,3416,16,"[2, 3, 4]",selected,test,cfp_stage3,1,256,0.0625,512,32,64,3,label1,145,self_cross_cosine,0.36758676952689273,0.0558885582506502,145,0
svd_multidepth,3416,16,"[2, 3, 4]",selected,test,cfp_stage3,1,256,0.0625,512,32,64,3,label1,145,energy_identity_relative_error,8.933542326262036e-17,6.979108328997926e-17,145,0
svd_multidepth,3416,16,"[2, 3, 4]",selected,test,cfp_stage3,1,256,0.0625,512,32,64,3,label1,145,channel_energy_retained,0.5705336252136078,0.019243649473576933,145,0
svd_multidepth,3416,16,"[2, 3, 4]",selected,test,oct_stage3,1,256,0.0625,512,32,64,3,all,290,self_relative,1.878637356655542,0.2293103262112373,290,0
svd_multidepth,3416,16,"[2, 3, 4]",selected,test,oct_stage3,1,256,0.0625,512,32,64,3,all,290,cross_relative,2.1483759120665797,0.11291831376065657,290,0
svd_multidepth,3416,16,"[2, 3, 4]",selected,test,oct_stage3,1,256,0.0625,512,32,64,3,all,290,total_relative,3.087172473175802,0.13005745837200444,290,0
svd_multidepth,3416,16,"[2, 3, 4]",selected,test,oct_stage3,1,256,0.0625,512,32,64,3,all,290,self_cross_cosine,0.1719768569959947,0.08306373161115108,290,0
svd_multidepth,3416,16,"[2, 3, 4]",selected,test,oct_stage3,1,256,0.0625,512,32,64,3,all,290,energy_identity_relative_error,9.493149942352949e-17,7.075561798822758e-17,290,0
svd_multidepth,3416,16,"[2, 3, 4]",selected,test,oct_stage3,1,256,0.0625,512,32,64,3,all,290,channel_energy_retained,0.5129642078300517,0.02573220139304554,290,0
svd_multidepth,3416,16,"[2, 3, 4]",selected,test,oct_stage3,1,256,0.0625,512,32,64,3,label0,145,self_relative,1.8778019486350497,0.21581451167961538,145,0
svd_multidepth,3416,16,"[2, 3, 4]",selected,test,oct_stage3,1,256,0.0625,512,32,64,3,label0,145,cross_relative,2.157217101387074,0.10786925019476702,145,0
svd_multidepth,3416,16,"[2, 3, 4]",selected,test,oct_stage3,1,256,0.0625,512,32,64,3,label0,145,total_relative,3.0922556685886575,0.12105672976175263,145,0
svd_multidepth,3416,16,"[2, 3, 4]",selected,test,oct_stage3,1,256,0.0625,512,32,64,3,label0,145,self_cross_cosine,0.1709775824497752,0.08091692543616737,145,0
svd_multidepth,3416,16,"[2, 3, 4]",selected,test,oct_stage3,1,256,0.0625,512,32,64,3,label0,145,energy_identity_relative_error,9.505829452205285e-17,7.032060999647633e-17,145,0
svd_multidepth,3416,16,"[2, 3, 4]",selected,test,oct_stage3,1,256,0.0625,512,32,64,3,label0,145,channel_energy_retained,0.5155284269723962,0.022513157213893797,145,0
svd_multidepth,3416,16,"[2, 3, 4]",selected,test,oct_stage3,1,256,0.0625,512,32,64,3,label1,145,self_relative,1.8794727646760352,0.24280507355914402,145,0
svd_multidepth,3416,16,"[2, 3, 4]",selected,test,oct_stage3,1,256,0.0625,512,32,64,3,label1,145,cross_relative,2.139534722746086,0.11745825887577534,145,0
svd_multidepth,3416,16,"[2, 3, 4]",selected,test,oct_stage3,1,256,0.0625,512,32,64,3,label1,145,total_relative,3.082089277762947,0.13871042278644516,145,0
svd_multidepth,3416,16,"[2, 3, 4]",selected,test,oct_stage3,1,256,0.0625,512,32,64,3,label1,145,self_cross_cosine,0.1729761315422141,0.08542552898685211,145,0
svd_multidepth,3416,16,"[2, 3, 4]",selected,test,oct_stage3,1,256,0.0625,512,32,64,3,label1,145,energy_identity_relative_error,9.480470432500612e-17,7.143151095697995e-17,145,0
svd_multidepth,3416,16,"[2, 3, 4]",selected,test,oct_stage3,1,256,0.0625,512,32,64,3,label1,145,channel_energy_retained,0.5103999886877074,0.028439525393894948,145,0
svd_multidepth,3416,16,"[2, 3, 4]",selected,test,cfp_stage4,2,512,0.03125,512,32,64,3,all,290,self_relative,0.8026786885451278,0.32047465913485645,290,0
svd_multidepth,3416,16,"[2, 3, 4]",selected,test,cfp_stage4,2,512,0.03125,512,32,64,3,all,290,cross_relative,0.23073188363537042,0.2595481098828338,290,0
svd_multidepth,3416,16,"[2, 3, 4]",selected,test,cfp_stage4,2,512,0.03125,512,32,64,3,all,290,total_relative,0.8749877240693812,0.3410424352118117,290,0
svd_multidepth,3416,16,"[2, 3, 4]",selected,test,cfp_stage4,2,512,0.03125,512,32,64,3,all,290,self_cross_cosine,0.10385053005348546,0.2720239111824699,290,0
svd_multidepth,3416,16,"[2, 3, 4]",selected,test,cfp_stage4,2,512,0.03125,512,32,64,3,all,290,energy_identity_relative_error,8.37537165488283e-17,6.392787194224938e-17,290,0
svd_multidepth,3416,16,"[2, 3, 4]",selected,test,cfp_stage4,2,512,0.03125,512,32,64,3,all,290,channel_energy_retained,0.5838048287924764,0.06711960522889289,290,0
svd_multidepth,3416,16,"[2, 3, 4]",selected,test,cfp_stage4,2,512,0.03125,512,32,64,3,label0,145,self_relative,0.7510049758242416,0.28090820305028863,145,0
svd_multidepth,3416,16,"[2, 3, 4]",selected,test,cfp_stage4,2,512,0.03125,512,32,64,3,label0,145,cross_relative,0.2242826229819818,0.2147398733218909,145,0
svd_multidepth,3416,16,"[2, 3, 4]",selected,test,cfp_stage4,2,512,0.03125,512,32,64,3,label0,145,total_relative,0.8262323846038739,0.30064124445602824,145,0
svd_multidepth,3416,16,"[2, 3, 4]",selected,test,cfp_stage4,2,512,0.03125,512,32,64,3,label0,145,self_cross_cosine,0.16261334230702454,0.2434607264550126,145,0
svd_multidepth,3416,16,"[2, 3, 4]",selected,test,cfp_stage4,2,512,0.03125,512,32,64,3,label0,145,energy_identity_relative_error,8.211413539583414e-17,6.500263476412217e-17,145,0
svd_multidepth,3416,16,"[2, 3, 4]",selected,test,cfp_stage4,2,512,0.03125,512,32,64,3,label0,145,channel_energy_retained,0.5757575621819307,0.06261342653624324,145,0
svd_multidepth,3416,16,"[2, 3, 4]",selected,test,cfp_stage4,2,512,0.03125,512,32,64,3,label1,145,self_relative,0.8543524012660145,0.34904782927706735,145,0
svd_multidepth,3416,16,"[2, 3, 4]",selected,test,cfp_stage4,2,512,0.03125,512,32,64,3,label1,145,cross_relative,0.23718114428875908,0.29833082295384566,145,0
svd_multidepth,3416,16,"[2, 3, 4]",selected,test,cfp_stage4,2,512,0.03125,512,32,64,3,label1,145,total_relative,0.9237430635348889,0.3718269140352097,145,0
svd_multidepth,3416,16,"[2, 3, 4]",selected,test,cfp_stage4,2,512,0.03125,512,32,64,3,label1,145,self_cross_cosine,0.04508771779994637,0.28684606291491127,145,0
svd_multidepth,3416,16,"[2, 3, 4]",selected,test,cfp_stage4,2,512,0.03125,512,32,64,3,label1,145,energy_identity_relative_error,8.539329770182246e-17,6.301721727752839e-17,145,0
svd_multidepth,3416,16,"[2, 3, 4]",selected,test,cfp_stage4,2,512,0.03125,512,32,64,3,label1,145,channel_energy_retained,0.5918520954030225,0.07064354334195681,145,0
svd_multidepth,3416,16,"[2, 3, 4]",selected,test,oct_stage4,2,512,0.03125,512,32,64,3,all,290,self_relative,0.7763320816597776,0.12205498917915228,290,0
svd_multidepth,3416,16,"[2, 3, 4]",selected,test,oct_stage4,2,512,0.03125,512,32,64,3,all,290,cross_relative,3.559538186838672,2.0645578450794435,290,0
svd_multidepth,3416,16,"[2, 3, 4]",selected,test,oct_stage4,2,512,0.03125,512,32,64,3,all,290,total_relative,3.6744650872123445,2.0258696715132696,290,0
svd_multidepth,3416,16,"[2, 3, 4]",selected,test,oct_stage4,2,512,0.03125,512,32,64,3,all,290,self_cross_cosine,0.01486027129316727,0.3969531731144228,290,0
svd_multidepth,3416,16,"[2, 3, 4]",selected,test,oct_stage4,2,512,0.03125,512,32,64,3,all,290,energy_identity_relative_error,8.177283857327556e-17,6.552601800414253e-17,290,0
svd_multidepth,3416,16,"[2, 3, 4]",selected,test,oct_stage4,2,512,0.03125,512,32,64,3,all,290,channel_energy_retained,0.6078472065073446,0.10754930349744608,290,0
svd_multidepth,3416,16,"[2, 3, 4]",selected,test,oct_stage4,2,512,0.03125,512,32,64,3,label0,145,self_relative,0.777679338780386,0.11780602266616554,145,0
svd_multidepth,3416,16,"[2, 3, 4]",selected,test,oct_stage4,2,512,0.03125,512,32,64,3,label0,145,cross_relative,3.4478589679763805,2.0227551077832264,145,0
svd_multidepth,3416,16,"[2, 3, 4]",selected,test,oct_stage4,2,512,0.03125,512,32,64,3,label0,145,total_relative,3.6240379240413927,2.063142582161435,145,0
svd_multidepth,3416,16,"[2, 3, 4]",selected,test,oct_stage4,2,512,0.03125,512,32,64,3,label0,145,self_cross_cosine,0.08220070116299516,0.37790108716178034,145,0
svd_multidepth,3416,16,"[2, 3, 4]",selected,test,oct_stage4,2,512,0.03125,512,32,64,3,label0,145,energy_identity_relative_error,7.345502587096868e-17,6.419737272068127e-17,145,0
svd_multidepth,3416,16,"[2, 3, 4]",selected,test,oct_stage4,2,512,0.03125,512,32,64,3,label0,145,channel_energy_retained,0.6111957070624479,0.10450270678491966,145,0
svd_multidepth,3416,16,"[2, 3, 4]",selected,test,oct_stage4,2,512,0.03125,512,32,64,3,label1,145,self_relative,0.7749848245391694,0.12655584018763802,145,0
svd_multidepth,3416,16,"[2, 3, 4]",selected,test,oct_stage4,2,512,0.03125,512,32,64,3,label1,145,cross_relative,3.6712174057009634,2.106594939113351,145,0
svd_multidepth,3416,16,"[2, 3, 4]",selected,test,oct_stage4,2,512,0.03125,512,32,64,3,label1,145,total_relative,3.724892250383297,1.9937699088011056,145,0
svd_multidepth,3416,16,"[2, 3, 4]",selected,test,oct_stage4,2,512,0.03125,512,32,64,3,label1,145,self_cross_cosine,-0.05248015857666059,0.4053346900708478,145,0
svd_multidepth,3416,16,"[2, 3, 4]",selected,test,oct_stage4,2,512,0.03125,512,32,64,3,label1,145,energy_identity_relative_error,9.009065127558246e-17,6.600378436328054e-17,145,0
svd_multidepth,3416,16,"[2, 3, 4]",selected,test,oct_stage4,2,512,0.03125,512,32,64,3,label1,145,channel_energy_retained,0.6044987059522412,0.11077289544630987,145,0
svd_radon,3417,16,[3],constructed_initial,train,cfp_stage3,0,256,0.0625,512,32,64,3,all,1264,self_relative,0.0,0.0,1264,0
svd_radon,3417,16,[3],constructed_initial,train,cfp_stage3,0,256,0.0625,512,32,64,3,all,1264,cross_relative,0.0,0.0,1264,0
svd_radon,3417,16,[3],constructed_initial,train,cfp_stage3,0,256,0.0625,512,32,64,3,all,1264,total_relative,0.0,0.0,1264,0
svd_radon,3417,16,[3],constructed_initial,train,cfp_stage3,0,256,0.0625,512,32,64,3,all,1264,self_cross_cosine,,,0,1264
svd_radon,3417,16,[3],constructed_initial,train,cfp_stage3,0,256,0.0625,512,32,64,3,all,1264,energy_identity_relative_error,0.0,0.0,1264,0
svd_radon,3417,16,[3],constructed_initial,train,cfp_stage3,0,256,0.0625,512,32,64,3,all,1264,channel_energy_retained,0.6449436243676225,0.02478972790678481,1264,0
svd_radon,3417,16,[3],constructed_initial,train,cfp_stage3,0,256,0.0625,512,32,64,3,label0,632,self_relative,0.0,0.0,632,0
svd_radon,3417,16,[3],constructed_initial,train,cfp_stage3,0,256,0.0625,512,32,64,3,label0,632,cross_relative,0.0,0.0,632,0
svd_radon,3417,16,[3],constructed_initial,train,cfp_stage3,0,256,0.0625,512,32,64,3,label0,632,total_relative,0.0,0.0,632,0
svd_radon,3417,16,[3],constructed_initial,train,cfp_stage3,0,256,0.0625,512,32,64,3,label0,632,self_cross_cosine,,,0,632
svd_radon,3417,16,[3],constructed_initial,train,cfp_stage3,0,256,0.0625,512,32,64,3,label0,632,energy_identity_relative_error,0.0,0.0,632,0
svd_radon,3417,16,[3],constructed_initial,train,cfp_stage3,0,256,0.0625,512,32,64,3,label0,632,channel_energy_retained,0.6476809706382151,0.023322745406900984,632,0
svd_radon,3417,16,[3],constructed_initial,train,cfp_stage3,0,256,0.0625,512,32,64,3,label1,632,self_relative,0.0,0.0,632,0
svd_radon,3417,16,[3],constructed_initial,train,cfp_stage3,0,256,0.0625,512,32,64,3,label1,632,cross_relative,0.0,0.0,632,0
svd_radon,3417,16,[3],constructed_initial,train,cfp_stage3,0,256,0.0625,512,32,64,3,label1,632,total_relative,0.0,0.0,632,0
svd_radon,3417,16,[3],constructed_initial,train,cfp_stage3,0,256,0.0625,512,32,64,3,label1,632,self_cross_cosine,,,0,632
svd_radon,3417,16,[3],constructed_initial,train,cfp_stage3,0,256,0.0625,512,32,64,3,label1,632,energy_identity_relative_error,0.0,0.0,632,0
svd_radon,3417,16,[3],constructed_initial,train,cfp_stage3,0,256,0.0625,512,32,64,3,label1,632,channel_energy_retained,0.64220627809703,0.025905111205917417,632,0
svd_radon,3417,16,[3],constructed_initial,train,oct_stage3,0,256,0.0625,512,32,64,3,all,1264,self_relative,0.0,0.0,1264,0
svd_radon,3417,16,[3],constructed_initial,train,oct_stage3,0,256,0.0625,512,32,64,3,all,1264,cross_relative,0.0,0.0,1264,0
svd_radon,3417,16,[3],constructed_initial,train,oct_stage3,0,256,0.0625,512,32,64,3,all,1264,total_relative,0.0,0.0,1264,0
svd_radon,3417,16,[3],constructed_initial,train,oct_stage3,0,256,0.0625,512,32,64,3,all,1264,self_cross_cosine,,,0,1264
svd_radon,3417,16,[3],constructed_initial,train,oct_stage3,0,256,0.0625,512,32,64,3,all,1264,energy_identity_relative_error,0.0,0.0,1264,0
svd_radon,3417,16,[3],constructed_initial,train,oct_stage3,0,256,0.0625,512,32,64,3,all,1264,channel_energy_retained,0.6446770614372039,0.025093844225919353,1264,0
svd_radon,3417,16,[3],constructed_initial,train,oct_stage3,0,256,0.0625,512,32,64,3,label0,632,self_relative,0.0,0.0,632,0
svd_radon,3417,16,[3],constructed_initial,train,oct_stage3,0,256,0.0625,512,32,64,3,label0,632,cross_relative,0.0,0.0,632,0
svd_radon,3417,16,[3],constructed_initial,train,oct_stage3,0,256,0.0625,512,32,64,3,label0,632,total_relative,0.0,0.0,632,0
svd_radon,3417,16,[3],constructed_initial,train,oct_stage3,0,256,0.0625,512,32,64,3,label0,632,self_cross_cosine,,,0,632
svd_radon,3417,16,[3],constructed_initial,train,oct_stage3,0,256,0.0625,512,32,64,3,label0,632,energy_identity_relative_error,0.0,0.0,632,0
svd_radon,3417,16,[3],constructed_initial,train,oct_stage3,0,256,0.0625,512,32,64,3,label0,632,channel_energy_retained,0.6451628017419678,0.024830935539521336,632,0
svd_radon,3417,16,[3],constructed_initial,train,oct_stage3,0,256,0.0625,512,32,64,3,label1,632,self_relative,0.0,0.0,632,0
svd_radon,3417,16,[3],constructed_initial,train,oct_stage3,0,256,0.0625,512,32,64,3,label1,632,cross_relative,0.0,0.0,632,0
svd_radon,3417,16,[3],constructed_initial,train,oct_stage3,0,256,0.0625,512,32,64,3,label1,632,total_relative,0.0,0.0,632,0
svd_radon,3417,16,[3],constructed_initial,train,oct_stage3,0,256,0.0625,512,32,64,3,label1,632,self_cross_cosine,,,0,632
svd_radon,3417,16,[3],constructed_initial,train,oct_stage3,0,256,0.0625,512,32,64,3,label1,632,energy_identity_relative_error,0.0,0.0,632,0
svd_radon,3417,16,[3],constructed_initial,train,oct_stage3,0,256,0.0625,512,32,64,3,label1,632,channel_energy_retained,0.6441913211324402,0.025364384135340826,632,0
svd_radon,3417,16,[3],constructed_initial,validation,cfp_stage3,0,256,0.0625,512,32,64,3,all,296,self_relative,0.0,0.0,296,0
svd_radon,3417,16,[3],constructed_initial,validation,cfp_stage3,0,256,0.0625,512,32,64,3,all,296,cross_relative,0.0,0.0,296,0
svd_radon,3417,16,[3],constructed_initial,validation,cfp_stage3,0,256,0.0625,512,32,64,3,all,296,total_relative,0.0,0.0,296,0
svd_radon,3417,16,[3],constructed_initial,validation,cfp_stage3,0,256,0.0625,512,32,64,3,all,296,self_cross_cosine,,,0,296
svd_radon,3417,16,[3],constructed_initial,validation,cfp_stage3,0,256,0.0625,512,32,64,3,all,296,energy_identity_relative_error,0.0,0.0,296,0
svd_radon,3417,16,[3],constructed_initial,validation,cfp_stage3,0,256,0.0625,512,32,64,3,all,296,channel_energy_retained,0.6443353567891319,0.024215508112809304,296,0
svd_radon,3417,16,[3],constructed_initial,validation,cfp_stage3,0,256,0.0625,512,32,64,3,label0,148,self_relative,0.0,0.0,148,0
svd_radon,3417,16,[3],constructed_initial,validation,cfp_stage3,0,256,0.0625,512,32,64,3,label0,148,cross_relative,0.0,0.0,148,0
svd_radon,3417,16,[3],constructed_initial,validation,cfp_stage3,0,256,0.0625,512,32,64,3,label0,148,total_relative,0.0,0.0,148,0
svd_radon,3417,16,[3],constructed_initial,validation,cfp_stage3,0,256,0.0625,512,32,64,3,label0,148,self_cross_cosine,,,0,148
svd_radon,3417,16,[3],constructed_initial,validation,cfp_stage3,0,256,0.0625,512,32,64,3,label0,148,energy_identity_relative_error,0.0,0.0,148,0
svd_radon,3417,16,[3],constructed_initial,validation,cfp_stage3,0,256,0.0625,512,32,64,3,label0,148,channel_energy_retained,0.6461519927346866,0.02367802302124657,148,0
svd_radon,3417,16,[3],constructed_initial,validation,cfp_stage3,0,256,0.0625,512,32,64,3,label1,148,self_relative,0.0,0.0,148,0
svd_radon,3417,16,[3],constructed_initial,validation,cfp_stage3,0,256,0.0625,512,32,64,3,label1,148,cross_relative,0.0,0.0,148,0
svd_radon,3417,16,[3],constructed_initial,validation,cfp_stage3,0,256,0.0625,512,32,64,3,label1,148,total_relative,0.0,0.0,148,0
svd_radon,3417,16,[3],constructed_initial,validation,cfp_stage3,0,256,0.0625,512,32,64,3,label1,148,self_cross_cosine,,,0,148
svd_radon,3417,16,[3],constructed_initial,validation,cfp_stage3,0,256,0.0625,512,32,64,3,label1,148,energy_identity_relative_error,0.0,0.0,148,0
svd_radon,3417,16,[3],constructed_initial,validation,cfp_stage3,0,256,0.0625,512,32,64,3,label1,148,channel_energy_retained,0.6425187208435774,0.024687582159411713,148,0
svd_radon,3417,16,[3],constructed_initial,validation,oct_stage3,0,256,0.0625,512,32,64,3,all,296,self_relative,0.0,0.0,296,0
svd_radon,3417,16,[3],constructed_initial,validation,oct_stage3,0,256,0.0625,512,32,64,3,all,296,cross_relative,0.0,0.0,296,0
svd_radon,3417,16,[3],constructed_initial,validation,oct_stage3,0,256,0.0625,512,32,64,3,all,296,total_relative,0.0,0.0,296,0
svd_radon,3417,16,[3],constructed_initial,validation,oct_stage3,0,256,0.0625,512,32,64,3,all,296,self_cross_cosine,,,0,296
svd_radon,3417,16,[3],constructed_initial,validation,oct_stage3,0,256,0.0625,512,32,64,3,all,296,energy_identity_relative_error,0.0,0.0,296,0
svd_radon,3417,16,[3],constructed_initial,validation,oct_stage3,0,256,0.0625,512,32,64,3,all,296,channel_energy_retained,0.6461936945265561,0.02391792645180032,296,0
svd_radon,3417,16,[3],constructed_initial,validation,oct_stage3,0,256,0.0625,512,32,64,3,label0,148,self_relative,0.0,0.0,148,0
svd_radon,3417,16,[3],constructed_initial,validation,oct_stage3,0,256,0.0625,512,32,64,3,label0,148,cross_relative,0.0,0.0,148,0
svd_radon,3417,16,[3],constructed_initial,validation,oct_stage3,0,256,0.0625,512,32,64,3,label0,148,total_relative,0.0,0.0,148,0
svd_radon,3417,16,[3],constructed_initial,validation,oct_stage3,0,256,0.0625,512,32,64,3,label0,148,self_cross_cosine,,,0,148
svd_radon,3417,16,[3],constructed_initial,validation,oct_stage3,0,256,0.0625,512,32,64,3,label0,148,energy_identity_relative_error,0.0,0.0,148,0
svd_radon,3417,16,[3],constructed_initial,validation,oct_stage3,0,256,0.0625,512,32,64,3,label0,148,channel_energy_retained,0.6447546095707327,0.021978952002095157,148,0
svd_radon,3417,16,[3],constructed_initial,validation,oct_stage3,0,256,0.0625,512,32,64,3,label1,148,self_relative,0.0,0.0,148,0
svd_radon,3417,16,[3],constructed_initial,validation,oct_stage3,0,256,0.0625,512,32,64,3,label1,148,cross_relative,0.0,0.0,148,0
svd_radon,3417,16,[3],constructed_initial,validation,oct_stage3,0,256,0.0625,512,32,64,3,label1,148,total_relative,0.0,0.0,148,0
svd_radon,3417,16,[3],constructed_initial,validation,oct_stage3,0,256,0.0625,512,32,64,3,label1,148,self_cross_cosine,,,0,148
svd_radon,3417,16,[3],constructed_initial,validation,oct_stage3,0,256,0.0625,512,32,64,3,label1,148,energy_identity_relative_error,0.0,0.0,148,0
svd_radon,3417,16,[3],constructed_initial,validation,oct_stage3,0,256,0.0625,512,32,64,3,label1,148,channel_energy_retained,0.6476327794823792,0.02570567226548601,148,0
svd_radon,3417,16,[3],constructed_initial,test,cfp_stage3,0,256,0.0625,512,32,64,3,all,290,self_relative,0.0,0.0,290,0
svd_radon,3417,16,[3],constructed_initial,test,cfp_stage3,0,256,0.0625,512,32,64,3,all,290,cross_relative,0.0,0.0,290,0
svd_radon,3417,16,[3],constructed_initial,test,cfp_stage3,0,256,0.0625,512,32,64,3,all,290,total_relative,0.0,0.0,290,0
svd_radon,3417,16,[3],constructed_initial,test,cfp_stage3,0,256,0.0625,512,32,64,3,all,290,self_cross_cosine,,,0,290
svd_radon,3417,16,[3],constructed_initial,test,cfp_stage3,0,256,0.0625,512,32,64,3,all,290,energy_identity_relative_error,0.0,0.0,290,0
svd_radon,3417,16,[3],constructed_initial,test,cfp_stage3,0,256,0.0625,512,32,64,3,all,290,channel_energy_retained,0.6439480556576206,0.02487919229163442,290,0
svd_radon,3417,16,[3],constructed_initial,test,cfp_stage3,0,256,0.0625,512,32,64,3,label0,145,self_relative,0.0,0.0,145,0
svd_radon,3417,16,[3],constructed_initial,test,cfp_stage3,0,256,0.0625,512,32,64,3,label0,145,cross_relative,0.0,0.0,145,0
svd_radon,3417,16,[3],constructed_initial,test,cfp_stage3,0,256,0.0625,512,32,64,3,label0,145,total_relative,0.0,0.0,145,0
svd_radon,3417,16,[3],constructed_initial,test,cfp_stage3,0,256,0.0625,512,32,64,3,label0,145,self_cross_cosine,,,0,145
svd_radon,3417,16,[3],constructed_initial,test,cfp_stage3,0,256,0.0625,512,32,64,3,label0,145,energy_identity_relative_error,0.0,0.0,145,0
svd_radon,3417,16,[3],constructed_initial,test,cfp_stage3,0,256,0.0625,512,32,64,3,label0,145,channel_energy_retained,0.6434354112977432,0.024854991850471506,145,0
svd_radon,3417,16,[3],constructed_initial,test,cfp_stage3,0,256,0.0625,512,32,64,3,label1,145,self_relative,0.0,0.0,145,0
svd_radon,3417,16,[3],constructed_initial,test,cfp_stage3,0,256,0.0625,512,32,64,3,label1,145,cross_relative,0.0,0.0,145,0
svd_radon,3417,16,[3],constructed_initial,test,cfp_stage3,0,256,0.0625,512,32,64,3,label1,145,total_relative,0.0,0.0,145,0
svd_radon,3417,16,[3],constructed_initial,test,cfp_stage3,0,256,0.0625,512,32,64,3,label1,145,self_cross_cosine,,,0,145
svd_radon,3417,16,[3],constructed_initial,test,cfp_stage3,0,256,0.0625,512,32,64,3,label1,145,energy_identity_relative_error,0.0,0.0,145,0
svd_radon,3417,16,[3],constructed_initial,test,cfp_stage3,0,256,0.0625,512,32,64,3,label1,145,channel_energy_retained,0.6444607000174976,0.02497893055659268,145,0
svd_radon,3417,16,[3],constructed_initial,test,oct_stage3,0,256,0.0625,512,32,64,3,all,290,self_relative,0.0,0.0,290,0
svd_radon,3417,16,[3],constructed_initial,test,oct_stage3,0,256,0.0625,512,32,64,3,all,290,cross_relative,0.0,0.0,290,0
svd_radon,3417,16,[3],constructed_initial,test,oct_stage3,0,256,0.0625,512,32,64,3,all,290,total_relative,0.0,0.0,290,0
svd_radon,3417,16,[3],constructed_initial,test,oct_stage3,0,256,0.0625,512,32,64,3,all,290,self_cross_cosine,,,0,290
svd_radon,3417,16,[3],constructed_initial,test,oct_stage3,0,256,0.0625,512,32,64,3,all,290,energy_identity_relative_error,0.0,0.0,290,0
svd_radon,3417,16,[3],constructed_initial,test,oct_stage3,0,256,0.0625,512,32,64,3,all,290,channel_energy_retained,0.6439708713157075,0.028674488660270298,290,0
svd_radon,3417,16,[3],constructed_initial,test,oct_stage3,0,256,0.0625,512,32,64,3,label0,145,self_relative,0.0,0.0,145,0
svd_radon,3417,16,[3],constructed_initial,test,oct_stage3,0,256,0.0625,512,32,64,3,label0,145,cross_relative,0.0,0.0,145,0
svd_radon,3417,16,[3],constructed_initial,test,oct_stage3,0,256,0.0625,512,32,64,3,label0,145,total_relative,0.0,0.0,145,0
svd_radon,3417,16,[3],constructed_initial,test,oct_stage3,0,256,0.0625,512,32,64,3,label0,145,self_cross_cosine,,,0,145
svd_radon,3417,16,[3],constructed_initial,test,oct_stage3,0,256,0.0625,512,32,64,3,label0,145,energy_identity_relative_error,0.0,0.0,145,0
svd_radon,3417,16,[3],constructed_initial,test,oct_stage3,0,256,0.0625,512,32,64,3,label0,145,channel_energy_retained,0.6450456536666894,0.029795511910849257,145,0
svd_radon,3417,16,[3],constructed_initial,test,oct_stage3,0,256,0.0625,512,32,64,3,label1,145,self_relative,0.0,0.0,145,0
svd_radon,3417,16,[3],constructed_initial,test,oct_stage3,0,256,0.0625,512,32,64,3,label1,145,cross_relative,0.0,0.0,145,0
svd_radon,3417,16,[3],constructed_initial,test,oct_stage3,0,256,0.0625,512,32,64,3,label1,145,total_relative,0.0,0.0,145,0
svd_radon,3417,16,[3],constructed_initial,test,oct_stage3,0,256,0.0625,512,32,64,3,label1,145,self_cross_cosine,,,0,145
svd_radon,3417,16,[3],constructed_initial,test,oct_stage3,0,256,0.0625,512,32,64,3,label1,145,energy_identity_relative_error,0.0,0.0,145,0
svd_radon,3417,16,[3],constructed_initial,test,oct_stage3,0,256,0.0625,512,32,64,3,label1,145,channel_energy_retained,0.6428960889647256,0.027569251288973605,145,0
svd_radon,3417,16,[3],selected,train,cfp_stage3,0,256,0.0625,512,32,64,3,all,1264,self_relative,0.37356321700989004,0.008284382493358637,1264,0
svd_radon,3417,16,[3],selected,train,cfp_stage3,0,256,0.0625,512,32,64,3,all,1264,cross_relative,0.26235677002003693,0.023618171939458598,1264,0
svd_radon,3417,16,[3],selected,train,cfp_stage3,0,256,0.0625,512,32,64,3,all,1264,total_relative,0.5353198087231638,0.02296160527297658,1264,0
svd_radon,3417,16,[3],selected,train,cfp_stage3,0,256,0.0625,512,32,64,3,all,1264,self_cross_cosine,0.39992405405388504,0.0806916541834709,1264,0
svd_radon,3417,16,[3],selected,train,cfp_stage3,0,256,0.0625,512,32,64,3,all,1264,energy_identity_relative_error,5.977585415431212e-17,5.0363056847326425e-17,1264,0
svd_radon,3417,16,[3],selected,train,cfp_stage3,0,256,0.0625,512,32,64,3,all,1264,channel_energy_retained,0.5677344215568222,0.019644203638810736,1264,0
svd_radon,3417,16,[3],selected,train,cfp_stage3,0,256,0.0625,512,32,64,3,label0,632,self_relative,0.3760839269261835,0.007486417414704315,632,0
svd_radon,3417,16,[3],selected,train,cfp_stage3,0,256,0.0625,512,32,64,3,label0,632,cross_relative,0.26649218686482945,0.023477103138333743,632,0
svd_radon,3417,16,[3],selected,train,cfp_stage3,0,256,0.0625,512,32,64,3,label0,632,total_relative,0.5492527943707759,0.018988122507706054,632,0
svd_radon,3417,16,[3],selected,train,cfp_stage3,0,256,0.0625,512,32,64,3,label0,632,self_cross_cosine,0.44537811895456136,0.0532752026388167,632,0
svd_radon,3417,16,[3],selected,train,cfp_stage3,0,256,0.0625,512,32,64,3,label0,632,energy_identity_relative_error,5.842192043102762e-17,5.113441854720917e-17,632,0
svd_radon,3417,16,[3],selected,train,cfp_stage3,0,256,0.0625,512,32,64,3,label0,632,channel_energy_retained,0.5708981589090555,0.018641878708982696,632,0
svd_radon,3417,16,[3],selected,train,cfp_stage3,0,256,0.0625,512,32,64,3,label1,632,self_relative,0.3710425070935963,0.008282282896001377,632,0
svd_radon,3417,16,[3],selected,train,cfp_stage3,0,256,0.0625,512,32,64,3,label1,632,cross_relative,0.2582213531752443,0.023045350769098118,632,0
svd_radon,3417,16,[3],selected,train,cfp_stage3,0,256,0.0625,512,32,64,3,label1,632,total_relative,0.5213868230755518,0.017489594367608836,632,0
svd_radon,3417,16,[3],selected,train,cfp_stage3,0,256,0.0625,512,32,64,3,label1,632,self_cross_cosine,0.3544699891532084,0.07781815383319535,632,0
svd_radon,3417,16,[3],selected,train,cfp_stage3,0,256,0.0625,512,32,64,3,label1,632,energy_identity_relative_error,6.112978787759664e-17,4.958320136204419e-17,632,0
svd_radon,3417,16,[3],selected,train,cfp_stage3,0,256,0.0625,512,32,64,3,label1,632,channel_energy_retained,0.5645706842045887,0.020120417464499527,632,0
svd_radon,3417,16,[3],selected,train,oct_stage3,0,256,0.0625,512,32,64,3,all,1264,self_relative,1.0012745189842318,0.05937125234531129,1264,0
svd_radon,3417,16,[3],selected,train,oct_stage3,0,256,0.0625,512,32,64,3,all,1264,cross_relative,1.0026779454174113,0.0836654646561304,1264,0
svd_radon,3417,16,[3],selected,train,oct_stage3,0,256,0.0625,512,32,64,3,all,1264,total_relative,1.629671887560605,0.08088181853357358,1264,0
svd_radon,3417,16,[3],selected,train,oct_stage3,0,256,0.0625,512,32,64,3,all,1264,self_cross_cosine,0.3229580349280118,0.07137094951388358,1264,0
svd_radon,3417,16,[3],selected,train,oct_stage3,0,256,0.0625,512,32,64,3,all,1264,energy_identity_relative_error,8.098595753490102e-17,6.429102132426957e-17,1264,0
svd_radon,3417,16,[3],selected,train,oct_stage3,0,256,0.0625,512,32,64,3,all,1264,channel_energy_retained,0.530973812233208,0.01805828033094722,1264,0
svd_radon,3417,16,[3],selected,train,oct_stage3,0,256,0.0625,512,32,64,3,label0,632,self_relative,0.9934910203867282,0.06057726180716625,632,0
svd_radon,3417,16,[3],selected,train,oct_stage3,0,256,0.0625,512,32,64,3,label0,632,cross_relative,1.0353622628061103,0.08666793835271196,632,0
svd_radon,3417,16,[3],selected,train,oct_stage3,0,256,0.0625,512,32,64,3,label0,632,total_relative,1.6368985928419677,0.08540096764235228,632,0
svd_radon,3417,16,[3],selected,train,oct_stage3,0,256,0.0625,512,32,64,3,label0,632,self_cross_cosine,0.301659407646981,0.06774660327773567,632,0
svd_radon,3417,16,[3],selected,train,oct_stage3,0,256,0.0625,512,32,64,3,label0,632,energy_identity_relative_error,8.062688632828586e-17,6.396490358210227e-17,632,0
svd_radon,3417,16,[3],selected,train,oct_stage3,0,256,0.0625,512,32,64,3,label0,632,channel_energy_retained,0.5315641929443061,0.018121156345657943,632,0
svd_radon,3417,16,[3],selected,train,oct_stage3,0,256,0.0625,512,32,64,3,label1,632,self_relative,1.0090580175817365,0.05713593548839241,632,0
svd_radon,3417,16,[3],selected,train,oct_stage3,0,256,0.0625,512,32,64,3,label1,632,cross_relative,0.9699936280287117,0.06602777162400687,632,0
svd_radon,3417,16,[3],selected,train,oct_stage3,0,256,0.0625,512,32,64,3,label1,632,total_relative,1.6224451822792427,0.07547293061895943,632,0
svd_radon,3417,16,[3],selected,train,oct_stage3,0,256,0.0625,512,32,64,3,label1,632,self_cross_cosine,0.34425666220904233,0.06853753971601907,632,0
svd_radon,3417,16,[3],selected,train,oct_stage3,0,256,0.0625,512,32,64,3,label1,632,energy_identity_relative_error,8.134502874151615e-17,6.466416422547703e-17,632,0
svd_radon,3417,16,[3],selected,train,oct_stage3,0,256,0.0625,512,32,64,3,label1,632,channel_energy_retained,0.5303834315221099,0.017990143615024944,632,0
svd_radon,3417,16,[3],selected,validation,cfp_stage3,0,256,0.0625,512,32,64,3,all,296,self_relative,0.3738226593377674,0.008794652244016416,296,0
svd_radon,3417,16,[3],selected,validation,cfp_stage3,0,256,0.0625,512,32,64,3,all,296,cross_relative,0.25919575928797745,0.022085953249086427,296,0
svd_radon,3417,16,[3],selected,validation,cfp_stage3,0,256,0.0625,512,32,64,3,all,296,total_relative,0.5340470626259537,0.02011411619591144,296,0
svd_radon,3417,16,[3],selected,validation,cfp_stage3,0,256,0.0625,512,32,64,3,all,296,self_cross_cosine,0.40513453700410623,0.07210927126523121,296,0
svd_radon,3417,16,[3],selected,validation,cfp_stage3,0,256,0.0625,512,32,64,3,all,296,energy_identity_relative_error,6.30626730763873e-17,4.9974463305782864e-17,296,0
svd_radon,3417,16,[3],selected,validation,cfp_stage3,0,256,0.0625,512,32,64,3,all,296,channel_energy_retained,0.567918550838988,0.018762042785038104,296,0
svd_radon,3417,16,[3],selected,validation,cfp_stage3,0,256,0.0625,512,32,64,3,label0,148,self_relative,0.3744862166687989,0.008255442986724147,148,0
svd_radon,3417,16,[3],selected,validation,cfp_stage3,0,256,0.0625,512,32,64,3,label0,148,cross_relative,0.2615875719323836,0.020052163696159874,148,0
svd_radon,3417,16,[3],selected,validation,cfp_stage3,0,256,0.0625,512,32,64,3,label0,148,total_relative,0.5394103970115874,0.01818059238688574,148,0
svd_radon,3417,16,[3],selected,validation,cfp_stage3,0,256,0.0625,512,32,64,3,label0,148,self_cross_cosine,0.42094098917675193,0.06386774809747799,148,0
svd_radon,3417,16,[3],selected,validation,cfp_stage3,0,256,0.0625,512,32,64,3,label0,148,energy_identity_relative_error,6.27467670508872e-17,4.886743377224349e-17,148,0
svd_radon,3417,16,[3],selected,validation,cfp_stage3,0,256,0.0625,512,32,64,3,label0,148,channel_energy_retained,0.5690297549588645,0.018381662718849032,148,0
svd_radon,3417,16,[3],selected,validation,cfp_stage3,0,256,0.0625,512,32,64,3,label1,148,self_relative,0.3731591020067359,0.0092832662714577,148,0
svd_radon,3417,16,[3],selected,validation,cfp_stage3,0,256,0.0625,512,32,64,3,label1,148,cross_relative,0.25680394664357153,0.023775792703626585,148,0
svd_radon,3417,16,[3],selected,validation,cfp_stage3,0,256,0.0625,512,32,64,3,label1,148,total_relative,0.5286837282403201,0.020577938510661996,148,0
svd_radon,3417,16,[3],selected,validation,cfp_stage3,0,256,0.0625,512,32,64,3,label1,148,self_cross_cosine,0.38932808483146053,0.07650287634220888,148,0
svd_radon,3417,16,[3],selected,validation,cfp_stage3,0,256,0.0625,512,32,64,3,label1,148,energy_identity_relative_error,6.337857910188743e-17,5.122163962782662e-17,148,0
svd_radon,3417,16,[3],selected,validation,cfp_stage3,0,256,0.0625,512,32,64,3,label1,148,channel_energy_retained,0.5668073467191116,0.01913246666107717,148,0
svd_radon,3417,16,[3],selected,validation,oct_stage3,0,256,0.0625,512,32,64,3,all,296,self_relative,1.0020988625478702,0.05673357144202449,296,0
svd_radon,3417,16,[3],selected,validation,oct_stage3,0,256,0.0625,512,32,64,3,all,296,cross_relative,0.9938984739740253,0.07452116839191125,296,0
svd_radon,3417,16,[3],selected,validation,oct_stage3,0,256,0.0625,512,32,64,3,all,296,total_relative,1.6196665833686363,0.07660344692727818,296,0
svd_radon,3417,16,[3],selected,validation,oct_stage3,0,256,0.0625,512,32,64,3,all,296,self_cross_cosine,0.31708873390548764,0.06838818244137261,296,0
svd_radon,3417,16,[3],selected,validation,oct_stage3,0,256,0.0625,512,32,64,3,all,296,energy_identity_relative_error,8.292898129689105e-17,6.156843830731136e-17,296,0
svd_radon,3417,16,[3],selected,validation,oct_stage3,0,256,0.0625,512,32,64,3,all,296,channel_energy_retained,0.5327550193022195,0.01683933962111458,296,0
svd_radon,3417,16,[3],selected,validation,oct_stage3,0,256,0.0625,512,32,64,3,label0,148,self_relative,0.9985678522008097,0.05858852627271972,148,0
svd_radon,3417,16,[3],selected,validation,oct_stage3,0,256,0.0625,512,32,64,3,label0,148,cross_relative,0.9946337513136512,0.07483221817024804,148,0
svd_radon,3417,16,[3],selected,validation,oct_stage3,0,256,0.0625,512,32,64,3,label0,148,total_relative,1.618217937212925,0.07765082309464261,148,0
svd_radon,3417,16,[3],selected,validation,oct_stage3,0,256,0.0625,512,32,64,3,label0,148,self_cross_cosine,0.31819024998753803,0.0653024218933605,148,0
svd_radon,3417,16,[3],selected,validation,oct_stage3,0,256,0.0625,512,32,64,3,label0,148,energy_identity_relative_error,8.160502199322431e-17,6.02330024930473e-17,148,0
svd_radon,3417,16,[3],selected,validation,oct_stage3,0,256,0.0625,512,32,64,3,label0,148,channel_energy_retained,0.5317571060759021,0.016981662296018503,148,0
svd_radon,3417,16,[3],selected,validation,oct_stage3,0,256,0.0625,512,32,64,3,label1,148,self_relative,1.0056298728949307,0.05478659553853812,148,0
svd_radon,3417,16,[3],selected,validation,oct_stage3,0,256,0.0625,512,32,64,3,label1,148,cross_relative,0.9931631966343989,0.07445560987460235,148,0
svd_radon,3417,16,[3],selected,validation,oct_stage3,0,256,0.0625,512,32,64,3,label1,148,total_relative,1.6211152295243483,0.07577743132438768,148,0
svd_radon,3417,16,[3],selected,validation,oct_stage3,0,256,0.0625,512,32,64,3,label1,148,self_cross_cosine,0.3159872178234372,0.07154616306230274,148,0
svd_radon,3417,16,[3],selected,validation,oct_stage3,0,256,0.0625,512,32,64,3,label1,148,energy_identity_relative_error,8.425294060055777e-17,6.305226328417905e-17,148,0
svd_radon,3417,16,[3],selected,validation,oct_stage3,0,256,0.0625,512,32,64,3,label1,148,channel_energy_retained,0.5337529325285371,0.016693521363771325,148,0
svd_radon,3417,16,[3],selected,test,cfp_stage3,0,256,0.0625,512,32,64,3,all,290,self_relative,0.3736952130277443,0.008267622914730821,290,0
svd_radon,3417,16,[3],selected,test,cfp_stage3,0,256,0.0625,512,32,64,3,all,290,cross_relative,0.2602707373246682,0.025166285105520686,290,0
svd_radon,3417,16,[3],selected,test,cfp_stage3,0,256,0.0625,512,32,64,3,all,290,total_relative,0.5343141255042265,0.01936170967639134,290,0
svd_radon,3417,16,[3],selected,test,cfp_stage3,0,256,0.0625,512,32,64,3,all,290,self_cross_cosine,0.4029572497057062,0.0740267678180646,290,0
svd_radon,3417,16,[3],selected,test,cfp_stage3,0,256,0.0625,512,32,64,3,all,290,energy_identity_relative_error,6.285121148801375e-17,4.917278838479522e-17,290,0
svd_radon,3417,16,[3],selected,test,cfp_stage3,0,256,0.0625,512,32,64,3,all,290,channel_energy_retained,0.5675213928438123,0.019646884021025275,290,0
svd_radon,3417,16,[3],selected,test,cfp_stage3,0,256,0.0625,512,32,64,3,label0,145,self_relative,0.37388974881042,0.008492647546291985,145,0
svd_radon,3417,16,[3],selected,test,cfp_stage3,0,256,0.0625,512,32,64,3,label0,145,cross_relative,0.2602732582399242,0.024917614634425954,145,0
svd_radon,3417,16,[3],selected,test,cfp_stage3,0,256,0.0625,512,32,64,3,label0,145,total_relative,0.5372435646149748,0.019772907534134,145,0
svd_radon,3417,16,[3],selected,test,cfp_stage3,0,256,0.0625,512,32,64,3,label0,145,self_cross_cosine,0.4176345733998525,0.06673302616995902,145,0
svd_radon,3417,16,[3],selected,test,cfp_stage3,0,256,0.0625,512,32,64,3,label0,145,energy_identity_relative_error,6.358196231520245e-17,5.065868906984195e-17,145,0
svd_radon,3417,16,[3],selected,test,cfp_stage3,0,256,0.0625,512,32,64,3,label0,145,channel_energy_retained,0.5672129528991426,0.0195325738919648,145,0
svd_radon,3417,16,[3],selected,test,cfp_stage3,0,256,0.0625,512,32,64,3,label1,145,self_relative,0.3735006772450687,0.008061053201592491,145,0
svd_radon,3417,16,[3],selected,test,cfp_stage3,0,256,0.0625,512,32,64,3,label1,145,cross_relative,0.2602682164094121,0.025498911502990787,145,0
svd_radon,3417,16,[3],selected,test,cfp_stage3,0,256,0.0625,512,32,64,3,label1,145,total_relative,0.5313846863934784,0.018550057113829475,145,0
svd_radon,3417,16,[3],selected,test,cfp_stage3,0,256,0.0625,512,32,64,3,label1,145,self_cross_cosine,0.38827992601155986,0.07817188471698189,145,0
svd_radon,3417,16,[3],selected,test,cfp_stage3,0,256,0.0625,512,32,64,3,label1,145,energy_identity_relative_error,6.212046066082506e-17,4.7805224161910603e-17,145,0
svd_radon,3417,16,[3],selected,test,cfp_stage3,0,256,0.0625,512,32,64,3,label1,145,channel_energy_retained,0.5678298327884818,0.019823411028878135,145,0
svd_radon,3417,16,[3],selected,test,oct_stage3,0,256,0.0625,512,32,64,3,all,290,self_relative,1.0026855122038987,0.06085246633624154,290,0
svd_radon,3417,16,[3],selected,test,oct_stage3,0,256,0.0625,512,32,64,3,all,290,cross_relative,0.9989031062700843,0.08036847618470225,290,0
svd_radon,3417,16,[3],selected,test,oct_stage3,0,256,0.0625,512,32,64,3,all,290,total_relative,1.6241646623398174,0.0776331591063089,290,0
svd_radon,3417,16,[3],selected,test,oct_stage3,0,256,0.0625,512,32,64,3,all,290,self_cross_cosine,0.3173765613644651,0.07672353188553785,290,0
svd_radon,3417,16,[3],selected,test,oct_stage3,0,256,0.0625,512,32,64,3,all,290,energy_identity_relative_error,7.861671565184402e-17,6.117535809930706e-17,290,0
svd_radon,3417,16,[3],selected,test,oct_stage3,0,256,0.0625,512,32,64,3,all,290,channel_energy_retained,0.5321161015099015,0.020371181401467087,290,0
svd_radon,3417,16,[3],selected,test,oct_stage3,0,256,0.0625,512,32,64,3,label0,145,self_relative,0.9972970565356469,0.059503437907307034,145,0
svd_radon,3417,16,[3],selected,test,oct_stage3,0,256,0.0625,512,32,64,3,label0,145,cross_relative,0.9960619992044338,0.08495296476601204,145,0
svd_radon,3417,16,[3],selected,test,oct_stage3,0,256,0.0625,512,32,64,3,label0,145,total_relative,1.6204875639842664,0.08159931348624812,145,0
svd_radon,3417,16,[3],selected,test,oct_stage3,0,256,0.0625,512,32,64,3,label0,145,self_cross_cosine,0.321870655243939,0.07122130828958399,145,0
svd_radon,3417,16,[3],selected,test,oct_stage3,0,256,0.0625,512,32,64,3,label0,145,energy_identity_relative_error,7.161461328757641e-17,5.669448442606436e-17,145,0
svd_radon,3417,16,[3],selected,test,oct_stage3,0,256,0.0625,512,32,64,3,label0,145,channel_energy_retained,0.5320030010207382,0.022175284840055005,145,0
svd_radon,3417,16,[3],selected,test,oct_stage3,0,256,0.0625,512,32,64,3,label1,145,self_relative,1.0080739678721502,0.06190821796476562,145,0
svd_radon,3417,16,[3],selected,test,oct_stage3,0,256,0.0625,512,32,64,3,label1,145,cross_relative,1.0017442133357353,0.07569528798400321,145,0
svd_radon,3417,16,[3],selected,test,oct_stage3,0,256,0.0625,512,32,64,3,label1,145,total_relative,1.6278417606953681,0.073552637279421,145,0
svd_radon,3417,16,[3],selected,test,oct_stage3,0,256,0.0625,512,32,64,3,label1,145,self_cross_cosine,0.3128824674849914,0.08185798762677847,145,0
svd_radon,3417,16,[3],selected,test,oct_stage3,0,256,0.0625,512,32,64,3,label1,145,energy_identity_relative_error,8.561881801611168e-17,6.479069016434019e-17,145,0
svd_radon,3417,16,[3],selected,test,oct_stage3,0,256,0.0625,512,32,64,3,label1,145,channel_energy_retained,0.5322292019990652,0.018468429414515188,145,0
svd_radon,3417,32,[3],constructed_initial,train,cfp_stage3,0,256,0.125,1024,32,64,3,all,1264,self_relative,0.0,0.0,1264,0
svd_radon,3417,32,[3],constructed_initial,train,cfp_stage3,0,256,0.125,1024,32,64,3,all,1264,cross_relative,0.0,0.0,1264,0
svd_radon,3417,32,[3],constructed_initial,train,cfp_stage3,0,256,0.125,1024,32,64,3,all,1264,total_relative,0.0,0.0,1264,0
svd_radon,3417,32,[3],constructed_initial,train,cfp_stage3,0,256,0.125,1024,32,64,3,all,1264,self_cross_cosine,,,0,1264
svd_radon,3417,32,[3],constructed_initial,train,cfp_stage3,0,256,0.125,1024,32,64,3,all,1264,energy_identity_relative_error,0.0,0.0,1264,0
svd_radon,3417,32,[3],constructed_initial,train,cfp_stage3,0,256,0.125,1024,32,64,3,all,1264,channel_energy_retained,0.7421835375492294,0.024943296804016152,1264,0
svd_radon,3417,32,[3],constructed_initial,train,cfp_stage3,0,256,0.125,1024,32,64,3,label0,632,self_relative,0.0,0.0,632,0
svd_radon,3417,32,[3],constructed_initial,train,cfp_stage3,0,256,0.125,1024,32,64,3,label0,632,cross_relative,0.0,0.0,632,0
svd_radon,3417,32,[3],constructed_initial,train,cfp_stage3,0,256,0.125,1024,32,64,3,label0,632,total_relative,0.0,0.0,632,0
svd_radon,3417,32,[3],constructed_initial,train,cfp_stage3,0,256,0.125,1024,32,64,3,label0,632,self_cross_cosine,,,0,632
svd_radon,3417,32,[3],constructed_initial,train,cfp_stage3,0,256,0.125,1024,32,64,3,label0,632,energy_identity_relative_error,0.0,0.0,632,0
svd_radon,3417,32,[3],constructed_initial,train,cfp_stage3,0,256,0.125,1024,32,64,3,label0,632,channel_energy_retained,0.7446703216978735,0.023340148789831143,632,0
svd_radon,3417,32,[3],constructed_initial,train,cfp_stage3,0,256,0.125,1024,32,64,3,label1,632,self_relative,0.0,0.0,632,0
svd_radon,3417,32,[3],constructed_initial,train,cfp_stage3,0,256,0.125,1024,32,64,3,label1,632,cross_relative,0.0,0.0,632,0
svd_radon,3417,32,[3],constructed_initial,train,cfp_stage3,0,256,0.125,1024,32,64,3,label1,632,total_relative,0.0,0.0,632,0
svd_radon,3417,32,[3],constructed_initial,train,cfp_stage3,0,256,0.125,1024,32,64,3,label1,632,self_cross_cosine,,,0,632
svd_radon,3417,32,[3],constructed_initial,train,cfp_stage3,0,256,0.125,1024,32,64,3,label1,632,energy_identity_relative_error,0.0,0.0,632,0
svd_radon,3417,32,[3],constructed_initial,train,cfp_stage3,0,256,0.125,1024,32,64,3,label1,632,channel_energy_retained,0.739696753400585,0.02623302835915429,632,0
svd_radon,3417,32,[3],constructed_initial,train,oct_stage3,0,256,0.125,1024,32,64,3,all,1264,self_relative,0.0,0.0,1264,0
svd_radon,3417,32,[3],constructed_initial,train,oct_stage3,0,256,0.125,1024,32,64,3,all,1264,cross_relative,0.0,0.0,1264,0
svd_radon,3417,32,[3],constructed_initial,train,oct_stage3,0,256,0.125,1024,32,64,3,all,1264,total_relative,0.0,0.0,1264,0
svd_radon,3417,32,[3],constructed_initial,train,oct_stage3,0,256,0.125,1024,32,64,3,all,1264,self_cross_cosine,,,0,1264
svd_radon,3417,32,[3],constructed_initial,train,oct_stage3,0,256,0.125,1024,32,64,3,all,1264,energy_identity_relative_error,0.0,0.0,1264,0
svd_radon,3417,32,[3],constructed_initial,train,oct_stage3,0,256,0.125,1024,32,64,3,all,1264,channel_energy_retained,0.7406207515908897,0.022744142445001156,1264,0
svd_radon,3417,32,[3],constructed_initial,train,oct_stage3,0,256,0.125,1024,32,64,3,label0,632,self_relative,0.0,0.0,632,0
svd_radon,3417,32,[3],constructed_initial,train,oct_stage3,0,256,0.125,1024,32,64,3,label0,632,cross_relative,0.0,0.0,632,0
svd_radon,3417,32,[3],constructed_initial,train,oct_stage3,0,256,0.125,1024,32,64,3,label0,632,total_relative,0.0,0.0,632,0
svd_radon,3417,32,[3],constructed_initial,train,oct_stage3,0,256,0.125,1024,32,64,3,label0,632,self_cross_cosine,,,0,632
svd_radon,3417,32,[3],constructed_initial,train,oct_stage3,0,256,0.125,1024,32,64,3,label0,632,energy_identity_relative_error,0.0,0.0,632,0
svd_radon,3417,32,[3],constructed_initial,train,oct_stage3,0,256,0.125,1024,32,64,3,label0,632,channel_energy_retained,0.7409397736391448,0.02214931578887035,632,0
svd_radon,3417,32,[3],constructed_initial,train,oct_stage3,0,256,0.125,1024,32,64,3,label1,632,self_relative,0.0,0.0,632,0
svd_radon,3417,32,[3],constructed_initial,train,oct_stage3,0,256,0.125,1024,32,64,3,label1,632,cross_relative,0.0,0.0,632,0
svd_radon,3417,32,[3],constructed_initial,train,oct_stage3,0,256,0.125,1024,32,64,3,label1,632,total_relative,0.0,0.0,632,0
svd_radon,3417,32,[3],constructed_initial,train,oct_stage3,0,256,0.125,1024,32,64,3,label1,632,self_cross_cosine,,,0,632
svd_radon,3417,32,[3],constructed_initial,train,oct_stage3,0,256,0.125,1024,32,64,3,label1,632,energy_identity_relative_error,0.0,0.0,632,0
svd_radon,3417,32,[3],constructed_initial,train,oct_stage3,0,256,0.125,1024,32,64,3,label1,632,channel_energy_retained,0.7403017295426348,0.023337004349208986,632,0
svd_radon,3417,32,[3],constructed_initial,validation,cfp_stage3,0,256,0.125,1024,32,64,3,all,296,self_relative,0.0,0.0,296,0
svd_radon,3417,32,[3],constructed_initial,validation,cfp_stage3,0,256,0.125,1024,32,64,3,all,296,cross_relative,0.0,0.0,296,0
svd_radon,3417,32,[3],constructed_initial,validation,cfp_stage3,0,256,0.125,1024,32,64,3,all,296,total_relative,0.0,0.0,296,0
svd_radon,3417,32,[3],constructed_initial,validation,cfp_stage3,0,256,0.125,1024,32,64,3,all,296,self_cross_cosine,,,0,296
svd_radon,3417,32,[3],constructed_initial,validation,cfp_stage3,0,256,0.125,1024,32,64,3,all,296,energy_identity_relative_error,0.0,0.0,296,0
svd_radon,3417,32,[3],constructed_initial,validation,cfp_stage3,0,256,0.125,1024,32,64,3,all,296,channel_energy_retained,0.7415146795958751,0.02469374094342171,296,0
svd_radon,3417,32,[3],constructed_initial,validation,cfp_stage3,0,256,0.125,1024,32,64,3,label0,148,self_relative,0.0,0.0,148,0
svd_radon,3417,32,[3],constructed_initial,validation,cfp_stage3,0,256,0.125,1024,32,64,3,label0,148,cross_relative,0.0,0.0,148,0
svd_radon,3417,32,[3],constructed_initial,validation,cfp_stage3,0,256,0.125,1024,32,64,3,label0,148,total_relative,0.0,0.0,148,0
svd_radon,3417,32,[3],constructed_initial,validation,cfp_stage3,0,256,0.125,1024,32,64,3,label0,148,self_cross_cosine,,,0,148
svd_radon,3417,32,[3],constructed_initial,validation,cfp_stage3,0,256,0.125,1024,32,64,3,label0,148,energy_identity_relative_error,0.0,0.0,148,0
svd_radon,3417,32,[3],constructed_initial,validation,cfp_stage3,0,256,0.125,1024,32,64,3,label0,148,channel_energy_retained,0.7434738803836815,0.023897870420672037,148,0
svd_radon,3417,32,[3],constructed_initial,validation,cfp_stage3,0,256,0.125,1024,32,64,3,label1,148,self_relative,0.0,0.0,148,0
svd_radon,3417,32,[3],constructed_initial,validation,cfp_stage3,0,256,0.125,1024,32,64,3,label1,148,cross_relative,0.0,0.0,148,0
svd_radon,3417,32,[3],constructed_initial,validation,cfp_stage3,0,256,0.125,1024,32,64,3,label1,148,total_relative,0.0,0.0,148,0
svd_radon,3417,32,[3],constructed_initial,validation,cfp_stage3,0,256,0.125,1024,32,64,3,label1,148,self_cross_cosine,,,0,148
svd_radon,3417,32,[3],constructed_initial,validation,cfp_stage3,0,256,0.125,1024,32,64,3,label1,148,energy_identity_relative_error,0.0,0.0,148,0
svd_radon,3417,32,[3],constructed_initial,validation,cfp_stage3,0,256,0.125,1024,32,64,3,label1,148,channel_energy_retained,0.739555478808069,0.025394339574109366,148,0
svd_radon,3417,32,[3],constructed_initial,validation,oct_stage3,0,256,0.125,1024,32,64,3,all,296,self_relative,0.0,0.0,296,0
svd_radon,3417,32,[3],constructed_initial,validation,oct_stage3,0,256,0.125,1024,32,64,3,all,296,cross_relative,0.0,0.0,296,0
svd_radon,3417,32,[3],constructed_initial,validation,oct_stage3,0,256,0.125,1024,32,64,3,all,296,total_relative,0.0,0.0,296,0
svd_radon,3417,32,[3],constructed_initial,validation,oct_stage3,0,256,0.125,1024,32,64,3,all,296,self_cross_cosine,,,0,296
svd_radon,3417,32,[3],constructed_initial,validation,oct_stage3,0,256,0.125,1024,32,64,3,all,296,energy_identity_relative_error,0.0,0.0,296,0
svd_radon,3417,32,[3],constructed_initial,validation,oct_stage3,0,256,0.125,1024,32,64,3,all,296,channel_energy_retained,0.7413470277910664,0.022670361804753094,296,0
svd_radon,3417,32,[3],constructed_initial,validation,oct_stage3,0,256,0.125,1024,32,64,3,label0,148,self_relative,0.0,0.0,148,0
svd_radon,3417,32,[3],constructed_initial,validation,oct_stage3,0,256,0.125,1024,32,64,3,label0,148,cross_relative,0.0,0.0,148,0
svd_radon,3417,32,[3],constructed_initial,validation,oct_stage3,0,256,0.125,1024,32,64,3,label0,148,total_relative,0.0,0.0,148,0
svd_radon,3417,32,[3],constructed_initial,validation,oct_stage3,0,256,0.125,1024,32,64,3,label0,148,self_cross_cosine,,,0,148
svd_radon,3417,32,[3],constructed_initial,validation,oct_stage3,0,256,0.125,1024,32,64,3,label0,148,energy_identity_relative_error,0.0,0.0,148,0
svd_radon,3417,32,[3],constructed_initial,validation,oct_stage3,0,256,0.125,1024,32,64,3,label0,148,channel_energy_retained,0.7397150743921194,0.021108433905941457,148,0
svd_radon,3417,32,[3],constructed_initial,validation,oct_stage3,0,256,0.125,1024,32,64,3,label1,148,self_relative,0.0,0.0,148,0
svd_radon,3417,32,[3],constructed_initial,validation,oct_stage3,0,256,0.125,1024,32,64,3,label1,148,cross_relative,0.0,0.0,148,0
svd_radon,3417,32,[3],constructed_initial,validation,oct_stage3,0,256,0.125,1024,32,64,3,label1,148,total_relative,0.0,0.0,148,0
svd_radon,3417,32,[3],constructed_initial,validation,oct_stage3,0,256,0.125,1024,32,64,3,label1,148,self_cross_cosine,,,0,148
svd_radon,3417,32,[3],constructed_initial,validation,oct_stage3,0,256,0.125,1024,32,64,3,label1,148,energy_identity_relative_error,0.0,0.0,148,0
svd_radon,3417,32,[3],constructed_initial,validation,oct_stage3,0,256,0.125,1024,32,64,3,label1,148,channel_energy_retained,0.7429789811900133,0.024092697535379456,148,0
svd_radon,3417,32,[3],constructed_initial,test,cfp_stage3,0,256,0.125,1024,32,64,3,all,290,self_relative,0.0,0.0,290,0
svd_radon,3417,32,[3],constructed_initial,test,cfp_stage3,0,256,0.125,1024,32,64,3,all,290,cross_relative,0.0,0.0,290,0
svd_radon,3417,32,[3],constructed_initial,test,cfp_stage3,0,256,0.125,1024,32,64,3,all,290,total_relative,0.0,0.0,290,0
svd_radon,3417,32,[3],constructed_initial,test,cfp_stage3,0,256,0.125,1024,32,64,3,all,290,self_cross_cosine,,,0,290
svd_radon,3417,32,[3],constructed_initial,test,cfp_stage3,0,256,0.125,1024,32,64,3,all,290,energy_identity_relative_error,0.0,0.0,290,0
svd_radon,3417,32,[3],constructed_initial,test,cfp_stage3,0,256,0.125,1024,32,64,3,all,290,channel_energy_retained,0.7415030273093309,0.025215271932537194,290,0
svd_radon,3417,32,[3],constructed_initial,test,cfp_stage3,0,256,0.125,1024,32,64,3,label0,145,self_relative,0.0,0.0,145,0
svd_radon,3417,32,[3],constructed_initial,test,cfp_stage3,0,256,0.125,1024,32,64,3,label0,145,cross_relative,0.0,0.0,145,0
svd_radon,3417,32,[3],constructed_initial,test,cfp_stage3,0,256,0.125,1024,32,64,3,label0,145,total_relative,0.0,0.0,145,0
svd_radon,3417,32,[3],constructed_initial,test,cfp_stage3,0,256,0.125,1024,32,64,3,label0,145,self_cross_cosine,,,0,145
svd_radon,3417,32,[3],constructed_initial,test,cfp_stage3,0,256,0.125,1024,32,64,3,label0,145,energy_identity_relative_error,0.0,0.0,145,0
svd_radon,3417,32,[3],constructed_initial,test,cfp_stage3,0,256,0.125,1024,32,64,3,label0,145,channel_energy_retained,0.7407107701846801,0.025289880712939212,145,0
svd_radon,3417,32,[3],constructed_initial,test,cfp_stage3,0,256,0.125,1024,32,64,3,label1,145,self_relative,0.0,0.0,145,0
svd_radon,3417,32,[3],constructed_initial,test,cfp_stage3,0,256,0.125,1024,32,64,3,label1,145,cross_relative,0.0,0.0,145,0
svd_radon,3417,32,[3],constructed_initial,test,cfp_stage3,0,256,0.125,1024,32,64,3,label1,145,total_relative,0.0,0.0,145,0
svd_radon,3417,32,[3],constructed_initial,test,cfp_stage3,0,256,0.125,1024,32,64,3,label1,145,self_cross_cosine,,,0,145
svd_radon,3417,32,[3],constructed_initial,test,cfp_stage3,0,256,0.125,1024,32,64,3,label1,145,energy_identity_relative_error,0.0,0.0,145,0
svd_radon,3417,32,[3],constructed_initial,test,cfp_stage3,0,256,0.125,1024,32,64,3,label1,145,channel_energy_retained,0.7422952844339821,0.025203037460266253,145,0
svd_radon,3417,32,[3],constructed_initial,test,oct_stage3,0,256,0.125,1024,32,64,3,all,290,self_relative,0.0,0.0,290,0
svd_radon,3417,32,[3],constructed_initial,test,oct_stage3,0,256,0.125,1024,32,64,3,all,290,cross_relative,0.0,0.0,290,0
svd_radon,3417,32,[3],constructed_initial,test,oct_stage3,0,256,0.125,1024,32,64,3,all,290,total_relative,0.0,0.0,290,0
svd_radon,3417,32,[3],constructed_initial,test,oct_stage3,0,256,0.125,1024,32,64,3,all,290,self_cross_cosine,,,0,290
svd_radon,3417,32,[3],constructed_initial,test,oct_stage3,0,256,0.125,1024,32,64,3,all,290,energy_identity_relative_error,0.0,0.0,290,0
svd_radon,3417,32,[3],constructed_initial,test,oct_stage3,0,256,0.125,1024,32,64,3,all,290,channel_energy_retained,0.7395981238269937,0.025810541976911756,290,0
svd_radon,3417,32,[3],constructed_initial,test,oct_stage3,0,256,0.125,1024,32,64,3,label0,145,self_relative,0.0,0.0,145,0
svd_radon,3417,32,[3],constructed_initial,test,oct_stage3,0,256,0.125,1024,32,64,3,label0,145,cross_relative,0.0,0.0,145,0
svd_radon,3417,32,[3],constructed_initial,test,oct_stage3,0,256,0.125,1024,32,64,3,label0,145,total_relative,0.0,0.0,145,0
svd_radon,3417,32,[3],constructed_initial,test,oct_stage3,0,256,0.125,1024,32,64,3,label0,145,self_cross_cosine,,,0,145
svd_radon,3417,32,[3],constructed_initial,test,oct_stage3,0,256,0.125,1024,32,64,3,label0,145,energy_identity_relative_error,0.0,0.0,145,0
svd_radon,3417,32,[3],constructed_initial,test,oct_stage3,0,256,0.125,1024,32,64,3,label0,145,channel_energy_retained,0.740885256283823,0.02692579021900267,145,0
svd_radon,3417,32,[3],constructed_initial,test,oct_stage3,0,256,0.125,1024,32,64,3,label1,145,self_relative,0.0,0.0,145,0
svd_radon,3417,32,[3],constructed_initial,test,oct_stage3,0,256,0.125,1024,32,64,3,label1,145,cross_relative,0.0,0.0,145,0
svd_radon,3417,32,[3],constructed_initial,test,oct_stage3,0,256,0.125,1024,32,64,3,label1,145,total_relative,0.0,0.0,145,0
svd_radon,3417,32,[3],constructed_initial,test,oct_stage3,0,256,0.125,1024,32,64,3,label1,145,self_cross_cosine,,,0,145
svd_radon,3417,32,[3],constructed_initial,test,oct_stage3,0,256,0.125,1024,32,64,3,label1,145,energy_identity_relative_error,0.0,0.0,145,0
svd_radon,3417,32,[3],constructed_initial,test,oct_stage3,0,256,0.125,1024,32,64,3,label1,145,channel_energy_retained,0.7383109913701645,0.0246710320800868,145,0
svd_radon,3417,32,[3],selected,train,cfp_stage3,0,256,0.125,1024,32,64,3,all,1264,self_relative,1.2949388576717125,0.037295245423580814,1264,0
svd_radon,3417,32,[3],selected,train,cfp_stage3,0,256,0.125,1024,32,64,3,all,1264,cross_relative,0.9016758655727001,0.05512855717641433,1264,0
svd_radon,3417,32,[3],selected,train,cfp_stage3,0,256,0.125,1024,32,64,3,all,1264,total_relative,2.027192122787614,0.06718987383044006,1264,0
svd_radon,3417,32,[3],selected,train,cfp_stage3,0,256,0.125,1024,32,64,3,all,1264,self_cross_cosine,0.6936105084781213,0.027218527972631114,1264,0
svd_radon,3417,32,[3],selected,train,cfp_stage3,0,256,0.125,1024,32,64,3,all,1264,energy_identity_relative_error,6.748194654065355e-17,6.154871406444111e-17,1264,0
svd_radon,3417,32,[3],selected,train,cfp_stage3,0,256,0.125,1024,32,64,3,all,1264,channel_energy_retained,0.6335446920757488,0.019232525796377457,1264,0
svd_radon,3417,32,[3],selected,train,cfp_stage3,0,256,0.125,1024,32,64,3,label0,632,self_relative,1.3077838840266123,0.03317708224308848,632,0
svd_radon,3417,32,[3],selected,train,cfp_stage3,0,256,0.125,1024,32,64,3,label0,632,cross_relative,0.9296931101977736,0.04893511060639929,632,0
svd_radon,3417,32,[3],selected,train,cfp_stage3,0,256,0.125,1024,32,64,3,label0,632,total_relative,2.058249282606343,0.05912836631915648,632,0
svd_radon,3417,32,[3],selected,train,cfp_stage3,0,256,0.125,1024,32,64,3,label0,632,self_cross_cosine,0.683261298058858,0.026491611419625957,632,0
svd_radon,3417,32,[3],selected,train,cfp_stage3,0,256,0.125,1024,32,64,3,label0,632,energy_identity_relative_error,6.623466361257002e-17,6.246847914528739e-17,632,0
svd_radon,3417,32,[3],selected,train,cfp_stage3,0,256,0.125,1024,32,64,3,label0,632,channel_energy_retained,0.6365094363265449,0.01805984801036572,632,0
svd_radon,3417,32,[3],selected,train,cfp_stage3,0,256,0.125,1024,32,64,3,label1,632,self_relative,1.2820938313168115,0.03678102560346653,632,0
svd_radon,3417,32,[3],selected,train,cfp_stage3,0,256,0.125,1024,32,64,3,label1,632,cross_relative,0.8736586209476269,0.04600072823857508,632,0
svd_radon,3417,32,[3],selected,train,cfp_stage3,0,256,0.125,1024,32,64,3,label1,632,total_relative,1.9961349629688865,0.06006494415943597,632,0
svd_radon,3417,32,[3],selected,train,cfp_stage3,0,256,0.125,1024,32,64,3,label1,632,self_cross_cosine,0.7039597188973842,0.02380154085546315,632,0
svd_radon,3417,32,[3],selected,train,cfp_stage3,0,256,0.125,1024,32,64,3,label1,632,energy_identity_relative_error,6.872922946873708e-17,6.063880535988274e-17,632,0
svd_radon,3417,32,[3],selected,train,cfp_stage3,0,256,0.125,1024,32,64,3,label1,632,channel_energy_retained,0.630579947824953,0.019914841372421124,632,0
svd_radon,3417,32,[3],selected,train,oct_stage3,0,256,0.125,1024,32,64,3,all,1264,self_relative,3.306700782549619,0.12403364876207294,1264,0
svd_radon,3417,32,[3],selected,train,oct_stage3,0,256,0.125,1024,32,64,3,all,1264,cross_relative,3.5739733176651773,0.1967187575415149,1264,0
svd_radon,3417,32,[3],selected,train,oct_stage3,0,256,0.125,1024,32,64,3,all,1264,total_relative,6.577026205922623,0.20987281678298308,1264,0
svd_radon,3417,32,[3],selected,train,oct_stage3,0,256,0.125,1024,32,64,3,all,1264,self_cross_cosine,0.8273990650522028,0.029758881224169864,1264,0
svd_radon,3417,32,[3],selected,train,oct_stage3,0,256,0.125,1024,32,64,3,all,1264,energy_identity_relative_error,8.281925566639455e-17,7.14636348808971e-17,1264,0
svd_radon,3417,32,[3],selected,train,oct_stage3,0,256,0.125,1024,32,64,3,all,1264,channel_energy_retained,0.6261082274406294,0.013532771250128198,1264,0
svd_radon,3417,32,[3],selected,train,oct_stage3,0,256,0.125,1024,32,64,3,label0,632,self_relative,3.368872347623035,0.11735132549743928,632,0
svd_radon,3417,32,[3],selected,train,oct_stage3,0,256,0.125,1024,32,64,3,label0,632,cross_relative,3.60752259974283,0.19735610855398752,632,0
svd_radon,3417,32,[3],selected,train,oct_stage3,0,256,0.125,1024,32,64,3,label0,632,total_relative,6.660204167693471,0.18963367284715943,632,0
svd_radon,3417,32,[3],selected,train,oct_stage3,0,256,0.125,1024,32,64,3,label0,632,self_cross_cosine,0.8226559094855321,0.02775661004063939,632,0
svd_radon,3417,32,[3],selected,train,oct_stage3,0,256,0.125,1024,32,64,3,label0,632,energy_identity_relative_error,8.416039665740493e-17,7.478332323039328e-17,632,0
svd_radon,3417,32,[3],selected,train,oct_stage3,0,256,0.125,1024,32,64,3,label0,632,channel_energy_retained,0.6260582077328501,0.013479084767370685,632,0
svd_radon,3417,32,[3],selected,train,oct_stage3,0,256,0.125,1024,32,64,3,label1,632,self_relative,3.2445292174762,0.09632694838921789,632,0
svd_radon,3417,32,[3],selected,train,oct_stage3,0,256,0.125,1024,32,64,3,label1,632,cross_relative,3.540424035587524,0.19040419598908956,632,0
svd_radon,3417,32,[3],selected,train,oct_stage3,0,256,0.125,1024,32,64,3,label1,632,total_relative,6.493848244151777,0.1958136804254444,632,0
svd_radon,3417,32,[3],selected,train,oct_stage3,0,256,0.125,1024,32,64,3,label1,632,self_cross_cosine,0.8321422206188736,0.030936866967722063,632,0
svd_radon,3417,32,[3],selected,train,oct_stage3,0,256,0.125,1024,32,64,3,label1,632,energy_identity_relative_error,8.147811467538413e-17,6.801505238900903e-17,632,0
svd_radon,3417,32,[3],selected,train,oct_stage3,0,256,0.125,1024,32,64,3,label1,632,channel_energy_retained,0.6261582471484087,0.013596738160107612,632,0
svd_radon,3417,32,[3],selected,validation,cfp_stage3,0,256,0.125,1024,32,64,3,all,296,self_relative,1.2947254375725576,0.03610298576963834,296,0
svd_radon,3417,32,[3],selected,validation,cfp_stage3,0,256,0.125,1024,32,64,3,all,296,cross_relative,0.8992137780703826,0.05162808274949721,296,0
svd_radon,3417,32,[3],selected,validation,cfp_stage3,0,256,0.125,1024,32,64,3,all,296,total_relative,2.0261335287138738,0.06296848551725323,296,0
svd_radon,3417,32,[3],selected,validation,cfp_stage3,0,256,0.125,1024,32,64,3,all,296,self_cross_cosine,0.6957879963478494,0.024976290987316366,296,0
svd_radon,3417,32,[3],selected,validation,cfp_stage3,0,256,0.125,1024,32,64,3,all,296,energy_identity_relative_error,6.68781005781585e-17,6.122438639868498e-17,296,0
svd_radon,3417,32,[3],selected,validation,cfp_stage3,0,256,0.125,1024,32,64,3,all,296,channel_energy_retained,0.6339231854868245,0.018900697943064447,296,0
svd_radon,3417,32,[3],selected,validation,cfp_stage3,0,256,0.125,1024,32,64,3,label0,148,self_relative,1.2966331025627158,0.03473313642007644,148,0
svd_radon,3417,32,[3],selected,validation,cfp_stage3,0,256,0.125,1024,32,64,3,label0,148,cross_relative,0.9096778582690125,0.04657008050770485,148,0
svd_radon,3417,32,[3],selected,validation,cfp_stage3,0,256,0.125,1024,32,64,3,label0,148,total_relative,2.03400580452629,0.05794419686347313,148,0
svd_radon,3417,32,[3],selected,validation,cfp_stage3,0,256,0.125,1024,32,64,3,label0,148,self_cross_cosine,0.6901676370917431,0.02602853038488618,148,0
svd_radon,3417,32,[3],selected,validation,cfp_stage3,0,256,0.125,1024,32,64,3,label0,148,energy_identity_relative_error,6.816055874296053e-17,6.10814403787844e-17,148,0
svd_radon,3417,32,[3],selected,validation,cfp_stage3,0,256,0.125,1024,32,64,3,label0,148,channel_energy_retained,0.6347402727996833,0.01857072504081658,148,0
svd_radon,3417,32,[3],selected,validation,cfp_stage3,0,256,0.125,1024,32,64,3,label1,148,self_relative,1.2928177725823997,0.03744328182623568,148,0
svd_radon,3417,32,[3],selected,validation,cfp_stage3,0,256,0.125,1024,32,64,3,label1,148,cross_relative,0.888749697871753,0.05440399000427641,148,0
svd_radon,3417,32,[3],selected,validation,cfp_stage3,0,256,0.125,1024,32,64,3,label1,148,total_relative,2.0182612529014574,0.06689330879527701,148,0
svd_radon,3417,32,[3],selected,validation,cfp_stage3,0,256,0.125,1024,32,64,3,label1,148,self_cross_cosine,0.7014083556039553,0.02260050482133452,148,0
svd_radon,3417,32,[3],selected,validation,cfp_stage3,0,256,0.125,1024,32,64,3,label1,148,energy_identity_relative_error,6.559564241335649e-17,6.154751286142428e-17,148,0
svd_radon,3417,32,[3],selected,validation,cfp_stage3,0,256,0.125,1024,32,64,3,label1,148,channel_energy_retained,0.6331060981739657,0.01925322751190148,148,0
svd_radon,3417,32,[3],selected,validation,oct_stage3,0,256,0.125,1024,32,64,3,all,296,self_relative,3.2957334009345076,0.10838829736250974,296,0
svd_radon,3417,32,[3],selected,validation,oct_stage3,0,256,0.125,1024,32,64,3,all,296,cross_relative,3.5464396727473275,0.19422752120465306,296,0
svd_radon,3417,32,[3],selected,validation,oct_stage3,0,256,0.125,1024,32,64,3,all,296,total_relative,6.547470419848904,0.20553112375074942,296,0
svd_radon,3417,32,[3],selected,validation,oct_stage3,0,256,0.125,1024,32,64,3,all,296,self_cross_cosine,0.8313704335114099,0.0276616755592286,296,0
svd_radon,3417,32,[3],selected,validation,oct_stage3,0,256,0.125,1024,32,64,3,all,296,energy_identity_relative_error,8.622079494827702e-17,6.66177105093117e-17,296,0
svd_radon,3417,32,[3],selected,validation,oct_stage3,0,256,0.125,1024,32,64,3,all,296,channel_energy_retained,0.6264247823170637,0.013872846238580197,296,0
svd_radon,3417,32,[3],selected,validation,oct_stage3,0,256,0.125,1024,32,64,3,label0,148,self_relative,3.314954565216031,0.10695362764013001,148,0
svd_radon,3417,32,[3],selected,validation,oct_stage3,0,256,0.125,1024,32,64,3,label0,148,cross_relative,3.543607860665337,0.1794041687995823,148,0
svd_radon,3417,32,[3],selected,validation,oct_stage3,0,256,0.125,1024,32,64,3,label0,148,total_relative,6.558463403197171,0.19633794977614882,148,0
svd_radon,3417,32,[3],selected,validation,oct_stage3,0,256,0.125,1024,32,64,3,label0,148,self_cross_cosine,0.8287562278981411,0.027556949636317895,148,0
svd_radon,3417,32,[3],selected,validation,oct_stage3,0,256,0.125,1024,32,64,3,label0,148,energy_identity_relative_error,8.506287776716099e-17,6.648613323544625e-17,148,0
svd_radon,3417,32,[3],selected,validation,oct_stage3,0,256,0.125,1024,32,64,3,label0,148,channel_energy_retained,0.6258079007063151,0.013298895709352648,148,0
svd_radon,3417,32,[3],selected,validation,oct_stage3,0,256,0.125,1024,32,64,3,label1,148,self_relative,3.2765122366529855,0.10673777767273797,148,0
svd_radon,3417,32,[3],selected,validation,oct_stage3,0,256,0.125,1024,32,64,3,label1,148,cross_relative,3.549271484829318,0.20857441088394713,148,0
svd_radon,3417,32,[3],selected,validation,oct_stage3,0,256,0.125,1024,32,64,3,label1,148,total_relative,6.536477436500636,0.21443303675439587,148,0
svd_radon,3417,32,[3],selected,validation,oct_stage3,0,256,0.125,1024,32,64,3,label1,148,self_cross_cosine,0.8339846391246788,0.027611505214125844,148,0
svd_radon,3417,32,[3],selected,validation,oct_stage3,0,256,0.125,1024,32,64,3,label1,148,energy_identity_relative_error,8.737871212939304e-17,6.695463341534318e-17,148,0
svd_radon,3417,32,[3],selected,validation,oct_stage3,0,256,0.125,1024,32,64,3,label1,148,channel_energy_retained,0.6270416639278119,0.01444278569697902,148,0
svd_radon,3417,32,[3],selected,test,cfp_stage3,0,256,0.125,1024,32,64,3,all,290,self_relative,1.2946197657111986,0.03370237828294737,290,0
svd_radon,3417,32,[3],selected,test,cfp_stage3,0,256,0.125,1024,32,64,3,all,290,cross_relative,0.9026114049885985,0.04722724876599815,290,0
svd_radon,3417,32,[3],selected,test,cfp_stage3,0,256,0.125,1024,32,64,3,all,290,total_relative,2.026658970060755,0.05767960335707872,290,0
svd_radon,3417,32,[3],selected,test,cfp_stage3,0,256,0.125,1024,32,64,3,all,290,self_cross_cosine,0.6916573037839882,0.027500639321311617,290,0
svd_radon,3417,32,[3],selected,test,cfp_stage3,0,256,0.125,1024,32,64,3,all,290,energy_identity_relative_error,5.979704665063108e-17,5.955082480060462e-17,290,0
svd_radon,3417,32,[3],selected,test,cfp_stage3,0,256,0.125,1024,32,64,3,all,290,channel_energy_retained,0.6338157788874044,0.018665082635124654,290,0
svd_radon,3417,32,[3],selected,test,cfp_stage3,0,256,0.125,1024,32,64,3,label0,145,self_relative,1.2972628975457643,0.033482444969776766,145,0
svd_radon,3417,32,[3],selected,test,cfp_stage3,0,256,0.125,1024,32,64,3,label0,145,cross_relative,0.9094448027243731,0.044691186814950934,145,0
svd_radon,3417,32,[3],selected,test,cfp_stage3,0,256,0.125,1024,32,64,3,label0,145,total_relative,2.0333892194937144,0.053202666681205386,145,0
svd_radon,3417,32,[3],selected,test,cfp_stage3,0,256,0.125,1024,32,64,3,label0,145,self_cross_cosine,0.6883612852650153,0.026685569873190002,145,0
svd_radon,3417,32,[3],selected,test,cfp_stage3,0,256,0.125,1024,32,64,3,label0,145,energy_identity_relative_error,6.508218183313297e-17,6.095916722392633e-17,145,0
svd_radon,3417,32,[3],selected,test,cfp_stage3,0,256,0.125,1024,32,64,3,label0,145,channel_energy_retained,0.6330073049495021,0.0183192171601425,145,0
svd_radon,3417,32,[3],selected,test,cfp_stage3,0,256,0.125,1024,32,64,3,label1,145,self_relative,1.2919766338766332,0.033829646915452705,145,0
svd_radon,3417,32,[3],selected,test,cfp_stage3,0,256,0.125,1024,32,64,3,label1,145,cross_relative,0.8957780072528241,0.04883619208152207,145,0
svd_radon,3417,32,[3],selected,test,cfp_stage3,0,256,0.125,1024,32,64,3,label1,145,total_relative,2.0199287206277967,0.06127994485972074,145,0
svd_radon,3417,32,[3],selected,test,cfp_stage3,0,256,0.125,1024,32,64,3,label1,145,self_cross_cosine,0.6949533223029611,0.027996862424170068,145,0
svd_radon,3417,32,[3],selected,test,cfp_stage3,0,256,0.125,1024,32,64,3,label1,145,energy_identity_relative_error,5.451191146812918e-17,5.783558789657599e-17,145,0
svd_radon,3417,32,[3],selected,test,cfp_stage3,0,256,0.125,1024,32,64,3,label1,145,channel_energy_retained,0.6346242528253064,0.01903365194093098,145,0
svd_radon,3417,32,[3],selected,test,oct_stage3,0,256,0.125,1024,32,64,3,all,290,self_relative,3.305715992062041,0.12122116123541234,290,0
svd_radon,3417,32,[3],selected,test,oct_stage3,0,256,0.125,1024,32,64,3,all,290,cross_relative,3.5466969829804045,0.1739602824005204,290,0
svd_radon,3417,32,[3],selected,test,oct_stage3,0,256,0.125,1024,32,64,3,all,290,total_relative,6.549383110652056,0.17916979710062225,290,0
svd_radon,3417,32,[3],selected,test,oct_stage3,0,256,0.125,1024,32,64,3,all,290,self_cross_cosine,0.8271457192157191,0.03202822174528225,290,0
svd_radon,3417,32,[3],selected,test,oct_stage3,0,256,0.125,1024,32,64,3,all,290,energy_identity_relative_error,7.95643809451813e-17,6.861837322013167e-17,290,0
svd_radon,3417,32,[3],selected,test,oct_stage3,0,256,0.125,1024,32,64,3,all,290,channel_energy_retained,0.6258861594699591,0.014122025708207846,290,0
svd_radon,3417,32,[3],selected,test,oct_stage3,0,256,0.125,1024,32,64,3,label0,145,self_relative,3.3214176137002465,0.11033913414352899,145,0
svd_radon,3417,32,[3],selected,test,oct_stage3,0,256,0.125,1024,32,64,3,label0,145,cross_relative,3.5461390243142628,0.1689585530934669,145,0
svd_radon,3417,32,[3],selected,test,oct_stage3,0,256,0.125,1024,32,64,3,label0,145,total_relative,6.560899885433704,0.17119967937830566,145,0
svd_radon,3417,32,[3],selected,test,oct_stage3,0,256,0.125,1024,32,64,3,label0,145,self_cross_cosine,0.8254674991977367,0.03167545512264843,145,0
svd_radon,3417,32,[3],selected,test,oct_stage3,0,256,0.125,1024,32,64,3,label0,145,energy_identity_relative_error,7.541338791153123e-17,6.38154852635564e-17,145,0
svd_radon,3417,32,[3],selected,test,oct_stage3,0,256,0.125,1024,32,64,3,label0,145,channel_energy_retained,0.6256956550818914,0.01508042487297714,145,0
svd_radon,3417,32,[3],selected,test,oct_stage3,0,256,0.125,1024,32,64,3,label1,145,self_relative,3.290014370423837,0.12969176897506926,145,0
svd_radon,3417,32,[3],selected,test,oct_stage3,0,256,0.125,1024,32,64,3,label1,145,cross_relative,3.5472549416465466,0.17940706259632608,145,0
svd_radon,3417,32,[3],selected,test,oct_stage3,0,256,0.125,1024,32,64,3,label1,145,total_relative,6.537866335870411,0.18668186059493033,145,0
svd_radon,3417,32,[3],selected,test,oct_stage3,0,256,0.125,1024,32,64,3,label1,145,self_cross_cosine,0.8288239392337013,0.0323995558134434,145,0
svd_radon,3417,32,[3],selected,test,oct_stage3,0,256,0.125,1024,32,64,3,label1,145,energy_identity_relative_error,8.371537397883138e-17,7.309270217224942e-17,145,0
svd_radon,3417,32,[3],selected,test,oct_stage3,0,256,0.125,1024,32,64,3,label1,145,channel_energy_retained,0.626076663858027,0.01314366233952275,145,0
svd_radon,3417,64,[3],constructed_initial,train,cfp_stage3,0,256,0.25,2048,32,64,3,all,1264,self_relative,0.0,0.0,1264,0
svd_radon,3417,64,[3],constructed_initial,train,cfp_stage3,0,256,0.25,2048,32,64,3,all,1264,cross_relative,0.0,0.0,1264,0
svd_radon,3417,64,[3],constructed_initial,train,cfp_stage3,0,256,0.25,2048,32,64,3,all,1264,total_relative,0.0,0.0,1264,0
svd_radon,3417,64,[3],constructed_initial,train,cfp_stage3,0,256,0.25,2048,32,64,3,all,1264,self_cross_cosine,,,0,1264
svd_radon,3417,64,[3],constructed_initial,train,cfp_stage3,0,256,0.25,2048,32,64,3,all,1264,energy_identity_relative_error,0.0,0.0,1264,0
svd_radon,3417,64,[3],constructed_initial,train,cfp_stage3,0,256,0.25,2048,32,64,3,all,1264,channel_energy_retained,0.8350184807303468,0.019609361993368546,1264,0
svd_radon,3417,64,[3],constructed_initial,train,cfp_stage3,0,256,0.25,2048,32,64,3,label0,632,self_relative,0.0,0.0,632,0
svd_radon,3417,64,[3],constructed_initial,train,cfp_stage3,0,256,0.25,2048,32,64,3,label0,632,cross_relative,0.0,0.0,632,0
svd_radon,3417,64,[3],constructed_initial,train,cfp_stage3,0,256,0.25,2048,32,64,3,label0,632,total_relative,0.0,0.0,632,0
svd_radon,3417,64,[3],constructed_initial,train,cfp_stage3,0,256,0.25,2048,32,64,3,label0,632,self_cross_cosine,,,0,632
svd_radon,3417,64,[3],constructed_initial,train,cfp_stage3,0,256,0.25,2048,32,64,3,label0,632,energy_identity_relative_error,0.0,0.0,632,0
svd_radon,3417,64,[3],constructed_initial,train,cfp_stage3,0,256,0.25,2048,32,64,3,label0,632,channel_energy_retained,0.8369927505499384,0.018263284046200385,632,0
svd_radon,3417,64,[3],constructed_initial,train,cfp_stage3,0,256,0.25,2048,32,64,3,label1,632,self_relative,0.0,0.0,632,0
svd_radon,3417,64,[3],constructed_initial,train,cfp_stage3,0,256,0.25,2048,32,64,3,label1,632,cross_relative,0.0,0.0,632,0
svd_radon,3417,64,[3],constructed_initial,train,cfp_stage3,0,256,0.25,2048,32,64,3,label1,632,total_relative,0.0,0.0,632,0
svd_radon,3417,64,[3],constructed_initial,train,cfp_stage3,0,256,0.25,2048,32,64,3,label1,632,self_cross_cosine,,,0,632
svd_radon,3417,64,[3],constructed_initial,train,cfp_stage3,0,256,0.25,2048,32,64,3,label1,632,energy_identity_relative_error,0.0,0.0,632,0
svd_radon,3417,64,[3],constructed_initial,train,cfp_stage3,0,256,0.25,2048,32,64,3,label1,632,channel_energy_retained,0.8330442109107549,0.02069560745084255,632,0
svd_radon,3417,64,[3],constructed_initial,train,oct_stage3,0,256,0.25,2048,32,64,3,all,1264,self_relative,0.0,0.0,1264,0
svd_radon,3417,64,[3],constructed_initial,train,oct_stage3,0,256,0.25,2048,32,64,3,all,1264,cross_relative,0.0,0.0,1264,0
svd_radon,3417,64,[3],constructed_initial,train,oct_stage3,0,256,0.25,2048,32,64,3,all,1264,total_relative,0.0,0.0,1264,0
svd_radon,3417,64,[3],constructed_initial,train,oct_stage3,0,256,0.25,2048,32,64,3,all,1264,self_cross_cosine,,,0,1264
svd_radon,3417,64,[3],constructed_initial,train,oct_stage3,0,256,0.25,2048,32,64,3,all,1264,energy_identity_relative_error,0.0,0.0,1264,0
svd_radon,3417,64,[3],constructed_initial,train,oct_stage3,0,256,0.25,2048,32,64,3,all,1264,channel_energy_retained,0.8341696599486843,0.01641052767748699,1264,0
svd_radon,3417,64,[3],constructed_initial,train,oct_stage3,0,256,0.25,2048,32,64,3,label0,632,self_relative,0.0,0.0,632,0
svd_radon,3417,64,[3],constructed_initial,train,oct_stage3,0,256,0.25,2048,32,64,3,label0,632,cross_relative,0.0,0.0,632,0
svd_radon,3417,64,[3],constructed_initial,train,oct_stage3,0,256,0.25,2048,32,64,3,label0,632,total_relative,0.0,0.0,632,0
svd_radon,3417,64,[3],constructed_initial,train,oct_stage3,0,256,0.25,2048,32,64,3,label0,632,self_cross_cosine,,,0,632
svd_radon,3417,64,[3],constructed_initial,train,oct_stage3,0,256,0.25,2048,32,64,3,label0,632,energy_identity_relative_error,0.0,0.0,632,0
svd_radon,3417,64,[3],constructed_initial,train,oct_stage3,0,256,0.25,2048,32,64,3,label0,632,channel_energy_retained,0.8346553053407885,0.01581303751124286,632,0
svd_radon,3417,64,[3],constructed_initial,train,oct_stage3,0,256,0.25,2048,32,64,3,label1,632,self_relative,0.0,0.0,632,0
svd_radon,3417,64,[3],constructed_initial,train,oct_stage3,0,256,0.25,2048,32,64,3,label1,632,cross_relative,0.0,0.0,632,0
svd_radon,3417,64,[3],constructed_initial,train,oct_stage3,0,256,0.25,2048,32,64,3,label1,632,total_relative,0.0,0.0,632,0
svd_radon,3417,64,[3],constructed_initial,train,oct_stage3,0,256,0.25,2048,32,64,3,label1,632,self_cross_cosine,,,0,632
svd_radon,3417,64,[3],constructed_initial,train,oct_stage3,0,256,0.25,2048,32,64,3,label1,632,energy_identity_relative_error,0.0,0.0,632,0
svd_radon,3417,64,[3],constructed_initial,train,oct_stage3,0,256,0.25,2048,32,64,3,label1,632,channel_energy_retained,0.8336840145565804,0.01698567110844371,632,0
svd_radon,3417,64,[3],constructed_initial,validation,cfp_stage3,0,256,0.25,2048,32,64,3,all,296,self_relative,0.0,0.0,296,0
svd_radon,3417,64,[3],constructed_initial,validation,cfp_stage3,0,256,0.25,2048,32,64,3,all,296,cross_relative,0.0,0.0,296,0
svd_radon,3417,64,[3],constructed_initial,validation,cfp_stage3,0,256,0.25,2048,32,64,3,all,296,total_relative,0.0,0.0,296,0
svd_radon,3417,64,[3],constructed_initial,validation,cfp_stage3,0,256,0.25,2048,32,64,3,all,296,self_cross_cosine,,,0,296
svd_radon,3417,64,[3],constructed_initial,validation,cfp_stage3,0,256,0.25,2048,32,64,3,all,296,energy_identity_relative_error,0.0,0.0,296,0
svd_radon,3417,64,[3],constructed_initial,validation,cfp_stage3,0,256,0.25,2048,32,64,3,all,296,channel_energy_retained,0.8342813081813939,0.019564636622898923,296,0
svd_radon,3417,64,[3],constructed_initial,validation,cfp_stage3,0,256,0.25,2048,32,64,3,label0,148,self_relative,0.0,0.0,148,0
svd_radon,3417,64,[3],constructed_initial,validation,cfp_stage3,0,256,0.25,2048,32,64,3,label0,148,cross_relative,0.0,0.0,148,0
svd_radon,3417,64,[3],constructed_initial,validation,cfp_stage3,0,256,0.25,2048,32,64,3,label0,148,total_relative,0.0,0.0,148,0
svd_radon,3417,64,[3],constructed_initial,validation,cfp_stage3,0,256,0.25,2048,32,64,3,label0,148,self_cross_cosine,,,0,148
svd_radon,3417,64,[3],constructed_initial,validation,cfp_stage3,0,256,0.25,2048,32,64,3,label0,148,energy_identity_relative_error,0.0,0.0,148,0
svd_radon,3417,64,[3],constructed_initial,validation,cfp_stage3,0,256,0.25,2048,32,64,3,label0,148,channel_energy_retained,0.8356869497075244,0.019084456886921786,148,0
svd_radon,3417,64,[3],constructed_initial,validation,cfp_stage3,0,256,0.25,2048,32,64,3,label1,148,self_relative,0.0,0.0,148,0
svd_radon,3417,64,[3],constructed_initial,validation,cfp_stage3,0,256,0.25,2048,32,64,3,label1,148,cross_relative,0.0,0.0,148,0
svd_radon,3417,64,[3],constructed_initial,validation,cfp_stage3,0,256,0.25,2048,32,64,3,label1,148,total_relative,0.0,0.0,148,0
svd_radon,3417,64,[3],constructed_initial,validation,cfp_stage3,0,256,0.25,2048,32,64,3,label1,148,self_cross_cosine,,,0,148
svd_radon,3417,64,[3],constructed_initial,validation,cfp_stage3,0,256,0.25,2048,32,64,3,label1,148,energy_identity_relative_error,0.0,0.0,148,0
svd_radon,3417,64,[3],constructed_initial,validation,cfp_stage3,0,256,0.25,2048,32,64,3,label1,148,channel_energy_retained,0.8328756666552634,0.019998972250976042,148,0
svd_radon,3417,64,[3],constructed_initial,validation,oct_stage3,0,256,0.25,2048,32,64,3,all,296,self_relative,0.0,0.0,296,0
svd_radon,3417,64,[3],constructed_initial,validation,oct_stage3,0,256,0.25,2048,32,64,3,all,296,cross_relative,0.0,0.0,296,0
svd_radon,3417,64,[3],constructed_initial,validation,oct_stage3,0,256,0.25,2048,32,64,3,all,296,total_relative,0.0,0.0,296,0
svd_radon,3417,64,[3],constructed_initial,validation,oct_stage3,0,256,0.25,2048,32,64,3,all,296,self_cross_cosine,,,0,296
svd_radon,3417,64,[3],constructed_initial,validation,oct_stage3,0,256,0.25,2048,32,64,3,all,296,energy_identity_relative_error,0.0,0.0,296,0
svd_radon,3417,64,[3],constructed_initial,validation,oct_stage3,0,256,0.25,2048,32,64,3,all,296,channel_energy_retained,0.8342831687810144,0.01648710993044316,296,0
svd_radon,3417,64,[3],constructed_initial,validation,oct_stage3,0,256,0.25,2048,32,64,3,label0,148,self_relative,0.0,0.0,148,0
svd_radon,3417,64,[3],constructed_initial,validation,oct_stage3,0,256,0.25,2048,32,64,3,label0,148,cross_relative,0.0,0.0,148,0
svd_radon,3417,64,[3],constructed_initial,validation,oct_stage3,0,256,0.25,2048,32,64,3,label0,148,total_relative,0.0,0.0,148,0
svd_radon,3417,64,[3],constructed_initial,validation,oct_stage3,0,256,0.25,2048,32,64,3,label0,148,self_cross_cosine,,,0,148
svd_radon,3417,64,[3],constructed_initial,validation,oct_stage3,0,256,0.25,2048,32,64,3,label0,148,energy_identity_relative_error,0.0,0.0,148,0
svd_radon,3417,64,[3],constructed_initial,validation,oct_stage3,0,256,0.25,2048,32,64,3,label0,148,channel_energy_retained,0.8333481175164305,0.015350618260891197,148,0
svd_radon,3417,64,[3],constructed_initial,validation,oct_stage3,0,256,0.25,2048,32,64,3,label1,148,self_relative,0.0,0.0,148,0
svd_radon,3417,64,[3],constructed_initial,validation,oct_stage3,0,256,0.25,2048,32,64,3,label1,148,cross_relative,0.0,0.0,148,0
svd_radon,3417,64,[3],constructed_initial,validation,oct_stage3,0,256,0.25,2048,32,64,3,label1,148,total_relative,0.0,0.0,148,0
svd_radon,3417,64,[3],constructed_initial,validation,oct_stage3,0,256,0.25,2048,32,64,3,label1,148,self_cross_cosine,,,0,148
svd_radon,3417,64,[3],constructed_initial,validation,oct_stage3,0,256,0.25,2048,32,64,3,label1,148,energy_identity_relative_error,0.0,0.0,148,0
svd_radon,3417,64,[3],constructed_initial,validation,oct_stage3,0,256,0.25,2048,32,64,3,label1,148,channel_energy_retained,0.8352182200455978,0.017552684060472973,148,0
svd_radon,3417,64,[3],constructed_initial,test,cfp_stage3,0,256,0.25,2048,32,64,3,all,290,self_relative,0.0,0.0,290,0
svd_radon,3417,64,[3],constructed_initial,test,cfp_stage3,0,256,0.25,2048,32,64,3,all,290,cross_relative,0.0,0.0,290,0
svd_radon,3417,64,[3],constructed_initial,test,cfp_stage3,0,256,0.25,2048,32,64,3,all,290,total_relative,0.0,0.0,290,0
svd_radon,3417,64,[3],constructed_initial,test,cfp_stage3,0,256,0.25,2048,32,64,3,all,290,self_cross_cosine,,,0,290
svd_radon,3417,64,[3],constructed_initial,test,cfp_stage3,0,256,0.25,2048,32,64,3,all,290,energy_identity_relative_error,0.0,0.0,290,0
svd_radon,3417,64,[3],constructed_initial,test,cfp_stage3,0,256,0.25,2048,32,64,3,all,290,channel_energy_retained,0.83433359057233,0.02007448886218202,290,0
svd_radon,3417,64,[3],constructed_initial,test,cfp_stage3,0,256,0.25,2048,32,64,3,label0,145,self_relative,0.0,0.0,145,0
svd_radon,3417,64,[3],constructed_initial,test,cfp_stage3,0,256,0.25,2048,32,64,3,label0,145,cross_relative,0.0,0.0,145,0
svd_radon,3417,64,[3],constructed_initial,test,cfp_stage3,0,256,0.25,2048,32,64,3,label0,145,total_relative,0.0,0.0,145,0
svd_radon,3417,64,[3],constructed_initial,test,cfp_stage3,0,256,0.25,2048,32,64,3,label0,145,self_cross_cosine,,,0,145
svd_radon,3417,64,[3],constructed_initial,test,cfp_stage3,0,256,0.25,2048,32,64,3,label0,145,energy_identity_relative_error,0.0,0.0,145,0
svd_radon,3417,64,[3],constructed_initial,test,cfp_stage3,0,256,0.25,2048,32,64,3,label0,145,channel_energy_retained,0.833685797744616,0.019867260779045225,145,0
svd_radon,3417,64,[3],constructed_initial,test,cfp_stage3,0,256,0.25,2048,32,64,3,label1,145,self_relative,0.0,0.0,145,0
svd_radon,3417,64,[3],constructed_initial,test,cfp_stage3,0,256,0.25,2048,32,64,3,label1,145,cross_relative,0.0,0.0,145,0
svd_radon,3417,64,[3],constructed_initial,test,cfp_stage3,0,256,0.25,2048,32,64,3,label1,145,total_relative,0.0,0.0,145,0
svd_radon,3417,64,[3],constructed_initial,test,cfp_stage3,0,256,0.25,2048,32,64,3,label1,145,self_cross_cosine,,,0,145
svd_radon,3417,64,[3],constructed_initial,test,cfp_stage3,0,256,0.25,2048,32,64,3,label1,145,energy_identity_relative_error,0.0,0.0,145,0
svd_radon,3417,64,[3],constructed_initial,test,cfp_stage3,0,256,0.25,2048,32,64,3,label1,145,channel_energy_retained,0.8349813834000435,0.020327704336385845,145,0
svd_radon,3417,64,[3],constructed_initial,test,oct_stage3,0,256,0.25,2048,32,64,3,all,290,self_relative,0.0,0.0,290,0
svd_radon,3417,64,[3],constructed_initial,test,oct_stage3,0,256,0.25,2048,32,64,3,all,290,cross_relative,0.0,0.0,290,0
svd_radon,3417,64,[3],constructed_initial,test,oct_stage3,0,256,0.25,2048,32,64,3,all,290,total_relative,0.0,0.0,290,0
svd_radon,3417,64,[3],constructed_initial,test,oct_stage3,0,256,0.25,2048,32,64,3,all,290,self_cross_cosine,,,0,290
svd_radon,3417,64,[3],constructed_initial,test,oct_stage3,0,256,0.25,2048,32,64,3,all,290,energy_identity_relative_error,0.0,0.0,290,0
svd_radon,3417,64,[3],constructed_initial,test,oct_stage3,0,256,0.25,2048,32,64,3,all,290,channel_energy_retained,0.8330233284750411,0.01873610968303021,290,0
svd_radon,3417,64,[3],constructed_initial,test,oct_stage3,0,256,0.25,2048,32,64,3,label0,145,self_relative,0.0,0.0,145,0
svd_radon,3417,64,[3],constructed_initial,test,oct_stage3,0,256,0.25,2048,32,64,3,label0,145,cross_relative,0.0,0.0,145,0
svd_radon,3417,64,[3],constructed_initial,test,oct_stage3,0,256,0.25,2048,32,64,3,label0,145,total_relative,0.0,0.0,145,0
svd_radon,3417,64,[3],constructed_initial,test,oct_stage3,0,256,0.25,2048,32,64,3,label0,145,self_cross_cosine,,,0,145
svd_radon,3417,64,[3],constructed_initial,test,oct_stage3,0,256,0.25,2048,32,64,3,label0,145,energy_identity_relative_error,0.0,0.0,145,0
svd_radon,3417,64,[3],constructed_initial,test,oct_stage3,0,256,0.25,2048,32,64,3,label0,145,channel_energy_retained,0.8341164239923184,0.0192770843454575,145,0
svd_radon,3417,64,[3],constructed_initial,test,oct_stage3,0,256,0.25,2048,32,64,3,label1,145,self_relative,0.0,0.0,145,0
svd_radon,3417,64,[3],constructed_initial,test,oct_stage3,0,256,0.25,2048,32,64,3,label1,145,cross_relative,0.0,0.0,145,0
svd_radon,3417,64,[3],constructed_initial,test,oct_stage3,0,256,0.25,2048,32,64,3,label1,145,total_relative,0.0,0.0,145,0
svd_radon,3417,64,[3],constructed_initial,test,oct_stage3,0,256,0.25,2048,32,64,3,label1,145,self_cross_cosine,,,0,145
svd_radon,3417,64,[3],constructed_initial,test,oct_stage3,0,256,0.25,2048,32,64,3,label1,145,energy_identity_relative_error,0.0,0.0,145,0
svd_radon,3417,64,[3],constructed_initial,test,oct_stage3,0,256,0.25,2048,32,64,3,label1,145,channel_energy_retained,0.8319302329577638,0.018179909534984096,145,0
svd_radon,3417,64,[3],selected,train,cfp_stage3,0,256,0.25,2048,32,64,3,all,1264,self_relative,2.645987974683388,0.1401505207482557,1264,0
svd_radon,3417,64,[3],selected,train,cfp_stage3,0,256,0.25,2048,32,64,3,all,1264,cross_relative,2.4705989007700953,0.16766545143113748,1264,0
svd_radon,3417,64,[3],selected,train,cfp_stage3,0,256,0.25,2048,32,64,3,all,1264,total_relative,4.8609259936279905,0.190974060689853,1264,0
svd_radon,3417,64,[3],selected,train,cfp_stage3,0,256,0.25,2048,32,64,3,all,1264,self_cross_cosine,0.8050186704452447,0.0301717300659742,1264,0
svd_radon,3417,64,[3],selected,train,cfp_stage3,0,256,0.25,2048,32,64,3,all,1264,energy_identity_relative_error,7.343746589139884e-17,6.440043083406472e-17,1264,0
svd_radon,3417,64,[3],selected,train,cfp_stage3,0,256,0.25,2048,32,64,3,all,1264,channel_energy_retained,0.7542248256403826,0.013674825214558612,1264,0
svd_radon,3417,64,[3],selected,train,cfp_stage3,0,256,0.25,2048,32,64,3,label0,632,self_relative,2.5448450437042385,0.08519550174417373,632,0
svd_radon,3417,64,[3],selected,train,cfp_stage3,0,256,0.25,2048,32,64,3,label0,632,cross_relative,2.4885291939307663,0.15120250522357068,632,0
svd_radon,3417,64,[3],selected,train,cfp_stage3,0,256,0.25,2048,32,64,3,label0,632,total_relative,4.789303298173676,0.15981447216950204,632,0
svd_radon,3417,64,[3],selected,train,cfp_stage3,0,256,0.25,2048,32,64,3,label0,632,self_cross_cosine,0.8110480630003817,0.02781880263535334,632,0
svd_radon,3417,64,[3],selected,train,cfp_stage3,0,256,0.25,2048,32,64,3,label0,632,energy_identity_relative_error,7.419011137044361e-17,6.431380023982576e-17,632,0
svd_radon,3417,64,[3],selected,train,cfp_stage3,0,256,0.25,2048,32,64,3,label0,632,channel_energy_retained,0.7569957376299176,0.012547085822411517,632,0
svd_radon,3417,64,[3],selected,train,cfp_stage3,0,256,0.25,2048,32,64,3,label1,632,self_relative,2.74713090566254,0.10754060950739176,632,0
svd_radon,3417,64,[3],selected,train,cfp_stage3,0,256,0.25,2048,32,64,3,label1,632,cross_relative,2.4526686076094246,0.18100207410026647,632,0
svd_radon,3417,64,[3],selected,train,cfp_stage3,0,256,0.25,2048,32,64,3,label1,632,total_relative,4.932548689082303,0.19283007224784382,632,0
svd_radon,3417,64,[3],selected,train,cfp_stage3,0,256,0.25,2048,32,64,3,label1,632,self_cross_cosine,0.798989277890108,0.031231412381591606,632,0
svd_radon,3417,64,[3],selected,train,cfp_stage3,0,256,0.25,2048,32,64,3,label1,632,energy_identity_relative_error,7.268482041235412e-17,6.45290950056682e-17,632,0
svd_radon,3417,64,[3],selected,train,cfp_stage3,0,256,0.25,2048,32,64,3,label1,632,channel_energy_retained,0.7514539136508477,0.014194662400332271,632,0
svd_radon,3417,64,[3],selected,train,oct_stage3,0,256,0.25,2048,32,64,3,all,1264,self_relative,5.460951428229797,0.39229870296998776,1264,0
svd_radon,3417,64,[3],selected,train,oct_stage3,0,256,0.25,2048,32,64,3,all,1264,cross_relative,4.976641247951763,0.6868435309010522,1264,0
svd_radon,3417,64,[3],selected,train,oct_stage3,0,256,0.25,2048,32,64,3,all,1264,total_relative,9.454434435535779,0.7361281518548018,1264,0
svd_radon,3417,64,[3],selected,train,oct_stage3,0,256,0.25,2048,32,64,3,all,1264,self_cross_cosine,0.6409858109277047,0.07863887948635592,1264,0
svd_radon,3417,64,[3],selected,train,oct_stage3,0,256,0.25,2048,32,64,3,all,1264,energy_identity_relative_error,8.320795481167395e-17,6.761220716807753e-17,1264,0
svd_radon,3417,64,[3],selected,train,oct_stage3,0,256,0.25,2048,32,64,3,all,1264,channel_energy_retained,0.7350623210966983,0.008702367530772557,1264,0
svd_radon,3417,64,[3],selected,train,oct_stage3,0,256,0.25,2048,32,64,3,label0,632,self_relative,5.3456002742478805,0.341676096861533,632,0
svd_radon,3417,64,[3],selected,train,oct_stage3,0,256,0.25,2048,32,64,3,label0,632,cross_relative,4.48634797389149,0.39365208834883203,632,0
svd_radon,3417,64,[3],selected,train,oct_stage3,0,256,0.25,2048,32,64,3,label0,632,total_relative,8.934725995089014,0.47832309035385995,632,0
svd_radon,3417,64,[3],selected,train,oct_stage3,0,256,0.25,2048,32,64,3,label0,632,self_cross_cosine,0.6493881185390732,0.07094104505713643,632,0
svd_radon,3417,64,[3],selected,train,oct_stage3,0,256,0.25,2048,32,64,3,label0,632,energy_identity_relative_error,8.210012135544838e-17,6.872286206751921e-17,632,0
svd_radon,3417,64,[3],selected,train,oct_stage3,0,256,0.25,2048,32,64,3,label0,632,channel_energy_retained,0.7342725468407983,0.008989741525279028,632,0
svd_radon,3417,64,[3],selected,train,oct_stage3,0,256,0.25,2048,32,64,3,label1,632,self_relative,5.576302582211716,0.40576339651252397,632,0
svd_radon,3417,64,[3],selected,train,oct_stage3,0,256,0.25,2048,32,64,3,label1,632,cross_relative,5.466934522012035,0.5547583435708583,632,0
svd_radon,3417,64,[3],selected,train,oct_stage3,0,256,0.25,2048,32,64,3,label1,632,total_relative,9.974142875982547,0.5610572936514046,632,0
svd_radon,3417,64,[3],selected,train,oct_stage3,0,256,0.25,2048,32,64,3,label1,632,self_cross_cosine,0.6325835033163363,0.0848757561313852,632,0
svd_radon,3417,64,[3],selected,train,oct_stage3,0,256,0.25,2048,32,64,3,label1,632,energy_identity_relative_error,8.431578826789959e-17,6.651898656242843e-17,632,0
svd_radon,3417,64,[3],selected,train,oct_stage3,0,256,0.25,2048,32,64,3,label1,632,channel_energy_retained,0.7358520953525987,0.008337715669774464,632,0
svd_radon,3417,64,[3],selected,validation,cfp_stage3,0,256,0.25,2048,32,64,3,all,296,self_relative,2.6216897542435684,0.11491054700773833,296,0
svd_radon,3417,64,[3],selected,validation,cfp_stage3,0,256,0.25,2048,32,64,3,all,296,cross_relative,2.453278615656181,0.15427413736589413,296,0
svd_radon,3417,64,[3],selected,validation,cfp_stage3,0,256,0.25,2048,32,64,3,all,296,total_relative,4.825125613414253,0.16817858711048247,296,0
svd_radon,3417,64,[3],selected,validation,cfp_stage3,0,256,0.25,2048,32,64,3,all,296,self_cross_cosine,0.8077456519164716,0.031021617488742794,296,0
svd_radon,3417,64,[3],selected,validation,cfp_stage3,0,256,0.25,2048,32,64,3,all,296,energy_identity_relative_error,8.421971403414653e-17,6.51439117592264e-17,296,0
svd_radon,3417,64,[3],selected,validation,cfp_stage3,0,256,0.25,2048,32,64,3,all,296,channel_energy_retained,0.7546766246237405,0.013854938171662062,296,0
svd_radon,3417,64,[3],selected,validation,cfp_stage3,0,256,0.25,2048,32,64,3,label0,148,self_relative,2.595717893754816,0.1089932626867537,148,0
svd_radon,3417,64,[3],selected,validation,cfp_stage3,0,256,0.25,2048,32,64,3,label0,148,cross_relative,2.4740870324633155,0.13637995646322734,148,0
svd_radon,3417,64,[3],selected,validation,cfp_stage3,0,256,0.25,2048,32,64,3,label0,148,total_relative,4.819306074612845,0.1566289086133534,148,0
svd_radon,3417,64,[3],selected,validation,cfp_stage3,0,256,0.25,2048,32,64,3,label0,148,self_cross_cosine,0.8072289272653281,0.028721426793418357,148,0
svd_radon,3417,64,[3],selected,validation,cfp_stage3,0,256,0.25,2048,32,64,3,label0,148,energy_identity_relative_error,8.238666131037314e-17,6.263119796704712e-17,148,0
svd_radon,3417,64,[3],selected,validation,cfp_stage3,0,256,0.25,2048,32,64,3,label0,148,channel_energy_retained,0.7553999772284723,0.013788362325894246,148,0
svd_radon,3417,64,[3],selected,validation,cfp_stage3,0,256,0.25,2048,32,64,3,label1,148,self_relative,2.647661614732321,0.11515602433455716,148,0
svd_radon,3417,64,[3],selected,validation,cfp_stage3,0,256,0.25,2048,32,64,3,label1,148,cross_relative,2.432470198849047,0.1682009606969622,148,0
svd_radon,3417,64,[3],selected,validation,cfp_stage3,0,256,0.25,2048,32,64,3,label1,148,total_relative,4.830945152215661,0.17933118214054963,148,0
svd_radon,3417,64,[3],selected,validation,cfp_stage3,0,256,0.25,2048,32,64,3,label1,148,self_cross_cosine,0.8082623765676156,0.0332531207628446,148,0
svd_radon,3417,64,[3],selected,validation,cfp_stage3,0,256,0.25,2048,32,64,3,label1,148,energy_identity_relative_error,8.605276675792e-17,6.772661623179248e-17,148,0
svd_radon,3417,64,[3],selected,validation,cfp_stage3,0,256,0.25,2048,32,64,3,label1,148,channel_energy_retained,0.7539532720190085,0.01393025256878056,148,0
svd_radon,3417,64,[3],selected,validation,oct_stage3,0,256,0.25,2048,32,64,3,all,296,self_relative,5.400822799255305,0.36940688599839505,296,0
svd_radon,3417,64,[3],selected,validation,oct_stage3,0,256,0.25,2048,32,64,3,all,296,cross_relative,4.856799657322172,0.5758321573678116,296,0
svd_radon,3417,64,[3],selected,validation,oct_stage3,0,256,0.25,2048,32,64,3,all,296,total_relative,9.303639943287001,0.6336345760240965,296,0
svd_radon,3417,64,[3],selected,validation,oct_stage3,0,256,0.25,2048,32,64,3,all,296,self_cross_cosine,0.6450233591429931,0.0880163718231903,296,0
svd_radon,3417,64,[3],selected,validation,oct_stage3,0,256,0.25,2048,32,64,3,all,296,energy_identity_relative_error,8.349898653709669e-17,7.029123908985849e-17,296,0
svd_radon,3417,64,[3],selected,validation,oct_stage3,0,256,0.25,2048,32,64,3,all,296,channel_energy_retained,0.7349405668706315,0.008704341108210991,296,0
svd_radon,3417,64,[3],selected,validation,oct_stage3,0,256,0.25,2048,32,64,3,label0,148,self_relative,5.406043125058433,0.3571161447512375,148,0
svd_radon,3417,64,[3],selected,validation,oct_stage3,0,256,0.25,2048,32,64,3,label0,148,cross_relative,4.688278970447857,0.47822353238679965,148,0
svd_radon,3417,64,[3],selected,validation,oct_stage3,0,256,0.25,2048,32,64,3,label0,148,total_relative,9.14387007037097,0.5819832832768196,148,0
svd_radon,3417,64,[3],selected,validation,oct_stage3,0,256,0.25,2048,32,64,3,label0,148,self_cross_cosine,0.6400501246058461,0.07927568490770982,148,0
svd_radon,3417,64,[3],selected,validation,oct_stage3,0,256,0.25,2048,32,64,3,label0,148,energy_identity_relative_error,8.233354411667782e-17,7.18382351149564e-17,148,0
svd_radon,3417,64,[3],selected,validation,oct_stage3,0,256,0.25,2048,32,64,3,label0,148,channel_energy_retained,0.7332022816656258,0.008548874684410304,148,0
svd_radon,3417,64,[3],selected,validation,oct_stage3,0,256,0.25,2048,32,64,3,label1,148,self_relative,5.395602473452177,0.3824452755551118,148,0
svd_radon,3417,64,[3],selected,validation,oct_stage3,0,256,0.25,2048,32,64,3,label1,148,cross_relative,5.025320344196489,0.6160669092345767,148,0
svd_radon,3417,64,[3],selected,validation,oct_stage3,0,256,0.25,2048,32,64,3,label1,148,total_relative,9.463409816203038,0.6446798666910828,148,0
svd_radon,3417,64,[3],selected,validation,oct_stage3,0,256,0.25,2048,32,64,3,label1,148,self_cross_cosine,0.6499965936801404,0.09597930218571074,148,0
svd_radon,3417,64,[3],selected,validation,oct_stage3,0,256,0.25,2048,32,64,3,label1,148,energy_identity_relative_error,8.466442895751554e-17,6.893374246551752e-17,148,0
svd_radon,3417,64,[3],selected,validation,oct_stage3,0,256,0.25,2048,32,64,3,label1,148,channel_energy_retained,0.7366788520756374,0.008536912804062506,148,0
svd_radon,3417,64,[3],selected,test,cfp_stage3,0,256,0.25,2048,32,64,3,all,290,self_relative,2.622520651339429,0.11275408915482629,290,0
svd_radon,3417,64,[3],selected,test,cfp_stage3,0,256,0.25,2048,32,64,3,all,290,cross_relative,2.4716170378070412,0.1707030289018564,290,0
svd_radon,3417,64,[3],selected,test,cfp_stage3,0,256,0.25,2048,32,64,3,all,290,total_relative,4.837356551913231,0.1694857756590081,290,0
svd_radon,3417,64,[3],selected,test,cfp_stage3,0,256,0.25,2048,32,64,3,all,290,self_cross_cosine,0.8035492021591322,0.03270852307683685,290,0
svd_radon,3417,64,[3],selected,test,cfp_stage3,0,256,0.25,2048,32,64,3,all,290,energy_identity_relative_error,7.398368865431663e-17,6.49440139030714e-17,290,0
svd_radon,3417,64,[3],selected,test,cfp_stage3,0,256,0.25,2048,32,64,3,all,290,channel_energy_retained,0.7546077414696442,0.013647121319059883,290,0
svd_radon,3417,64,[3],selected,test,cfp_stage3,0,256,0.25,2048,32,64,3,label0,145,self_relative,2.6158012993070914,0.11366319029156555,145,0
svd_radon,3417,64,[3],selected,test,cfp_stage3,0,256,0.25,2048,32,64,3,label0,145,cross_relative,2.4659999632728464,0.1729743086920427,145,0
svd_radon,3417,64,[3],selected,test,cfp_stage3,0,256,0.25,2048,32,64,3,label0,145,total_relative,4.827001487361094,0.170085899596751,145,0
svd_radon,3417,64,[3],selected,test,cfp_stage3,0,256,0.25,2048,32,64,3,label0,145,self_cross_cosine,0.8045386973232223,0.031712872164427974,145,0
svd_radon,3417,64,[3],selected,test,cfp_stage3,0,256,0.25,2048,32,64,3,label0,145,energy_identity_relative_error,7.42127615935749e-17,6.759357468811526e-17,145,0
svd_radon,3417,64,[3],selected,test,cfp_stage3,0,256,0.25,2048,32,64,3,label0,145,channel_energy_retained,0.7544645489939533,0.012971877214748188,145,0
svd_radon,3417,64,[3],selected,test,cfp_stage3,0,256,0.25,2048,32,64,3,label1,145,self_relative,2.6292400033717653,0.11182580221102761,145,0
svd_radon,3417,64,[3],selected,test,cfp_stage3,0,256,0.25,2048,32,64,3,label1,145,cross_relative,2.477234112341235,0.16881277565056213,145,0
svd_radon,3417,64,[3],selected,test,cfp_stage3,0,256,0.25,2048,32,64,3,label1,145,total_relative,4.847711616465367,0.16883477487507356,145,0
svd_radon,3417,64,[3],selected,test,cfp_stage3,0,256,0.25,2048,32,64,3,label1,145,self_cross_cosine,0.8025597069950423,0.03375568691703016,145,0
svd_radon,3417,64,[3],selected,test,cfp_stage3,0,256,0.25,2048,32,64,3,label1,145,energy_identity_relative_error,7.375461571505834e-17,6.241588438429071e-17,145,0
svd_radon,3417,64,[3],selected,test,cfp_stage3,0,256,0.25,2048,32,64,3,label1,145,channel_energy_retained,0.7547509339453351,0.014334235582258714,145,0
svd_radon,3417,64,[3],selected,test,oct_stage3,0,256,0.25,2048,32,64,3,all,290,self_relative,5.442482914076609,0.42514792804120927,290,0
svd_radon,3417,64,[3],selected,test,oct_stage3,0,256,0.25,2048,32,64,3,all,290,cross_relative,4.843474675771998,0.5300442348758422,290,0
svd_radon,3417,64,[3],selected,test,oct_stage3,0,256,0.25,2048,32,64,3,all,290,total_relative,9.288207551468373,0.5894028070593054,290,0
svd_radon,3417,64,[3],selected,test,oct_stage3,0,256,0.25,2048,32,64,3,all,290,self_cross_cosine,0.6303313507768188,0.08690952665061061,290,0
svd_radon,3417,64,[3],selected,test,oct_stage3,0,256,0.25,2048,32,64,3,all,290,energy_identity_relative_error,8.356820366222836e-17,6.459827792086808e-17,290,0
svd_radon,3417,64,[3],selected,test,oct_stage3,0,256,0.25,2048,32,64,3,all,290,channel_energy_retained,0.7352116677417315,0.009385204179197417,290,0
svd_radon,3417,64,[3],selected,test,oct_stage3,0,256,0.25,2048,32,64,3,label0,145,self_relative,5.393176198092713,0.4459890782604548,145,0
svd_radon,3417,64,[3],selected,test,oct_stage3,0,256,0.25,2048,32,64,3,label0,145,cross_relative,4.77974542063439,0.5097217389151268,145,0
svd_radon,3417,64,[3],selected,test,oct_stage3,0,256,0.25,2048,32,64,3,label0,145,total_relative,9.184121934533028,0.5980345909871527,145,0
svd_radon,3417,64,[3],selected,test,oct_stage3,0,256,0.25,2048,32,64,3,label0,145,self_cross_cosine,0.6289500750501394,0.07757796283902862,145,0
svd_radon,3417,64,[3],selected,test,oct_stage3,0,256,0.25,2048,32,64,3,label0,145,energy_identity_relative_error,8.613906040190702e-17,6.74815546311647e-17,145,0
svd_radon,3417,64,[3],selected,test,oct_stage3,0,256,0.25,2048,32,64,3,label0,145,channel_energy_retained,0.7353295938274405,0.010074942150211897,145,0
svd_radon,3417,64,[3],selected,test,oct_stage3,0,256,0.25,2048,32,64,3,label1,145,self_relative,5.4917896300605,0.39869086600829196,145,0
svd_radon,3417,64,[3],selected,test,oct_stage3,0,256,0.25,2048,32,64,3,label1,145,cross_relative,4.907203930909607,0.543920312453825,145,0
svd_radon,3417,64,[3],selected,test,oct_stage3,0,256,0.25,2048,32,64,3,label1,145,total_relative,9.39229316840372,0.5636846058546605,145,0
svd_radon,3417,64,[3],selected,test,oct_stage3,0,256,0.25,2048,32,64,3,label1,145,self_cross_cosine,0.6317126265034981,0.09558662154140729,145,0
svd_radon,3417,64,[3],selected,test,oct_stage3,0,256,0.25,2048,32,64,3,label1,145,energy_identity_relative_error,8.09973469225497e-17,6.17072372846918e-17,145,0
svd_radon,3417,64,[3],selected,test,oct_stage3,0,256,0.25,2048,32,64,3,label1,145,channel_energy_retained,0.7350937416560228,0.008674291344248224,145,0
qr_radon,3417,16,[3],constructed_initial,train,cfp_stage3,0,256,0.0625,512,32,64,3,all,1264,self_relative,0.0,0.0,1264,0
qr_radon,3417,16,[3],constructed_initial,train,cfp_stage3,0,256,0.0625,512,32,64,3,all,1264,cross_relative,0.0,0.0,1264,0
qr_radon,3417,16,[3],constructed_initial,train,cfp_stage3,0,256,0.0625,512,32,64,3,all,1264,total_relative,0.0,0.0,1264,0
qr_radon,3417,16,[3],constructed_initial,train,cfp_stage3,0,256,0.0625,512,32,64,3,all,1264,self_cross_cosine,,,0,1264
qr_radon,3417,16,[3],constructed_initial,train,cfp_stage3,0,256,0.0625,512,32,64,3,all,1264,energy_identity_relative_error,0.0,0.0,1264,0
qr_radon,3417,16,[3],constructed_initial,train,cfp_stage3,0,256,0.0625,512,32,64,3,all,1264,channel_energy_retained,0.05915009126387259,0.00263008767214703,1264,0
qr_radon,3417,16,[3],constructed_initial,train,cfp_stage3,0,256,0.0625,512,32,64,3,label0,632,self_relative,0.0,0.0,632,0
qr_radon,3417,16,[3],constructed_initial,train,cfp_stage3,0,256,0.0625,512,32,64,3,label0,632,cross_relative,0.0,0.0,632,0
qr_radon,3417,16,[3],constructed_initial,train,cfp_stage3,0,256,0.0625,512,32,64,3,label0,632,total_relative,0.0,0.0,632,0
qr_radon,3417,16,[3],constructed_initial,train,cfp_stage3,0,256,0.0625,512,32,64,3,label0,632,self_cross_cosine,,,0,632
qr_radon,3417,16,[3],constructed_initial,train,cfp_stage3,0,256,0.0625,512,32,64,3,label0,632,energy_identity_relative_error,0.0,0.0,632,0
qr_radon,3417,16,[3],constructed_initial,train,cfp_stage3,0,256,0.0625,512,32,64,3,label0,632,channel_energy_retained,0.05891098463198081,0.002589085985443623,632,0
qr_radon,3417,16,[3],constructed_initial,train,cfp_stage3,0,256,0.0625,512,32,64,3,label1,632,self_relative,0.0,0.0,632,0
qr_radon,3417,16,[3],constructed_initial,train,cfp_stage3,0,256,0.0625,512,32,64,3,label1,632,cross_relative,0.0,0.0,632,0
qr_radon,3417,16,[3],constructed_initial,train,cfp_stage3,0,256,0.0625,512,32,64,3,label1,632,total_relative,0.0,0.0,632,0
qr_radon,3417,16,[3],constructed_initial,train,cfp_stage3,0,256,0.0625,512,32,64,3,label1,632,self_cross_cosine,,,0,632
qr_radon,3417,16,[3],constructed_initial,train,cfp_stage3,0,256,0.0625,512,32,64,3,label1,632,energy_identity_relative_error,0.0,0.0,632,0
qr_radon,3417,16,[3],constructed_initial,train,cfp_stage3,0,256,0.0625,512,32,64,3,label1,632,channel_energy_retained,0.059389197895764405,0.0026509985760639937,632,0
qr_radon,3417,16,[3],constructed_initial,train,oct_stage3,0,256,0.0625,512,32,64,3,all,1264,self_relative,0.0,0.0,1264,0
qr_radon,3417,16,[3],constructed_initial,train,oct_stage3,0,256,0.0625,512,32,64,3,all,1264,cross_relative,0.0,0.0,1264,0
qr_radon,3417,16,[3],constructed_initial,train,oct_stage3,0,256,0.0625,512,32,64,3,all,1264,total_relative,0.0,0.0,1264,0
qr_radon,3417,16,[3],constructed_initial,train,oct_stage3,0,256,0.0625,512,32,64,3,all,1264,self_cross_cosine,,,0,1264
qr_radon,3417,16,[3],constructed_initial,train,oct_stage3,0,256,0.0625,512,32,64,3,all,1264,energy_identity_relative_error,0.0,0.0,1264,0
qr_radon,3417,16,[3],constructed_initial,train,oct_stage3,0,256,0.0625,512,32,64,3,all,1264,channel_energy_retained,0.06437656758806383,0.0032360072640350997,1264,0
qr_radon,3417,16,[3],constructed_initial,train,oct_stage3,0,256,0.0625,512,32,64,3,label0,632,self_relative,0.0,0.0,632,0
qr_radon,3417,16,[3],constructed_initial,train,oct_stage3,0,256,0.0625,512,32,64,3,label0,632,cross_relative,0.0,0.0,632,0
qr_radon,3417,16,[3],constructed_initial,train,oct_stage3,0,256,0.0625,512,32,64,3,label0,632,total_relative,0.0,0.0,632,0
qr_radon,3417,16,[3],constructed_initial,train,oct_stage3,0,256,0.0625,512,32,64,3,label0,632,self_cross_cosine,,,0,632
qr_radon,3417,16,[3],constructed_initial,train,oct_stage3,0,256,0.0625,512,32,64,3,label0,632,energy_identity_relative_error,0.0,0.0,632,0
qr_radon,3417,16,[3],constructed_initial,train,oct_stage3,0,256,0.0625,512,32,64,3,label0,632,channel_energy_retained,0.06477914286039378,0.0033045192200406685,632,0
qr_radon,3417,16,[3],constructed_initial,train,oct_stage3,0,256,0.0625,512,32,64,3,label1,632,self_relative,0.0,0.0,632,0
qr_radon,3417,16,[3],constructed_initial,train,oct_stage3,0,256,0.0625,512,32,64,3,label1,632,cross_relative,0.0,0.0,632,0
qr_radon,3417,16,[3],constructed_initial,train,oct_stage3,0,256,0.0625,512,32,64,3,label1,632,total_relative,0.0,0.0,632,0
qr_radon,3417,16,[3],constructed_initial,train,oct_stage3,0,256,0.0625,512,32,64,3,label1,632,self_cross_cosine,,,0,632
qr_radon,3417,16,[3],constructed_initial,train,oct_stage3,0,256,0.0625,512,32,64,3,label1,632,energy_identity_relative_error,0.0,0.0,632,0
qr_radon,3417,16,[3],constructed_initial,train,oct_stage3,0,256,0.0625,512,32,64,3,label1,632,channel_energy_retained,0.06397399231573388,0.003116983612419158,632,0
qr_radon,3417,16,[3],constructed_initial,validation,cfp_stage3,0,256,0.0625,512,32,64,3,all,296,self_relative,0.0,0.0,296,0
qr_radon,3417,16,[3],constructed_initial,validation,cfp_stage3,0,256,0.0625,512,32,64,3,all,296,cross_relative,0.0,0.0,296,0
qr_radon,3417,16,[3],constructed_initial,validation,cfp_stage3,0,256,0.0625,512,32,64,3,all,296,total_relative,0.0,0.0,296,0
qr_radon,3417,16,[3],constructed_initial,validation,cfp_stage3,0,256,0.0625,512,32,64,3,all,296,self_cross_cosine,,,0,296
qr_radon,3417,16,[3],constructed_initial,validation,cfp_stage3,0,256,0.0625,512,32,64,3,all,296,energy_identity_relative_error,0.0,0.0,296,0
qr_radon,3417,16,[3],constructed_initial,validation,cfp_stage3,0,256,0.0625,512,32,64,3,all,296,channel_energy_retained,0.05939368308694154,0.0028232396670607516,296,0
qr_radon,3417,16,[3],constructed_initial,validation,cfp_stage3,0,256,0.0625,512,32,64,3,label0,148,self_relative,0.0,0.0,148,0
qr_radon,3417,16,[3],constructed_initial,validation,cfp_stage3,0,256,0.0625,512,32,64,3,label0,148,cross_relative,0.0,0.0,148,0
qr_radon,3417,16,[3],constructed_initial,validation,cfp_stage3,0,256,0.0625,512,32,64,3,label0,148,total_relative,0.0,0.0,148,0
qr_radon,3417,16,[3],constructed_initial,validation,cfp_stage3,0,256,0.0625,512,32,64,3,label0,148,self_cross_cosine,,,0,148
qr_radon,3417,16,[3],constructed_initial,validation,cfp_stage3,0,256,0.0625,512,32,64,3,label0,148,energy_identity_relative_error,0.0,0.0,148,0
qr_radon,3417,16,[3],constructed_initial,validation,cfp_stage3,0,256,0.0625,512,32,64,3,label0,148,channel_energy_retained,0.059354578214700304,0.0029141612791494234,148,0
qr_radon,3417,16,[3],constructed_initial,validation,cfp_stage3,0,256,0.0625,512,32,64,3,label1,148,self_relative,0.0,0.0,148,0
qr_radon,3417,16,[3],constructed_initial,validation,cfp_stage3,0,256,0.0625,512,32,64,3,label1,148,cross_relative,0.0,0.0,148,0
qr_radon,3417,16,[3],constructed_initial,validation,cfp_stage3,0,256,0.0625,512,32,64,3,label1,148,total_relative,0.0,0.0,148,0
qr_radon,3417,16,[3],constructed_initial,validation,cfp_stage3,0,256,0.0625,512,32,64,3,label1,148,self_cross_cosine,,,0,148
qr_radon,3417,16,[3],constructed_initial,validation,cfp_stage3,0,256,0.0625,512,32,64,3,label1,148,energy_identity_relative_error,0.0,0.0,148,0
qr_radon,3417,16,[3],constructed_initial,validation,cfp_stage3,0,256,0.0625,512,32,64,3,label1,148,channel_energy_retained,0.05943278795918275,0.002738644119827706,148,0
qr_radon,3417,16,[3],constructed_initial,validation,oct_stage3,0,256,0.0625,512,32,64,3,all,296,self_relative,0.0,0.0,296,0
qr_radon,3417,16,[3],constructed_initial,validation,oct_stage3,0,256,0.0625,512,32,64,3,all,296,cross_relative,0.0,0.0,296,0
qr_radon,3417,16,[3],constructed_initial,validation,oct_stage3,0,256,0.0625,512,32,64,3,all,296,total_relative,0.0,0.0,296,0
qr_radon,3417,16,[3],constructed_initial,validation,oct_stage3,0,256,0.0625,512,32,64,3,all,296,self_cross_cosine,,,0,296
qr_radon,3417,16,[3],constructed_initial,validation,oct_stage3,0,256,0.0625,512,32,64,3,all,296,energy_identity_relative_error,0.0,0.0,296,0
qr_radon,3417,16,[3],constructed_initial,validation,oct_stage3,0,256,0.0625,512,32,64,3,all,296,channel_energy_retained,0.06426258465428787,0.003295971179062567,296,0
qr_radon,3417,16,[3],constructed_initial,validation,oct_stage3,0,256,0.0625,512,32,64,3,label0,148,self_relative,0.0,0.0,148,0
qr_radon,3417,16,[3],constructed_initial,validation,oct_stage3,0,256,0.0625,512,32,64,3,label0,148,cross_relative,0.0,0.0,148,0
qr_radon,3417,16,[3],constructed_initial,validation,oct_stage3,0,256,0.0625,512,32,64,3,label0,148,total_relative,0.0,0.0,148,0
qr_radon,3417,16,[3],constructed_initial,validation,oct_stage3,0,256,0.0625,512,32,64,3,label0,148,self_cross_cosine,,,0,148
qr_radon,3417,16,[3],constructed_initial,validation,oct_stage3,0,256,0.0625,512,32,64,3,label0,148,energy_identity_relative_error,0.0,0.0,148,0
qr_radon,3417,16,[3],constructed_initial,validation,oct_stage3,0,256,0.0625,512,32,64,3,label0,148,channel_energy_retained,0.06454311092433099,0.0034378978916961055,148,0
qr_radon,3417,16,[3],constructed_initial,validation,oct_stage3,0,256,0.0625,512,32,64,3,label1,148,self_relative,0.0,0.0,148,0
qr_radon,3417,16,[3],constructed_initial,validation,oct_stage3,0,256,0.0625,512,32,64,3,label1,148,cross_relative,0.0,0.0,148,0
qr_radon,3417,16,[3],constructed_initial,validation,oct_stage3,0,256,0.0625,512,32,64,3,label1,148,total_relative,0.0,0.0,148,0
qr_radon,3417,16,[3],constructed_initial,validation,oct_stage3,0,256,0.0625,512,32,64,3,label1,148,self_cross_cosine,,,0,148
qr_radon,3417,16,[3],constructed_initial,validation,oct_stage3,0,256,0.0625,512,32,64,3,label1,148,energy_identity_relative_error,0.0,0.0,148,0
qr_radon,3417,16,[3],constructed_initial,validation,oct_stage3,0,256,0.0625,512,32,64,3,label1,148,channel_energy_retained,0.06398205838424473,0.003134190535600764,148,0
qr_radon,3417,16,[3],constructed_initial,test,cfp_stage3,0,256,0.0625,512,32,64,3,all,290,self_relative,0.0,0.0,290,0
qr_radon,3417,16,[3],constructed_initial,test,cfp_stage3,0,256,0.0625,512,32,64,3,all,290,cross_relative,0.0,0.0,290,0
qr_radon,3417,16,[3],constructed_initial,test,cfp_stage3,0,256,0.0625,512,32,64,3,all,290,total_relative,0.0,0.0,290,0
qr_radon,3417,16,[3],constructed_initial,test,cfp_stage3,0,256,0.0625,512,32,64,3,all,290,self_cross_cosine,,,0,290
qr_radon,3417,16,[3],constructed_initial,test,cfp_stage3,0,256,0.0625,512,32,64,3,all,290,energy_identity_relative_error,0.0,0.0,290,0
qr_radon,3417,16,[3],constructed_initial,test,cfp_stage3,0,256,0.0625,512,32,64,3,all,290,channel_energy_retained,0.05924653735142097,0.002872285716199513,290,0
qr_radon,3417,16,[3],constructed_initial,test,cfp_stage3,0,256,0.0625,512,32,64,3,label0,145,self_relative,0.0,0.0,145,0
qr_radon,3417,16,[3],constructed_initial,test,cfp_stage3,0,256,0.0625,512,32,64,3,label0,145,cross_relative,0.0,0.0,145,0
qr_radon,3417,16,[3],constructed_initial,test,cfp_stage3,0,256,0.0625,512,32,64,3,label0,145,total_relative,0.0,0.0,145,0
qr_radon,3417,16,[3],constructed_initial,test,cfp_stage3,0,256,0.0625,512,32,64,3,label0,145,self_cross_cosine,,,0,145
qr_radon,3417,16,[3],constructed_initial,test,cfp_stage3,0,256,0.0625,512,32,64,3,label0,145,energy_identity_relative_error,0.0,0.0,145,0
qr_radon,3417,16,[3],constructed_initial,test,cfp_stage3,0,256,0.0625,512,32,64,3,label0,145,channel_energy_retained,0.05919789409178485,0.002822347643434166,145,0
qr_radon,3417,16,[3],constructed_initial,test,cfp_stage3,0,256,0.0625,512,32,64,3,label1,145,self_relative,0.0,0.0,145,0
qr_radon,3417,16,[3],constructed_initial,test,cfp_stage3,0,256,0.0625,512,32,64,3,label1,145,cross_relative,0.0,0.0,145,0
qr_radon,3417,16,[3],constructed_initial,test,cfp_stage3,0,256,0.0625,512,32,64,3,label1,145,total_relative,0.0,0.0,145,0
qr_radon,3417,16,[3],constructed_initial,test,cfp_stage3,0,256,0.0625,512,32,64,3,label1,145,self_cross_cosine,,,0,145
qr_radon,3417,16,[3],constructed_initial,test,cfp_stage3,0,256,0.0625,512,32,64,3,label1,145,energy_identity_relative_error,0.0,0.0,145,0
qr_radon,3417,16,[3],constructed_initial,test,cfp_stage3,0,256,0.0625,512,32,64,3,label1,145,channel_energy_retained,0.0592951806110571,0.0029303465487276648,145,0
qr_radon,3417,16,[3],constructed_initial,test,oct_stage3,0,256,0.0625,512,32,64,3,all,290,self_relative,0.0,0.0,290,0
qr_radon,3417,16,[3],constructed_initial,test,oct_stage3,0,256,0.0625,512,32,64,3,all,290,cross_relative,0.0,0.0,290,0
qr_radon,3417,16,[3],constructed_initial,test,oct_stage3,0,256,0.0625,512,32,64,3,all,290,total_relative,0.0,0.0,290,0
qr_radon,3417,16,[3],constructed_initial,test,oct_stage3,0,256,0.0625,512,32,64,3,all,290,self_cross_cosine,,,0,290
qr_radon,3417,16,[3],constructed_initial,test,oct_stage3,0,256,0.0625,512,32,64,3,all,290,energy_identity_relative_error,0.0,0.0,290,0
qr_radon,3417,16,[3],constructed_initial,test,oct_stage3,0,256,0.0625,512,32,64,3,all,290,channel_energy_retained,0.06456933708431872,0.0031963486186755772,290,0
qr_radon,3417,16,[3],constructed_initial,test,oct_stage3,0,256,0.0625,512,32,64,3,label0,145,self_relative,0.0,0.0,145,0
qr_radon,3417,16,[3],constructed_initial,test,oct_stage3,0,256,0.0625,512,32,64,3,label0,145,cross_relative,0.0,0.0,145,0
qr_radon,3417,16,[3],constructed_initial,test,oct_stage3,0,256,0.0625,512,32,64,3,label0,145,total_relative,0.0,0.0,145,0
qr_radon,3417,16,[3],constructed_initial,test,oct_stage3,0,256,0.0625,512,32,64,3,label0,145,self_cross_cosine,,,0,145
qr_radon,3417,16,[3],constructed_initial,test,oct_stage3,0,256,0.0625,512,32,64,3,label0,145,energy_identity_relative_error,0.0,0.0,145,0
qr_radon,3417,16,[3],constructed_initial,test,oct_stage3,0,256,0.0625,512,32,64,3,label0,145,channel_energy_retained,0.06504586700561445,0.003327332954810669,145,0
qr_radon,3417,16,[3],constructed_initial,test,oct_stage3,0,256,0.0625,512,32,64,3,label1,145,self_relative,0.0,0.0,145,0
qr_radon,3417,16,[3],constructed_initial,test,oct_stage3,0,256,0.0625,512,32,64,3,label1,145,cross_relative,0.0,0.0,145,0
qr_radon,3417,16,[3],constructed_initial,test,oct_stage3,0,256,0.0625,512,32,64,3,label1,145,total_relative,0.0,0.0,145,0
qr_radon,3417,16,[3],constructed_initial,test,oct_stage3,0,256,0.0625,512,32,64,3,label1,145,self_cross_cosine,,,0,145
qr_radon,3417,16,[3],constructed_initial,test,oct_stage3,0,256,0.0625,512,32,64,3,label1,145,energy_identity_relative_error,0.0,0.0,145,0
qr_radon,3417,16,[3],constructed_initial,test,oct_stage3,0,256,0.0625,512,32,64,3,label1,145,channel_energy_retained,0.06409280716302301,0.002995960260221663,145,0
qr_radon,3417,16,[3],selected,train,cfp_stage3,0,256,0.0625,512,32,64,3,all,1264,self_relative,0.0,0.0,1264,0
qr_radon,3417,16,[3],selected,train,cfp_stage3,0,256,0.0625,512,32,64,3,all,1264,cross_relative,0.0,0.0,1264,0
qr_radon,3417,16,[3],selected,train,cfp_stage3,0,256,0.0625,512,32,64,3,all,1264,total_relative,0.0,0.0,1264,0
qr_radon,3417,16,[3],selected,train,cfp_stage3,0,256,0.0625,512,32,64,3,all,1264,self_cross_cosine,,,0,1264
qr_radon,3417,16,[3],selected,train,cfp_stage3,0,256,0.0625,512,32,64,3,all,1264,energy_identity_relative_error,0.0,0.0,1264,0
qr_radon,3417,16,[3],selected,train,cfp_stage3,0,256,0.0625,512,32,64,3,all,1264,channel_energy_retained,0.05915009126387259,0.00263008767214703,1264,0
qr_radon,3417,16,[3],selected,train,cfp_stage3,0,256,0.0625,512,32,64,3,label0,632,self_relative,0.0,0.0,632,0
qr_radon,3417,16,[3],selected,train,cfp_stage3,0,256,0.0625,512,32,64,3,label0,632,cross_relative,0.0,0.0,632,0
qr_radon,3417,16,[3],selected,train,cfp_stage3,0,256,0.0625,512,32,64,3,label0,632,total_relative,0.0,0.0,632,0
qr_radon,3417,16,[3],selected,train,cfp_stage3,0,256,0.0625,512,32,64,3,label0,632,self_cross_cosine,,,0,632
qr_radon,3417,16,[3],selected,train,cfp_stage3,0,256,0.0625,512,32,64,3,label0,632,energy_identity_relative_error,0.0,0.0,632,0
qr_radon,3417,16,[3],selected,train,cfp_stage3,0,256,0.0625,512,32,64,3,label0,632,channel_energy_retained,0.05891098463198081,0.002589085985443623,632,0
qr_radon,3417,16,[3],selected,train,cfp_stage3,0,256,0.0625,512,32,64,3,label1,632,self_relative,0.0,0.0,632,0
qr_radon,3417,16,[3],selected,train,cfp_stage3,0,256,0.0625,512,32,64,3,label1,632,cross_relative,0.0,0.0,632,0
qr_radon,3417,16,[3],selected,train,cfp_stage3,0,256,0.0625,512,32,64,3,label1,632,total_relative,0.0,0.0,632,0
qr_radon,3417,16,[3],selected,train,cfp_stage3,0,256,0.0625,512,32,64,3,label1,632,self_cross_cosine,,,0,632
qr_radon,3417,16,[3],selected,train,cfp_stage3,0,256,0.0625,512,32,64,3,label1,632,energy_identity_relative_error,0.0,0.0,632,0
qr_radon,3417,16,[3],selected,train,cfp_stage3,0,256,0.0625,512,32,64,3,label1,632,channel_energy_retained,0.059389197895764405,0.0026509985760639937,632,0
qr_radon,3417,16,[3],selected,train,oct_stage3,0,256,0.0625,512,32,64,3,all,1264,self_relative,0.0,0.0,1264,0
qr_radon,3417,16,[3],selected,train,oct_stage3,0,256,0.0625,512,32,64,3,all,1264,cross_relative,0.0,0.0,1264,0
qr_radon,3417,16,[3],selected,train,oct_stage3,0,256,0.0625,512,32,64,3,all,1264,total_relative,0.0,0.0,1264,0
qr_radon,3417,16,[3],selected,train,oct_stage3,0,256,0.0625,512,32,64,3,all,1264,self_cross_cosine,,,0,1264
qr_radon,3417,16,[3],selected,train,oct_stage3,0,256,0.0625,512,32,64,3,all,1264,energy_identity_relative_error,0.0,0.0,1264,0
qr_radon,3417,16,[3],selected,train,oct_stage3,0,256,0.0625,512,32,64,3,all,1264,channel_energy_retained,0.06437656758806383,0.0032360072640350997,1264,0
qr_radon,3417,16,[3],selected,train,oct_stage3,0,256,0.0625,512,32,64,3,label0,632,self_relative,0.0,0.0,632,0
qr_radon,3417,16,[3],selected,train,oct_stage3,0,256,0.0625,512,32,64,3,label0,632,cross_relative,0.0,0.0,632,0
qr_radon,3417,16,[3],selected,train,oct_stage3,0,256,0.0625,512,32,64,3,label0,632,total_relative,0.0,0.0,632,0
qr_radon,3417,16,[3],selected,train,oct_stage3,0,256,0.0625,512,32,64,3,label0,632,self_cross_cosine,,,0,632
qr_radon,3417,16,[3],selected,train,oct_stage3,0,256,0.0625,512,32,64,3,label0,632,energy_identity_relative_error,0.0,0.0,632,0
qr_radon,3417,16,[3],selected,train,oct_stage3,0,256,0.0625,512,32,64,3,label0,632,channel_energy_retained,0.06477914286039378,0.0033045192200406685,632,0
qr_radon,3417,16,[3],selected,train,oct_stage3,0,256,0.0625,512,32,64,3,label1,632,self_relative,0.0,0.0,632,0
qr_radon,3417,16,[3],selected,train,oct_stage3,0,256,0.0625,512,32,64,3,label1,632,cross_relative,0.0,0.0,632,0
qr_radon,3417,16,[3],selected,train,oct_stage3,0,256,0.0625,512,32,64,3,label1,632,total_relative,0.0,0.0,632,0
qr_radon,3417,16,[3],selected,train,oct_stage3,0,256,0.0625,512,32,64,3,label1,632,self_cross_cosine,,,0,632
qr_radon,3417,16,[3],selected,train,oct_stage3,0,256,0.0625,512,32,64,3,label1,632,energy_identity_relative_error,0.0,0.0,632,0
qr_radon,3417,16,[3],selected,train,oct_stage3,0,256,0.0625,512,32,64,3,label1,632,channel_energy_retained,0.06397399231573388,0.003116983612419158,632,0
qr_radon,3417,16,[3],selected,validation,cfp_stage3,0,256,0.0625,512,32,64,3,all,296,self_relative,0.0,0.0,296,0
qr_radon,3417,16,[3],selected,validation,cfp_stage3,0,256,0.0625,512,32,64,3,all,296,cross_relative,0.0,0.0,296,0
qr_radon,3417,16,[3],selected,validation,cfp_stage3,0,256,0.0625,512,32,64,3,all,296,total_relative,0.0,0.0,296,0
qr_radon,3417,16,[3],selected,validation,cfp_stage3,0,256,0.0625,512,32,64,3,all,296,self_cross_cosine,,,0,296
qr_radon,3417,16,[3],selected,validation,cfp_stage3,0,256,0.0625,512,32,64,3,all,296,energy_identity_relative_error,0.0,0.0,296,0
qr_radon,3417,16,[3],selected,validation,cfp_stage3,0,256,0.0625,512,32,64,3,all,296,channel_energy_retained,0.05939368308694154,0.0028232396670607516,296,0
qr_radon,3417,16,[3],selected,validation,cfp_stage3,0,256,0.0625,512,32,64,3,label0,148,self_relative,0.0,0.0,148,0
qr_radon,3417,16,[3],selected,validation,cfp_stage3,0,256,0.0625,512,32,64,3,label0,148,cross_relative,0.0,0.0,148,0
qr_radon,3417,16,[3],selected,validation,cfp_stage3,0,256,0.0625,512,32,64,3,label0,148,total_relative,0.0,0.0,148,0
qr_radon,3417,16,[3],selected,validation,cfp_stage3,0,256,0.0625,512,32,64,3,label0,148,self_cross_cosine,,,0,148
qr_radon,3417,16,[3],selected,validation,cfp_stage3,0,256,0.0625,512,32,64,3,label0,148,energy_identity_relative_error,0.0,0.0,148,0
qr_radon,3417,16,[3],selected,validation,cfp_stage3,0,256,0.0625,512,32,64,3,label0,148,channel_energy_retained,0.059354578214700304,0.0029141612791494234,148,0
qr_radon,3417,16,[3],selected,validation,cfp_stage3,0,256,0.0625,512,32,64,3,label1,148,self_relative,0.0,0.0,148,0
qr_radon,3417,16,[3],selected,validation,cfp_stage3,0,256,0.0625,512,32,64,3,label1,148,cross_relative,0.0,0.0,148,0
qr_radon,3417,16,[3],selected,validation,cfp_stage3,0,256,0.0625,512,32,64,3,label1,148,total_relative,0.0,0.0,148,0
qr_radon,3417,16,[3],selected,validation,cfp_stage3,0,256,0.0625,512,32,64,3,label1,148,self_cross_cosine,,,0,148
qr_radon,3417,16,[3],selected,validation,cfp_stage3,0,256,0.0625,512,32,64,3,label1,148,energy_identity_relative_error,0.0,0.0,148,0
qr_radon,3417,16,[3],selected,validation,cfp_stage3,0,256,0.0625,512,32,64,3,label1,148,channel_energy_retained,0.05943278795918275,0.002738644119827706,148,0
qr_radon,3417,16,[3],selected,validation,oct_stage3,0,256,0.0625,512,32,64,3,all,296,self_relative,0.0,0.0,296,0
qr_radon,3417,16,[3],selected,validation,oct_stage3,0,256,0.0625,512,32,64,3,all,296,cross_relative,0.0,0.0,296,0
qr_radon,3417,16,[3],selected,validation,oct_stage3,0,256,0.0625,512,32,64,3,all,296,total_relative,0.0,0.0,296,0
qr_radon,3417,16,[3],selected,validation,oct_stage3,0,256,0.0625,512,32,64,3,all,296,self_cross_cosine,,,0,296
qr_radon,3417,16,[3],selected,validation,oct_stage3,0,256,0.0625,512,32,64,3,all,296,energy_identity_relative_error,0.0,0.0,296,0
qr_radon,3417,16,[3],selected,validation,oct_stage3,0,256,0.0625,512,32,64,3,all,296,channel_energy_retained,0.06426258465428787,0.003295971179062567,296,0
qr_radon,3417,16,[3],selected,validation,oct_stage3,0,256,0.0625,512,32,64,3,label0,148,self_relative,0.0,0.0,148,0
qr_radon,3417,16,[3],selected,validation,oct_stage3,0,256,0.0625,512,32,64,3,label0,148,cross_relative,0.0,0.0,148,0
qr_radon,3417,16,[3],selected,validation,oct_stage3,0,256,0.0625,512,32,64,3,label0,148,total_relative,0.0,0.0,148,0
qr_radon,3417,16,[3],selected,validation,oct_stage3,0,256,0.0625,512,32,64,3,label0,148,self_cross_cosine,,,0,148
qr_radon,3417,16,[3],selected,validation,oct_stage3,0,256,0.0625,512,32,64,3,label0,148,energy_identity_relative_error,0.0,0.0,148,0
qr_radon,3417,16,[3],selected,validation,oct_stage3,0,256,0.0625,512,32,64,3,label0,148,channel_energy_retained,0.06454311092433099,0.0034378978916961055,148,0
qr_radon,3417,16,[3],selected,validation,oct_stage3,0,256,0.0625,512,32,64,3,label1,148,self_relative,0.0,0.0,148,0
qr_radon,3417,16,[3],selected,validation,oct_stage3,0,256,0.0625,512,32,64,3,label1,148,cross_relative,0.0,0.0,148,0
qr_radon,3417,16,[3],selected,validation,oct_stage3,0,256,0.0625,512,32,64,3,label1,148,total_relative,0.0,0.0,148,0
qr_radon,3417,16,[3],selected,validation,oct_stage3,0,256,0.0625,512,32,64,3,label1,148,self_cross_cosine,,,0,148
qr_radon,3417,16,[3],selected,validation,oct_stage3,0,256,0.0625,512,32,64,3,label1,148,energy_identity_relative_error,0.0,0.0,148,0
qr_radon,3417,16,[3],selected,validation,oct_stage3,0,256,0.0625,512,32,64,3,label1,148,channel_energy_retained,0.06398205838424473,0.003134190535600764,148,0
qr_radon,3417,16,[3],selected,test,cfp_stage3,0,256,0.0625,512,32,64,3,all,290,self_relative,0.0,0.0,290,0
qr_radon,3417,16,[3],selected,test,cfp_stage3,0,256,0.0625,512,32,64,3,all,290,cross_relative,0.0,0.0,290,0
qr_radon,3417,16,[3],selected,test,cfp_stage3,0,256,0.0625,512,32,64,3,all,290,total_relative,0.0,0.0,290,0
qr_radon,3417,16,[3],selected,test,cfp_stage3,0,256,0.0625,512,32,64,3,all,290,self_cross_cosine,,,0,290
qr_radon,3417,16,[3],selected,test,cfp_stage3,0,256,0.0625,512,32,64,3,all,290,energy_identity_relative_error,0.0,0.0,290,0
qr_radon,3417,16,[3],selected,test,cfp_stage3,0,256,0.0625,512,32,64,3,all,290,channel_energy_retained,0.05924653735142097,0.002872285716199513,290,0
qr_radon,3417,16,[3],selected,test,cfp_stage3,0,256,0.0625,512,32,64,3,label0,145,self_relative,0.0,0.0,145,0
qr_radon,3417,16,[3],selected,test,cfp_stage3,0,256,0.0625,512,32,64,3,label0,145,cross_relative,0.0,0.0,145,0
qr_radon,3417,16,[3],selected,test,cfp_stage3,0,256,0.0625,512,32,64,3,label0,145,total_relative,0.0,0.0,145,0
qr_radon,3417,16,[3],selected,test,cfp_stage3,0,256,0.0625,512,32,64,3,label0,145,self_cross_cosine,,,0,145
qr_radon,3417,16,[3],selected,test,cfp_stage3,0,256,0.0625,512,32,64,3,label0,145,energy_identity_relative_error,0.0,0.0,145,0
qr_radon,3417,16,[3],selected,test,cfp_stage3,0,256,0.0625,512,32,64,3,label0,145,channel_energy_retained,0.05919789409178485,0.002822347643434166,145,0
qr_radon,3417,16,[3],selected,test,cfp_stage3,0,256,0.0625,512,32,64,3,label1,145,self_relative,0.0,0.0,145,0
qr_radon,3417,16,[3],selected,test,cfp_stage3,0,256,0.0625,512,32,64,3,label1,145,cross_relative,0.0,0.0,145,0
qr_radon,3417,16,[3],selected,test,cfp_stage3,0,256,0.0625,512,32,64,3,label1,145,total_relative,0.0,0.0,145,0
qr_radon,3417,16,[3],selected,test,cfp_stage3,0,256,0.0625,512,32,64,3,label1,145,self_cross_cosine,,,0,145
qr_radon,3417,16,[3],selected,test,cfp_stage3,0,256,0.0625,512,32,64,3,label1,145,energy_identity_relative_error,0.0,0.0,145,0
qr_radon,3417,16,[3],selected,test,cfp_stage3,0,256,0.0625,512,32,64,3,label1,145,channel_energy_retained,0.0592951806110571,0.0029303465487276648,145,0
qr_radon,3417,16,[3],selected,test,oct_stage3,0,256,0.0625,512,32,64,3,all,290,self_relative,0.0,0.0,290,0
qr_radon,3417,16,[3],selected,test,oct_stage3,0,256,0.0625,512,32,64,3,all,290,cross_relative,0.0,0.0,290,0
qr_radon,3417,16,[3],selected,test,oct_stage3,0,256,0.0625,512,32,64,3,all,290,total_relative,0.0,0.0,290,0
qr_radon,3417,16,[3],selected,test,oct_stage3,0,256,0.0625,512,32,64,3,all,290,self_cross_cosine,,,0,290
qr_radon,3417,16,[3],selected,test,oct_stage3,0,256,0.0625,512,32,64,3,all,290,energy_identity_relative_error,0.0,0.0,290,0
qr_radon,3417,16,[3],selected,test,oct_stage3,0,256,0.0625,512,32,64,3,all,290,channel_energy_retained,0.06456933708431872,0.0031963486186755772,290,0
qr_radon,3417,16,[3],selected,test,oct_stage3,0,256,0.0625,512,32,64,3,label0,145,self_relative,0.0,0.0,145,0
qr_radon,3417,16,[3],selected,test,oct_stage3,0,256,0.0625,512,32,64,3,label0,145,cross_relative,0.0,0.0,145,0
qr_radon,3417,16,[3],selected,test,oct_stage3,0,256,0.0625,512,32,64,3,label0,145,total_relative,0.0,0.0,145,0
qr_radon,3417,16,[3],selected,test,oct_stage3,0,256,0.0625,512,32,64,3,label0,145,self_cross_cosine,,,0,145
qr_radon,3417,16,[3],selected,test,oct_stage3,0,256,0.0625,512,32,64,3,label0,145,energy_identity_relative_error,0.0,0.0,145,0
qr_radon,3417,16,[3],selected,test,oct_stage3,0,256,0.0625,512,32,64,3,label0,145,channel_energy_retained,0.06504586700561445,0.003327332954810669,145,0
qr_radon,3417,16,[3],selected,test,oct_stage3,0,256,0.0625,512,32,64,3,label1,145,self_relative,0.0,0.0,145,0
qr_radon,3417,16,[3],selected,test,oct_stage3,0,256,0.0625,512,32,64,3,label1,145,cross_relative,0.0,0.0,145,0
qr_radon,3417,16,[3],selected,test,oct_stage3,0,256,0.0625,512,32,64,3,label1,145,total_relative,0.0,0.0,145,0
qr_radon,3417,16,[3],selected,test,oct_stage3,0,256,0.0625,512,32,64,3,label1,145,self_cross_cosine,,,0,145
qr_radon,3417,16,[3],selected,test,oct_stage3,0,256,0.0625,512,32,64,3,label1,145,energy_identity_relative_error,0.0,0.0,145,0
qr_radon,3417,16,[3],selected,test,oct_stage3,0,256,0.0625,512,32,64,3,label1,145,channel_energy_retained,0.06409280716302301,0.002995960260221663,145,0
svd_resample,3417,16,[3],constructed_initial,train,cfp_stage3,0,256,0.0625,512,32,64,3,all,1264,self_relative,0.0,0.0,1264,0
svd_resample,3417,16,[3],constructed_initial,train,cfp_stage3,0,256,0.0625,512,32,64,3,all,1264,cross_relative,0.0,0.0,1264,0
svd_resample,3417,16,[3],constructed_initial,train,cfp_stage3,0,256,0.0625,512,32,64,3,all,1264,total_relative,0.0,0.0,1264,0
svd_resample,3417,16,[3],constructed_initial,train,cfp_stage3,0,256,0.0625,512,32,64,3,all,1264,self_cross_cosine,,,0,1264
svd_resample,3417,16,[3],constructed_initial,train,cfp_stage3,0,256,0.0625,512,32,64,3,all,1264,energy_identity_relative_error,0.0,0.0,1264,0
svd_resample,3417,16,[3],constructed_initial,train,cfp_stage3,0,256,0.0625,512,32,64,3,all,1264,channel_energy_retained,0.6449436243676225,0.02478972790678481,1264,0
svd_resample,3417,16,[3],constructed_initial,train,cfp_stage3,0,256,0.0625,512,32,64,3,label0,632,self_relative,0.0,0.0,632,0
svd_resample,3417,16,[3],constructed_initial,train,cfp_stage3,0,256,0.0625,512,32,64,3,label0,632,cross_relative,0.0,0.0,632,0
svd_resample,3417,16,[3],constructed_initial,train,cfp_stage3,0,256,0.0625,512,32,64,3,label0,632,total_relative,0.0,0.0,632,0
svd_resample,3417,16,[3],constructed_initial,train,cfp_stage3,0,256,0.0625,512,32,64,3,label0,632,self_cross_cosine,,,0,632
svd_resample,3417,16,[3],constructed_initial,train,cfp_stage3,0,256,0.0625,512,32,64,3,label0,632,energy_identity_relative_error,0.0,0.0,632,0
svd_resample,3417,16,[3],constructed_initial,train,cfp_stage3,0,256,0.0625,512,32,64,3,label0,632,channel_energy_retained,0.6476809706382151,0.023322745406900984,632,0
svd_resample,3417,16,[3],constructed_initial,train,cfp_stage3,0,256,0.0625,512,32,64,3,label1,632,self_relative,0.0,0.0,632,0
svd_resample,3417,16,[3],constructed_initial,train,cfp_stage3,0,256,0.0625,512,32,64,3,label1,632,cross_relative,0.0,0.0,632,0
svd_resample,3417,16,[3],constructed_initial,train,cfp_stage3,0,256,0.0625,512,32,64,3,label1,632,total_relative,0.0,0.0,632,0
svd_resample,3417,16,[3],constructed_initial,train,cfp_stage3,0,256,0.0625,512,32,64,3,label1,632,self_cross_cosine,,,0,632
svd_resample,3417,16,[3],constructed_initial,train,cfp_stage3,0,256,0.0625,512,32,64,3,label1,632,energy_identity_relative_error,0.0,0.0,632,0
svd_resample,3417,16,[3],constructed_initial,train,cfp_stage3,0,256,0.0625,512,32,64,3,label1,632,channel_energy_retained,0.64220627809703,0.025905111205917417,632,0
svd_resample,3417,16,[3],constructed_initial,train,oct_stage3,0,256,0.0625,512,32,64,3,all,1264,self_relative,0.0,0.0,1264,0
svd_resample,3417,16,[3],constructed_initial,train,oct_stage3,0,256,0.0625,512,32,64,3,all,1264,cross_relative,0.0,0.0,1264,0
svd_resample,3417,16,[3],constructed_initial,train,oct_stage3,0,256,0.0625,512,32,64,3,all,1264,total_relative,0.0,0.0,1264,0
svd_resample,3417,16,[3],constructed_initial,train,oct_stage3,0,256,0.0625,512,32,64,3,all,1264,self_cross_cosine,,,0,1264
svd_resample,3417,16,[3],constructed_initial,train,oct_stage3,0,256,0.0625,512,32,64,3,all,1264,energy_identity_relative_error,0.0,0.0,1264,0
svd_resample,3417,16,[3],constructed_initial,train,oct_stage3,0,256,0.0625,512,32,64,3,all,1264,channel_energy_retained,0.6446770614372039,0.025093844225919353,1264,0
svd_resample,3417,16,[3],constructed_initial,train,oct_stage3,0,256,0.0625,512,32,64,3,label0,632,self_relative,0.0,0.0,632,0
svd_resample,3417,16,[3],constructed_initial,train,oct_stage3,0,256,0.0625,512,32,64,3,label0,632,cross_relative,0.0,0.0,632,0
svd_resample,3417,16,[3],constructed_initial,train,oct_stage3,0,256,0.0625,512,32,64,3,label0,632,total_relative,0.0,0.0,632,0
svd_resample,3417,16,[3],constructed_initial,train,oct_stage3,0,256,0.0625,512,32,64,3,label0,632,self_cross_cosine,,,0,632
svd_resample,3417,16,[3],constructed_initial,train,oct_stage3,0,256,0.0625,512,32,64,3,label0,632,energy_identity_relative_error,0.0,0.0,632,0
svd_resample,3417,16,[3],constructed_initial,train,oct_stage3,0,256,0.0625,512,32,64,3,label0,632,channel_energy_retained,0.6451628017419678,0.024830935539521336,632,0
svd_resample,3417,16,[3],constructed_initial,train,oct_stage3,0,256,0.0625,512,32,64,3,label1,632,self_relative,0.0,0.0,632,0
svd_resample,3417,16,[3],constructed_initial,train,oct_stage3,0,256,0.0625,512,32,64,3,label1,632,cross_relative,0.0,0.0,632,0
svd_resample,3417,16,[3],constructed_initial,train,oct_stage3,0,256,0.0625,512,32,64,3,label1,632,total_relative,0.0,0.0,632,0
svd_resample,3417,16,[3],constructed_initial,train,oct_stage3,0,256,0.0625,512,32,64,3,label1,632,self_cross_cosine,,,0,632
svd_resample,3417,16,[3],constructed_initial,train,oct_stage3,0,256,0.0625,512,32,64,3,label1,632,energy_identity_relative_error,0.0,0.0,632,0
svd_resample,3417,16,[3],constructed_initial,train,oct_stage3,0,256,0.0625,512,32,64,3,label1,632,channel_energy_retained,0.6441913211324402,0.025364384135340826,632,0
svd_resample,3417,16,[3],constructed_initial,validation,cfp_stage3,0,256,0.0625,512,32,64,3,all,296,self_relative,0.0,0.0,296,0
svd_resample,3417,16,[3],constructed_initial,validation,cfp_stage3,0,256,0.0625,512,32,64,3,all,296,cross_relative,0.0,0.0,296,0
svd_resample,3417,16,[3],constructed_initial,validation,cfp_stage3,0,256,0.0625,512,32,64,3,all,296,total_relative,0.0,0.0,296,0
svd_resample,3417,16,[3],constructed_initial,validation,cfp_stage3,0,256,0.0625,512,32,64,3,all,296,self_cross_cosine,,,0,296
svd_resample,3417,16,[3],constructed_initial,validation,cfp_stage3,0,256,0.0625,512,32,64,3,all,296,energy_identity_relative_error,0.0,0.0,296,0
svd_resample,3417,16,[3],constructed_initial,validation,cfp_stage3,0,256,0.0625,512,32,64,3,all,296,channel_energy_retained,0.6443353567891319,0.024215508112809304,296,0
svd_resample,3417,16,[3],constructed_initial,validation,cfp_stage3,0,256,0.0625,512,32,64,3,label0,148,self_relative,0.0,0.0,148,0
svd_resample,3417,16,[3],constructed_initial,validation,cfp_stage3,0,256,0.0625,512,32,64,3,label0,148,cross_relative,0.0,0.0,148,0
svd_resample,3417,16,[3],constructed_initial,validation,cfp_stage3,0,256,0.0625,512,32,64,3,label0,148,total_relative,0.0,0.0,148,0
svd_resample,3417,16,[3],constructed_initial,validation,cfp_stage3,0,256,0.0625,512,32,64,3,label0,148,self_cross_cosine,,,0,148
svd_resample,3417,16,[3],constructed_initial,validation,cfp_stage3,0,256,0.0625,512,32,64,3,label0,148,energy_identity_relative_error,0.0,0.0,148,0
svd_resample,3417,16,[3],constructed_initial,validation,cfp_stage3,0,256,0.0625,512,32,64,3,label0,148,channel_energy_retained,0.6461519927346866,0.02367802302124657,148,0
svd_resample,3417,16,[3],constructed_initial,validation,cfp_stage3,0,256,0.0625,512,32,64,3,label1,148,self_relative,0.0,0.0,148,0
svd_resample,3417,16,[3],constructed_initial,validation,cfp_stage3,0,256,0.0625,512,32,64,3,label1,148,cross_relative,0.0,0.0,148,0
svd_resample,3417,16,[3],constructed_initial,validation,cfp_stage3,0,256,0.0625,512,32,64,3,label1,148,total_relative,0.0,0.0,148,0
svd_resample,3417,16,[3],constructed_initial,validation,cfp_stage3,0,256,0.0625,512,32,64,3,label1,148,self_cross_cosine,,,0,148
svd_resample,3417,16,[3],constructed_initial,validation,cfp_stage3,0,256,0.0625,512,32,64,3,label1,148,energy_identity_relative_error,0.0,0.0,148,0
svd_resample,3417,16,[3],constructed_initial,validation,cfp_stage3,0,256,0.0625,512,32,64,3,label1,148,channel_energy_retained,0.6425187208435774,0.024687582159411713,148,0
svd_resample,3417,16,[3],constructed_initial,validation,oct_stage3,0,256,0.0625,512,32,64,3,all,296,self_relative,0.0,0.0,296,0
svd_resample,3417,16,[3],constructed_initial,validation,oct_stage3,0,256,0.0625,512,32,64,3,all,296,cross_relative,0.0,0.0,296,0
svd_resample,3417,16,[3],constructed_initial,validation,oct_stage3,0,256,0.0625,512,32,64,3,all,296,total_relative,0.0,0.0,296,0
svd_resample,3417,16,[3],constructed_initial,validation,oct_stage3,0,256,0.0625,512,32,64,3,all,296,self_cross_cosine,,,0,296
svd_resample,3417,16,[3],constructed_initial,validation,oct_stage3,0,256,0.0625,512,32,64,3,all,296,energy_identity_relative_error,0.0,0.0,296,0
svd_resample,3417,16,[3],constructed_initial,validation,oct_stage3,0,256,0.0625,512,32,64,3,all,296,channel_energy_retained,0.6461936945265561,0.02391792645180032,296,0
svd_resample,3417,16,[3],constructed_initial,validation,oct_stage3,0,256,0.0625,512,32,64,3,label0,148,self_relative,0.0,0.0,148,0
svd_resample,3417,16,[3],constructed_initial,validation,oct_stage3,0,256,0.0625,512,32,64,3,label0,148,cross_relative,0.0,0.0,148,0
svd_resample,3417,16,[3],constructed_initial,validation,oct_stage3,0,256,0.0625,512,32,64,3,label0,148,total_relative,0.0,0.0,148,0
svd_resample,3417,16,[3],constructed_initial,validation,oct_stage3,0,256,0.0625,512,32,64,3,label0,148,self_cross_cosine,,,0,148
svd_resample,3417,16,[3],constructed_initial,validation,oct_stage3,0,256,0.0625,512,32,64,3,label0,148,energy_identity_relative_error,0.0,0.0,148,0
svd_resample,3417,16,[3],constructed_initial,validation,oct_stage3,0,256,0.0625,512,32,64,3,label0,148,channel_energy_retained,0.6447546095707327,0.021978952002095157,148,0
svd_resample,3417,16,[3],constructed_initial,validation,oct_stage3,0,256,0.0625,512,32,64,3,label1,148,self_relative,0.0,0.0,148,0
svd_resample,3417,16,[3],constructed_initial,validation,oct_stage3,0,256,0.0625,512,32,64,3,label1,148,cross_relative,0.0,0.0,148,0
svd_resample,3417,16,[3],constructed_initial,validation,oct_stage3,0,256,0.0625,512,32,64,3,label1,148,total_relative,0.0,0.0,148,0
svd_resample,3417,16,[3],constructed_initial,validation,oct_stage3,0,256,0.0625,512,32,64,3,label1,148,self_cross_cosine,,,0,148
svd_resample,3417,16,[3],constructed_initial,validation,oct_stage3,0,256,0.0625,512,32,64,3,label1,148,energy_identity_relative_error,0.0,0.0,148,0
svd_resample,3417,16,[3],constructed_initial,validation,oct_stage3,0,256,0.0625,512,32,64,3,label1,148,channel_energy_retained,0.6476327794823792,0.02570567226548601,148,0
svd_resample,3417,16,[3],constructed_initial,test,cfp_stage3,0,256,0.0625,512,32,64,3,all,290,self_relative,0.0,0.0,290,0
svd_resample,3417,16,[3],constructed_initial,test,cfp_stage3,0,256,0.0625,512,32,64,3,all,290,cross_relative,0.0,0.0,290,0
svd_resample,3417,16,[3],constructed_initial,test,cfp_stage3,0,256,0.0625,512,32,64,3,all,290,total_relative,0.0,0.0,290,0
svd_resample,3417,16,[3],constructed_initial,test,cfp_stage3,0,256,0.0625,512,32,64,3,all,290,self_cross_cosine,,,0,290
svd_resample,3417,16,[3],constructed_initial,test,cfp_stage3,0,256,0.0625,512,32,64,3,all,290,energy_identity_relative_error,0.0,0.0,290,0
svd_resample,3417,16,[3],constructed_initial,test,cfp_stage3,0,256,0.0625,512,32,64,3,all,290,channel_energy_retained,0.6439480556576206,0.02487919229163442,290,0
svd_resample,3417,16,[3],constructed_initial,test,cfp_stage3,0,256,0.0625,512,32,64,3,label0,145,self_relative,0.0,0.0,145,0
svd_resample,3417,16,[3],constructed_initial,test,cfp_stage3,0,256,0.0625,512,32,64,3,label0,145,cross_relative,0.0,0.0,145,0
svd_resample,3417,16,[3],constructed_initial,test,cfp_stage3,0,256,0.0625,512,32,64,3,label0,145,total_relative,0.0,0.0,145,0
svd_resample,3417,16,[3],constructed_initial,test,cfp_stage3,0,256,0.0625,512,32,64,3,label0,145,self_cross_cosine,,,0,145
svd_resample,3417,16,[3],constructed_initial,test,cfp_stage3,0,256,0.0625,512,32,64,3,label0,145,energy_identity_relative_error,0.0,0.0,145,0
svd_resample,3417,16,[3],constructed_initial,test,cfp_stage3,0,256,0.0625,512,32,64,3,label0,145,channel_energy_retained,0.6434354112977432,0.024854991850471506,145,0
svd_resample,3417,16,[3],constructed_initial,test,cfp_stage3,0,256,0.0625,512,32,64,3,label1,145,self_relative,0.0,0.0,145,0
svd_resample,3417,16,[3],constructed_initial,test,cfp_stage3,0,256,0.0625,512,32,64,3,label1,145,cross_relative,0.0,0.0,145,0
svd_resample,3417,16,[3],constructed_initial,test,cfp_stage3,0,256,0.0625,512,32,64,3,label1,145,total_relative,0.0,0.0,145,0
svd_resample,3417,16,[3],constructed_initial,test,cfp_stage3,0,256,0.0625,512,32,64,3,label1,145,self_cross_cosine,,,0,145
svd_resample,3417,16,[3],constructed_initial,test,cfp_stage3,0,256,0.0625,512,32,64,3,label1,145,energy_identity_relative_error,0.0,0.0,145,0
svd_resample,3417,16,[3],constructed_initial,test,cfp_stage3,0,256,0.0625,512,32,64,3,label1,145,channel_energy_retained,0.6444607000174976,0.02497893055659268,145,0
svd_resample,3417,16,[3],constructed_initial,test,oct_stage3,0,256,0.0625,512,32,64,3,all,290,self_relative,0.0,0.0,290,0
svd_resample,3417,16,[3],constructed_initial,test,oct_stage3,0,256,0.0625,512,32,64,3,all,290,cross_relative,0.0,0.0,290,0
svd_resample,3417,16,[3],constructed_initial,test,oct_stage3,0,256,0.0625,512,32,64,3,all,290,total_relative,0.0,0.0,290,0
svd_resample,3417,16,[3],constructed_initial,test,oct_stage3,0,256,0.0625,512,32,64,3,all,290,self_cross_cosine,,,0,290
svd_resample,3417,16,[3],constructed_initial,test,oct_stage3,0,256,0.0625,512,32,64,3,all,290,energy_identity_relative_error,0.0,0.0,290,0
svd_resample,3417,16,[3],constructed_initial,test,oct_stage3,0,256,0.0625,512,32,64,3,all,290,channel_energy_retained,0.6439708713157075,0.028674488660270298,290,0
svd_resample,3417,16,[3],constructed_initial,test,oct_stage3,0,256,0.0625,512,32,64,3,label0,145,self_relative,0.0,0.0,145,0
svd_resample,3417,16,[3],constructed_initial,test,oct_stage3,0,256,0.0625,512,32,64,3,label0,145,cross_relative,0.0,0.0,145,0
svd_resample,3417,16,[3],constructed_initial,test,oct_stage3,0,256,0.0625,512,32,64,3,label0,145,total_relative,0.0,0.0,145,0
svd_resample,3417,16,[3],constructed_initial,test,oct_stage3,0,256,0.0625,512,32,64,3,label0,145,self_cross_cosine,,,0,145
svd_resample,3417,16,[3],constructed_initial,test,oct_stage3,0,256,0.0625,512,32,64,3,label0,145,energy_identity_relative_error,0.0,0.0,145,0
svd_resample,3417,16,[3],constructed_initial,test,oct_stage3,0,256,0.0625,512,32,64,3,label0,145,channel_energy_retained,0.6450456536666894,0.029795511910849257,145,0
svd_resample,3417,16,[3],constructed_initial,test,oct_stage3,0,256,0.0625,512,32,64,3,label1,145,self_relative,0.0,0.0,145,0
svd_resample,3417,16,[3],constructed_initial,test,oct_stage3,0,256,0.0625,512,32,64,3,label1,145,cross_relative,0.0,0.0,145,0
svd_resample,3417,16,[3],constructed_initial,test,oct_stage3,0,256,0.0625,512,32,64,3,label1,145,total_relative,0.0,0.0,145,0
svd_resample,3417,16,[3],constructed_initial,test,oct_stage3,0,256,0.0625,512,32,64,3,label1,145,self_cross_cosine,,,0,145
svd_resample,3417,16,[3],constructed_initial,test,oct_stage3,0,256,0.0625,512,32,64,3,label1,145,energy_identity_relative_error,0.0,0.0,145,0
svd_resample,3417,16,[3],constructed_initial,test,oct_stage3,0,256,0.0625,512,32,64,3,label1,145,channel_energy_retained,0.6428960889647256,0.027569251288973605,145,0
svd_resample,3417,16,[3],selected,train,cfp_stage3,0,256,0.0625,512,32,64,3,all,1264,self_relative,0.0,0.0,1264,0
svd_resample,3417,16,[3],selected,train,cfp_stage3,0,256,0.0625,512,32,64,3,all,1264,cross_relative,0.0,0.0,1264,0
svd_resample,3417,16,[3],selected,train,cfp_stage3,0,256,0.0625,512,32,64,3,all,1264,total_relative,0.0,0.0,1264,0
svd_resample,3417,16,[3],selected,train,cfp_stage3,0,256,0.0625,512,32,64,3,all,1264,self_cross_cosine,,,0,1264
svd_resample,3417,16,[3],selected,train,cfp_stage3,0,256,0.0625,512,32,64,3,all,1264,energy_identity_relative_error,0.0,0.0,1264,0
svd_resample,3417,16,[3],selected,train,cfp_stage3,0,256,0.0625,512,32,64,3,all,1264,channel_energy_retained,0.6449436243676225,0.02478972790678481,1264,0
svd_resample,3417,16,[3],selected,train,cfp_stage3,0,256,0.0625,512,32,64,3,label0,632,self_relative,0.0,0.0,632,0
svd_resample,3417,16,[3],selected,train,cfp_stage3,0,256,0.0625,512,32,64,3,label0,632,cross_relative,0.0,0.0,632,0
svd_resample,3417,16,[3],selected,train,cfp_stage3,0,256,0.0625,512,32,64,3,label0,632,total_relative,0.0,0.0,632,0
svd_resample,3417,16,[3],selected,train,cfp_stage3,0,256,0.0625,512,32,64,3,label0,632,self_cross_cosine,,,0,632
svd_resample,3417,16,[3],selected,train,cfp_stage3,0,256,0.0625,512,32,64,3,label0,632,energy_identity_relative_error,0.0,0.0,632,0
svd_resample,3417,16,[3],selected,train,cfp_stage3,0,256,0.0625,512,32,64,3,label0,632,channel_energy_retained,0.6476809706382151,0.023322745406900984,632,0
svd_resample,3417,16,[3],selected,train,cfp_stage3,0,256,0.0625,512,32,64,3,label1,632,self_relative,0.0,0.0,632,0
svd_resample,3417,16,[3],selected,train,cfp_stage3,0,256,0.0625,512,32,64,3,label1,632,cross_relative,0.0,0.0,632,0
svd_resample,3417,16,[3],selected,train,cfp_stage3,0,256,0.0625,512,32,64,3,label1,632,total_relative,0.0,0.0,632,0
svd_resample,3417,16,[3],selected,train,cfp_stage3,0,256,0.0625,512,32,64,3,label1,632,self_cross_cosine,,,0,632
svd_resample,3417,16,[3],selected,train,cfp_stage3,0,256,0.0625,512,32,64,3,label1,632,energy_identity_relative_error,0.0,0.0,632,0
svd_resample,3417,16,[3],selected,train,cfp_stage3,0,256,0.0625,512,32,64,3,label1,632,channel_energy_retained,0.64220627809703,0.025905111205917417,632,0
svd_resample,3417,16,[3],selected,train,oct_stage3,0,256,0.0625,512,32,64,3,all,1264,self_relative,0.0,0.0,1264,0
svd_resample,3417,16,[3],selected,train,oct_stage3,0,256,0.0625,512,32,64,3,all,1264,cross_relative,0.0,0.0,1264,0
svd_resample,3417,16,[3],selected,train,oct_stage3,0,256,0.0625,512,32,64,3,all,1264,total_relative,0.0,0.0,1264,0
svd_resample,3417,16,[3],selected,train,oct_stage3,0,256,0.0625,512,32,64,3,all,1264,self_cross_cosine,,,0,1264
svd_resample,3417,16,[3],selected,train,oct_stage3,0,256,0.0625,512,32,64,3,all,1264,energy_identity_relative_error,0.0,0.0,1264,0
svd_resample,3417,16,[3],selected,train,oct_stage3,0,256,0.0625,512,32,64,3,all,1264,channel_energy_retained,0.6446770614372039,0.025093844225919353,1264,0
svd_resample,3417,16,[3],selected,train,oct_stage3,0,256,0.0625,512,32,64,3,label0,632,self_relative,0.0,0.0,632,0
svd_resample,3417,16,[3],selected,train,oct_stage3,0,256,0.0625,512,32,64,3,label0,632,cross_relative,0.0,0.0,632,0
svd_resample,3417,16,[3],selected,train,oct_stage3,0,256,0.0625,512,32,64,3,label0,632,total_relative,0.0,0.0,632,0
svd_resample,3417,16,[3],selected,train,oct_stage3,0,256,0.0625,512,32,64,3,label0,632,self_cross_cosine,,,0,632
svd_resample,3417,16,[3],selected,train,oct_stage3,0,256,0.0625,512,32,64,3,label0,632,energy_identity_relative_error,0.0,0.0,632,0
svd_resample,3417,16,[3],selected,train,oct_stage3,0,256,0.0625,512,32,64,3,label0,632,channel_energy_retained,0.6451628017419678,0.024830935539521336,632,0
svd_resample,3417,16,[3],selected,train,oct_stage3,0,256,0.0625,512,32,64,3,label1,632,self_relative,0.0,0.0,632,0
svd_resample,3417,16,[3],selected,train,oct_stage3,0,256,0.0625,512,32,64,3,label1,632,cross_relative,0.0,0.0,632,0
svd_resample,3417,16,[3],selected,train,oct_stage3,0,256,0.0625,512,32,64,3,label1,632,total_relative,0.0,0.0,632,0
svd_resample,3417,16,[3],selected,train,oct_stage3,0,256,0.0625,512,32,64,3,label1,632,self_cross_cosine,,,0,632
svd_resample,3417,16,[3],selected,train,oct_stage3,0,256,0.0625,512,32,64,3,label1,632,energy_identity_relative_error,0.0,0.0,632,0
svd_resample,3417,16,[3],selected,train,oct_stage3,0,256,0.0625,512,32,64,3,label1,632,channel_energy_retained,0.6441913211324402,0.025364384135340826,632,0
svd_resample,3417,16,[3],selected,validation,cfp_stage3,0,256,0.0625,512,32,64,3,all,296,self_relative,0.0,0.0,296,0
svd_resample,3417,16,[3],selected,validation,cfp_stage3,0,256,0.0625,512,32,64,3,all,296,cross_relative,0.0,0.0,296,0
svd_resample,3417,16,[3],selected,validation,cfp_stage3,0,256,0.0625,512,32,64,3,all,296,total_relative,0.0,0.0,296,0
svd_resample,3417,16,[3],selected,validation,cfp_stage3,0,256,0.0625,512,32,64,3,all,296,self_cross_cosine,,,0,296
svd_resample,3417,16,[3],selected,validation,cfp_stage3,0,256,0.0625,512,32,64,3,all,296,energy_identity_relative_error,0.0,0.0,296,0
svd_resample,3417,16,[3],selected,validation,cfp_stage3,0,256,0.0625,512,32,64,3,all,296,channel_energy_retained,0.6443353567891319,0.024215508112809304,296,0
svd_resample,3417,16,[3],selected,validation,cfp_stage3,0,256,0.0625,512,32,64,3,label0,148,self_relative,0.0,0.0,148,0
svd_resample,3417,16,[3],selected,validation,cfp_stage3,0,256,0.0625,512,32,64,3,label0,148,cross_relative,0.0,0.0,148,0
svd_resample,3417,16,[3],selected,validation,cfp_stage3,0,256,0.0625,512,32,64,3,label0,148,total_relative,0.0,0.0,148,0
svd_resample,3417,16,[3],selected,validation,cfp_stage3,0,256,0.0625,512,32,64,3,label0,148,self_cross_cosine,,,0,148
svd_resample,3417,16,[3],selected,validation,cfp_stage3,0,256,0.0625,512,32,64,3,label0,148,energy_identity_relative_error,0.0,0.0,148,0
svd_resample,3417,16,[3],selected,validation,cfp_stage3,0,256,0.0625,512,32,64,3,label0,148,channel_energy_retained,0.6461519927346866,0.02367802302124657,148,0
svd_resample,3417,16,[3],selected,validation,cfp_stage3,0,256,0.0625,512,32,64,3,label1,148,self_relative,0.0,0.0,148,0
svd_resample,3417,16,[3],selected,validation,cfp_stage3,0,256,0.0625,512,32,64,3,label1,148,cross_relative,0.0,0.0,148,0
svd_resample,3417,16,[3],selected,validation,cfp_stage3,0,256,0.0625,512,32,64,3,label1,148,total_relative,0.0,0.0,148,0
svd_resample,3417,16,[3],selected,validation,cfp_stage3,0,256,0.0625,512,32,64,3,label1,148,self_cross_cosine,,,0,148
svd_resample,3417,16,[3],selected,validation,cfp_stage3,0,256,0.0625,512,32,64,3,label1,148,energy_identity_relative_error,0.0,0.0,148,0
svd_resample,3417,16,[3],selected,validation,cfp_stage3,0,256,0.0625,512,32,64,3,label1,148,channel_energy_retained,0.6425187208435774,0.024687582159411713,148,0
svd_resample,3417,16,[3],selected,validation,oct_stage3,0,256,0.0625,512,32,64,3,all,296,self_relative,0.0,0.0,296,0
svd_resample,3417,16,[3],selected,validation,oct_stage3,0,256,0.0625,512,32,64,3,all,296,cross_relative,0.0,0.0,296,0
svd_resample,3417,16,[3],selected,validation,oct_stage3,0,256,0.0625,512,32,64,3,all,296,total_relative,0.0,0.0,296,0
svd_resample,3417,16,[3],selected,validation,oct_stage3,0,256,0.0625,512,32,64,3,all,296,self_cross_cosine,,,0,296
svd_resample,3417,16,[3],selected,validation,oct_stage3,0,256,0.0625,512,32,64,3,all,296,energy_identity_relative_error,0.0,0.0,296,0
svd_resample,3417,16,[3],selected,validation,oct_stage3,0,256,0.0625,512,32,64,3,all,296,channel_energy_retained,0.6461936945265561,0.02391792645180032,296,0
svd_resample,3417,16,[3],selected,validation,oct_stage3,0,256,0.0625,512,32,64,3,label0,148,self_relative,0.0,0.0,148,0
svd_resample,3417,16,[3],selected,validation,oct_stage3,0,256,0.0625,512,32,64,3,label0,148,cross_relative,0.0,0.0,148,0
svd_resample,3417,16,[3],selected,validation,oct_stage3,0,256,0.0625,512,32,64,3,label0,148,total_relative,0.0,0.0,148,0
svd_resample,3417,16,[3],selected,validation,oct_stage3,0,256,0.0625,512,32,64,3,label0,148,self_cross_cosine,,,0,148
svd_resample,3417,16,[3],selected,validation,oct_stage3,0,256,0.0625,512,32,64,3,label0,148,energy_identity_relative_error,0.0,0.0,148,0
svd_resample,3417,16,[3],selected,validation,oct_stage3,0,256,0.0625,512,32,64,3,label0,148,channel_energy_retained,0.6447546095707327,0.021978952002095157,148,0
svd_resample,3417,16,[3],selected,validation,oct_stage3,0,256,0.0625,512,32,64,3,label1,148,self_relative,0.0,0.0,148,0
svd_resample,3417,16,[3],selected,validation,oct_stage3,0,256,0.0625,512,32,64,3,label1,148,cross_relative,0.0,0.0,148,0
svd_resample,3417,16,[3],selected,validation,oct_stage3,0,256,0.0625,512,32,64,3,label1,148,total_relative,0.0,0.0,148,0
svd_resample,3417,16,[3],selected,validation,oct_stage3,0,256,0.0625,512,32,64,3,label1,148,self_cross_cosine,,,0,148
svd_resample,3417,16,[3],selected,validation,oct_stage3,0,256,0.0625,512,32,64,3,label1,148,energy_identity_relative_error,0.0,0.0,148,0
svd_resample,3417,16,[3],selected,validation,oct_stage3,0,256,0.0625,512,32,64,3,label1,148,channel_energy_retained,0.6476327794823792,0.02570567226548601,148,0
svd_resample,3417,16,[3],selected,test,cfp_stage3,0,256,0.0625,512,32,64,3,all,290,self_relative,0.0,0.0,290,0
svd_resample,3417,16,[3],selected,test,cfp_stage3,0,256,0.0625,512,32,64,3,all,290,cross_relative,0.0,0.0,290,0
svd_resample,3417,16,[3],selected,test,cfp_stage3,0,256,0.0625,512,32,64,3,all,290,total_relative,0.0,0.0,290,0
svd_resample,3417,16,[3],selected,test,cfp_stage3,0,256,0.0625,512,32,64,3,all,290,self_cross_cosine,,,0,290
svd_resample,3417,16,[3],selected,test,cfp_stage3,0,256,0.0625,512,32,64,3,all,290,energy_identity_relative_error,0.0,0.0,290,0
svd_resample,3417,16,[3],selected,test,cfp_stage3,0,256,0.0625,512,32,64,3,all,290,channel_energy_retained,0.6439480556576206,0.02487919229163442,290,0
svd_resample,3417,16,[3],selected,test,cfp_stage3,0,256,0.0625,512,32,64,3,label0,145,self_relative,0.0,0.0,145,0
svd_resample,3417,16,[3],selected,test,cfp_stage3,0,256,0.0625,512,32,64,3,label0,145,cross_relative,0.0,0.0,145,0
svd_resample,3417,16,[3],selected,test,cfp_stage3,0,256,0.0625,512,32,64,3,label0,145,total_relative,0.0,0.0,145,0
svd_resample,3417,16,[3],selected,test,cfp_stage3,0,256,0.0625,512,32,64,3,label0,145,self_cross_cosine,,,0,145
svd_resample,3417,16,[3],selected,test,cfp_stage3,0,256,0.0625,512,32,64,3,label0,145,energy_identity_relative_error,0.0,0.0,145,0
svd_resample,3417,16,[3],selected,test,cfp_stage3,0,256,0.0625,512,32,64,3,label0,145,channel_energy_retained,0.6434354112977432,0.024854991850471506,145,0
svd_resample,3417,16,[3],selected,test,cfp_stage3,0,256,0.0625,512,32,64,3,label1,145,self_relative,0.0,0.0,145,0
svd_resample,3417,16,[3],selected,test,cfp_stage3,0,256,0.0625,512,32,64,3,label1,145,cross_relative,0.0,0.0,145,0
svd_resample,3417,16,[3],selected,test,cfp_stage3,0,256,0.0625,512,32,64,3,label1,145,total_relative,0.0,0.0,145,0
svd_resample,3417,16,[3],selected,test,cfp_stage3,0,256,0.0625,512,32,64,3,label1,145,self_cross_cosine,,,0,145
svd_resample,3417,16,[3],selected,test,cfp_stage3,0,256,0.0625,512,32,64,3,label1,145,energy_identity_relative_error,0.0,0.0,145,0
svd_resample,3417,16,[3],selected,test,cfp_stage3,0,256,0.0625,512,32,64,3,label1,145,channel_energy_retained,0.6444607000174976,0.02497893055659268,145,0
svd_resample,3417,16,[3],selected,test,oct_stage3,0,256,0.0625,512,32,64,3,all,290,self_relative,0.0,0.0,290,0
svd_resample,3417,16,[3],selected,test,oct_stage3,0,256,0.0625,512,32,64,3,all,290,cross_relative,0.0,0.0,290,0
svd_resample,3417,16,[3],selected,test,oct_stage3,0,256,0.0625,512,32,64,3,all,290,total_relative,0.0,0.0,290,0
svd_resample,3417,16,[3],selected,test,oct_stage3,0,256,0.0625,512,32,64,3,all,290,self_cross_cosine,,,0,290
svd_resample,3417,16,[3],selected,test,oct_stage3,0,256,0.0625,512,32,64,3,all,290,energy_identity_relative_error,0.0,0.0,290,0
svd_resample,3417,16,[3],selected,test,oct_stage3,0,256,0.0625,512,32,64,3,all,290,channel_energy_retained,0.6439708713157075,0.028674488660270298,290,0
svd_resample,3417,16,[3],selected,test,oct_stage3,0,256,0.0625,512,32,64,3,label0,145,self_relative,0.0,0.0,145,0
svd_resample,3417,16,[3],selected,test,oct_stage3,0,256,0.0625,512,32,64,3,label0,145,cross_relative,0.0,0.0,145,0
svd_resample,3417,16,[3],selected,test,oct_stage3,0,256,0.0625,512,32,64,3,label0,145,total_relative,0.0,0.0,145,0
svd_resample,3417,16,[3],selected,test,oct_stage3,0,256,0.0625,512,32,64,3,label0,145,self_cross_cosine,,,0,145
svd_resample,3417,16,[3],selected,test,oct_stage3,0,256,0.0625,512,32,64,3,label0,145,energy_identity_relative_error,0.0,0.0,145,0
svd_resample,3417,16,[3],selected,test,oct_stage3,0,256,0.0625,512,32,64,3,label0,145,channel_energy_retained,0.6450456536666894,0.029795511910849257,145,0
svd_resample,3417,16,[3],selected,test,oct_stage3,0,256,0.0625,512,32,64,3,label1,145,self_relative,0.0,0.0,145,0
svd_resample,3417,16,[3],selected,test,oct_stage3,0,256,0.0625,512,32,64,3,label1,145,cross_relative,0.0,0.0,145,0
svd_resample,3417,16,[3],selected,test,oct_stage3,0,256,0.0625,512,32,64,3,label1,145,total_relative,0.0,0.0,145,0
svd_resample,3417,16,[3],selected,test,oct_stage3,0,256,0.0625,512,32,64,3,label1,145,self_cross_cosine,,,0,145
svd_resample,3417,16,[3],selected,test,oct_stage3,0,256,0.0625,512,32,64,3,label1,145,energy_identity_relative_error,0.0,0.0,145,0
svd_resample,3417,16,[3],selected,test,oct_stage3,0,256,0.0625,512,32,64,3,label1,145,channel_energy_retained,0.6428960889647256,0.027569251288973605,145,0
svd_multidepth,3417,16,"[2, 3]",constructed_initial,train,cfp_stage2,0,128,0.125,512,32,64,3,all,1264,self_relative,0.0,0.0,1264,0
svd_multidepth,3417,16,"[2, 3]",constructed_initial,train,cfp_stage2,0,128,0.125,512,32,64,3,all,1264,cross_relative,0.0,0.0,1264,0
svd_multidepth,3417,16,"[2, 3]",constructed_initial,train,cfp_stage2,0,128,0.125,512,32,64,3,all,1264,total_relative,0.0,0.0,1264,0
svd_multidepth,3417,16,"[2, 3]",constructed_initial,train,cfp_stage2,0,128,0.125,512,32,64,3,all,1264,self_cross_cosine,,,0,1264
svd_multidepth,3417,16,"[2, 3]",constructed_initial,train,cfp_stage2,0,128,0.125,512,32,64,3,all,1264,energy_identity_relative_error,0.0,0.0,1264,0
svd_multidepth,3417,16,"[2, 3]",constructed_initial,train,cfp_stage2,0,128,0.125,512,32,64,3,all,1264,channel_energy_retained,0.7015788556858544,0.02463261480690297,1264,0
svd_multidepth,3417,16,"[2, 3]",constructed_initial,train,cfp_stage2,0,128,0.125,512,32,64,3,label0,632,self_relative,0.0,0.0,632,0
svd_multidepth,3417,16,"[2, 3]",constructed_initial,train,cfp_stage2,0,128,0.125,512,32,64,3,label0,632,cross_relative,0.0,0.0,632,0
svd_multidepth,3417,16,"[2, 3]",constructed_initial,train,cfp_stage2,0,128,0.125,512,32,64,3,label0,632,total_relative,0.0,0.0,632,0
svd_multidepth,3417,16,"[2, 3]",constructed_initial,train,cfp_stage2,0,128,0.125,512,32,64,3,label0,632,self_cross_cosine,,,0,632
svd_multidepth,3417,16,"[2, 3]",constructed_initial,train,cfp_stage2,0,128,0.125,512,32,64,3,label0,632,energy_identity_relative_error,0.0,0.0,632,0
svd_multidepth,3417,16,"[2, 3]",constructed_initial,train,cfp_stage2,0,128,0.125,512,32,64,3,label0,632,channel_energy_retained,0.703107022380745,0.02351268389392691,632,0
svd_multidepth,3417,16,"[2, 3]",constructed_initial,train,cfp_stage2,0,128,0.125,512,32,64,3,label1,632,self_relative,0.0,0.0,632,0
svd_multidepth,3417,16,"[2, 3]",constructed_initial,train,cfp_stage2,0,128,0.125,512,32,64,3,label1,632,cross_relative,0.0,0.0,632,0
svd_multidepth,3417,16,"[2, 3]",constructed_initial,train,cfp_stage2,0,128,0.125,512,32,64,3,label1,632,total_relative,0.0,0.0,632,0
svd_multidepth,3417,16,"[2, 3]",constructed_initial,train,cfp_stage2,0,128,0.125,512,32,64,3,label1,632,self_cross_cosine,,,0,632
svd_multidepth,3417,16,"[2, 3]",constructed_initial,train,cfp_stage2,0,128,0.125,512,32,64,3,label1,632,energy_identity_relative_error,0.0,0.0,632,0
svd_multidepth,3417,16,"[2, 3]",constructed_initial,train,cfp_stage2,0,128,0.125,512,32,64,3,label1,632,channel_energy_retained,0.7000506889909637,0.025631401163762012,632,0
svd_multidepth,3417,16,"[2, 3]",constructed_initial,train,oct_stage2,0,128,0.125,512,32,64,3,all,1264,self_relative,0.0,0.0,1264,0
svd_multidepth,3417,16,"[2, 3]",constructed_initial,train,oct_stage2,0,128,0.125,512,32,64,3,all,1264,cross_relative,0.0,0.0,1264,0
svd_multidepth,3417,16,"[2, 3]",constructed_initial,train,oct_stage2,0,128,0.125,512,32,64,3,all,1264,total_relative,0.0,0.0,1264,0
svd_multidepth,3417,16,"[2, 3]",constructed_initial,train,oct_stage2,0,128,0.125,512,32,64,3,all,1264,self_cross_cosine,,,0,1264
svd_multidepth,3417,16,"[2, 3]",constructed_initial,train,oct_stage2,0,128,0.125,512,32,64,3,all,1264,energy_identity_relative_error,0.0,0.0,1264,0
svd_multidepth,3417,16,"[2, 3]",constructed_initial,train,oct_stage2,0,128,0.125,512,32,64,3,all,1264,channel_energy_retained,0.7174059148255691,0.014743334737732736,1264,0
svd_multidepth,3417,16,"[2, 3]",constructed_initial,train,oct_stage2,0,128,0.125,512,32,64,3,label0,632,self_relative,0.0,0.0,632,0
svd_multidepth,3417,16,"[2, 3]",constructed_initial,train,oct_stage2,0,128,0.125,512,32,64,3,label0,632,cross_relative,0.0,0.0,632,0
svd_multidepth,3417,16,"[2, 3]",constructed_initial,train,oct_stage2,0,128,0.125,512,32,64,3,label0,632,total_relative,0.0,0.0,632,0
svd_multidepth,3417,16,"[2, 3]",constructed_initial,train,oct_stage2,0,128,0.125,512,32,64,3,label0,632,self_cross_cosine,,,0,632
svd_multidepth,3417,16,"[2, 3]",constructed_initial,train,oct_stage2,0,128,0.125,512,32,64,3,label0,632,energy_identity_relative_error,0.0,0.0,632,0
svd_multidepth,3417,16,"[2, 3]",constructed_initial,train,oct_stage2,0,128,0.125,512,32,64,3,label0,632,channel_energy_retained,0.7175195144450061,0.014632566858714058,632,0
svd_multidepth,3417,16,"[2, 3]",constructed_initial,train,oct_stage2,0,128,0.125,512,32,64,3,label1,632,self_relative,0.0,0.0,632,0
svd_multidepth,3417,16,"[2, 3]",constructed_initial,train,oct_stage2,0,128,0.125,512,32,64,3,label1,632,cross_relative,0.0,0.0,632,0
svd_multidepth,3417,16,"[2, 3]",constructed_initial,train,oct_stage2,0,128,0.125,512,32,64,3,label1,632,total_relative,0.0,0.0,632,0
svd_multidepth,3417,16,"[2, 3]",constructed_initial,train,oct_stage2,0,128,0.125,512,32,64,3,label1,632,self_cross_cosine,,,0,632
svd_multidepth,3417,16,"[2, 3]",constructed_initial,train,oct_stage2,0,128,0.125,512,32,64,3,label1,632,energy_identity_relative_error,0.0,0.0,632,0
svd_multidepth,3417,16,"[2, 3]",constructed_initial,train,oct_stage2,0,128,0.125,512,32,64,3,label1,632,channel_energy_retained,0.717292315206132,0.014863998564683442,632,0
svd_multidepth,3417,16,"[2, 3]",constructed_initial,train,cfp_stage3,1,256,0.0625,512,32,64,3,all,1264,self_relative,0.0,0.0,1264,0
svd_multidepth,3417,16,"[2, 3]",constructed_initial,train,cfp_stage3,1,256,0.0625,512,32,64,3,all,1264,cross_relative,0.0,0.0,1264,0
svd_multidepth,3417,16,"[2, 3]",constructed_initial,train,cfp_stage3,1,256,0.0625,512,32,64,3,all,1264,total_relative,0.0,0.0,1264,0
svd_multidepth,3417,16,"[2, 3]",constructed_initial,train,cfp_stage3,1,256,0.0625,512,32,64,3,all,1264,self_cross_cosine,,,0,1264
svd_multidepth,3417,16,"[2, 3]",constructed_initial,train,cfp_stage3,1,256,0.0625,512,32,64,3,all,1264,energy_identity_relative_error,0.0,0.0,1264,0
svd_multidepth,3417,16,"[2, 3]",constructed_initial,train,cfp_stage3,1,256,0.0625,512,32,64,3,all,1264,channel_energy_retained,0.6449436243676225,0.02478972790678481,1264,0
svd_multidepth,3417,16,"[2, 3]",constructed_initial,train,cfp_stage3,1,256,0.0625,512,32,64,3,label0,632,self_relative,0.0,0.0,632,0
svd_multidepth,3417,16,"[2, 3]",constructed_initial,train,cfp_stage3,1,256,0.0625,512,32,64,3,label0,632,cross_relative,0.0,0.0,632,0
svd_multidepth,3417,16,"[2, 3]",constructed_initial,train,cfp_stage3,1,256,0.0625,512,32,64,3,label0,632,total_relative,0.0,0.0,632,0
svd_multidepth,3417,16,"[2, 3]",constructed_initial,train,cfp_stage3,1,256,0.0625,512,32,64,3,label0,632,self_cross_cosine,,,0,632
svd_multidepth,3417,16,"[2, 3]",constructed_initial,train,cfp_stage3,1,256,0.0625,512,32,64,3,label0,632,energy_identity_relative_error,0.0,0.0,632,0
svd_multidepth,3417,16,"[2, 3]",constructed_initial,train,cfp_stage3,1,256,0.0625,512,32,64,3,label0,632,channel_energy_retained,0.6476809706382151,0.023322745406900984,632,0
svd_multidepth,3417,16,"[2, 3]",constructed_initial,train,cfp_stage3,1,256,0.0625,512,32,64,3,label1,632,self_relative,0.0,0.0,632,0
svd_multidepth,3417,16,"[2, 3]",constructed_initial,train,cfp_stage3,1,256,0.0625,512,32,64,3,label1,632,cross_relative,0.0,0.0,632,0
svd_multidepth,3417,16,"[2, 3]",constructed_initial,train,cfp_stage3,1,256,0.0625,512,32,64,3,label1,632,total_relative,0.0,0.0,632,0
svd_multidepth,3417,16,"[2, 3]",constructed_initial,train,cfp_stage3,1,256,0.0625,512,32,64,3,label1,632,self_cross_cosine,,,0,632
svd_multidepth,3417,16,"[2, 3]",constructed_initial,train,cfp_stage3,1,256,0.0625,512,32,64,3,label1,632,energy_identity_relative_error,0.0,0.0,632,0
svd_multidepth,3417,16,"[2, 3]",constructed_initial,train,cfp_stage3,1,256,0.0625,512,32,64,3,label1,632,channel_energy_retained,0.64220627809703,0.025905111205917417,632,0
svd_multidepth,3417,16,"[2, 3]",constructed_initial,train,oct_stage3,1,256,0.0625,512,32,64,3,all,1264,self_relative,0.0,0.0,1264,0
svd_multidepth,3417,16,"[2, 3]",constructed_initial,train,oct_stage3,1,256,0.0625,512,32,64,3,all,1264,cross_relative,0.0,0.0,1264,0
svd_multidepth,3417,16,"[2, 3]",constructed_initial,train,oct_stage3,1,256,0.0625,512,32,64,3,all,1264,total_relative,0.0,0.0,1264,0
svd_multidepth,3417,16,"[2, 3]",constructed_initial,train,oct_stage3,1,256,0.0625,512,32,64,3,all,1264,self_cross_cosine,,,0,1264
svd_multidepth,3417,16,"[2, 3]",constructed_initial,train,oct_stage3,1,256,0.0625,512,32,64,3,all,1264,energy_identity_relative_error,0.0,0.0,1264,0
svd_multidepth,3417,16,"[2, 3]",constructed_initial,train,oct_stage3,1,256,0.0625,512,32,64,3,all,1264,channel_energy_retained,0.6446770614372039,0.025093844225919353,1264,0
svd_multidepth,3417,16,"[2, 3]",constructed_initial,train,oct_stage3,1,256,0.0625,512,32,64,3,label0,632,self_relative,0.0,0.0,632,0
svd_multidepth,3417,16,"[2, 3]",constructed_initial,train,oct_stage3,1,256,0.0625,512,32,64,3,label0,632,cross_relative,0.0,0.0,632,0
svd_multidepth,3417,16,"[2, 3]",constructed_initial,train,oct_stage3,1,256,0.0625,512,32,64,3,label0,632,total_relative,0.0,0.0,632,0
svd_multidepth,3417,16,"[2, 3]",constructed_initial,train,oct_stage3,1,256,0.0625,512,32,64,3,label0,632,self_cross_cosine,,,0,632
svd_multidepth,3417,16,"[2, 3]",constructed_initial,train,oct_stage3,1,256,0.0625,512,32,64,3,label0,632,energy_identity_relative_error,0.0,0.0,632,0
svd_multidepth,3417,16,"[2, 3]",constructed_initial,train,oct_stage3,1,256,0.0625,512,32,64,3,label0,632,channel_energy_retained,0.6451628017419678,0.024830935539521336,632,0
svd_multidepth,3417,16,"[2, 3]",constructed_initial,train,oct_stage3,1,256,0.0625,512,32,64,3,label1,632,self_relative,0.0,0.0,632,0
svd_multidepth,3417,16,"[2, 3]",constructed_initial,train,oct_stage3,1,256,0.0625,512,32,64,3,label1,632,cross_relative,0.0,0.0,632,0
svd_multidepth,3417,16,"[2, 3]",constructed_initial,train,oct_stage3,1,256,0.0625,512,32,64,3,label1,632,total_relative,0.0,0.0,632,0
svd_multidepth,3417,16,"[2, 3]",constructed_initial,train,oct_stage3,1,256,0.0625,512,32,64,3,label1,632,self_cross_cosine,,,0,632
svd_multidepth,3417,16,"[2, 3]",constructed_initial,train,oct_stage3,1,256,0.0625,512,32,64,3,label1,632,energy_identity_relative_error,0.0,0.0,632,0
svd_multidepth,3417,16,"[2, 3]",constructed_initial,train,oct_stage3,1,256,0.0625,512,32,64,3,label1,632,channel_energy_retained,0.6441913211324402,0.025364384135340826,632,0
svd_multidepth,3417,16,"[2, 3]",constructed_initial,validation,cfp_stage2,0,128,0.125,512,32,64,3,all,296,self_relative,0.0,0.0,296,0
svd_multidepth,3417,16,"[2, 3]",constructed_initial,validation,cfp_stage2,0,128,0.125,512,32,64,3,all,296,cross_relative,0.0,0.0,296,0
svd_multidepth,3417,16,"[2, 3]",constructed_initial,validation,cfp_stage2,0,128,0.125,512,32,64,3,all,296,total_relative,0.0,0.0,296,0
svd_multidepth,3417,16,"[2, 3]",constructed_initial,validation,cfp_stage2,0,128,0.125,512,32,64,3,all,296,self_cross_cosine,,,0,296
svd_multidepth,3417,16,"[2, 3]",constructed_initial,validation,cfp_stage2,0,128,0.125,512,32,64,3,all,296,energy_identity_relative_error,0.0,0.0,296,0
svd_multidepth,3417,16,"[2, 3]",constructed_initial,validation,cfp_stage2,0,128,0.125,512,32,64,3,all,296,channel_energy_retained,0.7011424305350085,0.024175394309909472,296,0
svd_multidepth,3417,16,"[2, 3]",constructed_initial,validation,cfp_stage2,0,128,0.125,512,32,64,3,label0,148,self_relative,0.0,0.0,148,0
svd_multidepth,3417,16,"[2, 3]",constructed_initial,validation,cfp_stage2,0,128,0.125,512,32,64,3,label0,148,cross_relative,0.0,0.0,148,0
svd_multidepth,3417,16,"[2, 3]",constructed_initial,validation,cfp_stage2,0,128,0.125,512,32,64,3,label0,148,total_relative,0.0,0.0,148,0
svd_multidepth,3417,16,"[2, 3]",constructed_initial,validation,cfp_stage2,0,128,0.125,512,32,64,3,label0,148,self_cross_cosine,,,0,148
svd_multidepth,3417,16,"[2, 3]",constructed_initial,validation,cfp_stage2,0,128,0.125,512,32,64,3,label0,148,energy_identity_relative_error,0.0,0.0,148,0
svd_multidepth,3417,16,"[2, 3]",constructed_initial,validation,cfp_stage2,0,128,0.125,512,32,64,3,label0,148,channel_energy_retained,0.7017692389972339,0.022958784378181555,148,0
svd_multidepth,3417,16,"[2, 3]",constructed_initial,validation,cfp_stage2,0,128,0.125,512,32,64,3,label1,148,self_relative,0.0,0.0,148,0
svd_multidepth,3417,16,"[2, 3]",constructed_initial,validation,cfp_stage2,0,128,0.125,512,32,64,3,label1,148,cross_relative,0.0,0.0,148,0
svd_multidepth,3417,16,"[2, 3]",constructed_initial,validation,cfp_stage2,0,128,0.125,512,32,64,3,label1,148,total_relative,0.0,0.0,148,0
svd_multidepth,3417,16,"[2, 3]",constructed_initial,validation,cfp_stage2,0,128,0.125,512,32,64,3,label1,148,self_cross_cosine,,,0,148
svd_multidepth,3417,16,"[2, 3]",constructed_initial,validation,cfp_stage2,0,128,0.125,512,32,64,3,label1,148,energy_identity_relative_error,0.0,0.0,148,0
svd_multidepth,3417,16,"[2, 3]",constructed_initial,validation,cfp_stage2,0,128,0.125,512,32,64,3,label1,148,channel_energy_retained,0.700515622072783,0.025396423469932965,148,0
svd_multidepth,3417,16,"[2, 3]",constructed_initial,validation,oct_stage2,0,128,0.125,512,32,64,3,all,296,self_relative,0.0,0.0,296,0
svd_multidepth,3417,16,"[2, 3]",constructed_initial,validation,oct_stage2,0,128,0.125,512,32,64,3,all,296,cross_relative,0.0,0.0,296,0
svd_multidepth,3417,16,"[2, 3]",constructed_initial,validation,oct_stage2,0,128,0.125,512,32,64,3,all,296,total_relative,0.0,0.0,296,0
svd_multidepth,3417,16,"[2, 3]",constructed_initial,validation,oct_stage2,0,128,0.125,512,32,64,3,all,296,self_cross_cosine,,,0,296
svd_multidepth,3417,16,"[2, 3]",constructed_initial,validation,oct_stage2,0,128,0.125,512,32,64,3,all,296,energy_identity_relative_error,0.0,0.0,296,0
svd_multidepth,3417,16,"[2, 3]",constructed_initial,validation,oct_stage2,0,128,0.125,512,32,64,3,all,296,channel_energy_retained,0.7173615819278784,0.014187521566826402,296,0
svd_multidepth,3417,16,"[2, 3]",constructed_initial,validation,oct_stage2,0,128,0.125,512,32,64,3,label0,148,self_relative,0.0,0.0,148,0
svd_multidepth,3417,16,"[2, 3]",constructed_initial,validation,oct_stage2,0,128,0.125,512,32,64,3,label0,148,cross_relative,0.0,0.0,148,0
svd_multidepth,3417,16,"[2, 3]",constructed_initial,validation,oct_stage2,0,128,0.125,512,32,64,3,label0,148,total_relative,0.0,0.0,148,0
svd_multidepth,3417,16,"[2, 3]",constructed_initial,validation,oct_stage2,0,128,0.125,512,32,64,3,label0,148,self_cross_cosine,,,0,148
svd_multidepth,3417,16,"[2, 3]",constructed_initial,validation,oct_stage2,0,128,0.125,512,32,64,3,label0,148,energy_identity_relative_error,0.0,0.0,148,0
svd_multidepth,3417,16,"[2, 3]",constructed_initial,validation,oct_stage2,0,128,0.125,512,32,64,3,label0,148,channel_energy_retained,0.7165639294024213,0.01279402656686108,148,0
svd_multidepth,3417,16,"[2, 3]",constructed_initial,validation,oct_stage2,0,128,0.125,512,32,64,3,label1,148,self_relative,0.0,0.0,148,0
svd_multidepth,3417,16,"[2, 3]",constructed_initial,validation,oct_stage2,0,128,0.125,512,32,64,3,label1,148,cross_relative,0.0,0.0,148,0
svd_multidepth,3417,16,"[2, 3]",constructed_initial,validation,oct_stage2,0,128,0.125,512,32,64,3,label1,148,total_relative,0.0,0.0,148,0
svd_multidepth,3417,16,"[2, 3]",constructed_initial,validation,oct_stage2,0,128,0.125,512,32,64,3,label1,148,self_cross_cosine,,,0,148
svd_multidepth,3417,16,"[2, 3]",constructed_initial,validation,oct_stage2,0,128,0.125,512,32,64,3,label1,148,energy_identity_relative_error,0.0,0.0,148,0
svd_multidepth,3417,16,"[2, 3]",constructed_initial,validation,oct_stage2,0,128,0.125,512,32,64,3,label1,148,channel_energy_retained,0.7181592344533352,0.015458737206068305,148,0
svd_multidepth,3417,16,"[2, 3]",constructed_initial,validation,cfp_stage3,1,256,0.0625,512,32,64,3,all,296,self_relative,0.0,0.0,296,0
svd_multidepth,3417,16,"[2, 3]",constructed_initial,validation,cfp_stage3,1,256,0.0625,512,32,64,3,all,296,cross_relative,0.0,0.0,296,0
svd_multidepth,3417,16,"[2, 3]",constructed_initial,validation,cfp_stage3,1,256,0.0625,512,32,64,3,all,296,total_relative,0.0,0.0,296,0
svd_multidepth,3417,16,"[2, 3]",constructed_initial,validation,cfp_stage3,1,256,0.0625,512,32,64,3,all,296,self_cross_cosine,,,0,296
svd_multidepth,3417,16,"[2, 3]",constructed_initial,validation,cfp_stage3,1,256,0.0625,512,32,64,3,all,296,energy_identity_relative_error,0.0,0.0,296,0
svd_multidepth,3417,16,"[2, 3]",constructed_initial,validation,cfp_stage3,1,256,0.0625,512,32,64,3,all,296,channel_energy_retained,0.6443353567891319,0.024215508112809304,296,0
svd_multidepth,3417,16,"[2, 3]",constructed_initial,validation,cfp_stage3,1,256,0.0625,512,32,64,3,label0,148,self_relative,0.0,0.0,148,0
svd_multidepth,3417,16,"[2, 3]",constructed_initial,validation,cfp_stage3,1,256,0.0625,512,32,64,3,label0,148,cross_relative,0.0,0.0,148,0
svd_multidepth,3417,16,"[2, 3]",constructed_initial,validation,cfp_stage3,1,256,0.0625,512,32,64,3,label0,148,total_relative,0.0,0.0,148,0
svd_multidepth,3417,16,"[2, 3]",constructed_initial,validation,cfp_stage3,1,256,0.0625,512,32,64,3,label0,148,self_cross_cosine,,,0,148
svd_multidepth,3417,16,"[2, 3]",constructed_initial,validation,cfp_stage3,1,256,0.0625,512,32,64,3,label0,148,energy_identity_relative_error,0.0,0.0,148,0
svd_multidepth,3417,16,"[2, 3]",constructed_initial,validation,cfp_stage3,1,256,0.0625,512,32,64,3,label0,148,channel_energy_retained,0.6461519927346866,0.02367802302124657,148,0
svd_multidepth,3417,16,"[2, 3]",constructed_initial,validation,cfp_stage3,1,256,0.0625,512,32,64,3,label1,148,self_relative,0.0,0.0,148,0
svd_multidepth,3417,16,"[2, 3]",constructed_initial,validation,cfp_stage3,1,256,0.0625,512,32,64,3,label1,148,cross_relative,0.0,0.0,148,0
svd_multidepth,3417,16,"[2, 3]",constructed_initial,validation,cfp_stage3,1,256,0.0625,512,32,64,3,label1,148,total_relative,0.0,0.0,148,0
svd_multidepth,3417,16,"[2, 3]",constructed_initial,validation,cfp_stage3,1,256,0.0625,512,32,64,3,label1,148,self_cross_cosine,,,0,148
svd_multidepth,3417,16,"[2, 3]",constructed_initial,validation,cfp_stage3,1,256,0.0625,512,32,64,3,label1,148,energy_identity_relative_error,0.0,0.0,148,0
svd_multidepth,3417,16,"[2, 3]",constructed_initial,validation,cfp_stage3,1,256,0.0625,512,32,64,3,label1,148,channel_energy_retained,0.6425187208435774,0.024687582159411713,148,0
svd_multidepth,3417,16,"[2, 3]",constructed_initial,validation,oct_stage3,1,256,0.0625,512,32,64,3,all,296,self_relative,0.0,0.0,296,0
svd_multidepth,3417,16,"[2, 3]",constructed_initial,validation,oct_stage3,1,256,0.0625,512,32,64,3,all,296,cross_relative,0.0,0.0,296,0
svd_multidepth,3417,16,"[2, 3]",constructed_initial,validation,oct_stage3,1,256,0.0625,512,32,64,3,all,296,total_relative,0.0,0.0,296,0
svd_multidepth,3417,16,"[2, 3]",constructed_initial,validation,oct_stage3,1,256,0.0625,512,32,64,3,all,296,self_cross_cosine,,,0,296
svd_multidepth,3417,16,"[2, 3]",constructed_initial,validation,oct_stage3,1,256,0.0625,512,32,64,3,all,296,energy_identity_relative_error,0.0,0.0,296,0
svd_multidepth,3417,16,"[2, 3]",constructed_initial,validation,oct_stage3,1,256,0.0625,512,32,64,3,all,296,channel_energy_retained,0.6461936945265561,0.02391792645180032,296,0
svd_multidepth,3417,16,"[2, 3]",constructed_initial,validation,oct_stage3,1,256,0.0625,512,32,64,3,label0,148,self_relative,0.0,0.0,148,0
svd_multidepth,3417,16,"[2, 3]",constructed_initial,validation,oct_stage3,1,256,0.0625,512,32,64,3,label0,148,cross_relative,0.0,0.0,148,0
svd_multidepth,3417,16,"[2, 3]",constructed_initial,validation,oct_stage3,1,256,0.0625,512,32,64,3,label0,148,total_relative,0.0,0.0,148,0
svd_multidepth,3417,16,"[2, 3]",constructed_initial,validation,oct_stage3,1,256,0.0625,512,32,64,3,label0,148,self_cross_cosine,,,0,148
svd_multidepth,3417,16,"[2, 3]",constructed_initial,validation,oct_stage3,1,256,0.0625,512,32,64,3,label0,148,energy_identity_relative_error,0.0,0.0,148,0
svd_multidepth,3417,16,"[2, 3]",constructed_initial,validation,oct_stage3,1,256,0.0625,512,32,64,3,label0,148,channel_energy_retained,0.6447546095707327,0.021978952002095157,148,0
svd_multidepth,3417,16,"[2, 3]",constructed_initial,validation,oct_stage3,1,256,0.0625,512,32,64,3,label1,148,self_relative,0.0,0.0,148,0
svd_multidepth,3417,16,"[2, 3]",constructed_initial,validation,oct_stage3,1,256,0.0625,512,32,64,3,label1,148,cross_relative,0.0,0.0,148,0
svd_multidepth,3417,16,"[2, 3]",constructed_initial,validation,oct_stage3,1,256,0.0625,512,32,64,3,label1,148,total_relative,0.0,0.0,148,0
svd_multidepth,3417,16,"[2, 3]",constructed_initial,validation,oct_stage3,1,256,0.0625,512,32,64,3,label1,148,self_cross_cosine,,,0,148
svd_multidepth,3417,16,"[2, 3]",constructed_initial,validation,oct_stage3,1,256,0.0625,512,32,64,3,label1,148,energy_identity_relative_error,0.0,0.0,148,0
svd_multidepth,3417,16,"[2, 3]",constructed_initial,validation,oct_stage3,1,256,0.0625,512,32,64,3,label1,148,channel_energy_retained,0.6476327794823792,0.02570567226548601,148,0
svd_multidepth,3417,16,"[2, 3]",constructed_initial,test,cfp_stage2,0,128,0.125,512,32,64,3,all,290,self_relative,0.0,0.0,290,0
svd_multidepth,3417,16,"[2, 3]",constructed_initial,test,cfp_stage2,0,128,0.125,512,32,64,3,all,290,cross_relative,0.0,0.0,290,0
svd_multidepth,3417,16,"[2, 3]",constructed_initial,test,cfp_stage2,0,128,0.125,512,32,64,3,all,290,total_relative,0.0,0.0,290,0
svd_multidepth,3417,16,"[2, 3]",constructed_initial,test,cfp_stage2,0,128,0.125,512,32,64,3,all,290,self_cross_cosine,,,0,290
svd_multidepth,3417,16,"[2, 3]",constructed_initial,test,cfp_stage2,0,128,0.125,512,32,64,3,all,290,energy_identity_relative_error,0.0,0.0,290,0
svd_multidepth,3417,16,"[2, 3]",constructed_initial,test,cfp_stage2,0,128,0.125,512,32,64,3,all,290,channel_energy_retained,0.7007446577608466,0.023509484252485325,290,0
svd_multidepth,3417,16,"[2, 3]",constructed_initial,test,cfp_stage2,0,128,0.125,512,32,64,3,label0,145,self_relative,0.0,0.0,145,0
svd_multidepth,3417,16,"[2, 3]",constructed_initial,test,cfp_stage2,0,128,0.125,512,32,64,3,label0,145,cross_relative,0.0,0.0,145,0
svd_multidepth,3417,16,"[2, 3]",constructed_initial,test,cfp_stage2,0,128,0.125,512,32,64,3,label0,145,total_relative,0.0,0.0,145,0
svd_multidepth,3417,16,"[2, 3]",constructed_initial,test,cfp_stage2,0,128,0.125,512,32,64,3,label0,145,self_cross_cosine,,,0,145
svd_multidepth,3417,16,"[2, 3]",constructed_initial,test,cfp_stage2,0,128,0.125,512,32,64,3,label0,145,energy_identity_relative_error,0.0,0.0,145,0
svd_multidepth,3417,16,"[2, 3]",constructed_initial,test,cfp_stage2,0,128,0.125,512,32,64,3,label0,145,channel_energy_retained,0.6995854127825619,0.023455501515785168,145,0
svd_multidepth,3417,16,"[2, 3]",constructed_initial,test,cfp_stage2,0,128,0.125,512,32,64,3,label1,145,self_relative,0.0,0.0,145,0
svd_multidepth,3417,16,"[2, 3]",constructed_initial,test,cfp_stage2,0,128,0.125,512,32,64,3,label1,145,cross_relative,0.0,0.0,145,0
svd_multidepth,3417,16,"[2, 3]",constructed_initial,test,cfp_stage2,0,128,0.125,512,32,64,3,label1,145,total_relative,0.0,0.0,145,0
svd_multidepth,3417,16,"[2, 3]",constructed_initial,test,cfp_stage2,0,128,0.125,512,32,64,3,label1,145,self_cross_cosine,,,0,145
svd_multidepth,3417,16,"[2, 3]",constructed_initial,test,cfp_stage2,0,128,0.125,512,32,64,3,label1,145,energy_identity_relative_error,0.0,0.0,145,0
svd_multidepth,3417,16,"[2, 3]",constructed_initial,test,cfp_stage2,0,128,0.125,512,32,64,3,label1,145,channel_energy_retained,0.7019039027391311,0.023587347275505127,145,0
svd_multidepth,3417,16,"[2, 3]",constructed_initial,test,oct_stage2,0,128,0.125,512,32,64,3,all,290,self_relative,0.0,0.0,290,0
svd_multidepth,3417,16,"[2, 3]",constructed_initial,test,oct_stage2,0,128,0.125,512,32,64,3,all,290,cross_relative,0.0,0.0,290,0
svd_multidepth,3417,16,"[2, 3]",constructed_initial,test,oct_stage2,0,128,0.125,512,32,64,3,all,290,total_relative,0.0,0.0,290,0
svd_multidepth,3417,16,"[2, 3]",constructed_initial,test,oct_stage2,0,128,0.125,512,32,64,3,all,290,self_cross_cosine,,,0,290
svd_multidepth,3417,16,"[2, 3]",constructed_initial,test,oct_stage2,0,128,0.125,512,32,64,3,all,290,energy_identity_relative_error,0.0,0.0,290,0
svd_multidepth,3417,16,"[2, 3]",constructed_initial,test,oct_stage2,0,128,0.125,512,32,64,3,all,290,channel_energy_retained,0.7156495450376762,0.016776233708666502,290,0
svd_multidepth,3417,16,"[2, 3]",constructed_initial,test,oct_stage2,0,128,0.125,512,32,64,3,label0,145,self_relative,0.0,0.0,145,0
svd_multidepth,3417,16,"[2, 3]",constructed_initial,test,oct_stage2,0,128,0.125,512,32,64,3,label0,145,cross_relative,0.0,0.0,145,0
svd_multidepth,3417,16,"[2, 3]",constructed_initial,test,oct_stage2,0,128,0.125,512,32,64,3,label0,145,total_relative,0.0,0.0,145,0
svd_multidepth,3417,16,"[2, 3]",constructed_initial,test,oct_stage2,0,128,0.125,512,32,64,3,label0,145,self_cross_cosine,,,0,145
svd_multidepth,3417,16,"[2, 3]",constructed_initial,test,oct_stage2,0,128,0.125,512,32,64,3,label0,145,energy_identity_relative_error,0.0,0.0,145,0
svd_multidepth,3417,16,"[2, 3]",constructed_initial,test,oct_stage2,0,128,0.125,512,32,64,3,label0,145,channel_energy_retained,0.7159089351958862,0.017779994426763437,145,0
svd_multidepth,3417,16,"[2, 3]",constructed_initial,test,oct_stage2,0,128,0.125,512,32,64,3,label1,145,self_relative,0.0,0.0,145,0
svd_multidepth,3417,16,"[2, 3]",constructed_initial,test,oct_stage2,0,128,0.125,512,32,64,3,label1,145,cross_relative,0.0,0.0,145,0
svd_multidepth,3417,16,"[2, 3]",constructed_initial,test,oct_stage2,0,128,0.125,512,32,64,3,label1,145,total_relative,0.0,0.0,145,0
svd_multidepth,3417,16,"[2, 3]",constructed_initial,test,oct_stage2,0,128,0.125,512,32,64,3,label1,145,self_cross_cosine,,,0,145
svd_multidepth,3417,16,"[2, 3]",constructed_initial,test,oct_stage2,0,128,0.125,512,32,64,3,label1,145,energy_identity_relative_error,0.0,0.0,145,0
svd_multidepth,3417,16,"[2, 3]",constructed_initial,test,oct_stage2,0,128,0.125,512,32,64,3,label1,145,channel_energy_retained,0.7153901548794659,0.015766254803762623,145,0
svd_multidepth,3417,16,"[2, 3]",constructed_initial,test,cfp_stage3,1,256,0.0625,512,32,64,3,all,290,self_relative,0.0,0.0,290,0
svd_multidepth,3417,16,"[2, 3]",constructed_initial,test,cfp_stage3,1,256,0.0625,512,32,64,3,all,290,cross_relative,0.0,0.0,290,0
svd_multidepth,3417,16,"[2, 3]",constructed_initial,test,cfp_stage3,1,256,0.0625,512,32,64,3,all,290,total_relative,0.0,0.0,290,0
svd_multidepth,3417,16,"[2, 3]",constructed_initial,test,cfp_stage3,1,256,0.0625,512,32,64,3,all,290,self_cross_cosine,,,0,290
svd_multidepth,3417,16,"[2, 3]",constructed_initial,test,cfp_stage3,1,256,0.0625,512,32,64,3,all,290,energy_identity_relative_error,0.0,0.0,290,0
svd_multidepth,3417,16,"[2, 3]",constructed_initial,test,cfp_stage3,1,256,0.0625,512,32,64,3,all,290,channel_energy_retained,0.6439480556576206,0.02487919229163442,290,0
svd_multidepth,3417,16,"[2, 3]",constructed_initial,test,cfp_stage3,1,256,0.0625,512,32,64,3,label0,145,self_relative,0.0,0.0,145,0
svd_multidepth,3417,16,"[2, 3]",constructed_initial,test,cfp_stage3,1,256,0.0625,512,32,64,3,label0,145,cross_relative,0.0,0.0,145,0
svd_multidepth,3417,16,"[2, 3]",constructed_initial,test,cfp_stage3,1,256,0.0625,512,32,64,3,label0,145,total_relative,0.0,0.0,145,0
svd_multidepth,3417,16,"[2, 3]",constructed_initial,test,cfp_stage3,1,256,0.0625,512,32,64,3,label0,145,self_cross_cosine,,,0,145
svd_multidepth,3417,16,"[2, 3]",constructed_initial,test,cfp_stage3,1,256,0.0625,512,32,64,3,label0,145,energy_identity_relative_error,0.0,0.0,145,0
svd_multidepth,3417,16,"[2, 3]",constructed_initial,test,cfp_stage3,1,256,0.0625,512,32,64,3,label0,145,channel_energy_retained,0.6434354112977432,0.024854991850471506,145,0
svd_multidepth,3417,16,"[2, 3]",constructed_initial,test,cfp_stage3,1,256,0.0625,512,32,64,3,label1,145,self_relative,0.0,0.0,145,0
svd_multidepth,3417,16,"[2, 3]",constructed_initial,test,cfp_stage3,1,256,0.0625,512,32,64,3,label1,145,cross_relative,0.0,0.0,145,0
svd_multidepth,3417,16,"[2, 3]",constructed_initial,test,cfp_stage3,1,256,0.0625,512,32,64,3,label1,145,total_relative,0.0,0.0,145,0
svd_multidepth,3417,16,"[2, 3]",constructed_initial,test,cfp_stage3,1,256,0.0625,512,32,64,3,label1,145,self_cross_cosine,,,0,145
svd_multidepth,3417,16,"[2, 3]",constructed_initial,test,cfp_stage3,1,256,0.0625,512,32,64,3,label1,145,energy_identity_relative_error,0.0,0.0,145,0
svd_multidepth,3417,16,"[2, 3]",constructed_initial,test,cfp_stage3,1,256,0.0625,512,32,64,3,label1,145,channel_energy_retained,0.6444607000174976,0.02497893055659268,145,0
svd_multidepth,3417,16,"[2, 3]",constructed_initial,test,oct_stage3,1,256,0.0625,512,32,64,3,all,290,self_relative,0.0,0.0,290,0
svd_multidepth,3417,16,"[2, 3]",constructed_initial,test,oct_stage3,1,256,0.0625,512,32,64,3,all,290,cross_relative,0.0,0.0,290,0
svd_multidepth,3417,16,"[2, 3]",constructed_initial,test,oct_stage3,1,256,0.0625,512,32,64,3,all,290,total_relative,0.0,0.0,290,0
svd_multidepth,3417,16,"[2, 3]",constructed_initial,test,oct_stage3,1,256,0.0625,512,32,64,3,all,290,self_cross_cosine,,,0,290
svd_multidepth,3417,16,"[2, 3]",constructed_initial,test,oct_stage3,1,256,0.0625,512,32,64,3,all,290,energy_identity_relative_error,0.0,0.0,290,0
svd_multidepth,3417,16,"[2, 3]",constructed_initial,test,oct_stage3,1,256,0.0625,512,32,64,3,all,290,channel_energy_retained,0.6439708713157075,0.028674488660270298,290,0
svd_multidepth,3417,16,"[2, 3]",constructed_initial,test,oct_stage3,1,256,0.0625,512,32,64,3,label0,145,self_relative,0.0,0.0,145,0
svd_multidepth,3417,16,"[2, 3]",constructed_initial,test,oct_stage3,1,256,0.0625,512,32,64,3,label0,145,cross_relative,0.0,0.0,145,0
svd_multidepth,3417,16,"[2, 3]",constructed_initial,test,oct_stage3,1,256,0.0625,512,32,64,3,label0,145,total_relative,0.0,0.0,145,0
svd_multidepth,3417,16,"[2, 3]",constructed_initial,test,oct_stage3,1,256,0.0625,512,32,64,3,label0,145,self_cross_cosine,,,0,145
svd_multidepth,3417,16,"[2, 3]",constructed_initial,test,oct_stage3,1,256,0.0625,512,32,64,3,label0,145,energy_identity_relative_error,0.0,0.0,145,0
svd_multidepth,3417,16,"[2, 3]",constructed_initial,test,oct_stage3,1,256,0.0625,512,32,64,3,label0,145,channel_energy_retained,0.6450456536666894,0.029795511910849257,145,0
svd_multidepth,3417,16,"[2, 3]",constructed_initial,test,oct_stage3,1,256,0.0625,512,32,64,3,label1,145,self_relative,0.0,0.0,145,0
svd_multidepth,3417,16,"[2, 3]",constructed_initial,test,oct_stage3,1,256,0.0625,512,32,64,3,label1,145,cross_relative,0.0,0.0,145,0
svd_multidepth,3417,16,"[2, 3]",constructed_initial,test,oct_stage3,1,256,0.0625,512,32,64,3,label1,145,total_relative,0.0,0.0,145,0
svd_multidepth,3417,16,"[2, 3]",constructed_initial,test,oct_stage3,1,256,0.0625,512,32,64,3,label1,145,self_cross_cosine,,,0,145
svd_multidepth,3417,16,"[2, 3]",constructed_initial,test,oct_stage3,1,256,0.0625,512,32,64,3,label1,145,energy_identity_relative_error,0.0,0.0,145,0
svd_multidepth,3417,16,"[2, 3]",constructed_initial,test,oct_stage3,1,256,0.0625,512,32,64,3,label1,145,channel_energy_retained,0.6428960889647256,0.027569251288973605,145,0
svd_multidepth,3417,16,"[2, 3]",selected,train,cfp_stage2,0,128,0.125,512,32,64,3,all,1264,self_relative,0.25788287462783316,0.01689401538261023,1264,0
svd_multidepth,3417,16,"[2, 3]",selected,train,cfp_stage2,0,128,0.125,512,32,64,3,all,1264,cross_relative,0.381950854436005,0.027816099548393147,1264,0
svd_multidepth,3417,16,"[2, 3]",selected,train,cfp_stage2,0,128,0.125,512,32,64,3,all,1264,total_relative,0.5362183003818589,0.03664327420982844,1264,0
svd_multidepth,3417,16,"[2, 3]",selected,train,cfp_stage2,0,128,0.125,512,32,64,3,all,1264,self_cross_cosine,0.37973293765096433,0.049841330934979715,1264,0
svd_multidepth,3417,16,"[2, 3]",selected,train,cfp_stage2,0,128,0.125,512,32,64,3,all,1264,energy_identity_relative_error,8.576370523693511e-17,6.864937930032082e-17,1264,0
svd_multidepth,3417,16,"[2, 3]",selected,train,cfp_stage2,0,128,0.125,512,32,64,3,all,1264,channel_energy_retained,0.6598605340289886,0.021342893389349155,1264,0
svd_multidepth,3417,16,"[2, 3]",selected,train,cfp_stage2,0,128,0.125,512,32,64,3,label0,632,self_relative,0.25862602820123426,0.016455931711456585,632,0
svd_multidepth,3417,16,"[2, 3]",selected,train,cfp_stage2,0,128,0.125,512,32,64,3,label0,632,cross_relative,0.38039949889732194,0.02621871984789275,632,0
svd_multidepth,3417,16,"[2, 3]",selected,train,cfp_stage2,0,128,0.125,512,32,64,3,label0,632,total_relative,0.5361278782955333,0.03471561738002481,632,0
svd_multidepth,3417,16,"[2, 3]",selected,train,cfp_stage2,0,128,0.125,512,32,64,3,label0,632,self_cross_cosine,0.38397459208783435,0.04666233993687345,632,0
svd_multidepth,3417,16,"[2, 3]",selected,train,cfp_stage2,0,128,0.125,512,32,64,3,label0,632,energy_identity_relative_error,8.451628774792104e-17,6.959569764901782e-17,632,0
svd_multidepth,3417,16,"[2, 3]",selected,train,cfp_stage2,0,128,0.125,512,32,64,3,label0,632,channel_energy_retained,0.6612238384802199,0.020639976276284635,632,0
svd_multidepth,3417,16,"[2, 3]",selected,train,cfp_stage2,0,128,0.125,512,32,64,3,label1,632,self_relative,0.25713972105443195,0.017302133633885403,632,0
svd_multidepth,3417,16,"[2, 3]",selected,train,cfp_stage2,0,128,0.125,512,32,64,3,label1,632,cross_relative,0.3835022099746879,0.029265247077982632,632,0
svd_multidepth,3417,16,"[2, 3]",selected,train,cfp_stage2,0,128,0.125,512,32,64,3,label1,632,total_relative,0.536308722468184,0.038501903334669234,632,0
svd_multidepth,3417,16,"[2, 3]",selected,train,cfp_stage2,0,128,0.125,512,32,64,3,label1,632,self_cross_cosine,0.3754912832140945,0.05252465268078575,632,0
svd_multidepth,3417,16,"[2, 3]",selected,train,cfp_stage2,0,128,0.125,512,32,64,3,label1,632,energy_identity_relative_error,8.701112272594922e-17,6.77219689089272e-17,632,0
svd_multidepth,3417,16,"[2, 3]",selected,train,cfp_stage2,0,128,0.125,512,32,64,3,label1,632,channel_energy_retained,0.6584972295777575,0.02195514488836928,632,0
svd_multidepth,3417,16,"[2, 3]",selected,train,oct_stage2,0,128,0.125,512,32,64,3,all,1264,self_relative,3.526248835904646,0.04376831183250763,1264,0
svd_multidepth,3417,16,"[2, 3]",selected,train,oct_stage2,0,128,0.125,512,32,64,3,all,1264,cross_relative,3.698407536514638,0.25632456965276273,1264,0
svd_multidepth,3417,16,"[2, 3]",selected,train,oct_stage2,0,128,0.125,512,32,64,3,all,1264,total_relative,6.682837509151925,0.21498097005931102,1264,0
svd_multidepth,3417,16,"[2, 3]",selected,train,oct_stage2,0,128,0.125,512,32,64,3,all,1264,self_cross_cosine,0.7116340108117963,0.03172750752543944,1264,0
svd_multidepth,3417,16,"[2, 3]",selected,train,oct_stage2,0,128,0.125,512,32,64,3,all,1264,energy_identity_relative_error,8.025806020343604e-17,6.78785573261136e-17,1264,0
svd_multidepth,3417,16,"[2, 3]",selected,train,oct_stage2,0,128,0.125,512,32,64,3,all,1264,channel_energy_retained,0.5675419915729177,0.0067942760552059545,1264,0
svd_multidepth,3417,16,"[2, 3]",selected,train,oct_stage2,0,128,0.125,512,32,64,3,label0,632,self_relative,3.5278310771502905,0.039869492659980535,632,0
svd_multidepth,3417,16,"[2, 3]",selected,train,oct_stage2,0,128,0.125,512,32,64,3,label0,632,cross_relative,3.675099460438607,0.23948937364184741,632,0
svd_multidepth,3417,16,"[2, 3]",selected,train,oct_stage2,0,128,0.125,512,32,64,3,label0,632,total_relative,6.660312866150044,0.197829783356559,632,0
svd_multidepth,3417,16,"[2, 3]",selected,train,oct_stage2,0,128,0.125,512,32,64,3,label0,632,self_cross_cosine,0.7103905366149132,0.03056974308519557,632,0
svd_multidepth,3417,16,"[2, 3]",selected,train,oct_stage2,0,128,0.125,512,32,64,3,label0,632,energy_identity_relative_error,7.884452855554528e-17,6.705697230042016e-17,632,0
svd_multidepth,3417,16,"[2, 3]",selected,train,oct_stage2,0,128,0.125,512,32,64,3,label0,632,channel_energy_retained,0.56811841247084,0.0067026281980166105,632,0
svd_multidepth,3417,16,"[2, 3]",selected,train,oct_stage2,0,128,0.125,512,32,64,3,label1,632,self_relative,3.5246665946590037,0.04732625915948401,632,0
svd_multidepth,3417,16,"[2, 3]",selected,train,oct_stage2,0,128,0.125,512,32,64,3,label1,632,cross_relative,3.721715612590667,0.2703058993995336,632,0
svd_multidepth,3417,16,"[2, 3]",selected,train,oct_stage2,0,128,0.125,512,32,64,3,label1,632,total_relative,6.7053621521538025,0.22880980827500733,632,0
svd_multidepth,3417,16,"[2, 3]",selected,train,oct_stage2,0,128,0.125,512,32,64,3,label1,632,self_cross_cosine,0.7128774850086804,0.0328216120705128,632,0
svd_multidepth,3417,16,"[2, 3]",selected,train,oct_stage2,0,128,0.125,512,32,64,3,label1,632,energy_identity_relative_error,8.167159185132684e-17,6.87143287692965e-17,632,0
svd_multidepth,3417,16,"[2, 3]",selected,train,oct_stage2,0,128,0.125,512,32,64,3,label1,632,channel_energy_retained,0.5669655706749955,0.006841544520764438,632,0
svd_multidepth,3417,16,"[2, 3]",selected,train,cfp_stage3,1,256,0.0625,512,32,64,3,all,1264,self_relative,0.36151577681494673,0.015425850443464091,1264,0
svd_multidepth,3417,16,"[2, 3]",selected,train,cfp_stage3,1,256,0.0625,512,32,64,3,all,1264,cross_relative,0.2699472997744769,0.015156928590787017,1264,0
svd_multidepth,3417,16,"[2, 3]",selected,train,cfp_stage3,1,256,0.0625,512,32,64,3,all,1264,total_relative,0.5220126242016427,0.013977037017263385,1264,0
svd_multidepth,3417,16,"[2, 3]",selected,train,cfp_stage3,1,256,0.0625,512,32,64,3,all,1264,self_cross_cosine,0.35312487507200696,0.04015724898578117,1264,0
svd_multidepth,3417,16,"[2, 3]",selected,train,cfp_stage3,1,256,0.0625,512,32,64,3,all,1264,energy_identity_relative_error,6.454060062503976e-17,5.179802120942071e-17,1264,0
svd_multidepth,3417,16,"[2, 3]",selected,train,cfp_stage3,1,256,0.0625,512,32,64,3,all,1264,channel_energy_retained,0.548594160762191,0.01619318409111156,1264,0
svd_multidepth,3417,16,"[2, 3]",selected,train,cfp_stage3,1,256,0.0625,512,32,64,3,label0,632,self_relative,0.36323109534877995,0.01436773342752923,632,0
svd_multidepth,3417,16,"[2, 3]",selected,train,cfp_stage3,1,256,0.0625,512,32,64,3,label0,632,cross_relative,0.2784543250503289,0.011733815839826982,632,0
svd_multidepth,3417,16,"[2, 3]",selected,train,cfp_stage3,1,256,0.0625,512,32,64,3,label0,632,total_relative,0.5285940525511711,0.011707817910633661,632,0
svd_multidepth,3417,16,"[2, 3]",selected,train,cfp_stage3,1,256,0.0625,512,32,64,3,label0,632,self_cross_cosine,0.3456665558985999,0.03676755639643887,632,0
svd_multidepth,3417,16,"[2, 3]",selected,train,cfp_stage3,1,256,0.0625,512,32,64,3,label0,632,energy_identity_relative_error,6.52749268009933e-17,5.2853773838192785e-17,632,0
svd_multidepth,3417,16,"[2, 3]",selected,train,cfp_stage3,1,256,0.0625,512,32,64,3,label0,632,channel_energy_retained,0.5521915089016738,0.015305243126708714,632,0
svd_multidepth,3417,16,"[2, 3]",selected,train,cfp_stage3,1,256,0.0625,512,32,64,3,label1,632,self_relative,0.35980045828111373,0.016247003091239234,632,0
svd_multidepth,3417,16,"[2, 3]",selected,train,cfp_stage3,1,256,0.0625,512,32,64,3,label1,632,cross_relative,0.26144027449862495,0.013310832915957641,632,0
svd_multidepth,3417,16,"[2, 3]",selected,train,cfp_stage3,1,256,0.0625,512,32,64,3,label1,632,total_relative,0.5154311958521146,0.012929966681734125,632,0
svd_multidepth,3417,16,"[2, 3]",selected,train,cfp_stage3,1,256,0.0625,512,32,64,3,label1,632,self_cross_cosine,0.360583194245414,0.04200574199003891,632,0
svd_multidepth,3417,16,"[2, 3]",selected,train,cfp_stage3,1,256,0.0625,512,32,64,3,label1,632,energy_identity_relative_error,6.380627444908628e-17,5.0751556142910236e-17,632,0
svd_multidepth,3417,16,"[2, 3]",selected,train,cfp_stage3,1,256,0.0625,512,32,64,3,label1,632,channel_energy_retained,0.5449968126227077,0.016269009550893446,632,0
svd_multidepth,3417,16,"[2, 3]",selected,train,oct_stage3,1,256,0.0625,512,32,64,3,all,1264,self_relative,1.821391028668763,0.07976756355758195,1264,0
svd_multidepth,3417,16,"[2, 3]",selected,train,oct_stage3,1,256,0.0625,512,32,64,3,all,1264,cross_relative,2.725002780972527,0.23597374794616238,1264,0
svd_multidepth,3417,16,"[2, 3]",selected,train,oct_stage3,1,256,0.0625,512,32,64,3,all,1264,total_relative,3.5857350818246334,0.18534462794749224,1264,0
svd_multidepth,3417,16,"[2, 3]",selected,train,oct_stage3,1,256,0.0625,512,32,64,3,all,1264,self_cross_cosine,0.21181647172617477,0.03661235062743481,1264,0
svd_multidepth,3417,16,"[2, 3]",selected,train,oct_stage3,1,256,0.0625,512,32,64,3,all,1264,energy_identity_relative_error,8.740716058311403e-17,6.868460748278535e-17,1264,0
svd_multidepth,3417,16,"[2, 3]",selected,train,oct_stage3,1,256,0.0625,512,32,64,3,all,1264,channel_energy_retained,0.48015416877862577,0.01229341349514823,1264,0
svd_multidepth,3417,16,"[2, 3]",selected,train,oct_stage3,1,256,0.0625,512,32,64,3,label0,632,self_relative,1.8222182766471453,0.07193434916302928,632,0
svd_multidepth,3417,16,"[2, 3]",selected,train,oct_stage3,1,256,0.0625,512,32,64,3,label0,632,cross_relative,2.527485097151552,0.10150972736866085,632,0
svd_multidepth,3417,16,"[2, 3]",selected,train,oct_stage3,1,256,0.0625,512,32,64,3,label0,632,total_relative,3.4335567484082516,0.08650338879071956,632,0
svd_multidepth,3417,16,"[2, 3]",selected,train,oct_stage3,1,256,0.0625,512,32,64,3,label0,632,self_cross_cosine,0.22554275816428335,0.03291046544608267,632,0
svd_multidepth,3417,16,"[2, 3]",selected,train,oct_stage3,1,256,0.0625,512,32,64,3,label0,632,energy_identity_relative_error,8.809552527637441e-17,6.901783341289771e-17,632,0
svd_multidepth,3417,16,"[2, 3]",selected,train,oct_stage3,1,256,0.0625,512,32,64,3,label0,632,channel_energy_retained,0.47896898123357884,0.012492998685270902,632,0
svd_multidepth,3417,16,"[2, 3]",selected,train,oct_stage3,1,256,0.0625,512,32,64,3,label1,632,self_relative,1.820563780690381,0.08694763213140135,632,0
svd_multidepth,3417,16,"[2, 3]",selected,train,oct_stage3,1,256,0.0625,512,32,64,3,label1,632,cross_relative,2.922520464793502,0.15166118551014673,632,0
svd_multidepth,3417,16,"[2, 3]",selected,train,oct_stage3,1,256,0.0625,512,32,64,3,label1,632,total_relative,3.737913415241017,0.12201219392210914,632,0
svd_multidepth,3417,16,"[2, 3]",selected,train,oct_stage3,1,256,0.0625,512,32,64,3,label1,632,self_cross_cosine,0.19809018528806638,0.03496476782753563,632,0
svd_multidepth,3417,16,"[2, 3]",selected,train,oct_stage3,1,256,0.0625,512,32,64,3,label1,632,energy_identity_relative_error,8.671879588985367e-17,6.839748851294855e-17,632,0
svd_multidepth,3417,16,"[2, 3]",selected,train,oct_stage3,1,256,0.0625,512,32,64,3,label1,632,channel_energy_retained,0.48133935632367314,0.011983602501372495,632,0
svd_multidepth,3417,16,"[2, 3]",selected,validation,cfp_stage2,0,128,0.125,512,32,64,3,all,296,self_relative,0.2587024996520695,0.016066847829109047,296,0
svd_multidepth,3417,16,"[2, 3]",selected,validation,cfp_stage2,0,128,0.125,512,32,64,3,all,296,cross_relative,0.38253009659368065,0.02754354307736571,296,0
svd_multidepth,3417,16,"[2, 3]",selected,validation,cfp_stage2,0,128,0.125,512,32,64,3,all,296,total_relative,0.5371304365861072,0.03513198788164376,296,0
svd_multidepth,3417,16,"[2, 3]",selected,validation,cfp_stage2,0,128,0.125,512,32,64,3,all,296,self_cross_cosine,0.3787681237262761,0.044636577234250754,296,0
svd_multidepth,3417,16,"[2, 3]",selected,validation,cfp_stage2,0,128,0.125,512,32,64,3,all,296,energy_identity_relative_error,8.032480093911953e-17,6.559278643920591e-17,296,0
svd_multidepth,3417,16,"[2, 3]",selected,validation,cfp_stage2,0,128,0.125,512,32,64,3,all,296,channel_energy_retained,0.6594104974174108,0.020869035394243833,296,0
svd_multidepth,3417,16,"[2, 3]",selected,validation,cfp_stage2,0,128,0.125,512,32,64,3,label0,148,self_relative,0.2591271308354316,0.01508656023785129,148,0
svd_multidepth,3417,16,"[2, 3]",selected,validation,cfp_stage2,0,128,0.125,512,32,64,3,label0,148,cross_relative,0.3804154237467243,0.02640450456069069,148,0
svd_multidepth,3417,16,"[2, 3]",selected,validation,cfp_stage2,0,128,0.125,512,32,64,3,label0,148,total_relative,0.535717364216947,0.033068613537651614,148,0
svd_multidepth,3417,16,"[2, 3]",selected,validation,cfp_stage2,0,128,0.125,512,32,64,3,label0,148,self_cross_cosine,0.37989075859343713,0.045486478659462266,148,0
svd_multidepth,3417,16,"[2, 3]",selected,validation,cfp_stage2,0,128,0.125,512,32,64,3,label0,148,energy_identity_relative_error,7.242214894738971e-17,6.117811099027425e-17,148,0
svd_multidepth,3417,16,"[2, 3]",selected,validation,cfp_stage2,0,128,0.125,512,32,64,3,label0,148,channel_energy_retained,0.6599403818483243,0.019907466121053895,148,0
svd_multidepth,3417,16,"[2, 3]",selected,validation,cfp_stage2,0,128,0.125,512,32,64,3,label1,148,self_relative,0.25827786846870726,0.017031614747865798,148,0
svd_multidepth,3417,16,"[2, 3]",selected,validation,cfp_stage2,0,128,0.125,512,32,64,3,label1,148,cross_relative,0.3846447694406369,0.028570124393949466,148,0
svd_multidepth,3417,16,"[2, 3]",selected,validation,cfp_stage2,0,128,0.125,512,32,64,3,label1,148,total_relative,0.5385435089552671,0.03713967599369117,148,0
svd_multidepth,3417,16,"[2, 3]",selected,validation,cfp_stage2,0,128,0.125,512,32,64,3,label1,148,self_cross_cosine,0.3776454888591148,0.04389583640091712,148,0
svd_multidepth,3417,16,"[2, 3]",selected,validation,cfp_stage2,0,128,0.125,512,32,64,3,label1,148,energy_identity_relative_error,8.822745293084931e-17,6.903318490767263e-17,148,0
svd_multidepth,3417,16,"[2, 3]",selected,validation,cfp_stage2,0,128,0.125,512,32,64,3,label1,148,channel_energy_retained,0.6588806129864968,0.021843154358045208,148,0
svd_multidepth,3417,16,"[2, 3]",selected,validation,oct_stage2,0,128,0.125,512,32,64,3,all,296,self_relative,3.5290585936881578,0.04245282488750693,296,0
svd_multidepth,3417,16,"[2, 3]",selected,validation,oct_stage2,0,128,0.125,512,32,64,3,all,296,cross_relative,3.6902715918137488,0.26608936134524463,296,0
svd_multidepth,3417,16,"[2, 3]",selected,validation,oct_stage2,0,128,0.125,512,32,64,3,all,296,total_relative,6.674692484505914,0.23027581149437645,296,0
svd_multidepth,3417,16,"[2, 3]",selected,validation,oct_stage2,0,128,0.125,512,32,64,3,all,296,self_cross_cosine,0.7099838342117121,0.03129351819119451,296,0
svd_multidepth,3417,16,"[2, 3]",selected,validation,oct_stage2,0,128,0.125,512,32,64,3,all,296,energy_identity_relative_error,8.133013915591989e-17,6.436924341348738e-17,296,0
svd_multidepth,3417,16,"[2, 3]",selected,validation,oct_stage2,0,128,0.125,512,32,64,3,all,296,channel_energy_retained,0.567669424974273,0.006381489515234642,296,0
svd_multidepth,3417,16,"[2, 3]",selected,validation,oct_stage2,0,128,0.125,512,32,64,3,label0,148,self_relative,3.5289736099010756,0.043527921571631524,148,0
svd_multidepth,3417,16,"[2, 3]",selected,validation,oct_stage2,0,128,0.125,512,32,64,3,label0,148,cross_relative,3.6852311143757066,0.24664496136051314,148,0
svd_multidepth,3417,16,"[2, 3]",selected,validation,oct_stage2,0,128,0.125,512,32,64,3,label0,148,total_relative,6.667052608755512,0.2099786694173928,148,0
svd_multidepth,3417,16,"[2, 3]",selected,validation,oct_stage2,0,128,0.125,512,32,64,3,label0,148,self_cross_cosine,0.7085693381280792,0.032567622805837484,148,0
svd_multidepth,3417,16,"[2, 3]",selected,validation,oct_stage2,0,128,0.125,512,32,64,3,label0,148,energy_identity_relative_error,8.27102979625157e-17,6.388834103954228e-17,148,0
svd_multidepth,3417,16,"[2, 3]",selected,validation,oct_stage2,0,128,0.125,512,32,64,3,label0,148,channel_energy_retained,0.5676753183918436,0.006780195168550668,148,0
svd_multidepth,3417,16,"[2, 3]",selected,validation,oct_stage2,0,128,0.125,512,32,64,3,label1,148,self_relative,3.52914357747524,0.04149759432478078,148,0
svd_multidepth,3417,16,"[2, 3]",selected,validation,oct_stage2,0,128,0.125,512,32,64,3,label1,148,cross_relative,3.6953120692517922,0.2849629059671472,148,0
svd_multidepth,3417,16,"[2, 3]",selected,validation,oct_stage2,0,128,0.125,512,32,64,3,label1,148,total_relative,6.682332360256313,0.24941141740872663,148,0
svd_multidepth,3417,16,"[2, 3]",selected,validation,oct_stage2,0,128,0.125,512,32,64,3,label1,148,self_cross_cosine,0.711398330295345,0.03000918999359176,148,0
svd_multidepth,3417,16,"[2, 3]",selected,validation,oct_stage2,0,128,0.125,512,32,64,3,label1,148,energy_identity_relative_error,7.99499803493241e-17,6.503406547936547e-17,148,0
svd_multidepth,3417,16,"[2, 3]",selected,validation,oct_stage2,0,128,0.125,512,32,64,3,label1,148,channel_energy_retained,0.5676635315567022,0.00597935869427251,148,0
svd_multidepth,3417,16,"[2, 3]",selected,validation,cfp_stage3,1,256,0.0625,512,32,64,3,all,296,self_relative,0.36122768578020636,0.01817908645535961,296,0
svd_multidepth,3417,16,"[2, 3]",selected,validation,cfp_stage3,1,256,0.0625,512,32,64,3,all,296,cross_relative,0.26985229731046123,0.01410476364902799,296,0
svd_multidepth,3417,16,"[2, 3]",selected,validation,cfp_stage3,1,256,0.0625,512,32,64,3,all,296,total_relative,0.5214043122527443,0.016646100323066564,296,0
svd_multidepth,3417,16,"[2, 3]",selected,validation,cfp_stage3,1,256,0.0625,512,32,64,3,all,296,self_cross_cosine,0.35138109157063474,0.038436188205865134,296,0
svd_multidepth,3417,16,"[2, 3]",selected,validation,cfp_stage3,1,256,0.0625,512,32,64,3,all,296,energy_identity_relative_error,5.583567223572516e-17,4.617797925694657e-17,296,0
svd_multidepth,3417,16,"[2, 3]",selected,validation,cfp_stage3,1,256,0.0625,512,32,64,3,all,296,channel_energy_retained,0.5482719627209118,0.01622846121180673,296,0
svd_multidepth,3417,16,"[2, 3]",selected,validation,cfp_stage3,1,256,0.0625,512,32,64,3,label0,148,self_relative,0.3625410752447921,0.018407926096587483,148,0
svd_multidepth,3417,16,"[2, 3]",selected,validation,cfp_stage3,1,256,0.0625,512,32,64,3,label0,148,cross_relative,0.2744223600747806,0.01240737691960002,148,0
svd_multidepth,3417,16,"[2, 3]",selected,validation,cfp_stage3,1,256,0.0625,512,32,64,3,label0,148,total_relative,0.5255145576054957,0.015198165467680123,148,0
svd_multidepth,3417,16,"[2, 3]",selected,validation,cfp_stage3,1,256,0.0625,512,32,64,3,label0,148,self_cross_cosine,0.3487721276356917,0.03830987147437833,148,0
svd_multidepth,3417,16,"[2, 3]",selected,validation,cfp_stage3,1,256,0.0625,512,32,64,3,label0,148,energy_identity_relative_error,5.491167880947349e-17,4.549318202210921e-17,148,0
svd_multidepth,3417,16,"[2, 3]",selected,validation,cfp_stage3,1,256,0.0625,512,32,64,3,label0,148,channel_energy_retained,0.5501495887012285,0.015862194147514157,148,0
svd_multidepth,3417,16,"[2, 3]",selected,validation,cfp_stage3,1,256,0.0625,512,32,64,3,label1,148,self_relative,0.3599142963156205,0.017913160809678776,148,0
svd_multidepth,3417,16,"[2, 3]",selected,validation,cfp_stage3,1,256,0.0625,512,32,64,3,label1,148,cross_relative,0.26528223454614175,0.014256366041098053,148,0
svd_multidepth,3417,16,"[2, 3]",selected,validation,cfp_stage3,1,256,0.0625,512,32,64,3,label1,148,total_relative,0.5172940668999926,0.017060714426808087,148,0
svd_multidepth,3417,16,"[2, 3]",selected,validation,cfp_stage3,1,256,0.0625,512,32,64,3,label1,148,self_cross_cosine,0.35399005550557766,0.03851465717522346,148,0
svd_multidepth,3417,16,"[2, 3]",selected,validation,cfp_stage3,1,256,0.0625,512,32,64,3,label1,148,energy_identity_relative_error,5.675966566197684e-17,4.698903004067857e-17,148,0
svd_multidepth,3417,16,"[2, 3]",selected,validation,cfp_stage3,1,256,0.0625,512,32,64,3,label1,148,channel_energy_retained,0.5463943367405955,0.01642587482601137,148,0
svd_multidepth,3417,16,"[2, 3]",selected,validation,oct_stage3,1,256,0.0625,512,32,64,3,all,296,self_relative,1.821990297002374,0.08946326671310358,296,0
svd_multidepth,3417,16,"[2, 3]",selected,validation,oct_stage3,1,256,0.0625,512,32,64,3,all,296,cross_relative,2.7142835403233385,0.18361352808173745,296,0
svd_multidepth,3417,16,"[2, 3]",selected,validation,oct_stage3,1,256,0.0625,512,32,64,3,all,296,total_relative,3.5736094701300734,0.14158095858300376,296,0
svd_multidepth,3417,16,"[2, 3]",selected,validation,oct_stage3,1,256,0.0625,512,32,64,3,all,296,self_cross_cosine,0.20974078255662354,0.03386872063807033,296,0
svd_multidepth,3417,16,"[2, 3]",selected,validation,oct_stage3,1,256,0.0625,512,32,64,3,all,296,energy_identity_relative_error,9.151127351227451e-17,7.06707206353001e-17,296,0
svd_multidepth,3417,16,"[2, 3]",selected,validation,oct_stage3,1,256,0.0625,512,32,64,3,all,296,channel_energy_retained,0.4808805356735286,0.012157162530722913,296,0
svd_multidepth,3417,16,"[2, 3]",selected,validation,oct_stage3,1,256,0.0625,512,32,64,3,label0,148,self_relative,1.8233051392757296,0.0737133817353907,148,0
svd_multidepth,3417,16,"[2, 3]",selected,validation,oct_stage3,1,256,0.0625,512,32,64,3,label0,148,cross_relative,2.6628034714390885,0.15002781481705096,148,0
svd_multidepth,3417,16,"[2, 3]",selected,validation,oct_stage3,1,256,0.0625,512,32,64,3,label0,148,total_relative,3.5327525578425045,0.11850812723059546,148,0
svd_multidepth,3417,16,"[2, 3]",selected,validation,oct_stage3,1,256,0.0625,512,32,64,3,label0,148,self_cross_cosine,0.21219770630927948,0.03143175520702918,148,0
svd_multidepth,3417,16,"[2, 3]",selected,validation,oct_stage3,1,256,0.0625,512,32,64,3,label0,148,energy_identity_relative_error,8.273252645014264e-17,6.87807761656279e-17,148,0
svd_multidepth,3417,16,"[2, 3]",selected,validation,oct_stage3,1,256,0.0625,512,32,64,3,label0,148,channel_energy_retained,0.48088981938930986,0.012589716253268341,148,0
svd_multidepth,3417,16,"[2, 3]",selected,validation,oct_stage3,1,256,0.0625,512,32,64,3,label1,148,self_relative,1.8206754547290185,0.10307596795367353,148,0
svd_multidepth,3417,16,"[2, 3]",selected,validation,oct_stage3,1,256,0.0625,512,32,64,3,label1,148,cross_relative,2.765763609207588,0.19953046014074508,148,0
svd_multidepth,3417,16,"[2, 3]",selected,validation,oct_stage3,1,256,0.0625,512,32,64,3,label1,148,total_relative,3.614466382417643,0.15106698904083563,148,0
svd_multidepth,3417,16,"[2, 3]",selected,validation,oct_stage3,1,256,0.0625,512,32,64,3,label1,148,self_cross_cosine,0.20728385880396769,0.03608148413410404,148,0
svd_multidepth,3417,16,"[2, 3]",selected,validation,oct_stage3,1,256,0.0625,512,32,64,3,label1,148,energy_identity_relative_error,1.0029002057440636e-16,7.167077642298436e-17,148,0
svd_multidepth,3417,16,"[2, 3]",selected,validation,oct_stage3,1,256,0.0625,512,32,64,3,label1,148,channel_energy_retained,0.4808712519577471,0.011751488916937487,148,0
svd_multidepth,3417,16,"[2, 3]",selected,test,cfp_stage2,0,128,0.125,512,32,64,3,all,290,self_relative,0.2586798285112657,0.01703850071319454,290,0
svd_multidepth,3417,16,"[2, 3]",selected,test,cfp_stage2,0,128,0.125,512,32,64,3,all,290,cross_relative,0.3814393239088895,0.027204055368684022,290,0
svd_multidepth,3417,16,"[2, 3]",selected,test,cfp_stage2,0,128,0.125,512,32,64,3,all,290,total_relative,0.5359471490987798,0.03488627378111047,290,0
svd_multidepth,3417,16,"[2, 3]",selected,test,cfp_stage2,0,128,0.125,512,32,64,3,all,290,self_cross_cosine,0.3779777597598605,0.04820591579289833,290,0
svd_multidepth,3417,16,"[2, 3]",selected,test,cfp_stage2,0,128,0.125,512,32,64,3,all,290,energy_identity_relative_error,8.697694577258687e-17,6.9666680215976e-17,290,0
svd_multidepth,3417,16,"[2, 3]",selected,test,cfp_stage2,0,128,0.125,512,32,64,3,all,290,channel_energy_retained,0.6592455725647716,0.020289035028611745,290,0
svd_multidepth,3417,16,"[2, 3]",selected,test,cfp_stage2,0,128,0.125,512,32,64,3,label0,145,self_relative,0.25714104417078676,0.016394247291590825,145,0
svd_multidepth,3417,16,"[2, 3]",selected,test,cfp_stage2,0,128,0.125,512,32,64,3,label0,145,cross_relative,0.38029799417913124,0.025992464696652957,145,0
svd_multidepth,3417,16,"[2, 3]",selected,test,cfp_stage2,0,128,0.125,512,32,64,3,label0,145,total_relative,0.5344827695679285,0.03407993982982348,145,0
svd_multidepth,3417,16,"[2, 3]",selected,test,cfp_stage2,0,128,0.125,512,32,64,3,label0,145,self_cross_cosine,0.38192818443629617,0.04606301064318537,145,0
svd_multidepth,3417,16,"[2, 3]",selected,test,cfp_stage2,0,128,0.125,512,32,64,3,label0,145,energy_identity_relative_error,8.835903247663089e-17,7.375285085127274e-17,145,0
svd_multidepth,3417,16,"[2, 3]",selected,test,cfp_stage2,0,128,0.125,512,32,64,3,label0,145,channel_energy_retained,0.6581567760821262,0.020348305918662848,145,0
svd_multidepth,3417,16,"[2, 3]",selected,test,cfp_stage2,0,128,0.125,512,32,64,3,label1,145,self_relative,0.26021861285174447,0.01758115788662556,145,0
svd_multidepth,3417,16,"[2, 3]",selected,test,cfp_stage2,0,128,0.125,512,32,64,3,label1,145,cross_relative,0.3825806536386478,0.028408255607860738,145,0
svd_multidepth,3417,16,"[2, 3]",selected,test,cfp_stage2,0,128,0.125,512,32,64,3,label1,145,total_relative,0.5374115286296309,0.03573226903350769,145,0
svd_multidepth,3417,16,"[2, 3]",selected,test,cfp_stage2,0,128,0.125,512,32,64,3,label1,145,self_cross_cosine,0.3740273350834246,0.05010517736484492,145,0
svd_multidepth,3417,16,"[2, 3]",selected,test,cfp_stage2,0,128,0.125,512,32,64,3,label1,145,energy_identity_relative_error,8.559485906854281e-17,6.555354519012007e-17,145,0
svd_multidepth,3417,16,"[2, 3]",selected,test,cfp_stage2,0,128,0.125,512,32,64,3,label1,145,channel_energy_retained,0.6603343690474169,0.020241234051503736,145,0
svd_multidepth,3417,16,"[2, 3]",selected,test,oct_stage2,0,128,0.125,512,32,64,3,all,290,self_relative,3.531819758880873,0.04841145193542664,290,0
svd_multidepth,3417,16,"[2, 3]",selected,test,oct_stage2,0,128,0.125,512,32,64,3,all,290,cross_relative,3.712287436306983,0.2582375293609189,290,0
svd_multidepth,3417,16,"[2, 3]",selected,test,oct_stage2,0,128,0.125,512,32,64,3,all,290,total_relative,6.701426794162277,0.2317004792363514,290,0
svd_multidepth,3417,16,"[2, 3]",selected,test,oct_stage2,0,128,0.125,512,32,64,3,all,290,self_cross_cosine,0.7118551220985289,0.031521113237992206,290,0
svd_multidepth,3417,16,"[2, 3]",selected,test,oct_stage2,0,128,0.125,512,32,64,3,all,290,energy_identity_relative_error,8.58237591846572e-17,7.204673838789867e-17,290,0
svd_multidepth,3417,16,"[2, 3]",selected,test,oct_stage2,0,128,0.125,512,32,64,3,all,290,channel_energy_retained,0.5672302626552636,0.007051657825702522,290,0
svd_multidepth,3417,16,"[2, 3]",selected,test,oct_stage2,0,128,0.125,512,32,64,3,label0,145,self_relative,3.533728017629859,0.044682027025334546,145,0
svd_multidepth,3417,16,"[2, 3]",selected,test,oct_stage2,0,128,0.125,512,32,64,3,label0,145,cross_relative,3.7070469557335697,0.2514431120426633,145,0
svd_multidepth,3417,16,"[2, 3]",selected,test,oct_stage2,0,128,0.125,512,32,64,3,label0,145,total_relative,6.692474148318818,0.21667871175055592,145,0
svd_multidepth,3417,16,"[2, 3]",selected,test,oct_stage2,0,128,0.125,512,32,64,3,label0,145,self_cross_cosine,0.7089618987344063,0.03291094490378177,145,0
svd_multidepth,3417,16,"[2, 3]",selected,test,oct_stage2,0,128,0.125,512,32,64,3,label0,145,energy_identity_relative_error,8.165290945888283e-17,7.594808433415472e-17,145,0
svd_multidepth,3417,16,"[2, 3]",selected,test,oct_stage2,0,128,0.125,512,32,64,3,label0,145,channel_energy_retained,0.5673174686348864,0.007656132125016617,145,0
svd_multidepth,3417,16,"[2, 3]",selected,test,oct_stage2,0,128,0.125,512,32,64,3,label1,145,self_relative,3.5299115001318873,0.05195955943041896,145,0
svd_multidepth,3417,16,"[2, 3]",selected,test,oct_stage2,0,128,0.125,512,32,64,3,label1,145,cross_relative,3.7175279168803934,0.26562642825417737,145,0
svd_multidepth,3417,16,"[2, 3]",selected,test,oct_stage2,0,128,0.125,512,32,64,3,label1,145,total_relative,6.710379440005732,0.24623557903234083,145,0
svd_multidepth,3417,16,"[2, 3]",selected,test,oct_stage2,0,128,0.125,512,32,64,3,label1,145,self_cross_cosine,0.7147483454626518,0.02990105327634316,145,0
svd_multidepth,3417,16,"[2, 3]",selected,test,oct_stage2,0,128,0.125,512,32,64,3,label1,145,energy_identity_relative_error,8.999460891043158e-17,6.792912982213181e-17,145,0
svd_multidepth,3417,16,"[2, 3]",selected,test,oct_stage2,0,128,0.125,512,32,64,3,label1,145,channel_energy_retained,0.5671430566756408,0.006416026829325094,145,0
svd_multidepth,3417,16,"[2, 3]",selected,test,cfp_stage3,1,256,0.0625,512,32,64,3,all,290,self_relative,0.3617788453567214,0.015546302472490345,290,0
svd_multidepth,3417,16,"[2, 3]",selected,test,cfp_stage3,1,256,0.0625,512,32,64,3,all,290,cross_relative,0.2699117031330303,0.013717282653289165,290,0
svd_multidepth,3417,16,"[2, 3]",selected,test,cfp_stage3,1,256,0.0625,512,32,64,3,all,290,total_relative,0.5221301815604285,0.013995452417582648,290,0
svd_multidepth,3417,16,"[2, 3]",selected,test,cfp_stage3,1,256,0.0625,512,32,64,3,all,290,self_cross_cosine,0.35271818230805035,0.04047213146246884,290,0
svd_multidepth,3417,16,"[2, 3]",selected,test,cfp_stage3,1,256,0.0625,512,32,64,3,all,290,energy_identity_relative_error,6.334977896251972e-17,4.8646512977375354e-17,290,0
svd_multidepth,3417,16,"[2, 3]",selected,test,cfp_stage3,1,256,0.0625,512,32,64,3,all,290,channel_energy_retained,0.5484838263931707,0.015969775068855857,290,0
svd_multidepth,3417,16,"[2, 3]",selected,test,cfp_stage3,1,256,0.0625,512,32,64,3,label0,145,self_relative,0.3627449906109845,0.015139986625594468,145,0
svd_multidepth,3417,16,"[2, 3]",selected,test,cfp_stage3,1,256,0.0625,512,32,64,3,label0,145,cross_relative,0.2722761081025912,0.013118556758590808,145,0
svd_multidepth,3417,16,"[2, 3]",selected,test,cfp_stage3,1,256,0.0625,512,32,64,3,label0,145,total_relative,0.5243697991507682,0.013033397281789563,145,0
svd_multidepth,3417,16,"[2, 3]",selected,test,cfp_stage3,1,256,0.0625,512,32,64,3,label0,145,self_cross_cosine,0.3506630487887253,0.040492240582124944,145,0
svd_multidepth,3417,16,"[2, 3]",selected,test,cfp_stage3,1,256,0.0625,512,32,64,3,label0,145,energy_identity_relative_error,6.608068266919905e-17,5.281543485614426e-17,145,0
svd_multidepth,3417,16,"[2, 3]",selected,test,cfp_stage3,1,256,0.0625,512,32,64,3,label0,145,channel_energy_retained,0.5491204225647571,0.015745295086124163,145,0
svd_multidepth,3417,16,"[2, 3]",selected,test,cfp_stage3,1,256,0.0625,512,32,64,3,label1,145,self_relative,0.360812700102458,0.015935946597749093,145,0
svd_multidepth,3417,16,"[2, 3]",selected,test,cfp_stage3,1,256,0.0625,512,32,64,3,label1,145,cross_relative,0.2675472981634694,0.013938413912404775,145,0
svd_multidepth,3417,16,"[2, 3]",selected,test,cfp_stage3,1,256,0.0625,512,32,64,3,label1,145,total_relative,0.5198905639700888,0.01459913422243489,145,0
svd_multidepth,3417,16,"[2, 3]",selected,test,cfp_stage3,1,256,0.0625,512,32,64,3,label1,145,self_cross_cosine,0.35477331582737537,0.04048746039083826,145,0
svd_multidepth,3417,16,"[2, 3]",selected,test,cfp_stage3,1,256,0.0625,512,32,64,3,label1,145,energy_identity_relative_error,6.06188752558404e-17,4.410114455207791e-17,145,0
svd_multidepth,3417,16,"[2, 3]",selected,test,cfp_stage3,1,256,0.0625,512,32,64,3,label1,145,channel_energy_retained,0.5478472302215842,0.016220605528536765,145,0
svd_multidepth,3417,16,"[2, 3]",selected,test,oct_stage3,1,256,0.0625,512,32,64,3,all,290,self_relative,1.8181678392703808,0.07725995350388647,290,0
svd_multidepth,3417,16,"[2, 3]",selected,test,oct_stage3,1,256,0.0625,512,32,64,3,all,290,cross_relative,2.718276709756799,0.1722992335897329,290,0
svd_multidepth,3417,16,"[2, 3]",selected,test,oct_stage3,1,256,0.0625,512,32,64,3,all,290,total_relative,3.576978236021205,0.13706164420313208,290,0
svd_multidepth,3417,16,"[2, 3]",selected,test,oct_stage3,1,256,0.0625,512,32,64,3,all,290,self_cross_cosine,0.21180558401197927,0.03471881101884608,290,0
svd_multidepth,3417,16,"[2, 3]",selected,test,oct_stage3,1,256,0.0625,512,32,64,3,all,290,energy_identity_relative_error,8.922730621309785e-17,6.917628287585807e-17,290,0
svd_multidepth,3417,16,"[2, 3]",selected,test,oct_stage3,1,256,0.0625,512,32,64,3,all,290,channel_energy_retained,0.4798459892589398,0.012272680334856435,290,0
svd_multidepth,3417,16,"[2, 3]",selected,test,oct_stage3,1,256,0.0625,512,32,64,3,label0,145,self_relative,1.8175782732540884,0.06593228959620842,145,0
svd_multidepth,3417,16,"[2, 3]",selected,test,oct_stage3,1,256,0.0625,512,32,64,3,label0,145,cross_relative,2.6906860761859277,0.16264336370039456,145,0
svd_multidepth,3417,16,"[2, 3]",selected,test,oct_stage3,1,256,0.0625,512,32,64,3,label0,145,total_relative,3.5535842589971396,0.1341067358746884,145,0
svd_multidepth,3417,16,"[2, 3]",selected,test,oct_stage3,1,256,0.0625,512,32,64,3,label0,145,self_cross_cosine,0.21242351352264097,0.02998992909152585,145,0
svd_multidepth,3417,16,"[2, 3]",selected,test,oct_stage3,1,256,0.0625,512,32,64,3,label0,145,energy_identity_relative_error,9.01942330516452e-17,6.578424005649696e-17,145,0
svd_multidepth,3417,16,"[2, 3]",selected,test,oct_stage3,1,256,0.0625,512,32,64,3,label0,145,channel_energy_retained,0.4799622632383023,0.01202350507813775,145,0
svd_multidepth,3417,16,"[2, 3]",selected,test,oct_stage3,1,256,0.0625,512,32,64,3,label1,145,self_relative,1.8187574052866726,0.08736066678935663,145,0
svd_multidepth,3417,16,"[2, 3]",selected,test,oct_stage3,1,256,0.0625,512,32,64,3,label1,145,cross_relative,2.7458673433276704,0.17774782416535903,145,0
svd_multidepth,3417,16,"[2, 3]",selected,test,oct_stage3,1,256,0.0625,512,32,64,3,label1,145,total_relative,3.60037221304527,0.13643852904580284,145,0
svd_multidepth,3417,16,"[2, 3]",selected,test,oct_stage3,1,256,0.0625,512,32,64,3,label1,145,self_cross_cosine,0.2111876545013176,0.03897432048919045,145,0
svd_multidepth,3417,16,"[2, 3]",selected,test,oct_stage3,1,256,0.0625,512,32,64,3,label1,145,energy_identity_relative_error,8.826037937455053e-17,7.262574446011216e-17,145,0
svd_multidepth,3417,16,"[2, 3]",selected,test,oct_stage3,1,256,0.0625,512,32,64,3,label1,145,channel_energy_retained,0.47972971527957764,0.01255752471083407,145,0
svd_multidepth,3417,16,"[2, 3, 4]",constructed_initial,train,cfp_stage2,0,128,0.125,512,32,64,3,all,1264,self_relative,0.0,0.0,1264,0
svd_multidepth,3417,16,"[2, 3, 4]",constructed_initial,train,cfp_stage2,0,128,0.125,512,32,64,3,all,1264,cross_relative,0.0,0.0,1264,0
svd_multidepth,3417,16,"[2, 3, 4]",constructed_initial,train,cfp_stage2,0,128,0.125,512,32,64,3,all,1264,total_relative,0.0,0.0,1264,0
svd_multidepth,3417,16,"[2, 3, 4]",constructed_initial,train,cfp_stage2,0,128,0.125,512,32,64,3,all,1264,self_cross_cosine,,,0,1264
svd_multidepth,3417,16,"[2, 3, 4]",constructed_initial,train,cfp_stage2,0,128,0.125,512,32,64,3,all,1264,energy_identity_relative_error,0.0,0.0,1264,0
svd_multidepth,3417,16,"[2, 3, 4]",constructed_initial,train,cfp_stage2,0,128,0.125,512,32,64,3,all,1264,channel_energy_retained,0.7015788556858544,0.02463261480690297,1264,0
svd_multidepth,3417,16,"[2, 3, 4]",constructed_initial,train,cfp_stage2,0,128,0.125,512,32,64,3,label0,632,self_relative,0.0,0.0,632,0
svd_multidepth,3417,16,"[2, 3, 4]",constructed_initial,train,cfp_stage2,0,128,0.125,512,32,64,3,label0,632,cross_relative,0.0,0.0,632,0
svd_multidepth,3417,16,"[2, 3, 4]",constructed_initial,train,cfp_stage2,0,128,0.125,512,32,64,3,label0,632,total_relative,0.0,0.0,632,0
svd_multidepth,3417,16,"[2, 3, 4]",constructed_initial,train,cfp_stage2,0,128,0.125,512,32,64,3,label0,632,self_cross_cosine,,,0,632
svd_multidepth,3417,16,"[2, 3, 4]",constructed_initial,train,cfp_stage2,0,128,0.125,512,32,64,3,label0,632,energy_identity_relative_error,0.0,0.0,632,0
svd_multidepth,3417,16,"[2, 3, 4]",constructed_initial,train,cfp_stage2,0,128,0.125,512,32,64,3,label0,632,channel_energy_retained,0.703107022380745,0.02351268389392691,632,0
svd_multidepth,3417,16,"[2, 3, 4]",constructed_initial,train,cfp_stage2,0,128,0.125,512,32,64,3,label1,632,self_relative,0.0,0.0,632,0
svd_multidepth,3417,16,"[2, 3, 4]",constructed_initial,train,cfp_stage2,0,128,0.125,512,32,64,3,label1,632,cross_relative,0.0,0.0,632,0
svd_multidepth,3417,16,"[2, 3, 4]",constructed_initial,train,cfp_stage2,0,128,0.125,512,32,64,3,label1,632,total_relative,0.0,0.0,632,0
svd_multidepth,3417,16,"[2, 3, 4]",constructed_initial,train,cfp_stage2,0,128,0.125,512,32,64,3,label1,632,self_cross_cosine,,,0,632
svd_multidepth,3417,16,"[2, 3, 4]",constructed_initial,train,cfp_stage2,0,128,0.125,512,32,64,3,label1,632,energy_identity_relative_error,0.0,0.0,632,0
svd_multidepth,3417,16,"[2, 3, 4]",constructed_initial,train,cfp_stage2,0,128,0.125,512,32,64,3,label1,632,channel_energy_retained,0.7000506889909637,0.025631401163762012,632,0
svd_multidepth,3417,16,"[2, 3, 4]",constructed_initial,train,oct_stage2,0,128,0.125,512,32,64,3,all,1264,self_relative,0.0,0.0,1264,0
svd_multidepth,3417,16,"[2, 3, 4]",constructed_initial,train,oct_stage2,0,128,0.125,512,32,64,3,all,1264,cross_relative,0.0,0.0,1264,0
svd_multidepth,3417,16,"[2, 3, 4]",constructed_initial,train,oct_stage2,0,128,0.125,512,32,64,3,all,1264,total_relative,0.0,0.0,1264,0
svd_multidepth,3417,16,"[2, 3, 4]",constructed_initial,train,oct_stage2,0,128,0.125,512,32,64,3,all,1264,self_cross_cosine,,,0,1264
svd_multidepth,3417,16,"[2, 3, 4]",constructed_initial,train,oct_stage2,0,128,0.125,512,32,64,3,all,1264,energy_identity_relative_error,0.0,0.0,1264,0
svd_multidepth,3417,16,"[2, 3, 4]",constructed_initial,train,oct_stage2,0,128,0.125,512,32,64,3,all,1264,channel_energy_retained,0.7174059148255691,0.014743334737732736,1264,0
svd_multidepth,3417,16,"[2, 3, 4]",constructed_initial,train,oct_stage2,0,128,0.125,512,32,64,3,label0,632,self_relative,0.0,0.0,632,0
svd_multidepth,3417,16,"[2, 3, 4]",constructed_initial,train,oct_stage2,0,128,0.125,512,32,64,3,label0,632,cross_relative,0.0,0.0,632,0
svd_multidepth,3417,16,"[2, 3, 4]",constructed_initial,train,oct_stage2,0,128,0.125,512,32,64,3,label0,632,total_relative,0.0,0.0,632,0
svd_multidepth,3417,16,"[2, 3, 4]",constructed_initial,train,oct_stage2,0,128,0.125,512,32,64,3,label0,632,self_cross_cosine,,,0,632
svd_multidepth,3417,16,"[2, 3, 4]",constructed_initial,train,oct_stage2,0,128,0.125,512,32,64,3,label0,632,energy_identity_relative_error,0.0,0.0,632,0
svd_multidepth,3417,16,"[2, 3, 4]",constructed_initial,train,oct_stage2,0,128,0.125,512,32,64,3,label0,632,channel_energy_retained,0.7175195144450061,0.014632566858714058,632,0
svd_multidepth,3417,16,"[2, 3, 4]",constructed_initial,train,oct_stage2,0,128,0.125,512,32,64,3,label1,632,self_relative,0.0,0.0,632,0
svd_multidepth,3417,16,"[2, 3, 4]",constructed_initial,train,oct_stage2,0,128,0.125,512,32,64,3,label1,632,cross_relative,0.0,0.0,632,0
svd_multidepth,3417,16,"[2, 3, 4]",constructed_initial,train,oct_stage2,0,128,0.125,512,32,64,3,label1,632,total_relative,0.0,0.0,632,0
svd_multidepth,3417,16,"[2, 3, 4]",constructed_initial,train,oct_stage2,0,128,0.125,512,32,64,3,label1,632,self_cross_cosine,,,0,632
svd_multidepth,3417,16,"[2, 3, 4]",constructed_initial,train,oct_stage2,0,128,0.125,512,32,64,3,label1,632,energy_identity_relative_error,0.0,0.0,632,0
svd_multidepth,3417,16,"[2, 3, 4]",constructed_initial,train,oct_stage2,0,128,0.125,512,32,64,3,label1,632,channel_energy_retained,0.717292315206132,0.014863998564683442,632,0
svd_multidepth,3417,16,"[2, 3, 4]",constructed_initial,train,cfp_stage3,1,256,0.0625,512,32,64,3,all,1264,self_relative,0.0,0.0,1264,0
svd_multidepth,3417,16,"[2, 3, 4]",constructed_initial,train,cfp_stage3,1,256,0.0625,512,32,64,3,all,1264,cross_relative,0.0,0.0,1264,0
svd_multidepth,3417,16,"[2, 3, 4]",constructed_initial,train,cfp_stage3,1,256,0.0625,512,32,64,3,all,1264,total_relative,0.0,0.0,1264,0
svd_multidepth,3417,16,"[2, 3, 4]",constructed_initial,train,cfp_stage3,1,256,0.0625,512,32,64,3,all,1264,self_cross_cosine,,,0,1264
svd_multidepth,3417,16,"[2, 3, 4]",constructed_initial,train,cfp_stage3,1,256,0.0625,512,32,64,3,all,1264,energy_identity_relative_error,0.0,0.0,1264,0
svd_multidepth,3417,16,"[2, 3, 4]",constructed_initial,train,cfp_stage3,1,256,0.0625,512,32,64,3,all,1264,channel_energy_retained,0.6449436243676225,0.02478972790678481,1264,0
svd_multidepth,3417,16,"[2, 3, 4]",constructed_initial,train,cfp_stage3,1,256,0.0625,512,32,64,3,label0,632,self_relative,0.0,0.0,632,0
svd_multidepth,3417,16,"[2, 3, 4]",constructed_initial,train,cfp_stage3,1,256,0.0625,512,32,64,3,label0,632,cross_relative,0.0,0.0,632,0
svd_multidepth,3417,16,"[2, 3, 4]",constructed_initial,train,cfp_stage3,1,256,0.0625,512,32,64,3,label0,632,total_relative,0.0,0.0,632,0
svd_multidepth,3417,16,"[2, 3, 4]",constructed_initial,train,cfp_stage3,1,256,0.0625,512,32,64,3,label0,632,self_cross_cosine,,,0,632
svd_multidepth,3417,16,"[2, 3, 4]",constructed_initial,train,cfp_stage3,1,256,0.0625,512,32,64,3,label0,632,energy_identity_relative_error,0.0,0.0,632,0
svd_multidepth,3417,16,"[2, 3, 4]",constructed_initial,train,cfp_stage3,1,256,0.0625,512,32,64,3,label0,632,channel_energy_retained,0.6476809706382151,0.023322745406900984,632,0
svd_multidepth,3417,16,"[2, 3, 4]",constructed_initial,train,cfp_stage3,1,256,0.0625,512,32,64,3,label1,632,self_relative,0.0,0.0,632,0
svd_multidepth,3417,16,"[2, 3, 4]",constructed_initial,train,cfp_stage3,1,256,0.0625,512,32,64,3,label1,632,cross_relative,0.0,0.0,632,0
svd_multidepth,3417,16,"[2, 3, 4]",constructed_initial,train,cfp_stage3,1,256,0.0625,512,32,64,3,label1,632,total_relative,0.0,0.0,632,0
svd_multidepth,3417,16,"[2, 3, 4]",constructed_initial,train,cfp_stage3,1,256,0.0625,512,32,64,3,label1,632,self_cross_cosine,,,0,632
svd_multidepth,3417,16,"[2, 3, 4]",constructed_initial,train,cfp_stage3,1,256,0.0625,512,32,64,3,label1,632,energy_identity_relative_error,0.0,0.0,632,0
svd_multidepth,3417,16,"[2, 3, 4]",constructed_initial,train,cfp_stage3,1,256,0.0625,512,32,64,3,label1,632,channel_energy_retained,0.64220627809703,0.025905111205917417,632,0
svd_multidepth,3417,16,"[2, 3, 4]",constructed_initial,train,oct_stage3,1,256,0.0625,512,32,64,3,all,1264,self_relative,0.0,0.0,1264,0
svd_multidepth,3417,16,"[2, 3, 4]",constructed_initial,train,oct_stage3,1,256,0.0625,512,32,64,3,all,1264,cross_relative,0.0,0.0,1264,0
svd_multidepth,3417,16,"[2, 3, 4]",constructed_initial,train,oct_stage3,1,256,0.0625,512,32,64,3,all,1264,total_relative,0.0,0.0,1264,0
svd_multidepth,3417,16,"[2, 3, 4]",constructed_initial,train,oct_stage3,1,256,0.0625,512,32,64,3,all,1264,self_cross_cosine,,,0,1264
svd_multidepth,3417,16,"[2, 3, 4]",constructed_initial,train,oct_stage3,1,256,0.0625,512,32,64,3,all,1264,energy_identity_relative_error,0.0,0.0,1264,0
svd_multidepth,3417,16,"[2, 3, 4]",constructed_initial,train,oct_stage3,1,256,0.0625,512,32,64,3,all,1264,channel_energy_retained,0.6446770614372039,0.025093844225919353,1264,0
svd_multidepth,3417,16,"[2, 3, 4]",constructed_initial,train,oct_stage3,1,256,0.0625,512,32,64,3,label0,632,self_relative,0.0,0.0,632,0
svd_multidepth,3417,16,"[2, 3, 4]",constructed_initial,train,oct_stage3,1,256,0.0625,512,32,64,3,label0,632,cross_relative,0.0,0.0,632,0
svd_multidepth,3417,16,"[2, 3, 4]",constructed_initial,train,oct_stage3,1,256,0.0625,512,32,64,3,label0,632,total_relative,0.0,0.0,632,0
svd_multidepth,3417,16,"[2, 3, 4]",constructed_initial,train,oct_stage3,1,256,0.0625,512,32,64,3,label0,632,self_cross_cosine,,,0,632
svd_multidepth,3417,16,"[2, 3, 4]",constructed_initial,train,oct_stage3,1,256,0.0625,512,32,64,3,label0,632,energy_identity_relative_error,0.0,0.0,632,0
svd_multidepth,3417,16,"[2, 3, 4]",constructed_initial,train,oct_stage3,1,256,0.0625,512,32,64,3,label0,632,channel_energy_retained,0.6451628017419678,0.024830935539521336,632,0
svd_multidepth,3417,16,"[2, 3, 4]",constructed_initial,train,oct_stage3,1,256,0.0625,512,32,64,3,label1,632,self_relative,0.0,0.0,632,0
svd_multidepth,3417,16,"[2, 3, 4]",constructed_initial,train,oct_stage3,1,256,0.0625,512,32,64,3,label1,632,cross_relative,0.0,0.0,632,0
svd_multidepth,3417,16,"[2, 3, 4]",constructed_initial,train,oct_stage3,1,256,0.0625,512,32,64,3,label1,632,total_relative,0.0,0.0,632,0
svd_multidepth,3417,16,"[2, 3, 4]",constructed_initial,train,oct_stage3,1,256,0.0625,512,32,64,3,label1,632,self_cross_cosine,,,0,632
svd_multidepth,3417,16,"[2, 3, 4]",constructed_initial,train,oct_stage3,1,256,0.0625,512,32,64,3,label1,632,energy_identity_relative_error,0.0,0.0,632,0
svd_multidepth,3417,16,"[2, 3, 4]",constructed_initial,train,oct_stage3,1,256,0.0625,512,32,64,3,label1,632,channel_energy_retained,0.6441913211324402,0.025364384135340826,632,0
svd_multidepth,3417,16,"[2, 3, 4]",constructed_initial,train,cfp_stage4,2,512,0.03125,512,32,64,3,all,1264,self_relative,0.0,0.0,1264,0
svd_multidepth,3417,16,"[2, 3, 4]",constructed_initial,train,cfp_stage4,2,512,0.03125,512,32,64,3,all,1264,cross_relative,0.0,0.0,1264,0
svd_multidepth,3417,16,"[2, 3, 4]",constructed_initial,train,cfp_stage4,2,512,0.03125,512,32,64,3,all,1264,total_relative,0.0,0.0,1264,0
svd_multidepth,3417,16,"[2, 3, 4]",constructed_initial,train,cfp_stage4,2,512,0.03125,512,32,64,3,all,1264,self_cross_cosine,,,0,1264
svd_multidepth,3417,16,"[2, 3, 4]",constructed_initial,train,cfp_stage4,2,512,0.03125,512,32,64,3,all,1264,energy_identity_relative_error,0.0,0.0,1264,0
svd_multidepth,3417,16,"[2, 3, 4]",constructed_initial,train,cfp_stage4,2,512,0.03125,512,32,64,3,all,1264,channel_energy_retained,0.6399174109842508,0.04385055604822216,1264,0
svd_multidepth,3417,16,"[2, 3, 4]",constructed_initial,train,cfp_stage4,2,512,0.03125,512,32,64,3,label0,632,self_relative,0.0,0.0,632,0
svd_multidepth,3417,16,"[2, 3, 4]",constructed_initial,train,cfp_stage4,2,512,0.03125,512,32,64,3,label0,632,cross_relative,0.0,0.0,632,0
svd_multidepth,3417,16,"[2, 3, 4]",constructed_initial,train,cfp_stage4,2,512,0.03125,512,32,64,3,label0,632,total_relative,0.0,0.0,632,0
svd_multidepth,3417,16,"[2, 3, 4]",constructed_initial,train,cfp_stage4,2,512,0.03125,512,32,64,3,label0,632,self_cross_cosine,,,0,632
svd_multidepth,3417,16,"[2, 3, 4]",constructed_initial,train,cfp_stage4,2,512,0.03125,512,32,64,3,label0,632,energy_identity_relative_error,0.0,0.0,632,0
svd_multidepth,3417,16,"[2, 3, 4]",constructed_initial,train,cfp_stage4,2,512,0.03125,512,32,64,3,label0,632,channel_energy_retained,0.6361277072026986,0.03785393681343782,632,0
svd_multidepth,3417,16,"[2, 3, 4]",constructed_initial,train,cfp_stage4,2,512,0.03125,512,32,64,3,label1,632,self_relative,0.0,0.0,632,0
svd_multidepth,3417,16,"[2, 3, 4]",constructed_initial,train,cfp_stage4,2,512,0.03125,512,32,64,3,label1,632,cross_relative,0.0,0.0,632,0
svd_multidepth,3417,16,"[2, 3, 4]",constructed_initial,train,cfp_stage4,2,512,0.03125,512,32,64,3,label1,632,total_relative,0.0,0.0,632,0
svd_multidepth,3417,16,"[2, 3, 4]",constructed_initial,train,cfp_stage4,2,512,0.03125,512,32,64,3,label1,632,self_cross_cosine,,,0,632
svd_multidepth,3417,16,"[2, 3, 4]",constructed_initial,train,cfp_stage4,2,512,0.03125,512,32,64,3,label1,632,energy_identity_relative_error,0.0,0.0,632,0
svd_multidepth,3417,16,"[2, 3, 4]",constructed_initial,train,cfp_stage4,2,512,0.03125,512,32,64,3,label1,632,channel_energy_retained,0.6437071147658024,0.04885795849529996,632,0
svd_multidepth,3417,16,"[2, 3, 4]",constructed_initial,train,oct_stage4,2,512,0.03125,512,32,64,3,all,1264,self_relative,0.0,0.0,1264,0
svd_multidepth,3417,16,"[2, 3, 4]",constructed_initial,train,oct_stage4,2,512,0.03125,512,32,64,3,all,1264,cross_relative,0.0,0.0,1264,0
svd_multidepth,3417,16,"[2, 3, 4]",constructed_initial,train,oct_stage4,2,512,0.03125,512,32,64,3,all,1264,total_relative,0.0,0.0,1264,0
svd_multidepth,3417,16,"[2, 3, 4]",constructed_initial,train,oct_stage4,2,512,0.03125,512,32,64,3,all,1264,self_cross_cosine,,,0,1264
svd_multidepth,3417,16,"[2, 3, 4]",constructed_initial,train,oct_stage4,2,512,0.03125,512,32,64,3,all,1264,energy_identity_relative_error,0.0,0.0,1264,0
svd_multidepth,3417,16,"[2, 3, 4]",constructed_initial,train,oct_stage4,2,512,0.03125,512,32,64,3,all,1264,channel_energy_retained,0.7323729378736258,0.05566026933655712,1264,0
svd_multidepth,3417,16,"[2, 3, 4]",constructed_initial,train,oct_stage4,2,512,0.03125,512,32,64,3,label0,632,self_relative,0.0,0.0,632,0
svd_multidepth,3417,16,"[2, 3, 4]",constructed_initial,train,oct_stage4,2,512,0.03125,512,32,64,3,label0,632,cross_relative,0.0,0.0,632,0
svd_multidepth,3417,16,"[2, 3, 4]",constructed_initial,train,oct_stage4,2,512,0.03125,512,32,64,3,label0,632,total_relative,0.0,0.0,632,0
svd_multidepth,3417,16,"[2, 3, 4]",constructed_initial,train,oct_stage4,2,512,0.03125,512,32,64,3,label0,632,self_cross_cosine,,,0,632
svd_multidepth,3417,16,"[2, 3, 4]",constructed_initial,train,oct_stage4,2,512,0.03125,512,32,64,3,label0,632,energy_identity_relative_error,0.0,0.0,632,0
svd_multidepth,3417,16,"[2, 3, 4]",constructed_initial,train,oct_stage4,2,512,0.03125,512,32,64,3,label0,632,channel_energy_retained,0.7282034945064115,0.05622887139748562,632,0
svd_multidepth,3417,16,"[2, 3, 4]",constructed_initial,train,oct_stage4,2,512,0.03125,512,32,64,3,label1,632,self_relative,0.0,0.0,632,0
svd_multidepth,3417,16,"[2, 3, 4]",constructed_initial,train,oct_stage4,2,512,0.03125,512,32,64,3,label1,632,cross_relative,0.0,0.0,632,0
svd_multidepth,3417,16,"[2, 3, 4]",constructed_initial,train,oct_stage4,2,512,0.03125,512,32,64,3,label1,632,total_relative,0.0,0.0,632,0
svd_multidepth,3417,16,"[2, 3, 4]",constructed_initial,train,oct_stage4,2,512,0.03125,512,32,64,3,label1,632,self_cross_cosine,,,0,632
svd_multidepth,3417,16,"[2, 3, 4]",constructed_initial,train,oct_stage4,2,512,0.03125,512,32,64,3,label1,632,energy_identity_relative_error,0.0,0.0,632,0
svd_multidepth,3417,16,"[2, 3, 4]",constructed_initial,train,oct_stage4,2,512,0.03125,512,32,64,3,label1,632,channel_energy_retained,0.7365423812408397,0.054813605437765305,632,0
svd_multidepth,3417,16,"[2, 3, 4]",constructed_initial,validation,cfp_stage2,0,128,0.125,512,32,64,3,all,296,self_relative,0.0,0.0,296,0
svd_multidepth,3417,16,"[2, 3, 4]",constructed_initial,validation,cfp_stage2,0,128,0.125,512,32,64,3,all,296,cross_relative,0.0,0.0,296,0
svd_multidepth,3417,16,"[2, 3, 4]",constructed_initial,validation,cfp_stage2,0,128,0.125,512,32,64,3,all,296,total_relative,0.0,0.0,296,0
svd_multidepth,3417,16,"[2, 3, 4]",constructed_initial,validation,cfp_stage2,0,128,0.125,512,32,64,3,all,296,self_cross_cosine,,,0,296
svd_multidepth,3417,16,"[2, 3, 4]",constructed_initial,validation,cfp_stage2,0,128,0.125,512,32,64,3,all,296,energy_identity_relative_error,0.0,0.0,296,0
svd_multidepth,3417,16,"[2, 3, 4]",constructed_initial,validation,cfp_stage2,0,128,0.125,512,32,64,3,all,296,channel_energy_retained,0.7011424305350085,0.024175394309909472,296,0
svd_multidepth,3417,16,"[2, 3, 4]",constructed_initial,validation,cfp_stage2,0,128,0.125,512,32,64,3,label0,148,self_relative,0.0,0.0,148,0
svd_multidepth,3417,16,"[2, 3, 4]",constructed_initial,validation,cfp_stage2,0,128,0.125,512,32,64,3,label0,148,cross_relative,0.0,0.0,148,0
svd_multidepth,3417,16,"[2, 3, 4]",constructed_initial,validation,cfp_stage2,0,128,0.125,512,32,64,3,label0,148,total_relative,0.0,0.0,148,0
svd_multidepth,3417,16,"[2, 3, 4]",constructed_initial,validation,cfp_stage2,0,128,0.125,512,32,64,3,label0,148,self_cross_cosine,,,0,148
svd_multidepth,3417,16,"[2, 3, 4]",constructed_initial,validation,cfp_stage2,0,128,0.125,512,32,64,3,label0,148,energy_identity_relative_error,0.0,0.0,148,0
svd_multidepth,3417,16,"[2, 3, 4]",constructed_initial,validation,cfp_stage2,0,128,0.125,512,32,64,3,label0,148,channel_energy_retained,0.7017692389972339,0.022958784378181555,148,0
svd_multidepth,3417,16,"[2, 3, 4]",constructed_initial,validation,cfp_stage2,0,128,0.125,512,32,64,3,label1,148,self_relative,0.0,0.0,148,0
svd_multidepth,3417,16,"[2, 3, 4]",constructed_initial,validation,cfp_stage2,0,128,0.125,512,32,64,3,label1,148,cross_relative,0.0,0.0,148,0
svd_multidepth,3417,16,"[2, 3, 4]",constructed_initial,validation,cfp_stage2,0,128,0.125,512,32,64,3,label1,148,total_relative,0.0,0.0,148,0
svd_multidepth,3417,16,"[2, 3, 4]",constructed_initial,validation,cfp_stage2,0,128,0.125,512,32,64,3,label1,148,self_cross_cosine,,,0,148
svd_multidepth,3417,16,"[2, 3, 4]",constructed_initial,validation,cfp_stage2,0,128,0.125,512,32,64,3,label1,148,energy_identity_relative_error,0.0,0.0,148,0
svd_multidepth,3417,16,"[2, 3, 4]",constructed_initial,validation,cfp_stage2,0,128,0.125,512,32,64,3,label1,148,channel_energy_retained,0.700515622072783,0.025396423469932965,148,0
svd_multidepth,3417,16,"[2, 3, 4]",constructed_initial,validation,oct_stage2,0,128,0.125,512,32,64,3,all,296,self_relative,0.0,0.0,296,0
svd_multidepth,3417,16,"[2, 3, 4]",constructed_initial,validation,oct_stage2,0,128,0.125,512,32,64,3,all,296,cross_relative,0.0,0.0,296,0
svd_multidepth,3417,16,"[2, 3, 4]",constructed_initial,validation,oct_stage2,0,128,0.125,512,32,64,3,all,296,total_relative,0.0,0.0,296,0
svd_multidepth,3417,16,"[2, 3, 4]",constructed_initial,validation,oct_stage2,0,128,0.125,512,32,64,3,all,296,self_cross_cosine,,,0,296
svd_multidepth,3417,16,"[2, 3, 4]",constructed_initial,validation,oct_stage2,0,128,0.125,512,32,64,3,all,296,energy_identity_relative_error,0.0,0.0,296,0
svd_multidepth,3417,16,"[2, 3, 4]",constructed_initial,validation,oct_stage2,0,128,0.125,512,32,64,3,all,296,channel_energy_retained,0.7173615819278784,0.014187521566826402,296,0
svd_multidepth,3417,16,"[2, 3, 4]",constructed_initial,validation,oct_stage2,0,128,0.125,512,32,64,3,label0,148,self_relative,0.0,0.0,148,0
svd_multidepth,3417,16,"[2, 3, 4]",constructed_initial,validation,oct_stage2,0,128,0.125,512,32,64,3,label0,148,cross_relative,0.0,0.0,148,0
svd_multidepth,3417,16,"[2, 3, 4]",constructed_initial,validation,oct_stage2,0,128,0.125,512,32,64,3,label0,148,total_relative,0.0,0.0,148,0
svd_multidepth,3417,16,"[2, 3, 4]",constructed_initial,validation,oct_stage2,0,128,0.125,512,32,64,3,label0,148,self_cross_cosine,,,0,148
svd_multidepth,3417,16,"[2, 3, 4]",constructed_initial,validation,oct_stage2,0,128,0.125,512,32,64,3,label0,148,energy_identity_relative_error,0.0,0.0,148,0
svd_multidepth,3417,16,"[2, 3, 4]",constructed_initial,validation,oct_stage2,0,128,0.125,512,32,64,3,label0,148,channel_energy_retained,0.7165639294024213,0.01279402656686108,148,0
svd_multidepth,3417,16,"[2, 3, 4]",constructed_initial,validation,oct_stage2,0,128,0.125,512,32,64,3,label1,148,self_relative,0.0,0.0,148,0
svd_multidepth,3417,16,"[2, 3, 4]",constructed_initial,validation,oct_stage2,0,128,0.125,512,32,64,3,label1,148,cross_relative,0.0,0.0,148,0
svd_multidepth,3417,16,"[2, 3, 4]",constructed_initial,validation,oct_stage2,0,128,0.125,512,32,64,3,label1,148,total_relative,0.0,0.0,148,0
svd_multidepth,3417,16,"[2, 3, 4]",constructed_initial,validation,oct_stage2,0,128,0.125,512,32,64,3,label1,148,self_cross_cosine,,,0,148
svd_multidepth,3417,16,"[2, 3, 4]",constructed_initial,validation,oct_stage2,0,128,0.125,512,32,64,3,label1,148,energy_identity_relative_error,0.0,0.0,148,0
svd_multidepth,3417,16,"[2, 3, 4]",constructed_initial,validation,oct_stage2,0,128,0.125,512,32,64,3,label1,148,channel_energy_retained,0.7181592344533352,0.015458737206068305,148,0
svd_multidepth,3417,16,"[2, 3, 4]",constructed_initial,validation,cfp_stage3,1,256,0.0625,512,32,64,3,all,296,self_relative,0.0,0.0,296,0
svd_multidepth,3417,16,"[2, 3, 4]",constructed_initial,validation,cfp_stage3,1,256,0.0625,512,32,64,3,all,296,cross_relative,0.0,0.0,296,0
svd_multidepth,3417,16,"[2, 3, 4]",constructed_initial,validation,cfp_stage3,1,256,0.0625,512,32,64,3,all,296,total_relative,0.0,0.0,296,0
svd_multidepth,3417,16,"[2, 3, 4]",constructed_initial,validation,cfp_stage3,1,256,0.0625,512,32,64,3,all,296,self_cross_cosine,,,0,296
svd_multidepth,3417,16,"[2, 3, 4]",constructed_initial,validation,cfp_stage3,1,256,0.0625,512,32,64,3,all,296,energy_identity_relative_error,0.0,0.0,296,0
svd_multidepth,3417,16,"[2, 3, 4]",constructed_initial,validation,cfp_stage3,1,256,0.0625,512,32,64,3,all,296,channel_energy_retained,0.6443353567891319,0.024215508112809304,296,0
svd_multidepth,3417,16,"[2, 3, 4]",constructed_initial,validation,cfp_stage3,1,256,0.0625,512,32,64,3,label0,148,self_relative,0.0,0.0,148,0
svd_multidepth,3417,16,"[2, 3, 4]",constructed_initial,validation,cfp_stage3,1,256,0.0625,512,32,64,3,label0,148,cross_relative,0.0,0.0,148,0
svd_multidepth,3417,16,"[2, 3, 4]",constructed_initial,validation,cfp_stage3,1,256,0.0625,512,32,64,3,label0,148,total_relative,0.0,0.0,148,0
svd_multidepth,3417,16,"[2, 3, 4]",constructed_initial,validation,cfp_stage3,1,256,0.0625,512,32,64,3,label0,148,self_cross_cosine,,,0,148
svd_multidepth,3417,16,"[2, 3, 4]",constructed_initial,validation,cfp_stage3,1,256,0.0625,512,32,64,3,label0,148,energy_identity_relative_error,0.0,0.0,148,0
svd_multidepth,3417,16,"[2, 3, 4]",constructed_initial,validation,cfp_stage3,1,256,0.0625,512,32,64,3,label0,148,channel_energy_retained,0.6461519927346866,0.02367802302124657,148,0
svd_multidepth,3417,16,"[2, 3, 4]",constructed_initial,validation,cfp_stage3,1,256,0.0625,512,32,64,3,label1,148,self_relative,0.0,0.0,148,0
svd_multidepth,3417,16,"[2, 3, 4]",constructed_initial,validation,cfp_stage3,1,256,0.0625,512,32,64,3,label1,148,cross_relative,0.0,0.0,148,0
svd_multidepth,3417,16,"[2, 3, 4]",constructed_initial,validation,cfp_stage3,1,256,0.0625,512,32,64,3,label1,148,total_relative,0.0,0.0,148,0
svd_multidepth,3417,16,"[2, 3, 4]",constructed_initial,validation,cfp_stage3,1,256,0.0625,512,32,64,3,label1,148,self_cross_cosine,,,0,148
svd_multidepth,3417,16,"[2, 3, 4]",constructed_initial,validation,cfp_stage3,1,256,0.0625,512,32,64,3,label1,148,energy_identity_relative_error,0.0,0.0,148,0
svd_multidepth,3417,16,"[2, 3, 4]",constructed_initial,validation,cfp_stage3,1,256,0.0625,512,32,64,3,label1,148,channel_energy_retained,0.6425187208435774,0.024687582159411713,148,0
svd_multidepth,3417,16,"[2, 3, 4]",constructed_initial,validation,oct_stage3,1,256,0.0625,512,32,64,3,all,296,self_relative,0.0,0.0,296,0
svd_multidepth,3417,16,"[2, 3, 4]",constructed_initial,validation,oct_stage3,1,256,0.0625,512,32,64,3,all,296,cross_relative,0.0,0.0,296,0
svd_multidepth,3417,16,"[2, 3, 4]",constructed_initial,validation,oct_stage3,1,256,0.0625,512,32,64,3,all,296,total_relative,0.0,0.0,296,0
svd_multidepth,3417,16,"[2, 3, 4]",constructed_initial,validation,oct_stage3,1,256,0.0625,512,32,64,3,all,296,self_cross_cosine,,,0,296
svd_multidepth,3417,16,"[2, 3, 4]",constructed_initial,validation,oct_stage3,1,256,0.0625,512,32,64,3,all,296,energy_identity_relative_error,0.0,0.0,296,0
svd_multidepth,3417,16,"[2, 3, 4]",constructed_initial,validation,oct_stage3,1,256,0.0625,512,32,64,3,all,296,channel_energy_retained,0.6461936945265561,0.02391792645180032,296,0
svd_multidepth,3417,16,"[2, 3, 4]",constructed_initial,validation,oct_stage3,1,256,0.0625,512,32,64,3,label0,148,self_relative,0.0,0.0,148,0
svd_multidepth,3417,16,"[2, 3, 4]",constructed_initial,validation,oct_stage3,1,256,0.0625,512,32,64,3,label0,148,cross_relative,0.0,0.0,148,0
svd_multidepth,3417,16,"[2, 3, 4]",constructed_initial,validation,oct_stage3,1,256,0.0625,512,32,64,3,label0,148,total_relative,0.0,0.0,148,0
svd_multidepth,3417,16,"[2, 3, 4]",constructed_initial,validation,oct_stage3,1,256,0.0625,512,32,64,3,label0,148,self_cross_cosine,,,0,148
svd_multidepth,3417,16,"[2, 3, 4]",constructed_initial,validation,oct_stage3,1,256,0.0625,512,32,64,3,label0,148,energy_identity_relative_error,0.0,0.0,148,0
svd_multidepth,3417,16,"[2, 3, 4]",constructed_initial,validation,oct_stage3,1,256,0.0625,512,32,64,3,label0,148,channel_energy_retained,0.6447546095707327,0.021978952002095157,148,0
svd_multidepth,3417,16,"[2, 3, 4]",constructed_initial,validation,oct_stage3,1,256,0.0625,512,32,64,3,label1,148,self_relative,0.0,0.0,148,0
svd_multidepth,3417,16,"[2, 3, 4]",constructed_initial,validation,oct_stage3,1,256,0.0625,512,32,64,3,label1,148,cross_relative,0.0,0.0,148,0
svd_multidepth,3417,16,"[2, 3, 4]",constructed_initial,validation,oct_stage3,1,256,0.0625,512,32,64,3,label1,148,total_relative,0.0,0.0,148,0
svd_multidepth,3417,16,"[2, 3, 4]",constructed_initial,validation,oct_stage3,1,256,0.0625,512,32,64,3,label1,148,self_cross_cosine,,,0,148
svd_multidepth,3417,16,"[2, 3, 4]",constructed_initial,validation,oct_stage3,1,256,0.0625,512,32,64,3,label1,148,energy_identity_relative_error,0.0,0.0,148,0
svd_multidepth,3417,16,"[2, 3, 4]",constructed_initial,validation,oct_stage3,1,256,0.0625,512,32,64,3,label1,148,channel_energy_retained,0.6476327794823792,0.02570567226548601,148,0
svd_multidepth,3417,16,"[2, 3, 4]",constructed_initial,validation,cfp_stage4,2,512,0.03125,512,32,64,3,all,296,self_relative,0.0,0.0,296,0
svd_multidepth,3417,16,"[2, 3, 4]",constructed_initial,validation,cfp_stage4,2,512,0.03125,512,32,64,3,all,296,cross_relative,0.0,0.0,296,0
svd_multidepth,3417,16,"[2, 3, 4]",constructed_initial,validation,cfp_stage4,2,512,0.03125,512,32,64,3,all,296,total_relative,0.0,0.0,296,0
svd_multidepth,3417,16,"[2, 3, 4]",constructed_initial,validation,cfp_stage4,2,512,0.03125,512,32,64,3,all,296,self_cross_cosine,,,0,296
svd_multidepth,3417,16,"[2, 3, 4]",constructed_initial,validation,cfp_stage4,2,512,0.03125,512,32,64,3,all,296,energy_identity_relative_error,0.0,0.0,296,0
svd_multidepth,3417,16,"[2, 3, 4]",constructed_initial,validation,cfp_stage4,2,512,0.03125,512,32,64,3,all,296,channel_energy_retained,0.5896586784250542,0.04853809170483812,296,0
svd_multidepth,3417,16,"[2, 3, 4]",constructed_initial,validation,cfp_stage4,2,512,0.03125,512,32,64,3,label0,148,self_relative,0.0,0.0,148,0
svd_multidepth,3417,16,"[2, 3, 4]",constructed_initial,validation,cfp_stage4,2,512,0.03125,512,32,64,3,label0,148,cross_relative,0.0,0.0,148,0
svd_multidepth,3417,16,"[2, 3, 4]",constructed_initial,validation,cfp_stage4,2,512,0.03125,512,32,64,3,label0,148,total_relative,0.0,0.0,148,0
svd_multidepth,3417,16,"[2, 3, 4]",constructed_initial,validation,cfp_stage4,2,512,0.03125,512,32,64,3,label0,148,self_cross_cosine,,,0,148
svd_multidepth,3417,16,"[2, 3, 4]",constructed_initial,validation,cfp_stage4,2,512,0.03125,512,32,64,3,label0,148,energy_identity_relative_error,0.0,0.0,148,0
svd_multidepth,3417,16,"[2, 3, 4]",constructed_initial,validation,cfp_stage4,2,512,0.03125,512,32,64,3,label0,148,channel_energy_retained,0.5846857542576469,0.045794029744780015,148,0
svd_multidepth,3417,16,"[2, 3, 4]",constructed_initial,validation,cfp_stage4,2,512,0.03125,512,32,64,3,label1,148,self_relative,0.0,0.0,148,0
svd_multidepth,3417,16,"[2, 3, 4]",constructed_initial,validation,cfp_stage4,2,512,0.03125,512,32,64,3,label1,148,cross_relative,0.0,0.0,148,0
svd_multidepth,3417,16,"[2, 3, 4]",constructed_initial,validation,cfp_stage4,2,512,0.03125,512,32,64,3,label1,148,total_relative,0.0,0.0,148,0
svd_multidepth,3417,16,"[2, 3, 4]",constructed_initial,validation,cfp_stage4,2,512,0.03125,512,32,64,3,label1,148,self_cross_cosine,,,0,148
svd_multidepth,3417,16,"[2, 3, 4]",constructed_initial,validation,cfp_stage4,2,512,0.03125,512,32,64,3,label1,148,energy_identity_relative_error,0.0,0.0,148,0
svd_multidepth,3417,16,"[2, 3, 4]",constructed_initial,validation,cfp_stage4,2,512,0.03125,512,32,64,3,label1,148,channel_energy_retained,0.5946316025924613,0.05080383810826738,148,0
svd_multidepth,3417,16,"[2, 3, 4]",constructed_initial,validation,oct_stage4,2,512,0.03125,512,32,64,3,all,296,self_relative,0.0,0.0,296,0
svd_multidepth,3417,16,"[2, 3, 4]",constructed_initial,validation,oct_stage4,2,512,0.03125,512,32,64,3,all,296,cross_relative,0.0,0.0,296,0
svd_multidepth,3417,16,"[2, 3, 4]",constructed_initial,validation,oct_stage4,2,512,0.03125,512,32,64,3,all,296,total_relative,0.0,0.0,296,0
svd_multidepth,3417,16,"[2, 3, 4]",constructed_initial,validation,oct_stage4,2,512,0.03125,512,32,64,3,all,296,self_cross_cosine,,,0,296
svd_multidepth,3417,16,"[2, 3, 4]",constructed_initial,validation,oct_stage4,2,512,0.03125,512,32,64,3,all,296,energy_identity_relative_error,0.0,0.0,296,0
svd_multidepth,3417,16,"[2, 3, 4]",constructed_initial,validation,oct_stage4,2,512,0.03125,512,32,64,3,all,296,channel_energy_retained,0.6645029412603826,0.07147860603032741,296,0
svd_multidepth,3417,16,"[2, 3, 4]",constructed_initial,validation,oct_stage4,2,512,0.03125,512,32,64,3,label0,148,self_relative,0.0,0.0,148,0
svd_multidepth,3417,16,"[2, 3, 4]",constructed_initial,validation,oct_stage4,2,512,0.03125,512,32,64,3,label0,148,cross_relative,0.0,0.0,148,0
svd_multidepth,3417,16,"[2, 3, 4]",constructed_initial,validation,oct_stage4,2,512,0.03125,512,32,64,3,label0,148,total_relative,0.0,0.0,148,0
svd_multidepth,3417,16,"[2, 3, 4]",constructed_initial,validation,oct_stage4,2,512,0.03125,512,32,64,3,label0,148,self_cross_cosine,,,0,148
svd_multidepth,3417,16,"[2, 3, 4]",constructed_initial,validation,oct_stage4,2,512,0.03125,512,32,64,3,label0,148,energy_identity_relative_error,0.0,0.0,148,0
svd_multidepth,3417,16,"[2, 3, 4]",constructed_initial,validation,oct_stage4,2,512,0.03125,512,32,64,3,label0,148,channel_energy_retained,0.658749703357549,0.06690990122566616,148,0
svd_multidepth,3417,16,"[2, 3, 4]",constructed_initial,validation,oct_stage4,2,512,0.03125,512,32,64,3,label1,148,self_relative,0.0,0.0,148,0
svd_multidepth,3417,16,"[2, 3, 4]",constructed_initial,validation,oct_stage4,2,512,0.03125,512,32,64,3,label1,148,cross_relative,0.0,0.0,148,0
svd_multidepth,3417,16,"[2, 3, 4]",constructed_initial,validation,oct_stage4,2,512,0.03125,512,32,64,3,label1,148,total_relative,0.0,0.0,148,0
svd_multidepth,3417,16,"[2, 3, 4]",constructed_initial,validation,oct_stage4,2,512,0.03125,512,32,64,3,label1,148,self_cross_cosine,,,0,148
svd_multidepth,3417,16,"[2, 3, 4]",constructed_initial,validation,oct_stage4,2,512,0.03125,512,32,64,3,label1,148,energy_identity_relative_error,0.0,0.0,148,0
svd_multidepth,3417,16,"[2, 3, 4]",constructed_initial,validation,oct_stage4,2,512,0.03125,512,32,64,3,label1,148,channel_energy_retained,0.6702561791632161,0.0755615903141777,148,0
svd_multidepth,3417,16,"[2, 3, 4]",constructed_initial,test,cfp_stage2,0,128,0.125,512,32,64,3,all,290,self_relative,0.0,0.0,290,0
svd_multidepth,3417,16,"[2, 3, 4]",constructed_initial,test,cfp_stage2,0,128,0.125,512,32,64,3,all,290,cross_relative,0.0,0.0,290,0
svd_multidepth,3417,16,"[2, 3, 4]",constructed_initial,test,cfp_stage2,0,128,0.125,512,32,64,3,all,290,total_relative,0.0,0.0,290,0
svd_multidepth,3417,16,"[2, 3, 4]",constructed_initial,test,cfp_stage2,0,128,0.125,512,32,64,3,all,290,self_cross_cosine,,,0,290
svd_multidepth,3417,16,"[2, 3, 4]",constructed_initial,test,cfp_stage2,0,128,0.125,512,32,64,3,all,290,energy_identity_relative_error,0.0,0.0,290,0
svd_multidepth,3417,16,"[2, 3, 4]",constructed_initial,test,cfp_stage2,0,128,0.125,512,32,64,3,all,290,channel_energy_retained,0.7007446577608466,0.023509484252485325,290,0
svd_multidepth,3417,16,"[2, 3, 4]",constructed_initial,test,cfp_stage2,0,128,0.125,512,32,64,3,label0,145,self_relative,0.0,0.0,145,0
svd_multidepth,3417,16,"[2, 3, 4]",constructed_initial,test,cfp_stage2,0,128,0.125,512,32,64,3,label0,145,cross_relative,0.0,0.0,145,0
svd_multidepth,3417,16,"[2, 3, 4]",constructed_initial,test,cfp_stage2,0,128,0.125,512,32,64,3,label0,145,total_relative,0.0,0.0,145,0
svd_multidepth,3417,16,"[2, 3, 4]",constructed_initial,test,cfp_stage2,0,128,0.125,512,32,64,3,label0,145,self_cross_cosine,,,0,145
svd_multidepth,3417,16,"[2, 3, 4]",constructed_initial,test,cfp_stage2,0,128,0.125,512,32,64,3,label0,145,energy_identity_relative_error,0.0,0.0,145,0
svd_multidepth,3417,16,"[2, 3, 4]",constructed_initial,test,cfp_stage2,0,128,0.125,512,32,64,3,label0,145,channel_energy_retained,0.6995854127825619,0.023455501515785168,145,0
svd_multidepth,3417,16,"[2, 3, 4]",constructed_initial,test,cfp_stage2,0,128,0.125,512,32,64,3,label1,145,self_relative,0.0,0.0,145,0
svd_multidepth,3417,16,"[2, 3, 4]",constructed_initial,test,cfp_stage2,0,128,0.125,512,32,64,3,label1,145,cross_relative,0.0,0.0,145,0
svd_multidepth,3417,16,"[2, 3, 4]",constructed_initial,test,cfp_stage2,0,128,0.125,512,32,64,3,label1,145,total_relative,0.0,0.0,145,0
svd_multidepth,3417,16,"[2, 3, 4]",constructed_initial,test,cfp_stage2,0,128,0.125,512,32,64,3,label1,145,self_cross_cosine,,,0,145
svd_multidepth,3417,16,"[2, 3, 4]",constructed_initial,test,cfp_stage2,0,128,0.125,512,32,64,3,label1,145,energy_identity_relative_error,0.0,0.0,145,0
svd_multidepth,3417,16,"[2, 3, 4]",constructed_initial,test,cfp_stage2,0,128,0.125,512,32,64,3,label1,145,channel_energy_retained,0.7019039027391311,0.023587347275505127,145,0
svd_multidepth,3417,16,"[2, 3, 4]",constructed_initial,test,oct_stage2,0,128,0.125,512,32,64,3,all,290,self_relative,0.0,0.0,290,0
svd_multidepth,3417,16,"[2, 3, 4]",constructed_initial,test,oct_stage2,0,128,0.125,512,32,64,3,all,290,cross_relative,0.0,0.0,290,0
svd_multidepth,3417,16,"[2, 3, 4]",constructed_initial,test,oct_stage2,0,128,0.125,512,32,64,3,all,290,total_relative,0.0,0.0,290,0
svd_multidepth,3417,16,"[2, 3, 4]",constructed_initial,test,oct_stage2,0,128,0.125,512,32,64,3,all,290,self_cross_cosine,,,0,290
svd_multidepth,3417,16,"[2, 3, 4]",constructed_initial,test,oct_stage2,0,128,0.125,512,32,64,3,all,290,energy_identity_relative_error,0.0,0.0,290,0
svd_multidepth,3417,16,"[2, 3, 4]",constructed_initial,test,oct_stage2,0,128,0.125,512,32,64,3,all,290,channel_energy_retained,0.7156495450376762,0.016776233708666502,290,0
svd_multidepth,3417,16,"[2, 3, 4]",constructed_initial,test,oct_stage2,0,128,0.125,512,32,64,3,label0,145,self_relative,0.0,0.0,145,0
svd_multidepth,3417,16,"[2, 3, 4]",constructed_initial,test,oct_stage2,0,128,0.125,512,32,64,3,label0,145,cross_relative,0.0,0.0,145,0
svd_multidepth,3417,16,"[2, 3, 4]",constructed_initial,test,oct_stage2,0,128,0.125,512,32,64,3,label0,145,total_relative,0.0,0.0,145,0
svd_multidepth,3417,16,"[2, 3, 4]",constructed_initial,test,oct_stage2,0,128,0.125,512,32,64,3,label0,145,self_cross_cosine,,,0,145
svd_multidepth,3417,16,"[2, 3, 4]",constructed_initial,test,oct_stage2,0,128,0.125,512,32,64,3,label0,145,energy_identity_relative_error,0.0,0.0,145,0
svd_multidepth,3417,16,"[2, 3, 4]",constructed_initial,test,oct_stage2,0,128,0.125,512,32,64,3,label0,145,channel_energy_retained,0.7159089351958862,0.017779994426763437,145,0
svd_multidepth,3417,16,"[2, 3, 4]",constructed_initial,test,oct_stage2,0,128,0.125,512,32,64,3,label1,145,self_relative,0.0,0.0,145,0
svd_multidepth,3417,16,"[2, 3, 4]",constructed_initial,test,oct_stage2,0,128,0.125,512,32,64,3,label1,145,cross_relative,0.0,0.0,145,0
svd_multidepth,3417,16,"[2, 3, 4]",constructed_initial,test,oct_stage2,0,128,0.125,512,32,64,3,label1,145,total_relative,0.0,0.0,145,0
svd_multidepth,3417,16,"[2, 3, 4]",constructed_initial,test,oct_stage2,0,128,0.125,512,32,64,3,label1,145,self_cross_cosine,,,0,145
svd_multidepth,3417,16,"[2, 3, 4]",constructed_initial,test,oct_stage2,0,128,0.125,512,32,64,3,label1,145,energy_identity_relative_error,0.0,0.0,145,0
svd_multidepth,3417,16,"[2, 3, 4]",constructed_initial,test,oct_stage2,0,128,0.125,512,32,64,3,label1,145,channel_energy_retained,0.7153901548794659,0.015766254803762623,145,0
svd_multidepth,3417,16,"[2, 3, 4]",constructed_initial,test,cfp_stage3,1,256,0.0625,512,32,64,3,all,290,self_relative,0.0,0.0,290,0
svd_multidepth,3417,16,"[2, 3, 4]",constructed_initial,test,cfp_stage3,1,256,0.0625,512,32,64,3,all,290,cross_relative,0.0,0.0,290,0
svd_multidepth,3417,16,"[2, 3, 4]",constructed_initial,test,cfp_stage3,1,256,0.0625,512,32,64,3,all,290,total_relative,0.0,0.0,290,0
svd_multidepth,3417,16,"[2, 3, 4]",constructed_initial,test,cfp_stage3,1,256,0.0625,512,32,64,3,all,290,self_cross_cosine,,,0,290
svd_multidepth,3417,16,"[2, 3, 4]",constructed_initial,test,cfp_stage3,1,256,0.0625,512,32,64,3,all,290,energy_identity_relative_error,0.0,0.0,290,0
svd_multidepth,3417,16,"[2, 3, 4]",constructed_initial,test,cfp_stage3,1,256,0.0625,512,32,64,3,all,290,channel_energy_retained,0.6439480556576206,0.02487919229163442,290,0
svd_multidepth,3417,16,"[2, 3, 4]",constructed_initial,test,cfp_stage3,1,256,0.0625,512,32,64,3,label0,145,self_relative,0.0,0.0,145,0
svd_multidepth,3417,16,"[2, 3, 4]",constructed_initial,test,cfp_stage3,1,256,0.0625,512,32,64,3,label0,145,cross_relative,0.0,0.0,145,0
svd_multidepth,3417,16,"[2, 3, 4]",constructed_initial,test,cfp_stage3,1,256,0.0625,512,32,64,3,label0,145,total_relative,0.0,0.0,145,0
svd_multidepth,3417,16,"[2, 3, 4]",constructed_initial,test,cfp_stage3,1,256,0.0625,512,32,64,3,label0,145,self_cross_cosine,,,0,145
svd_multidepth,3417,16,"[2, 3, 4]",constructed_initial,test,cfp_stage3,1,256,0.0625,512,32,64,3,label0,145,energy_identity_relative_error,0.0,0.0,145,0
svd_multidepth,3417,16,"[2, 3, 4]",constructed_initial,test,cfp_stage3,1,256,0.0625,512,32,64,3,label0,145,channel_energy_retained,0.6434354112977432,0.024854991850471506,145,0
svd_multidepth,3417,16,"[2, 3, 4]",constructed_initial,test,cfp_stage3,1,256,0.0625,512,32,64,3,label1,145,self_relative,0.0,0.0,145,0
svd_multidepth,3417,16,"[2, 3, 4]",constructed_initial,test,cfp_stage3,1,256,0.0625,512,32,64,3,label1,145,cross_relative,0.0,0.0,145,0
svd_multidepth,3417,16,"[2, 3, 4]",constructed_initial,test,cfp_stage3,1,256,0.0625,512,32,64,3,label1,145,total_relative,0.0,0.0,145,0
svd_multidepth,3417,16,"[2, 3, 4]",constructed_initial,test,cfp_stage3,1,256,0.0625,512,32,64,3,label1,145,self_cross_cosine,,,0,145
svd_multidepth,3417,16,"[2, 3, 4]",constructed_initial,test,cfp_stage3,1,256,0.0625,512,32,64,3,label1,145,energy_identity_relative_error,0.0,0.0,145,0
svd_multidepth,3417,16,"[2, 3, 4]",constructed_initial,test,cfp_stage3,1,256,0.0625,512,32,64,3,label1,145,channel_energy_retained,0.6444607000174976,0.02497893055659268,145,0
svd_multidepth,3417,16,"[2, 3, 4]",constructed_initial,test,oct_stage3,1,256,0.0625,512,32,64,3,all,290,self_relative,0.0,0.0,290,0
svd_multidepth,3417,16,"[2, 3, 4]",constructed_initial,test,oct_stage3,1,256,0.0625,512,32,64,3,all,290,cross_relative,0.0,0.0,290,0
svd_multidepth,3417,16,"[2, 3, 4]",constructed_initial,test,oct_stage3,1,256,0.0625,512,32,64,3,all,290,total_relative,0.0,0.0,290,0
svd_multidepth,3417,16,"[2, 3, 4]",constructed_initial,test,oct_stage3,1,256,0.0625,512,32,64,3,all,290,self_cross_cosine,,,0,290
svd_multidepth,3417,16,"[2, 3, 4]",constructed_initial,test,oct_stage3,1,256,0.0625,512,32,64,3,all,290,energy_identity_relative_error,0.0,0.0,290,0
svd_multidepth,3417,16,"[2, 3, 4]",constructed_initial,test,oct_stage3,1,256,0.0625,512,32,64,3,all,290,channel_energy_retained,0.6439708713157075,0.028674488660270298,290,0
svd_multidepth,3417,16,"[2, 3, 4]",constructed_initial,test,oct_stage3,1,256,0.0625,512,32,64,3,label0,145,self_relative,0.0,0.0,145,0
svd_multidepth,3417,16,"[2, 3, 4]",constructed_initial,test,oct_stage3,1,256,0.0625,512,32,64,3,label0,145,cross_relative,0.0,0.0,145,0
svd_multidepth,3417,16,"[2, 3, 4]",constructed_initial,test,oct_stage3,1,256,0.0625,512,32,64,3,label0,145,total_relative,0.0,0.0,145,0
svd_multidepth,3417,16,"[2, 3, 4]",constructed_initial,test,oct_stage3,1,256,0.0625,512,32,64,3,label0,145,self_cross_cosine,,,0,145
svd_multidepth,3417,16,"[2, 3, 4]",constructed_initial,test,oct_stage3,1,256,0.0625,512,32,64,3,label0,145,energy_identity_relative_error,0.0,0.0,145,0
svd_multidepth,3417,16,"[2, 3, 4]",constructed_initial,test,oct_stage3,1,256,0.0625,512,32,64,3,label0,145,channel_energy_retained,0.6450456536666894,0.029795511910849257,145,0
svd_multidepth,3417,16,"[2, 3, 4]",constructed_initial,test,oct_stage3,1,256,0.0625,512,32,64,3,label1,145,self_relative,0.0,0.0,145,0
svd_multidepth,3417,16,"[2, 3, 4]",constructed_initial,test,oct_stage3,1,256,0.0625,512,32,64,3,label1,145,cross_relative,0.0,0.0,145,0
svd_multidepth,3417,16,"[2, 3, 4]",constructed_initial,test,oct_stage3,1,256,0.0625,512,32,64,3,label1,145,total_relative,0.0,0.0,145,0
svd_multidepth,3417,16,"[2, 3, 4]",constructed_initial,test,oct_stage3,1,256,0.0625,512,32,64,3,label1,145,self_cross_cosine,,,0,145
svd_multidepth,3417,16,"[2, 3, 4]",constructed_initial,test,oct_stage3,1,256,0.0625,512,32,64,3,label1,145,energy_identity_relative_error,0.0,0.0,145,0
svd_multidepth,3417,16,"[2, 3, 4]",constructed_initial,test,oct_stage3,1,256,0.0625,512,32,64,3,label1,145,channel_energy_retained,0.6428960889647256,0.027569251288973605,145,0
svd_multidepth,3417,16,"[2, 3, 4]",constructed_initial,test,cfp_stage4,2,512,0.03125,512,32,64,3,all,290,self_relative,0.0,0.0,290,0
svd_multidepth,3417,16,"[2, 3, 4]",constructed_initial,test,cfp_stage4,2,512,0.03125,512,32,64,3,all,290,cross_relative,0.0,0.0,290,0
svd_multidepth,3417,16,"[2, 3, 4]",constructed_initial,test,cfp_stage4,2,512,0.03125,512,32,64,3,all,290,total_relative,0.0,0.0,290,0
svd_multidepth,3417,16,"[2, 3, 4]",constructed_initial,test,cfp_stage4,2,512,0.03125,512,32,64,3,all,290,self_cross_cosine,,,0,290
svd_multidepth,3417,16,"[2, 3, 4]",constructed_initial,test,cfp_stage4,2,512,0.03125,512,32,64,3,all,290,energy_identity_relative_error,0.0,0.0,290,0
svd_multidepth,3417,16,"[2, 3, 4]",constructed_initial,test,cfp_stage4,2,512,0.03125,512,32,64,3,all,290,channel_energy_retained,0.586685373143747,0.047762206138046874,290,0
svd_multidepth,3417,16,"[2, 3, 4]",constructed_initial,test,cfp_stage4,2,512,0.03125,512,32,64,3,label0,145,self_relative,0.0,0.0,145,0
svd_multidepth,3417,16,"[2, 3, 4]",constructed_initial,test,cfp_stage4,2,512,0.03125,512,32,64,3,label0,145,cross_relative,0.0,0.0,145,0
svd_multidepth,3417,16,"[2, 3, 4]",constructed_initial,test,cfp_stage4,2,512,0.03125,512,32,64,3,label0,145,total_relative,0.0,0.0,145,0
svd_multidepth,3417,16,"[2, 3, 4]",constructed_initial,test,cfp_stage4,2,512,0.03125,512,32,64,3,label0,145,self_cross_cosine,,,0,145
svd_multidepth,3417,16,"[2, 3, 4]",constructed_initial,test,cfp_stage4,2,512,0.03125,512,32,64,3,label0,145,energy_identity_relative_error,0.0,0.0,145,0
svd_multidepth,3417,16,"[2, 3, 4]",constructed_initial,test,cfp_stage4,2,512,0.03125,512,32,64,3,label0,145,channel_energy_retained,0.5832727994004131,0.04397089986090461,145,0
svd_multidepth,3417,16,"[2, 3, 4]",constructed_initial,test,cfp_stage4,2,512,0.03125,512,32,64,3,label1,145,self_relative,0.0,0.0,145,0
svd_multidepth,3417,16,"[2, 3, 4]",constructed_initial,test,cfp_stage4,2,512,0.03125,512,32,64,3,label1,145,cross_relative,0.0,0.0,145,0
svd_multidepth,3417,16,"[2, 3, 4]",constructed_initial,test,cfp_stage4,2,512,0.03125,512,32,64,3,label1,145,total_relative,0.0,0.0,145,0
svd_multidepth,3417,16,"[2, 3, 4]",constructed_initial,test,cfp_stage4,2,512,0.03125,512,32,64,3,label1,145,self_cross_cosine,,,0,145
svd_multidepth,3417,16,"[2, 3, 4]",constructed_initial,test,cfp_stage4,2,512,0.03125,512,32,64,3,label1,145,energy_identity_relative_error,0.0,0.0,145,0
svd_multidepth,3417,16,"[2, 3, 4]",constructed_initial,test,cfp_stage4,2,512,0.03125,512,32,64,3,label1,145,channel_energy_retained,0.5900979468870807,0.0511996624483859,145,0
svd_multidepth,3417,16,"[2, 3, 4]",constructed_initial,test,oct_stage4,2,512,0.03125,512,32,64,3,all,290,self_relative,0.0,0.0,290,0
svd_multidepth,3417,16,"[2, 3, 4]",constructed_initial,test,oct_stage4,2,512,0.03125,512,32,64,3,all,290,cross_relative,0.0,0.0,290,0
svd_multidepth,3417,16,"[2, 3, 4]",constructed_initial,test,oct_stage4,2,512,0.03125,512,32,64,3,all,290,total_relative,0.0,0.0,290,0
svd_multidepth,3417,16,"[2, 3, 4]",constructed_initial,test,oct_stage4,2,512,0.03125,512,32,64,3,all,290,self_cross_cosine,,,0,290
svd_multidepth,3417,16,"[2, 3, 4]",constructed_initial,test,oct_stage4,2,512,0.03125,512,32,64,3,all,290,energy_identity_relative_error,0.0,0.0,290,0
svd_multidepth,3417,16,"[2, 3, 4]",constructed_initial,test,oct_stage4,2,512,0.03125,512,32,64,3,all,290,channel_energy_retained,0.6660189070815477,0.0724770865937316,290,0
svd_multidepth,3417,16,"[2, 3, 4]",constructed_initial,test,oct_stage4,2,512,0.03125,512,32,64,3,label0,145,self_relative,0.0,0.0,145,0
svd_multidepth,3417,16,"[2, 3, 4]",constructed_initial,test,oct_stage4,2,512,0.03125,512,32,64,3,label0,145,cross_relative,0.0,0.0,145,0
svd_multidepth,3417,16,"[2, 3, 4]",constructed_initial,test,oct_stage4,2,512,0.03125,512,32,64,3,label0,145,total_relative,0.0,0.0,145,0
svd_multidepth,3417,16,"[2, 3, 4]",constructed_initial,test,oct_stage4,2,512,0.03125,512,32,64,3,label0,145,self_cross_cosine,,,0,145
svd_multidepth,3417,16,"[2, 3, 4]",constructed_initial,test,oct_stage4,2,512,0.03125,512,32,64,3,label0,145,energy_identity_relative_error,0.0,0.0,145,0
svd_multidepth,3417,16,"[2, 3, 4]",constructed_initial,test,oct_stage4,2,512,0.03125,512,32,64,3,label0,145,channel_energy_retained,0.66698091078623,0.06632083533598927,145,0
svd_multidepth,3417,16,"[2, 3, 4]",constructed_initial,test,oct_stage4,2,512,0.03125,512,32,64,3,label1,145,self_relative,0.0,0.0,145,0
svd_multidepth,3417,16,"[2, 3, 4]",constructed_initial,test,oct_stage4,2,512,0.03125,512,32,64,3,label1,145,cross_relative,0.0,0.0,145,0
svd_multidepth,3417,16,"[2, 3, 4]",constructed_initial,test,oct_stage4,2,512,0.03125,512,32,64,3,label1,145,total_relative,0.0,0.0,145,0
svd_multidepth,3417,16,"[2, 3, 4]",constructed_initial,test,oct_stage4,2,512,0.03125,512,32,64,3,label1,145,self_cross_cosine,,,0,145
svd_multidepth,3417,16,"[2, 3, 4]",constructed_initial,test,oct_stage4,2,512,0.03125,512,32,64,3,label1,145,energy_identity_relative_error,0.0,0.0,145,0
svd_multidepth,3417,16,"[2, 3, 4]",constructed_initial,test,oct_stage4,2,512,0.03125,512,32,64,3,label1,145,channel_energy_retained,0.6650569033768654,0.07837102700650211,145,0
svd_multidepth,3417,16,"[2, 3, 4]",selected,train,cfp_stage2,0,128,0.125,512,32,64,3,all,1264,self_relative,0.0,0.0,1264,0
svd_multidepth,3417,16,"[2, 3, 4]",selected,train,cfp_stage2,0,128,0.125,512,32,64,3,all,1264,cross_relative,0.0,0.0,1264,0
svd_multidepth,3417,16,"[2, 3, 4]",selected,train,cfp_stage2,0,128,0.125,512,32,64,3,all,1264,total_relative,0.0,0.0,1264,0
svd_multidepth,3417,16,"[2, 3, 4]",selected,train,cfp_stage2,0,128,0.125,512,32,64,3,all,1264,self_cross_cosine,,,0,1264
svd_multidepth,3417,16,"[2, 3, 4]",selected,train,cfp_stage2,0,128,0.125,512,32,64,3,all,1264,energy_identity_relative_error,0.0,0.0,1264,0
svd_multidepth,3417,16,"[2, 3, 4]",selected,train,cfp_stage2,0,128,0.125,512,32,64,3,all,1264,channel_energy_retained,0.7015788556858544,0.02463261480690297,1264,0
svd_multidepth,3417,16,"[2, 3, 4]",selected,train,cfp_stage2,0,128,0.125,512,32,64,3,label0,632,self_relative,0.0,0.0,632,0
svd_multidepth,3417,16,"[2, 3, 4]",selected,train,cfp_stage2,0,128,0.125,512,32,64,3,label0,632,cross_relative,0.0,0.0,632,0
svd_multidepth,3417,16,"[2, 3, 4]",selected,train,cfp_stage2,0,128,0.125,512,32,64,3,label0,632,total_relative,0.0,0.0,632,0
svd_multidepth,3417,16,"[2, 3, 4]",selected,train,cfp_stage2,0,128,0.125,512,32,64,3,label0,632,self_cross_cosine,,,0,632
svd_multidepth,3417,16,"[2, 3, 4]",selected,train,cfp_stage2,0,128,0.125,512,32,64,3,label0,632,energy_identity_relative_error,0.0,0.0,632,0
svd_multidepth,3417,16,"[2, 3, 4]",selected,train,cfp_stage2,0,128,0.125,512,32,64,3,label0,632,channel_energy_retained,0.703107022380745,0.02351268389392691,632,0
svd_multidepth,3417,16,"[2, 3, 4]",selected,train,cfp_stage2,0,128,0.125,512,32,64,3,label1,632,self_relative,0.0,0.0,632,0
svd_multidepth,3417,16,"[2, 3, 4]",selected,train,cfp_stage2,0,128,0.125,512,32,64,3,label1,632,cross_relative,0.0,0.0,632,0
svd_multidepth,3417,16,"[2, 3, 4]",selected,train,cfp_stage2,0,128,0.125,512,32,64,3,label1,632,total_relative,0.0,0.0,632,0
svd_multidepth,3417,16,"[2, 3, 4]",selected,train,cfp_stage2,0,128,0.125,512,32,64,3,label1,632,self_cross_cosine,,,0,632
svd_multidepth,3417,16,"[2, 3, 4]",selected,train,cfp_stage2,0,128,0.125,512,32,64,3,label1,632,energy_identity_relative_error,0.0,0.0,632,0
svd_multidepth,3417,16,"[2, 3, 4]",selected,train,cfp_stage2,0,128,0.125,512,32,64,3,label1,632,channel_energy_retained,0.7000506889909637,0.025631401163762012,632,0
svd_multidepth,3417,16,"[2, 3, 4]",selected,train,oct_stage2,0,128,0.125,512,32,64,3,all,1264,self_relative,0.0,0.0,1264,0
svd_multidepth,3417,16,"[2, 3, 4]",selected,train,oct_stage2,0,128,0.125,512,32,64,3,all,1264,cross_relative,0.0,0.0,1264,0
svd_multidepth,3417,16,"[2, 3, 4]",selected,train,oct_stage2,0,128,0.125,512,32,64,3,all,1264,total_relative,0.0,0.0,1264,0
svd_multidepth,3417,16,"[2, 3, 4]",selected,train,oct_stage2,0,128,0.125,512,32,64,3,all,1264,self_cross_cosine,,,0,1264
svd_multidepth,3417,16,"[2, 3, 4]",selected,train,oct_stage2,0,128,0.125,512,32,64,3,all,1264,energy_identity_relative_error,0.0,0.0,1264,0
svd_multidepth,3417,16,"[2, 3, 4]",selected,train,oct_stage2,0,128,0.125,512,32,64,3,all,1264,channel_energy_retained,0.7174059148255691,0.014743334737732736,1264,0
svd_multidepth,3417,16,"[2, 3, 4]",selected,train,oct_stage2,0,128,0.125,512,32,64,3,label0,632,self_relative,0.0,0.0,632,0
svd_multidepth,3417,16,"[2, 3, 4]",selected,train,oct_stage2,0,128,0.125,512,32,64,3,label0,632,cross_relative,0.0,0.0,632,0
svd_multidepth,3417,16,"[2, 3, 4]",selected,train,oct_stage2,0,128,0.125,512,32,64,3,label0,632,total_relative,0.0,0.0,632,0
svd_multidepth,3417,16,"[2, 3, 4]",selected,train,oct_stage2,0,128,0.125,512,32,64,3,label0,632,self_cross_cosine,,,0,632
svd_multidepth,3417,16,"[2, 3, 4]",selected,train,oct_stage2,0,128,0.125,512,32,64,3,label0,632,energy_identity_relative_error,0.0,0.0,632,0
svd_multidepth,3417,16,"[2, 3, 4]",selected,train,oct_stage2,0,128,0.125,512,32,64,3,label0,632,channel_energy_retained,0.7175195144450061,0.014632566858714058,632,0
svd_multidepth,3417,16,"[2, 3, 4]",selected,train,oct_stage2,0,128,0.125,512,32,64,3,label1,632,self_relative,0.0,0.0,632,0
svd_multidepth,3417,16,"[2, 3, 4]",selected,train,oct_stage2,0,128,0.125,512,32,64,3,label1,632,cross_relative,0.0,0.0,632,0
svd_multidepth,3417,16,"[2, 3, 4]",selected,train,oct_stage2,0,128,0.125,512,32,64,3,label1,632,total_relative,0.0,0.0,632,0
svd_multidepth,3417,16,"[2, 3, 4]",selected,train,oct_stage2,0,128,0.125,512,32,64,3,label1,632,self_cross_cosine,,,0,632
svd_multidepth,3417,16,"[2, 3, 4]",selected,train,oct_stage2,0,128,0.125,512,32,64,3,label1,632,energy_identity_relative_error,0.0,0.0,632,0
svd_multidepth,3417,16,"[2, 3, 4]",selected,train,oct_stage2,0,128,0.125,512,32,64,3,label1,632,channel_energy_retained,0.717292315206132,0.014863998564683442,632,0
svd_multidepth,3417,16,"[2, 3, 4]",selected,train,cfp_stage3,1,256,0.0625,512,32,64,3,all,1264,self_relative,0.0,0.0,1264,0
svd_multidepth,3417,16,"[2, 3, 4]",selected,train,cfp_stage3,1,256,0.0625,512,32,64,3,all,1264,cross_relative,0.0,0.0,1264,0
svd_multidepth,3417,16,"[2, 3, 4]",selected,train,cfp_stage3,1,256,0.0625,512,32,64,3,all,1264,total_relative,0.0,0.0,1264,0
svd_multidepth,3417,16,"[2, 3, 4]",selected,train,cfp_stage3,1,256,0.0625,512,32,64,3,all,1264,self_cross_cosine,,,0,1264
svd_multidepth,3417,16,"[2, 3, 4]",selected,train,cfp_stage3,1,256,0.0625,512,32,64,3,all,1264,energy_identity_relative_error,0.0,0.0,1264,0
svd_multidepth,3417,16,"[2, 3, 4]",selected,train,cfp_stage3,1,256,0.0625,512,32,64,3,all,1264,channel_energy_retained,0.6449436243676225,0.02478972790678481,1264,0
svd_multidepth,3417,16,"[2, 3, 4]",selected,train,cfp_stage3,1,256,0.0625,512,32,64,3,label0,632,self_relative,0.0,0.0,632,0
svd_multidepth,3417,16,"[2, 3, 4]",selected,train,cfp_stage3,1,256,0.0625,512,32,64,3,label0,632,cross_relative,0.0,0.0,632,0
svd_multidepth,3417,16,"[2, 3, 4]",selected,train,cfp_stage3,1,256,0.0625,512,32,64,3,label0,632,total_relative,0.0,0.0,632,0
svd_multidepth,3417,16,"[2, 3, 4]",selected,train,cfp_stage3,1,256,0.0625,512,32,64,3,label0,632,self_cross_cosine,,,0,632
svd_multidepth,3417,16,"[2, 3, 4]",selected,train,cfp_stage3,1,256,0.0625,512,32,64,3,label0,632,energy_identity_relative_error,0.0,0.0,632,0
svd_multidepth,3417,16,"[2, 3, 4]",selected,train,cfp_stage3,1,256,0.0625,512,32,64,3,label0,632,channel_energy_retained,0.6476809706382151,0.023322745406900984,632,0
svd_multidepth,3417,16,"[2, 3, 4]",selected,train,cfp_stage3,1,256,0.0625,512,32,64,3,label1,632,self_relative,0.0,0.0,632,0
svd_multidepth,3417,16,"[2, 3, 4]",selected,train,cfp_stage3,1,256,0.0625,512,32,64,3,label1,632,cross_relative,0.0,0.0,632,0
svd_multidepth,3417,16,"[2, 3, 4]",selected,train,cfp_stage3,1,256,0.0625,512,32,64,3,label1,632,total_relative,0.0,0.0,632,0
svd_multidepth,3417,16,"[2, 3, 4]",selected,train,cfp_stage3,1,256,0.0625,512,32,64,3,label1,632,self_cross_cosine,,,0,632
svd_multidepth,3417,16,"[2, 3, 4]",selected,train,cfp_stage3,1,256,0.0625,512,32,64,3,label1,632,energy_identity_relative_error,0.0,0.0,632,0
svd_multidepth,3417,16,"[2, 3, 4]",selected,train,cfp_stage3,1,256,0.0625,512,32,64,3,label1,632,channel_energy_retained,0.64220627809703,0.025905111205917417,632,0
svd_multidepth,3417,16,"[2, 3, 4]",selected,train,oct_stage3,1,256,0.0625,512,32,64,3,all,1264,self_relative,0.0,0.0,1264,0
svd_multidepth,3417,16,"[2, 3, 4]",selected,train,oct_stage3,1,256,0.0625,512,32,64,3,all,1264,cross_relative,0.0,0.0,1264,0
svd_multidepth,3417,16,"[2, 3, 4]",selected,train,oct_stage3,1,256,0.0625,512,32,64,3,all,1264,total_relative,0.0,0.0,1264,0
svd_multidepth,3417,16,"[2, 3, 4]",selected,train,oct_stage3,1,256,0.0625,512,32,64,3,all,1264,self_cross_cosine,,,0,1264
svd_multidepth,3417,16,"[2, 3, 4]",selected,train,oct_stage3,1,256,0.0625,512,32,64,3,all,1264,energy_identity_relative_error,0.0,0.0,1264,0
svd_multidepth,3417,16,"[2, 3, 4]",selected,train,oct_stage3,1,256,0.0625,512,32,64,3,all,1264,channel_energy_retained,0.6446770614372039,0.025093844225919353,1264,0
svd_multidepth,3417,16,"[2, 3, 4]",selected,train,oct_stage3,1,256,0.0625,512,32,64,3,label0,632,self_relative,0.0,0.0,632,0
svd_multidepth,3417,16,"[2, 3, 4]",selected,train,oct_stage3,1,256,0.0625,512,32,64,3,label0,632,cross_relative,0.0,0.0,632,0
svd_multidepth,3417,16,"[2, 3, 4]",selected,train,oct_stage3,1,256,0.0625,512,32,64,3,label0,632,total_relative,0.0,0.0,632,0
svd_multidepth,3417,16,"[2, 3, 4]",selected,train,oct_stage3,1,256,0.0625,512,32,64,3,label0,632,self_cross_cosine,,,0,632
svd_multidepth,3417,16,"[2, 3, 4]",selected,train,oct_stage3,1,256,0.0625,512,32,64,3,label0,632,energy_identity_relative_error,0.0,0.0,632,0
svd_multidepth,3417,16,"[2, 3, 4]",selected,train,oct_stage3,1,256,0.0625,512,32,64,3,label0,632,channel_energy_retained,0.6451628017419678,0.024830935539521336,632,0
svd_multidepth,3417,16,"[2, 3, 4]",selected,train,oct_stage3,1,256,0.0625,512,32,64,3,label1,632,self_relative,0.0,0.0,632,0
svd_multidepth,3417,16,"[2, 3, 4]",selected,train,oct_stage3,1,256,0.0625,512,32,64,3,label1,632,cross_relative,0.0,0.0,632,0
svd_multidepth,3417,16,"[2, 3, 4]",selected,train,oct_stage3,1,256,0.0625,512,32,64,3,label1,632,total_relative,0.0,0.0,632,0
svd_multidepth,3417,16,"[2, 3, 4]",selected,train,oct_stage3,1,256,0.0625,512,32,64,3,label1,632,self_cross_cosine,,,0,632
svd_multidepth,3417,16,"[2, 3, 4]",selected,train,oct_stage3,1,256,0.0625,512,32,64,3,label1,632,energy_identity_relative_error,0.0,0.0,632,0
svd_multidepth,3417,16,"[2, 3, 4]",selected,train,oct_stage3,1,256,0.0625,512,32,64,3,label1,632,channel_energy_retained,0.6441913211324402,0.025364384135340826,632,0
svd_multidepth,3417,16,"[2, 3, 4]",selected,train,cfp_stage4,2,512,0.03125,512,32,64,3,all,1264,self_relative,0.0,0.0,1264,0
svd_multidepth,3417,16,"[2, 3, 4]",selected,train,cfp_stage4,2,512,0.03125,512,32,64,3,all,1264,cross_relative,0.0,0.0,1264,0
svd_multidepth,3417,16,"[2, 3, 4]",selected,train,cfp_stage4,2,512,0.03125,512,32,64,3,all,1264,total_relative,0.0,0.0,1264,0
svd_multidepth,3417,16,"[2, 3, 4]",selected,train,cfp_stage4,2,512,0.03125,512,32,64,3,all,1264,self_cross_cosine,,,0,1264
svd_multidepth,3417,16,"[2, 3, 4]",selected,train,cfp_stage4,2,512,0.03125,512,32,64,3,all,1264,energy_identity_relative_error,0.0,0.0,1264,0
svd_multidepth,3417,16,"[2, 3, 4]",selected,train,cfp_stage4,2,512,0.03125,512,32,64,3,all,1264,channel_energy_retained,0.6399174109842508,0.04385055604822216,1264,0
svd_multidepth,3417,16,"[2, 3, 4]",selected,train,cfp_stage4,2,512,0.03125,512,32,64,3,label0,632,self_relative,0.0,0.0,632,0
svd_multidepth,3417,16,"[2, 3, 4]",selected,train,cfp_stage4,2,512,0.03125,512,32,64,3,label0,632,cross_relative,0.0,0.0,632,0
svd_multidepth,3417,16,"[2, 3, 4]",selected,train,cfp_stage4,2,512,0.03125,512,32,64,3,label0,632,total_relative,0.0,0.0,632,0
svd_multidepth,3417,16,"[2, 3, 4]",selected,train,cfp_stage4,2,512,0.03125,512,32,64,3,label0,632,self_cross_cosine,,,0,632
svd_multidepth,3417,16,"[2, 3, 4]",selected,train,cfp_stage4,2,512,0.03125,512,32,64,3,label0,632,energy_identity_relative_error,0.0,0.0,632,0
svd_multidepth,3417,16,"[2, 3, 4]",selected,train,cfp_stage4,2,512,0.03125,512,32,64,3,label0,632,channel_energy_retained,0.6361277072026986,0.03785393681343782,632,0
svd_multidepth,3417,16,"[2, 3, 4]",selected,train,cfp_stage4,2,512,0.03125,512,32,64,3,label1,632,self_relative,0.0,0.0,632,0
svd_multidepth,3417,16,"[2, 3, 4]",selected,train,cfp_stage4,2,512,0.03125,512,32,64,3,label1,632,cross_relative,0.0,0.0,632,0
svd_multidepth,3417,16,"[2, 3, 4]",selected,train,cfp_stage4,2,512,0.03125,512,32,64,3,label1,632,total_relative,0.0,0.0,632,0
svd_multidepth,3417,16,"[2, 3, 4]",selected,train,cfp_stage4,2,512,0.03125,512,32,64,3,label1,632,self_cross_cosine,,,0,632
svd_multidepth,3417,16,"[2, 3, 4]",selected,train,cfp_stage4,2,512,0.03125,512,32,64,3,label1,632,energy_identity_relative_error,0.0,0.0,632,0
svd_multidepth,3417,16,"[2, 3, 4]",selected,train,cfp_stage4,2,512,0.03125,512,32,64,3,label1,632,channel_energy_retained,0.6437071147658024,0.04885795849529996,632,0
svd_multidepth,3417,16,"[2, 3, 4]",selected,train,oct_stage4,2,512,0.03125,512,32,64,3,all,1264,self_relative,0.0,0.0,1264,0
svd_multidepth,3417,16,"[2, 3, 4]",selected,train,oct_stage4,2,512,0.03125,512,32,64,3,all,1264,cross_relative,0.0,0.0,1264,0
svd_multidepth,3417,16,"[2, 3, 4]",selected,train,oct_stage4,2,512,0.03125,512,32,64,3,all,1264,total_relative,0.0,0.0,1264,0
svd_multidepth,3417,16,"[2, 3, 4]",selected,train,oct_stage4,2,512,0.03125,512,32,64,3,all,1264,self_cross_cosine,,,0,1264
svd_multidepth,3417,16,"[2, 3, 4]",selected,train,oct_stage4,2,512,0.03125,512,32,64,3,all,1264,energy_identity_relative_error,0.0,0.0,1264,0
svd_multidepth,3417,16,"[2, 3, 4]",selected,train,oct_stage4,2,512,0.03125,512,32,64,3,all,1264,channel_energy_retained,0.7323729378736258,0.05566026933655712,1264,0
svd_multidepth,3417,16,"[2, 3, 4]",selected,train,oct_stage4,2,512,0.03125,512,32,64,3,label0,632,self_relative,0.0,0.0,632,0
svd_multidepth,3417,16,"[2, 3, 4]",selected,train,oct_stage4,2,512,0.03125,512,32,64,3,label0,632,cross_relative,0.0,0.0,632,0
svd_multidepth,3417,16,"[2, 3, 4]",selected,train,oct_stage4,2,512,0.03125,512,32,64,3,label0,632,total_relative,0.0,0.0,632,0
svd_multidepth,3417,16,"[2, 3, 4]",selected,train,oct_stage4,2,512,0.03125,512,32,64,3,label0,632,self_cross_cosine,,,0,632
svd_multidepth,3417,16,"[2, 3, 4]",selected,train,oct_stage4,2,512,0.03125,512,32,64,3,label0,632,energy_identity_relative_error,0.0,0.0,632,0
svd_multidepth,3417,16,"[2, 3, 4]",selected,train,oct_stage4,2,512,0.03125,512,32,64,3,label0,632,channel_energy_retained,0.7282034945064115,0.05622887139748562,632,0
svd_multidepth,3417,16,"[2, 3, 4]",selected,train,oct_stage4,2,512,0.03125,512,32,64,3,label1,632,self_relative,0.0,0.0,632,0
svd_multidepth,3417,16,"[2, 3, 4]",selected,train,oct_stage4,2,512,0.03125,512,32,64,3,label1,632,cross_relative,0.0,0.0,632,0
svd_multidepth,3417,16,"[2, 3, 4]",selected,train,oct_stage4,2,512,0.03125,512,32,64,3,label1,632,total_relative,0.0,0.0,632,0
svd_multidepth,3417,16,"[2, 3, 4]",selected,train,oct_stage4,2,512,0.03125,512,32,64,3,label1,632,self_cross_cosine,,,0,632
svd_multidepth,3417,16,"[2, 3, 4]",selected,train,oct_stage4,2,512,0.03125,512,32,64,3,label1,632,energy_identity_relative_error,0.0,0.0,632,0
svd_multidepth,3417,16,"[2, 3, 4]",selected,train,oct_stage4,2,512,0.03125,512,32,64,3,label1,632,channel_energy_retained,0.7365423812408397,0.054813605437765305,632,0
svd_multidepth,3417,16,"[2, 3, 4]",selected,validation,cfp_stage2,0,128,0.125,512,32,64,3,all,296,self_relative,0.0,0.0,296,0
svd_multidepth,3417,16,"[2, 3, 4]",selected,validation,cfp_stage2,0,128,0.125,512,32,64,3,all,296,cross_relative,0.0,0.0,296,0
svd_multidepth,3417,16,"[2, 3, 4]",selected,validation,cfp_stage2,0,128,0.125,512,32,64,3,all,296,total_relative,0.0,0.0,296,0
svd_multidepth,3417,16,"[2, 3, 4]",selected,validation,cfp_stage2,0,128,0.125,512,32,64,3,all,296,self_cross_cosine,,,0,296
svd_multidepth,3417,16,"[2, 3, 4]",selected,validation,cfp_stage2,0,128,0.125,512,32,64,3,all,296,energy_identity_relative_error,0.0,0.0,296,0
svd_multidepth,3417,16,"[2, 3, 4]",selected,validation,cfp_stage2,0,128,0.125,512,32,64,3,all,296,channel_energy_retained,0.7011424305350085,0.024175394309909472,296,0
svd_multidepth,3417,16,"[2, 3, 4]",selected,validation,cfp_stage2,0,128,0.125,512,32,64,3,label0,148,self_relative,0.0,0.0,148,0
svd_multidepth,3417,16,"[2, 3, 4]",selected,validation,cfp_stage2,0,128,0.125,512,32,64,3,label0,148,cross_relative,0.0,0.0,148,0
svd_multidepth,3417,16,"[2, 3, 4]",selected,validation,cfp_stage2,0,128,0.125,512,32,64,3,label0,148,total_relative,0.0,0.0,148,0
svd_multidepth,3417,16,"[2, 3, 4]",selected,validation,cfp_stage2,0,128,0.125,512,32,64,3,label0,148,self_cross_cosine,,,0,148
svd_multidepth,3417,16,"[2, 3, 4]",selected,validation,cfp_stage2,0,128,0.125,512,32,64,3,label0,148,energy_identity_relative_error,0.0,0.0,148,0
svd_multidepth,3417,16,"[2, 3, 4]",selected,validation,cfp_stage2,0,128,0.125,512,32,64,3,label0,148,channel_energy_retained,0.7017692389972339,0.022958784378181555,148,0
svd_multidepth,3417,16,"[2, 3, 4]",selected,validation,cfp_stage2,0,128,0.125,512,32,64,3,label1,148,self_relative,0.0,0.0,148,0
svd_multidepth,3417,16,"[2, 3, 4]",selected,validation,cfp_stage2,0,128,0.125,512,32,64,3,label1,148,cross_relative,0.0,0.0,148,0
svd_multidepth,3417,16,"[2, 3, 4]",selected,validation,cfp_stage2,0,128,0.125,512,32,64,3,label1,148,total_relative,0.0,0.0,148,0
svd_multidepth,3417,16,"[2, 3, 4]",selected,validation,cfp_stage2,0,128,0.125,512,32,64,3,label1,148,self_cross_cosine,,,0,148
svd_multidepth,3417,16,"[2, 3, 4]",selected,validation,cfp_stage2,0,128,0.125,512,32,64,3,label1,148,energy_identity_relative_error,0.0,0.0,148,0
svd_multidepth,3417,16,"[2, 3, 4]",selected,validation,cfp_stage2,0,128,0.125,512,32,64,3,label1,148,channel_energy_retained,0.700515622072783,0.025396423469932965,148,0
svd_multidepth,3417,16,"[2, 3, 4]",selected,validation,oct_stage2,0,128,0.125,512,32,64,3,all,296,self_relative,0.0,0.0,296,0
svd_multidepth,3417,16,"[2, 3, 4]",selected,validation,oct_stage2,0,128,0.125,512,32,64,3,all,296,cross_relative,0.0,0.0,296,0
svd_multidepth,3417,16,"[2, 3, 4]",selected,validation,oct_stage2,0,128,0.125,512,32,64,3,all,296,total_relative,0.0,0.0,296,0
svd_multidepth,3417,16,"[2, 3, 4]",selected,validation,oct_stage2,0,128,0.125,512,32,64,3,all,296,self_cross_cosine,,,0,296
svd_multidepth,3417,16,"[2, 3, 4]",selected,validation,oct_stage2,0,128,0.125,512,32,64,3,all,296,energy_identity_relative_error,0.0,0.0,296,0
svd_multidepth,3417,16,"[2, 3, 4]",selected,validation,oct_stage2,0,128,0.125,512,32,64,3,all,296,channel_energy_retained,0.7173615819278784,0.014187521566826402,296,0
svd_multidepth,3417,16,"[2, 3, 4]",selected,validation,oct_stage2,0,128,0.125,512,32,64,3,label0,148,self_relative,0.0,0.0,148,0
svd_multidepth,3417,16,"[2, 3, 4]",selected,validation,oct_stage2,0,128,0.125,512,32,64,3,label0,148,cross_relative,0.0,0.0,148,0
svd_multidepth,3417,16,"[2, 3, 4]",selected,validation,oct_stage2,0,128,0.125,512,32,64,3,label0,148,total_relative,0.0,0.0,148,0
svd_multidepth,3417,16,"[2, 3, 4]",selected,validation,oct_stage2,0,128,0.125,512,32,64,3,label0,148,self_cross_cosine,,,0,148
svd_multidepth,3417,16,"[2, 3, 4]",selected,validation,oct_stage2,0,128,0.125,512,32,64,3,label0,148,energy_identity_relative_error,0.0,0.0,148,0
svd_multidepth,3417,16,"[2, 3, 4]",selected,validation,oct_stage2,0,128,0.125,512,32,64,3,label0,148,channel_energy_retained,0.7165639294024213,0.01279402656686108,148,0
svd_multidepth,3417,16,"[2, 3, 4]",selected,validation,oct_stage2,0,128,0.125,512,32,64,3,label1,148,self_relative,0.0,0.0,148,0
svd_multidepth,3417,16,"[2, 3, 4]",selected,validation,oct_stage2,0,128,0.125,512,32,64,3,label1,148,cross_relative,0.0,0.0,148,0
svd_multidepth,3417,16,"[2, 3, 4]",selected,validation,oct_stage2,0,128,0.125,512,32,64,3,label1,148,total_relative,0.0,0.0,148,0
svd_multidepth,3417,16,"[2, 3, 4]",selected,validation,oct_stage2,0,128,0.125,512,32,64,3,label1,148,self_cross_cosine,,,0,148
svd_multidepth,3417,16,"[2, 3, 4]",selected,validation,oct_stage2,0,128,0.125,512,32,64,3,label1,148,energy_identity_relative_error,0.0,0.0,148,0
svd_multidepth,3417,16,"[2, 3, 4]",selected,validation,oct_stage2,0,128,0.125,512,32,64,3,label1,148,channel_energy_retained,0.7181592344533352,0.015458737206068305,148,0
svd_multidepth,3417,16,"[2, 3, 4]",selected,validation,cfp_stage3,1,256,0.0625,512,32,64,3,all,296,self_relative,0.0,0.0,296,0
svd_multidepth,3417,16,"[2, 3, 4]",selected,validation,cfp_stage3,1,256,0.0625,512,32,64,3,all,296,cross_relative,0.0,0.0,296,0
svd_multidepth,3417,16,"[2, 3, 4]",selected,validation,cfp_stage3,1,256,0.0625,512,32,64,3,all,296,total_relative,0.0,0.0,296,0
svd_multidepth,3417,16,"[2, 3, 4]",selected,validation,cfp_stage3,1,256,0.0625,512,32,64,3,all,296,self_cross_cosine,,,0,296
svd_multidepth,3417,16,"[2, 3, 4]",selected,validation,cfp_stage3,1,256,0.0625,512,32,64,3,all,296,energy_identity_relative_error,0.0,0.0,296,0
svd_multidepth,3417,16,"[2, 3, 4]",selected,validation,cfp_stage3,1,256,0.0625,512,32,64,3,all,296,channel_energy_retained,0.6443353567891319,0.024215508112809304,296,0
svd_multidepth,3417,16,"[2, 3, 4]",selected,validation,cfp_stage3,1,256,0.0625,512,32,64,3,label0,148,self_relative,0.0,0.0,148,0
svd_multidepth,3417,16,"[2, 3, 4]",selected,validation,cfp_stage3,1,256,0.0625,512,32,64,3,label0,148,cross_relative,0.0,0.0,148,0
svd_multidepth,3417,16,"[2, 3, 4]",selected,validation,cfp_stage3,1,256,0.0625,512,32,64,3,label0,148,total_relative,0.0,0.0,148,0
svd_multidepth,3417,16,"[2, 3, 4]",selected,validation,cfp_stage3,1,256,0.0625,512,32,64,3,label0,148,self_cross_cosine,,,0,148
svd_multidepth,3417,16,"[2, 3, 4]",selected,validation,cfp_stage3,1,256,0.0625,512,32,64,3,label0,148,energy_identity_relative_error,0.0,0.0,148,0
svd_multidepth,3417,16,"[2, 3, 4]",selected,validation,cfp_stage3,1,256,0.0625,512,32,64,3,label0,148,channel_energy_retained,0.6461519927346866,0.02367802302124657,148,0
svd_multidepth,3417,16,"[2, 3, 4]",selected,validation,cfp_stage3,1,256,0.0625,512,32,64,3,label1,148,self_relative,0.0,0.0,148,0
svd_multidepth,3417,16,"[2, 3, 4]",selected,validation,cfp_stage3,1,256,0.0625,512,32,64,3,label1,148,cross_relative,0.0,0.0,148,0
svd_multidepth,3417,16,"[2, 3, 4]",selected,validation,cfp_stage3,1,256,0.0625,512,32,64,3,label1,148,total_relative,0.0,0.0,148,0
svd_multidepth,3417,16,"[2, 3, 4]",selected,validation,cfp_stage3,1,256,0.0625,512,32,64,3,label1,148,self_cross_cosine,,,0,148
svd_multidepth,3417,16,"[2, 3, 4]",selected,validation,cfp_stage3,1,256,0.0625,512,32,64,3,label1,148,energy_identity_relative_error,0.0,0.0,148,0
svd_multidepth,3417,16,"[2, 3, 4]",selected,validation,cfp_stage3,1,256,0.0625,512,32,64,3,label1,148,channel_energy_retained,0.6425187208435774,0.024687582159411713,148,0
svd_multidepth,3417,16,"[2, 3, 4]",selected,validation,oct_stage3,1,256,0.0625,512,32,64,3,all,296,self_relative,0.0,0.0,296,0
svd_multidepth,3417,16,"[2, 3, 4]",selected,validation,oct_stage3,1,256,0.0625,512,32,64,3,all,296,cross_relative,0.0,0.0,296,0
svd_multidepth,3417,16,"[2, 3, 4]",selected,validation,oct_stage3,1,256,0.0625,512,32,64,3,all,296,total_relative,0.0,0.0,296,0
svd_multidepth,3417,16,"[2, 3, 4]",selected,validation,oct_stage3,1,256,0.0625,512,32,64,3,all,296,self_cross_cosine,,,0,296
svd_multidepth,3417,16,"[2, 3, 4]",selected,validation,oct_stage3,1,256,0.0625,512,32,64,3,all,296,energy_identity_relative_error,0.0,0.0,296,0
svd_multidepth,3417,16,"[2, 3, 4]",selected,validation,oct_stage3,1,256,0.0625,512,32,64,3,all,296,channel_energy_retained,0.6461936945265561,0.02391792645180032,296,0
svd_multidepth,3417,16,"[2, 3, 4]",selected,validation,oct_stage3,1,256,0.0625,512,32,64,3,label0,148,self_relative,0.0,0.0,148,0
svd_multidepth,3417,16,"[2, 3, 4]",selected,validation,oct_stage3,1,256,0.0625,512,32,64,3,label0,148,cross_relative,0.0,0.0,148,0
svd_multidepth,3417,16,"[2, 3, 4]",selected,validation,oct_stage3,1,256,0.0625,512,32,64,3,label0,148,total_relative,0.0,0.0,148,0
svd_multidepth,3417,16,"[2, 3, 4]",selected,validation,oct_stage3,1,256,0.0625,512,32,64,3,label0,148,self_cross_cosine,,,0,148
svd_multidepth,3417,16,"[2, 3, 4]",selected,validation,oct_stage3,1,256,0.0625,512,32,64,3,label0,148,energy_identity_relative_error,0.0,0.0,148,0
svd_multidepth,3417,16,"[2, 3, 4]",selected,validation,oct_stage3,1,256,0.0625,512,32,64,3,label0,148,channel_energy_retained,0.6447546095707327,0.021978952002095157,148,0
svd_multidepth,3417,16,"[2, 3, 4]",selected,validation,oct_stage3,1,256,0.0625,512,32,64,3,label1,148,self_relative,0.0,0.0,148,0
svd_multidepth,3417,16,"[2, 3, 4]",selected,validation,oct_stage3,1,256,0.0625,512,32,64,3,label1,148,cross_relative,0.0,0.0,148,0
svd_multidepth,3417,16,"[2, 3, 4]",selected,validation,oct_stage3,1,256,0.0625,512,32,64,3,label1,148,total_relative,0.0,0.0,148,0
svd_multidepth,3417,16,"[2, 3, 4]",selected,validation,oct_stage3,1,256,0.0625,512,32,64,3,label1,148,self_cross_cosine,,,0,148
svd_multidepth,3417,16,"[2, 3, 4]",selected,validation,oct_stage3,1,256,0.0625,512,32,64,3,label1,148,energy_identity_relative_error,0.0,0.0,148,0
svd_multidepth,3417,16,"[2, 3, 4]",selected,validation,oct_stage3,1,256,0.0625,512,32,64,3,label1,148,channel_energy_retained,0.6476327794823792,0.02570567226548601,148,0
svd_multidepth,3417,16,"[2, 3, 4]",selected,validation,cfp_stage4,2,512,0.03125,512,32,64,3,all,296,self_relative,0.0,0.0,296,0
svd_multidepth,3417,16,"[2, 3, 4]",selected,validation,cfp_stage4,2,512,0.03125,512,32,64,3,all,296,cross_relative,0.0,0.0,296,0
svd_multidepth,3417,16,"[2, 3, 4]",selected,validation,cfp_stage4,2,512,0.03125,512,32,64,3,all,296,total_relative,0.0,0.0,296,0
svd_multidepth,3417,16,"[2, 3, 4]",selected,validation,cfp_stage4,2,512,0.03125,512,32,64,3,all,296,self_cross_cosine,,,0,296
svd_multidepth,3417,16,"[2, 3, 4]",selected,validation,cfp_stage4,2,512,0.03125,512,32,64,3,all,296,energy_identity_relative_error,0.0,0.0,296,0
svd_multidepth,3417,16,"[2, 3, 4]",selected,validation,cfp_stage4,2,512,0.03125,512,32,64,3,all,296,channel_energy_retained,0.5896586784250542,0.04853809170483812,296,0
svd_multidepth,3417,16,"[2, 3, 4]",selected,validation,cfp_stage4,2,512,0.03125,512,32,64,3,label0,148,self_relative,0.0,0.0,148,0
svd_multidepth,3417,16,"[2, 3, 4]",selected,validation,cfp_stage4,2,512,0.03125,512,32,64,3,label0,148,cross_relative,0.0,0.0,148,0
svd_multidepth,3417,16,"[2, 3, 4]",selected,validation,cfp_stage4,2,512,0.03125,512,32,64,3,label0,148,total_relative,0.0,0.0,148,0
svd_multidepth,3417,16,"[2, 3, 4]",selected,validation,cfp_stage4,2,512,0.03125,512,32,64,3,label0,148,self_cross_cosine,,,0,148
svd_multidepth,3417,16,"[2, 3, 4]",selected,validation,cfp_stage4,2,512,0.03125,512,32,64,3,label0,148,energy_identity_relative_error,0.0,0.0,148,0
svd_multidepth,3417,16,"[2, 3, 4]",selected,validation,cfp_stage4,2,512,0.03125,512,32,64,3,label0,148,channel_energy_retained,0.5846857542576469,0.045794029744780015,148,0
svd_multidepth,3417,16,"[2, 3, 4]",selected,validation,cfp_stage4,2,512,0.03125,512,32,64,3,label1,148,self_relative,0.0,0.0,148,0
svd_multidepth,3417,16,"[2, 3, 4]",selected,validation,cfp_stage4,2,512,0.03125,512,32,64,3,label1,148,cross_relative,0.0,0.0,148,0
svd_multidepth,3417,16,"[2, 3, 4]",selected,validation,cfp_stage4,2,512,0.03125,512,32,64,3,label1,148,total_relative,0.0,0.0,148,0
svd_multidepth,3417,16,"[2, 3, 4]",selected,validation,cfp_stage4,2,512,0.03125,512,32,64,3,label1,148,self_cross_cosine,,,0,148
svd_multidepth,3417,16,"[2, 3, 4]",selected,validation,cfp_stage4,2,512,0.03125,512,32,64,3,label1,148,energy_identity_relative_error,0.0,0.0,148,0
svd_multidepth,3417,16,"[2, 3, 4]",selected,validation,cfp_stage4,2,512,0.03125,512,32,64,3,label1,148,channel_energy_retained,0.5946316025924613,0.05080383810826738,148,0
svd_multidepth,3417,16,"[2, 3, 4]",selected,validation,oct_stage4,2,512,0.03125,512,32,64,3,all,296,self_relative,0.0,0.0,296,0
svd_multidepth,3417,16,"[2, 3, 4]",selected,validation,oct_stage4,2,512,0.03125,512,32,64,3,all,296,cross_relative,0.0,0.0,296,0
svd_multidepth,3417,16,"[2, 3, 4]",selected,validation,oct_stage4,2,512,0.03125,512,32,64,3,all,296,total_relative,0.0,0.0,296,0
svd_multidepth,3417,16,"[2, 3, 4]",selected,validation,oct_stage4,2,512,0.03125,512,32,64,3,all,296,self_cross_cosine,,,0,296
svd_multidepth,3417,16,"[2, 3, 4]",selected,validation,oct_stage4,2,512,0.03125,512,32,64,3,all,296,energy_identity_relative_error,0.0,0.0,296,0
svd_multidepth,3417,16,"[2, 3, 4]",selected,validation,oct_stage4,2,512,0.03125,512,32,64,3,all,296,channel_energy_retained,0.6645029412603826,0.07147860603032741,296,0
svd_multidepth,3417,16,"[2, 3, 4]",selected,validation,oct_stage4,2,512,0.03125,512,32,64,3,label0,148,self_relative,0.0,0.0,148,0
svd_multidepth,3417,16,"[2, 3, 4]",selected,validation,oct_stage4,2,512,0.03125,512,32,64,3,label0,148,cross_relative,0.0,0.0,148,0
svd_multidepth,3417,16,"[2, 3, 4]",selected,validation,oct_stage4,2,512,0.03125,512,32,64,3,label0,148,total_relative,0.0,0.0,148,0
svd_multidepth,3417,16,"[2, 3, 4]",selected,validation,oct_stage4,2,512,0.03125,512,32,64,3,label0,148,self_cross_cosine,,,0,148
svd_multidepth,3417,16,"[2, 3, 4]",selected,validation,oct_stage4,2,512,0.03125,512,32,64,3,label0,148,energy_identity_relative_error,0.0,0.0,148,0
svd_multidepth,3417,16,"[2, 3, 4]",selected,validation,oct_stage4,2,512,0.03125,512,32,64,3,label0,148,channel_energy_retained,0.658749703357549,0.06690990122566616,148,0
svd_multidepth,3417,16,"[2, 3, 4]",selected,validation,oct_stage4,2,512,0.03125,512,32,64,3,label1,148,self_relative,0.0,0.0,148,0
svd_multidepth,3417,16,"[2, 3, 4]",selected,validation,oct_stage4,2,512,0.03125,512,32,64,3,label1,148,cross_relative,0.0,0.0,148,0
svd_multidepth,3417,16,"[2, 3, 4]",selected,validation,oct_stage4,2,512,0.03125,512,32,64,3,label1,148,total_relative,0.0,0.0,148,0
svd_multidepth,3417,16,"[2, 3, 4]",selected,validation,oct_stage4,2,512,0.03125,512,32,64,3,label1,148,self_cross_cosine,,,0,148
svd_multidepth,3417,16,"[2, 3, 4]",selected,validation,oct_stage4,2,512,0.03125,512,32,64,3,label1,148,energy_identity_relative_error,0.0,0.0,148,0
svd_multidepth,3417,16,"[2, 3, 4]",selected,validation,oct_stage4,2,512,0.03125,512,32,64,3,label1,148,channel_energy_retained,0.6702561791632161,0.0755615903141777,148,0
svd_multidepth,3417,16,"[2, 3, 4]",selected,test,cfp_stage2,0,128,0.125,512,32,64,3,all,290,self_relative,0.0,0.0,290,0
svd_multidepth,3417,16,"[2, 3, 4]",selected,test,cfp_stage2,0,128,0.125,512,32,64,3,all,290,cross_relative,0.0,0.0,290,0
svd_multidepth,3417,16,"[2, 3, 4]",selected,test,cfp_stage2,0,128,0.125,512,32,64,3,all,290,total_relative,0.0,0.0,290,0
svd_multidepth,3417,16,"[2, 3, 4]",selected,test,cfp_stage2,0,128,0.125,512,32,64,3,all,290,self_cross_cosine,,,0,290
svd_multidepth,3417,16,"[2, 3, 4]",selected,test,cfp_stage2,0,128,0.125,512,32,64,3,all,290,energy_identity_relative_error,0.0,0.0,290,0
svd_multidepth,3417,16,"[2, 3, 4]",selected,test,cfp_stage2,0,128,0.125,512,32,64,3,all,290,channel_energy_retained,0.7007446577608466,0.023509484252485325,290,0
svd_multidepth,3417,16,"[2, 3, 4]",selected,test,cfp_stage2,0,128,0.125,512,32,64,3,label0,145,self_relative,0.0,0.0,145,0
svd_multidepth,3417,16,"[2, 3, 4]",selected,test,cfp_stage2,0,128,0.125,512,32,64,3,label0,145,cross_relative,0.0,0.0,145,0
svd_multidepth,3417,16,"[2, 3, 4]",selected,test,cfp_stage2,0,128,0.125,512,32,64,3,label0,145,total_relative,0.0,0.0,145,0
svd_multidepth,3417,16,"[2, 3, 4]",selected,test,cfp_stage2,0,128,0.125,512,32,64,3,label0,145,self_cross_cosine,,,0,145
svd_multidepth,3417,16,"[2, 3, 4]",selected,test,cfp_stage2,0,128,0.125,512,32,64,3,label0,145,energy_identity_relative_error,0.0,0.0,145,0
svd_multidepth,3417,16,"[2, 3, 4]",selected,test,cfp_stage2,0,128,0.125,512,32,64,3,label0,145,channel_energy_retained,0.6995854127825619,0.023455501515785168,145,0
svd_multidepth,3417,16,"[2, 3, 4]",selected,test,cfp_stage2,0,128,0.125,512,32,64,3,label1,145,self_relative,0.0,0.0,145,0
svd_multidepth,3417,16,"[2, 3, 4]",selected,test,cfp_stage2,0,128,0.125,512,32,64,3,label1,145,cross_relative,0.0,0.0,145,0
svd_multidepth,3417,16,"[2, 3, 4]",selected,test,cfp_stage2,0,128,0.125,512,32,64,3,label1,145,total_relative,0.0,0.0,145,0
svd_multidepth,3417,16,"[2, 3, 4]",selected,test,cfp_stage2,0,128,0.125,512,32,64,3,label1,145,self_cross_cosine,,,0,145
svd_multidepth,3417,16,"[2, 3, 4]",selected,test,cfp_stage2,0,128,0.125,512,32,64,3,label1,145,energy_identity_relative_error,0.0,0.0,145,0
svd_multidepth,3417,16,"[2, 3, 4]",selected,test,cfp_stage2,0,128,0.125,512,32,64,3,label1,145,channel_energy_retained,0.7019039027391311,0.023587347275505127,145,0
svd_multidepth,3417,16,"[2, 3, 4]",selected,test,oct_stage2,0,128,0.125,512,32,64,3,all,290,self_relative,0.0,0.0,290,0
svd_multidepth,3417,16,"[2, 3, 4]",selected,test,oct_stage2,0,128,0.125,512,32,64,3,all,290,cross_relative,0.0,0.0,290,0
svd_multidepth,3417,16,"[2, 3, 4]",selected,test,oct_stage2,0,128,0.125,512,32,64,3,all,290,total_relative,0.0,0.0,290,0
svd_multidepth,3417,16,"[2, 3, 4]",selected,test,oct_stage2,0,128,0.125,512,32,64,3,all,290,self_cross_cosine,,,0,290
svd_multidepth,3417,16,"[2, 3, 4]",selected,test,oct_stage2,0,128,0.125,512,32,64,3,all,290,energy_identity_relative_error,0.0,0.0,290,0
svd_multidepth,3417,16,"[2, 3, 4]",selected,test,oct_stage2,0,128,0.125,512,32,64,3,all,290,channel_energy_retained,0.7156495450376762,0.016776233708666502,290,0
svd_multidepth,3417,16,"[2, 3, 4]",selected,test,oct_stage2,0,128,0.125,512,32,64,3,label0,145,self_relative,0.0,0.0,145,0
svd_multidepth,3417,16,"[2, 3, 4]",selected,test,oct_stage2,0,128,0.125,512,32,64,3,label0,145,cross_relative,0.0,0.0,145,0
svd_multidepth,3417,16,"[2, 3, 4]",selected,test,oct_stage2,0,128,0.125,512,32,64,3,label0,145,total_relative,0.0,0.0,145,0
svd_multidepth,3417,16,"[2, 3, 4]",selected,test,oct_stage2,0,128,0.125,512,32,64,3,label0,145,self_cross_cosine,,,0,145
svd_multidepth,3417,16,"[2, 3, 4]",selected,test,oct_stage2,0,128,0.125,512,32,64,3,label0,145,energy_identity_relative_error,0.0,0.0,145,0
svd_multidepth,3417,16,"[2, 3, 4]",selected,test,oct_stage2,0,128,0.125,512,32,64,3,label0,145,channel_energy_retained,0.7159089351958862,0.017779994426763437,145,0
svd_multidepth,3417,16,"[2, 3, 4]",selected,test,oct_stage2,0,128,0.125,512,32,64,3,label1,145,self_relative,0.0,0.0,145,0
svd_multidepth,3417,16,"[2, 3, 4]",selected,test,oct_stage2,0,128,0.125,512,32,64,3,label1,145,cross_relative,0.0,0.0,145,0
svd_multidepth,3417,16,"[2, 3, 4]",selected,test,oct_stage2,0,128,0.125,512,32,64,3,label1,145,total_relative,0.0,0.0,145,0
svd_multidepth,3417,16,"[2, 3, 4]",selected,test,oct_stage2,0,128,0.125,512,32,64,3,label1,145,self_cross_cosine,,,0,145
svd_multidepth,3417,16,"[2, 3, 4]",selected,test,oct_stage2,0,128,0.125,512,32,64,3,label1,145,energy_identity_relative_error,0.0,0.0,145,0
svd_multidepth,3417,16,"[2, 3, 4]",selected,test,oct_stage2,0,128,0.125,512,32,64,3,label1,145,channel_energy_retained,0.7153901548794659,0.015766254803762623,145,0
svd_multidepth,3417,16,"[2, 3, 4]",selected,test,cfp_stage3,1,256,0.0625,512,32,64,3,all,290,self_relative,0.0,0.0,290,0
svd_multidepth,3417,16,"[2, 3, 4]",selected,test,cfp_stage3,1,256,0.0625,512,32,64,3,all,290,cross_relative,0.0,0.0,290,0
svd_multidepth,3417,16,"[2, 3, 4]",selected,test,cfp_stage3,1,256,0.0625,512,32,64,3,all,290,total_relative,0.0,0.0,290,0
svd_multidepth,3417,16,"[2, 3, 4]",selected,test,cfp_stage3,1,256,0.0625,512,32,64,3,all,290,self_cross_cosine,,,0,290
svd_multidepth,3417,16,"[2, 3, 4]",selected,test,cfp_stage3,1,256,0.0625,512,32,64,3,all,290,energy_identity_relative_error,0.0,0.0,290,0
svd_multidepth,3417,16,"[2, 3, 4]",selected,test,cfp_stage3,1,256,0.0625,512,32,64,3,all,290,channel_energy_retained,0.6439480556576206,0.02487919229163442,290,0
svd_multidepth,3417,16,"[2, 3, 4]",selected,test,cfp_stage3,1,256,0.0625,512,32,64,3,label0,145,self_relative,0.0,0.0,145,0
svd_multidepth,3417,16,"[2, 3, 4]",selected,test,cfp_stage3,1,256,0.0625,512,32,64,3,label0,145,cross_relative,0.0,0.0,145,0
svd_multidepth,3417,16,"[2, 3, 4]",selected,test,cfp_stage3,1,256,0.0625,512,32,64,3,label0,145,total_relative,0.0,0.0,145,0
svd_multidepth,3417,16,"[2, 3, 4]",selected,test,cfp_stage3,1,256,0.0625,512,32,64,3,label0,145,self_cross_cosine,,,0,145
svd_multidepth,3417,16,"[2, 3, 4]",selected,test,cfp_stage3,1,256,0.0625,512,32,64,3,label0,145,energy_identity_relative_error,0.0,0.0,145,0
svd_multidepth,3417,16,"[2, 3, 4]",selected,test,cfp_stage3,1,256,0.0625,512,32,64,3,label0,145,channel_energy_retained,0.6434354112977432,0.024854991850471506,145,0
svd_multidepth,3417,16,"[2, 3, 4]",selected,test,cfp_stage3,1,256,0.0625,512,32,64,3,label1,145,self_relative,0.0,0.0,145,0
svd_multidepth,3417,16,"[2, 3, 4]",selected,test,cfp_stage3,1,256,0.0625,512,32,64,3,label1,145,cross_relative,0.0,0.0,145,0
svd_multidepth,3417,16,"[2, 3, 4]",selected,test,cfp_stage3,1,256,0.0625,512,32,64,3,label1,145,total_relative,0.0,0.0,145,0
svd_multidepth,3417,16,"[2, 3, 4]",selected,test,cfp_stage3,1,256,0.0625,512,32,64,3,label1,145,self_cross_cosine,,,0,145
svd_multidepth,3417,16,"[2, 3, 4]",selected,test,cfp_stage3,1,256,0.0625,512,32,64,3,label1,145,energy_identity_relative_error,0.0,0.0,145,0
svd_multidepth,3417,16,"[2, 3, 4]",selected,test,cfp_stage3,1,256,0.0625,512,32,64,3,label1,145,channel_energy_retained,0.6444607000174976,0.02497893055659268,145,0
svd_multidepth,3417,16,"[2, 3, 4]",selected,test,oct_stage3,1,256,0.0625,512,32,64,3,all,290,self_relative,0.0,0.0,290,0
svd_multidepth,3417,16,"[2, 3, 4]",selected,test,oct_stage3,1,256,0.0625,512,32,64,3,all,290,cross_relative,0.0,0.0,290,0
svd_multidepth,3417,16,"[2, 3, 4]",selected,test,oct_stage3,1,256,0.0625,512,32,64,3,all,290,total_relative,0.0,0.0,290,0
svd_multidepth,3417,16,"[2, 3, 4]",selected,test,oct_stage3,1,256,0.0625,512,32,64,3,all,290,self_cross_cosine,,,0,290
svd_multidepth,3417,16,"[2, 3, 4]",selected,test,oct_stage3,1,256,0.0625,512,32,64,3,all,290,energy_identity_relative_error,0.0,0.0,290,0
svd_multidepth,3417,16,"[2, 3, 4]",selected,test,oct_stage3,1,256,0.0625,512,32,64,3,all,290,channel_energy_retained,0.6439708713157075,0.028674488660270298,290,0
svd_multidepth,3417,16,"[2, 3, 4]",selected,test,oct_stage3,1,256,0.0625,512,32,64,3,label0,145,self_relative,0.0,0.0,145,0
svd_multidepth,3417,16,"[2, 3, 4]",selected,test,oct_stage3,1,256,0.0625,512,32,64,3,label0,145,cross_relative,0.0,0.0,145,0
svd_multidepth,3417,16,"[2, 3, 4]",selected,test,oct_stage3,1,256,0.0625,512,32,64,3,label0,145,total_relative,0.0,0.0,145,0
svd_multidepth,3417,16,"[2, 3, 4]",selected,test,oct_stage3,1,256,0.0625,512,32,64,3,label0,145,self_cross_cosine,,,0,145
svd_multidepth,3417,16,"[2, 3, 4]",selected,test,oct_stage3,1,256,0.0625,512,32,64,3,label0,145,energy_identity_relative_error,0.0,0.0,145,0
svd_multidepth,3417,16,"[2, 3, 4]",selected,test,oct_stage3,1,256,0.0625,512,32,64,3,label0,145,channel_energy_retained,0.6450456536666894,0.029795511910849257,145,0
svd_multidepth,3417,16,"[2, 3, 4]",selected,test,oct_stage3,1,256,0.0625,512,32,64,3,label1,145,self_relative,0.0,0.0,145,0
svd_multidepth,3417,16,"[2, 3, 4]",selected,test,oct_stage3,1,256,0.0625,512,32,64,3,label1,145,cross_relative,0.0,0.0,145,0
svd_multidepth,3417,16,"[2, 3, 4]",selected,test,oct_stage3,1,256,0.0625,512,32,64,3,label1,145,total_relative,0.0,0.0,145,0
svd_multidepth,3417,16,"[2, 3, 4]",selected,test,oct_stage3,1,256,0.0625,512,32,64,3,label1,145,self_cross_cosine,,,0,145
svd_multidepth,3417,16,"[2, 3, 4]",selected,test,oct_stage3,1,256,0.0625,512,32,64,3,label1,145,energy_identity_relative_error,0.0,0.0,145,0
svd_multidepth,3417,16,"[2, 3, 4]",selected,test,oct_stage3,1,256,0.0625,512,32,64,3,label1,145,channel_energy_retained,0.6428960889647256,0.027569251288973605,145,0
svd_multidepth,3417,16,"[2, 3, 4]",selected,test,cfp_stage4,2,512,0.03125,512,32,64,3,all,290,self_relative,0.0,0.0,290,0
svd_multidepth,3417,16,"[2, 3, 4]",selected,test,cfp_stage4,2,512,0.03125,512,32,64,3,all,290,cross_relative,0.0,0.0,290,0
svd_multidepth,3417,16,"[2, 3, 4]",selected,test,cfp_stage4,2,512,0.03125,512,32,64,3,all,290,total_relative,0.0,0.0,290,0
svd_multidepth,3417,16,"[2, 3, 4]",selected,test,cfp_stage4,2,512,0.03125,512,32,64,3,all,290,self_cross_cosine,,,0,290
svd_multidepth,3417,16,"[2, 3, 4]",selected,test,cfp_stage4,2,512,0.03125,512,32,64,3,all,290,energy_identity_relative_error,0.0,0.0,290,0
svd_multidepth,3417,16,"[2, 3, 4]",selected,test,cfp_stage4,2,512,0.03125,512,32,64,3,all,290,channel_energy_retained,0.586685373143747,0.047762206138046874,290,0
svd_multidepth,3417,16,"[2, 3, 4]",selected,test,cfp_stage4,2,512,0.03125,512,32,64,3,label0,145,self_relative,0.0,0.0,145,0
svd_multidepth,3417,16,"[2, 3, 4]",selected,test,cfp_stage4,2,512,0.03125,512,32,64,3,label0,145,cross_relative,0.0,0.0,145,0
svd_multidepth,3417,16,"[2, 3, 4]",selected,test,cfp_stage4,2,512,0.03125,512,32,64,3,label0,145,total_relative,0.0,0.0,145,0
svd_multidepth,3417,16,"[2, 3, 4]",selected,test,cfp_stage4,2,512,0.03125,512,32,64,3,label0,145,self_cross_cosine,,,0,145
svd_multidepth,3417,16,"[2, 3, 4]",selected,test,cfp_stage4,2,512,0.03125,512,32,64,3,label0,145,energy_identity_relative_error,0.0,0.0,145,0
svd_multidepth,3417,16,"[2, 3, 4]",selected,test,cfp_stage4,2,512,0.03125,512,32,64,3,label0,145,channel_energy_retained,0.5832727994004131,0.04397089986090461,145,0
svd_multidepth,3417,16,"[2, 3, 4]",selected,test,cfp_stage4,2,512,0.03125,512,32,64,3,label1,145,self_relative,0.0,0.0,145,0
svd_multidepth,3417,16,"[2, 3, 4]",selected,test,cfp_stage4,2,512,0.03125,512,32,64,3,label1,145,cross_relative,0.0,0.0,145,0
svd_multidepth,3417,16,"[2, 3, 4]",selected,test,cfp_stage4,2,512,0.03125,512,32,64,3,label1,145,total_relative,0.0,0.0,145,0
svd_multidepth,3417,16,"[2, 3, 4]",selected,test,cfp_stage4,2,512,0.03125,512,32,64,3,label1,145,self_cross_cosine,,,0,145
svd_multidepth,3417,16,"[2, 3, 4]",selected,test,cfp_stage4,2,512,0.03125,512,32,64,3,label1,145,energy_identity_relative_error,0.0,0.0,145,0
svd_multidepth,3417,16,"[2, 3, 4]",selected,test,cfp_stage4,2,512,0.03125,512,32,64,3,label1,145,channel_energy_retained,0.5900979468870807,0.0511996624483859,145,0
svd_multidepth,3417,16,"[2, 3, 4]",selected,test,oct_stage4,2,512,0.03125,512,32,64,3,all,290,self_relative,0.0,0.0,290,0
svd_multidepth,3417,16,"[2, 3, 4]",selected,test,oct_stage4,2,512,0.03125,512,32,64,3,all,290,cross_relative,0.0,0.0,290,0
svd_multidepth,3417,16,"[2, 3, 4]",selected,test,oct_stage4,2,512,0.03125,512,32,64,3,all,290,total_relative,0.0,0.0,290,0
svd_multidepth,3417,16,"[2, 3, 4]",selected,test,oct_stage4,2,512,0.03125,512,32,64,3,all,290,self_cross_cosine,,,0,290
svd_multidepth,3417,16,"[2, 3, 4]",selected,test,oct_stage4,2,512,0.03125,512,32,64,3,all,290,energy_identity_relative_error,0.0,0.0,290,0
svd_multidepth,3417,16,"[2, 3, 4]",selected,test,oct_stage4,2,512,0.03125,512,32,64,3,all,290,channel_energy_retained,0.6660189070815477,0.0724770865937316,290,0
svd_multidepth,3417,16,"[2, 3, 4]",selected,test,oct_stage4,2,512,0.03125,512,32,64,3,label0,145,self_relative,0.0,0.0,145,0
svd_multidepth,3417,16,"[2, 3, 4]",selected,test,oct_stage4,2,512,0.03125,512,32,64,3,label0,145,cross_relative,0.0,0.0,145,0
svd_multidepth,3417,16,"[2, 3, 4]",selected,test,oct_stage4,2,512,0.03125,512,32,64,3,label0,145,total_relative,0.0,0.0,145,0
svd_multidepth,3417,16,"[2, 3, 4]",selected,test,oct_stage4,2,512,0.03125,512,32,64,3,label0,145,self_cross_cosine,,,0,145
svd_multidepth,3417,16,"[2, 3, 4]",selected,test,oct_stage4,2,512,0.03125,512,32,64,3,label0,145,energy_identity_relative_error,0.0,0.0,145,0
svd_multidepth,3417,16,"[2, 3, 4]",selected,test,oct_stage4,2,512,0.03125,512,32,64,3,label0,145,channel_energy_retained,0.66698091078623,0.06632083533598927,145,0
svd_multidepth,3417,16,"[2, 3, 4]",selected,test,oct_stage4,2,512,0.03125,512,32,64,3,label1,145,self_relative,0.0,0.0,145,0
svd_multidepth,3417,16,"[2, 3, 4]",selected,test,oct_stage4,2,512,0.03125,512,32,64,3,label1,145,cross_relative,0.0,0.0,145,0
svd_multidepth,3417,16,"[2, 3, 4]",selected,test,oct_stage4,2,512,0.03125,512,32,64,3,label1,145,total_relative,0.0,0.0,145,0
svd_multidepth,3417,16,"[2, 3, 4]",selected,test,oct_stage4,2,512,0.03125,512,32,64,3,label1,145,self_cross_cosine,,,0,145
svd_multidepth,3417,16,"[2, 3, 4]",selected,test,oct_stage4,2,512,0.03125,512,32,64,3,label1,145,energy_identity_relative_error,0.0,0.0,145,0
svd_multidepth,3417,16,"[2, 3, 4]",selected,test,oct_stage4,2,512,0.03125,512,32,64,3,label1,145,channel_energy_retained,0.6650569033768654,0.07837102700650211,145,0
svd_radon,3418,16,[3],constructed_initial,train,cfp_stage3,0,256,0.0625,512,32,64,3,all,1264,self_relative,0.0,0.0,1264,0
svd_radon,3418,16,[3],constructed_initial,train,cfp_stage3,0,256,0.0625,512,32,64,3,all,1264,cross_relative,0.0,0.0,1264,0
svd_radon,3418,16,[3],constructed_initial,train,cfp_stage3,0,256,0.0625,512,32,64,3,all,1264,total_relative,0.0,0.0,1264,0
svd_radon,3418,16,[3],constructed_initial,train,cfp_stage3,0,256,0.0625,512,32,64,3,all,1264,self_cross_cosine,,,0,1264
svd_radon,3418,16,[3],constructed_initial,train,cfp_stage3,0,256,0.0625,512,32,64,3,all,1264,energy_identity_relative_error,0.0,0.0,1264,0
svd_radon,3418,16,[3],constructed_initial,train,cfp_stage3,0,256,0.0625,512,32,64,3,all,1264,channel_energy_retained,0.6543553028962783,0.026211280762998824,1264,0
svd_radon,3418,16,[3],constructed_initial,train,cfp_stage3,0,256,0.0625,512,32,64,3,label0,632,self_relative,0.0,0.0,632,0
svd_radon,3418,16,[3],constructed_initial,train,cfp_stage3,0,256,0.0625,512,32,64,3,label0,632,cross_relative,0.0,0.0,632,0
svd_radon,3418,16,[3],constructed_initial,train,cfp_stage3,0,256,0.0625,512,32,64,3,label0,632,total_relative,0.0,0.0,632,0
svd_radon,3418,16,[3],constructed_initial,train,cfp_stage3,0,256,0.0625,512,32,64,3,label0,632,self_cross_cosine,,,0,632
svd_radon,3418,16,[3],constructed_initial,train,cfp_stage3,0,256,0.0625,512,32,64,3,label0,632,energy_identity_relative_error,0.0,0.0,632,0
svd_radon,3418,16,[3],constructed_initial,train,cfp_stage3,0,256,0.0625,512,32,64,3,label0,632,channel_energy_retained,0.6571288736480733,0.024513479833138053,632,0
svd_radon,3418,16,[3],constructed_initial,train,cfp_stage3,0,256,0.0625,512,32,64,3,label1,632,self_relative,0.0,0.0,632,0
svd_radon,3418,16,[3],constructed_initial,train,cfp_stage3,0,256,0.0625,512,32,64,3,label1,632,cross_relative,0.0,0.0,632,0
svd_radon,3418,16,[3],constructed_initial,train,cfp_stage3,0,256,0.0625,512,32,64,3,label1,632,total_relative,0.0,0.0,632,0
svd_radon,3418,16,[3],constructed_initial,train,cfp_stage3,0,256,0.0625,512,32,64,3,label1,632,self_cross_cosine,,,0,632
svd_radon,3418,16,[3],constructed_initial,train,cfp_stage3,0,256,0.0625,512,32,64,3,label1,632,energy_identity_relative_error,0.0,0.0,632,0
svd_radon,3418,16,[3],constructed_initial,train,cfp_stage3,0,256,0.0625,512,32,64,3,label1,632,channel_energy_retained,0.6515817321444831,0.027546883861695865,632,0
svd_radon,3418,16,[3],constructed_initial,train,oct_stage3,0,256,0.0625,512,32,64,3,all,1264,self_relative,0.0,0.0,1264,0
svd_radon,3418,16,[3],constructed_initial,train,oct_stage3,0,256,0.0625,512,32,64,3,all,1264,cross_relative,0.0,0.0,1264,0
svd_radon,3418,16,[3],constructed_initial,train,oct_stage3,0,256,0.0625,512,32,64,3,all,1264,total_relative,0.0,0.0,1264,0
svd_radon,3418,16,[3],constructed_initial,train,oct_stage3,0,256,0.0625,512,32,64,3,all,1264,self_cross_cosine,,,0,1264
svd_radon,3418,16,[3],constructed_initial,train,oct_stage3,0,256,0.0625,512,32,64,3,all,1264,energy_identity_relative_error,0.0,0.0,1264,0
svd_radon,3418,16,[3],constructed_initial,train,oct_stage3,0,256,0.0625,512,32,64,3,all,1264,channel_energy_retained,0.6630914436621695,0.036130299357928115,1264,0
svd_radon,3418,16,[3],constructed_initial,train,oct_stage3,0,256,0.0625,512,32,64,3,label0,632,self_relative,0.0,0.0,632,0
svd_radon,3418,16,[3],constructed_initial,train,oct_stage3,0,256,0.0625,512,32,64,3,label0,632,cross_relative,0.0,0.0,632,0
svd_radon,3418,16,[3],constructed_initial,train,oct_stage3,0,256,0.0625,512,32,64,3,label0,632,total_relative,0.0,0.0,632,0
svd_radon,3418,16,[3],constructed_initial,train,oct_stage3,0,256,0.0625,512,32,64,3,label0,632,self_cross_cosine,,,0,632
svd_radon,3418,16,[3],constructed_initial,train,oct_stage3,0,256,0.0625,512,32,64,3,label0,632,energy_identity_relative_error,0.0,0.0,632,0
svd_radon,3418,16,[3],constructed_initial,train,oct_stage3,0,256,0.0625,512,32,64,3,label0,632,channel_energy_retained,0.6641450083369882,0.03532869775286292,632,0
svd_radon,3418,16,[3],constructed_initial,train,oct_stage3,0,256,0.0625,512,32,64,3,label1,632,self_relative,0.0,0.0,632,0
svd_radon,3418,16,[3],constructed_initial,train,oct_stage3,0,256,0.0625,512,32,64,3,label1,632,cross_relative,0.0,0.0,632,0
svd_radon,3418,16,[3],constructed_initial,train,oct_stage3,0,256,0.0625,512,32,64,3,label1,632,total_relative,0.0,0.0,632,0
svd_radon,3418,16,[3],constructed_initial,train,oct_stage3,0,256,0.0625,512,32,64,3,label1,632,self_cross_cosine,,,0,632
svd_radon,3418,16,[3],constructed_initial,train,oct_stage3,0,256,0.0625,512,32,64,3,label1,632,energy_identity_relative_error,0.0,0.0,632,0
svd_radon,3418,16,[3],constructed_initial,train,oct_stage3,0,256,0.0625,512,32,64,3,label1,632,channel_energy_retained,0.6620378789873508,0.03691240225984518,632,0
svd_radon,3418,16,[3],constructed_initial,validation,cfp_stage3,0,256,0.0625,512,32,64,3,all,296,self_relative,0.0,0.0,296,0
svd_radon,3418,16,[3],constructed_initial,validation,cfp_stage3,0,256,0.0625,512,32,64,3,all,296,cross_relative,0.0,0.0,296,0
svd_radon,3418,16,[3],constructed_initial,validation,cfp_stage3,0,256,0.0625,512,32,64,3,all,296,total_relative,0.0,0.0,296,0
svd_radon,3418,16,[3],constructed_initial,validation,cfp_stage3,0,256,0.0625,512,32,64,3,all,296,self_cross_cosine,,,0,296
svd_radon,3418,16,[3],constructed_initial,validation,cfp_stage3,0,256,0.0625,512,32,64,3,all,296,energy_identity_relative_error,0.0,0.0,296,0
svd_radon,3418,16,[3],constructed_initial,validation,cfp_stage3,0,256,0.0625,512,32,64,3,all,296,channel_energy_retained,0.6541738436402516,0.02576914474797214,296,0
svd_radon,3418,16,[3],constructed_initial,validation,cfp_stage3,0,256,0.0625,512,32,64,3,label0,148,self_relative,0.0,0.0,148,0
svd_radon,3418,16,[3],constructed_initial,validation,cfp_stage3,0,256,0.0625,512,32,64,3,label0,148,cross_relative,0.0,0.0,148,0
svd_radon,3418,16,[3],constructed_initial,validation,cfp_stage3,0,256,0.0625,512,32,64,3,label0,148,total_relative,0.0,0.0,148,0
svd_radon,3418,16,[3],constructed_initial,validation,cfp_stage3,0,256,0.0625,512,32,64,3,label0,148,self_cross_cosine,,,0,148
svd_radon,3418,16,[3],constructed_initial,validation,cfp_stage3,0,256,0.0625,512,32,64,3,label0,148,energy_identity_relative_error,0.0,0.0,148,0
svd_radon,3418,16,[3],constructed_initial,validation,cfp_stage3,0,256,0.0625,512,32,64,3,label0,148,channel_energy_retained,0.6555666042352446,0.025027393498260758,148,0
svd_radon,3418,16,[3],constructed_initial,validation,cfp_stage3,0,256,0.0625,512,32,64,3,label1,148,self_relative,0.0,0.0,148,0
svd_radon,3418,16,[3],constructed_initial,validation,cfp_stage3,0,256,0.0625,512,32,64,3,label1,148,cross_relative,0.0,0.0,148,0
svd_radon,3418,16,[3],constructed_initial,validation,cfp_stage3,0,256,0.0625,512,32,64,3,label1,148,total_relative,0.0,0.0,148,0
svd_radon,3418,16,[3],constructed_initial,validation,cfp_stage3,0,256,0.0625,512,32,64,3,label1,148,self_cross_cosine,,,0,148
svd_radon,3418,16,[3],constructed_initial,validation,cfp_stage3,0,256,0.0625,512,32,64,3,label1,148,energy_identity_relative_error,0.0,0.0,148,0
svd_radon,3418,16,[3],constructed_initial,validation,cfp_stage3,0,256,0.0625,512,32,64,3,label1,148,channel_energy_retained,0.6527810830452588,0.026501671644307494,148,0
svd_radon,3418,16,[3],constructed_initial,validation,oct_stage3,0,256,0.0625,512,32,64,3,all,296,self_relative,0.0,0.0,296,0
svd_radon,3418,16,[3],constructed_initial,validation,oct_stage3,0,256,0.0625,512,32,64,3,all,296,cross_relative,0.0,0.0,296,0
svd_radon,3418,16,[3],constructed_initial,validation,oct_stage3,0,256,0.0625,512,32,64,3,all,296,total_relative,0.0,0.0,296,0
svd_radon,3418,16,[3],constructed_initial,validation,oct_stage3,0,256,0.0625,512,32,64,3,all,296,self_cross_cosine,,,0,296
svd_radon,3418,16,[3],constructed_initial,validation,oct_stage3,0,256,0.0625,512,32,64,3,all,296,energy_identity_relative_error,0.0,0.0,296,0
svd_radon,3418,16,[3],constructed_initial,validation,oct_stage3,0,256,0.0625,512,32,64,3,all,296,channel_energy_retained,0.6636863904674134,0.03419786636797697,296,0
svd_radon,3418,16,[3],constructed_initial,validation,oct_stage3,0,256,0.0625,512,32,64,3,label0,148,self_relative,0.0,0.0,148,0
svd_radon,3418,16,[3],constructed_initial,validation,oct_stage3,0,256,0.0625,512,32,64,3,label0,148,cross_relative,0.0,0.0,148,0
svd_radon,3418,16,[3],constructed_initial,validation,oct_stage3,0,256,0.0625,512,32,64,3,label0,148,total_relative,0.0,0.0,148,0
svd_radon,3418,16,[3],constructed_initial,validation,oct_stage3,0,256,0.0625,512,32,64,3,label0,148,self_cross_cosine,,,0,148
svd_radon,3418,16,[3],constructed_initial,validation,oct_stage3,0,256,0.0625,512,32,64,3,label0,148,energy_identity_relative_error,0.0,0.0,148,0
svd_radon,3418,16,[3],constructed_initial,validation,oct_stage3,0,256,0.0625,512,32,64,3,label0,148,channel_energy_retained,0.6626574154550655,0.03278285871573041,148,0
svd_radon,3418,16,[3],constructed_initial,validation,oct_stage3,0,256,0.0625,512,32,64,3,label1,148,self_relative,0.0,0.0,148,0
svd_radon,3418,16,[3],constructed_initial,validation,oct_stage3,0,256,0.0625,512,32,64,3,label1,148,cross_relative,0.0,0.0,148,0
svd_radon,3418,16,[3],constructed_initial,validation,oct_stage3,0,256,0.0625,512,32,64,3,label1,148,total_relative,0.0,0.0,148,0
svd_radon,3418,16,[3],constructed_initial,validation,oct_stage3,0,256,0.0625,512,32,64,3,label1,148,self_cross_cosine,,,0,148
svd_radon,3418,16,[3],constructed_initial,validation,oct_stage3,0,256,0.0625,512,32,64,3,label1,148,energy_identity_relative_error,0.0,0.0,148,0
svd_radon,3418,16,[3],constructed_initial,validation,oct_stage3,0,256,0.0625,512,32,64,3,label1,148,channel_energy_retained,0.6647153654797611,0.03563840709332458,148,0
svd_radon,3418,16,[3],constructed_initial,test,cfp_stage3,0,256,0.0625,512,32,64,3,all,290,self_relative,0.0,0.0,290,0
svd_radon,3418,16,[3],constructed_initial,test,cfp_stage3,0,256,0.0625,512,32,64,3,all,290,cross_relative,0.0,0.0,290,0
svd_radon,3418,16,[3],constructed_initial,test,cfp_stage3,0,256,0.0625,512,32,64,3,all,290,total_relative,0.0,0.0,290,0
svd_radon,3418,16,[3],constructed_initial,test,cfp_stage3,0,256,0.0625,512,32,64,3,all,290,self_cross_cosine,,,0,290
svd_radon,3418,16,[3],constructed_initial,test,cfp_stage3,0,256,0.0625,512,32,64,3,all,290,energy_identity_relative_error,0.0,0.0,290,0
svd_radon,3418,16,[3],constructed_initial,test,cfp_stage3,0,256,0.0625,512,32,64,3,all,290,channel_energy_retained,0.6534083005422348,0.026703666326704675,290,0
svd_radon,3418,16,[3],constructed_initial,test,cfp_stage3,0,256,0.0625,512,32,64,3,label0,145,self_relative,0.0,0.0,145,0
svd_radon,3418,16,[3],constructed_initial,test,cfp_stage3,0,256,0.0625,512,32,64,3,label0,145,cross_relative,0.0,0.0,145,0
svd_radon,3418,16,[3],constructed_initial,test,cfp_stage3,0,256,0.0625,512,32,64,3,label0,145,total_relative,0.0,0.0,145,0
svd_radon,3418,16,[3],constructed_initial,test,cfp_stage3,0,256,0.0625,512,32,64,3,label0,145,self_cross_cosine,,,0,145
svd_radon,3418,16,[3],constructed_initial,test,cfp_stage3,0,256,0.0625,512,32,64,3,label0,145,energy_identity_relative_error,0.0,0.0,145,0
svd_radon,3418,16,[3],constructed_initial,test,cfp_stage3,0,256,0.0625,512,32,64,3,label0,145,channel_energy_retained,0.6531046579240117,0.026948352682173604,145,0
svd_radon,3418,16,[3],constructed_initial,test,cfp_stage3,0,256,0.0625,512,32,64,3,label1,145,self_relative,0.0,0.0,145,0
svd_radon,3418,16,[3],constructed_initial,test,cfp_stage3,0,256,0.0625,512,32,64,3,label1,145,cross_relative,0.0,0.0,145,0
svd_radon,3418,16,[3],constructed_initial,test,cfp_stage3,0,256,0.0625,512,32,64,3,label1,145,total_relative,0.0,0.0,145,0
svd_radon,3418,16,[3],constructed_initial,test,cfp_stage3,0,256,0.0625,512,32,64,3,label1,145,self_cross_cosine,,,0,145
svd_radon,3418,16,[3],constructed_initial,test,cfp_stage3,0,256,0.0625,512,32,64,3,label1,145,energy_identity_relative_error,0.0,0.0,145,0
svd_radon,3418,16,[3],constructed_initial,test,cfp_stage3,0,256,0.0625,512,32,64,3,label1,145,channel_energy_retained,0.6537119431604576,0.026546641685233352,145,0
svd_radon,3418,16,[3],constructed_initial,test,oct_stage3,0,256,0.0625,512,32,64,3,all,290,self_relative,0.0,0.0,290,0
svd_radon,3418,16,[3],constructed_initial,test,oct_stage3,0,256,0.0625,512,32,64,3,all,290,cross_relative,0.0,0.0,290,0
svd_radon,3418,16,[3],constructed_initial,test,oct_stage3,0,256,0.0625,512,32,64,3,all,290,total_relative,0.0,0.0,290,0
svd_radon,3418,16,[3],constructed_initial,test,oct_stage3,0,256,0.0625,512,32,64,3,all,290,self_cross_cosine,,,0,290
svd_radon,3418,16,[3],constructed_initial,test,oct_stage3,0,256,0.0625,512,32,64,3,all,290,energy_identity_relative_error,0.0,0.0,290,0
svd_radon,3418,16,[3],constructed_initial,test,oct_stage3,0,256,0.0625,512,32,64,3,all,290,channel_energy_retained,0.6618091892242985,0.04099001567198162,290,0
svd_radon,3418,16,[3],constructed_initial,test,oct_stage3,0,256,0.0625,512,32,64,3,label0,145,self_relative,0.0,0.0,145,0
svd_radon,3418,16,[3],constructed_initial,test,oct_stage3,0,256,0.0625,512,32,64,3,label0,145,cross_relative,0.0,0.0,145,0
svd_radon,3418,16,[3],constructed_initial,test,oct_stage3,0,256,0.0625,512,32,64,3,label0,145,total_relative,0.0,0.0,145,0
svd_radon,3418,16,[3],constructed_initial,test,oct_stage3,0,256,0.0625,512,32,64,3,label0,145,self_cross_cosine,,,0,145
svd_radon,3418,16,[3],constructed_initial,test,oct_stage3,0,256,0.0625,512,32,64,3,label0,145,energy_identity_relative_error,0.0,0.0,145,0
svd_radon,3418,16,[3],constructed_initial,test,oct_stage3,0,256,0.0625,512,32,64,3,label0,145,channel_energy_retained,0.6637249106838851,0.04248346121991726,145,0
svd_radon,3418,16,[3],constructed_initial,test,oct_stage3,0,256,0.0625,512,32,64,3,label1,145,self_relative,0.0,0.0,145,0
svd_radon,3418,16,[3],constructed_initial,test,oct_stage3,0,256,0.0625,512,32,64,3,label1,145,cross_relative,0.0,0.0,145,0
svd_radon,3418,16,[3],constructed_initial,test,oct_stage3,0,256,0.0625,512,32,64,3,label1,145,total_relative,0.0,0.0,145,0
svd_radon,3418,16,[3],constructed_initial,test,oct_stage3,0,256,0.0625,512,32,64,3,label1,145,self_cross_cosine,,,0,145
svd_radon,3418,16,[3],constructed_initial,test,oct_stage3,0,256,0.0625,512,32,64,3,label1,145,energy_identity_relative_error,0.0,0.0,145,0
svd_radon,3418,16,[3],constructed_initial,test,oct_stage3,0,256,0.0625,512,32,64,3,label1,145,channel_energy_retained,0.659893467764712,0.03949424349384152,145,0
svd_radon,3418,16,[3],selected,train,cfp_stage3,0,256,0.0625,512,32,64,3,all,1264,self_relative,0.428466468722213,0.01303930820337375,1264,0
svd_radon,3418,16,[3],selected,train,cfp_stage3,0,256,0.0625,512,32,64,3,all,1264,cross_relative,0.36704288569241333,0.03209199192335213,1264,0
svd_radon,3418,16,[3],selected,train,cfp_stage3,0,256,0.0625,512,32,64,3,all,1264,total_relative,0.5784966289013814,0.018670452623519584,1264,0
svd_radon,3418,16,[3],selected,train,cfp_stage3,0,256,0.0625,512,32,64,3,all,1264,self_cross_cosine,0.053213125795892324,0.054807364491207045,1264,0
svd_radon,3418,16,[3],selected,train,cfp_stage3,0,256,0.0625,512,32,64,3,all,1264,energy_identity_relative_error,6.525436675025242e-17,4.944535220097587e-17,1264,0
svd_radon,3418,16,[3],selected,train,cfp_stage3,0,256,0.0625,512,32,64,3,all,1264,channel_energy_retained,0.5800561668250234,0.022109605865557304,1264,0
svd_radon,3418,16,[3],selected,train,cfp_stage3,0,256,0.0625,512,32,64,3,label0,632,self_relative,0.4284459003561223,0.011970122759616323,632,0
svd_radon,3418,16,[3],selected,train,cfp_stage3,0,256,0.0625,512,32,64,3,label0,632,cross_relative,0.3881536817457043,0.025011552654689517,632,0
svd_radon,3418,16,[3],selected,train,cfp_stage3,0,256,0.0625,512,32,64,3,label0,632,total_relative,0.584756358480866,0.016421429472660017,632,0
svd_radon,3418,16,[3],selected,train,cfp_stage3,0,256,0.0625,512,32,64,3,label0,632,self_cross_cosine,0.023849511282736494,0.04326544429772413,632,0
svd_radon,3418,16,[3],selected,train,cfp_stage3,0,256,0.0625,512,32,64,3,label0,632,energy_identity_relative_error,6.413055923884118e-17,4.703850661559995e-17,632,0
svd_radon,3418,16,[3],selected,train,cfp_stage3,0,256,0.0625,512,32,64,3,label0,632,channel_energy_retained,0.5842360173264515,0.02068503545814365,632,0
svd_radon,3418,16,[3],selected,train,cfp_stage3,0,256,0.0625,512,32,64,3,label1,632,self_relative,0.428487037088304,0.01403680453210501,632,0
svd_radon,3418,16,[3],selected,train,cfp_stage3,0,256,0.0625,512,32,64,3,label1,632,cross_relative,0.3459320896391224,0.02330455535167154,632,0
svd_radon,3418,16,[3],selected,train,cfp_stage3,0,256,0.0625,512,32,64,3,label1,632,total_relative,0.5722368993218964,0.018696739403320197,632,0
svd_radon,3418,16,[3],selected,train,cfp_stage3,0,256,0.0625,512,32,64,3,label1,632,self_cross_cosine,0.08257674030904817,0.049126160046507716,632,0
svd_radon,3418,16,[3],selected,train,cfp_stage3,0,256,0.0625,512,32,64,3,label1,632,energy_identity_relative_error,6.637817426166375e-17,5.175335029884827e-17,632,0
svd_radon,3418,16,[3],selected,train,cfp_stage3,0,256,0.0625,512,32,64,3,label1,632,channel_energy_retained,0.5758763163235949,0.02270629148556533,632,0
svd_radon,3418,16,[3],selected,train,oct_stage3,0,256,0.0625,512,32,64,3,all,1264,self_relative,1.3985418694840293,0.07271227796563745,1264,0
svd_radon,3418,16,[3],selected,train,oct_stage3,0,256,0.0625,512,32,64,3,all,1264,cross_relative,1.7602247378256193,0.15620759064124076,1264,0
svd_radon,3418,16,[3],selected,train,oct_stage3,0,256,0.0625,512,32,64,3,all,1264,total_relative,2.0304245888112473,0.1287951429027926,1264,0
svd_radon,3418,16,[3],selected,train,oct_stage3,0,256,0.0625,512,32,64,3,all,1264,self_cross_cosine,-0.1914347996595469,0.04836362829662049,1264,0
svd_radon,3418,16,[3],selected,train,oct_stage3,0,256,0.0625,512,32,64,3,all,1264,energy_identity_relative_error,7.113640116222758e-17,5.694189099470321e-17,1264,0
svd_radon,3418,16,[3],selected,train,oct_stage3,0,256,0.0625,512,32,64,3,all,1264,channel_energy_retained,0.5299285023415675,0.019989068521381746,1264,0
svd_radon,3418,16,[3],selected,train,oct_stage3,0,256,0.0625,512,32,64,3,label0,632,self_relative,1.3957711632015397,0.07430473926792651,632,0
svd_radon,3418,16,[3],selected,train,oct_stage3,0,256,0.0625,512,32,64,3,label0,632,cross_relative,1.6702340645619964,0.10542801760561245,632,0
svd_radon,3418,16,[3],selected,train,oct_stage3,0,256,0.0625,512,32,64,3,label0,632,total_relative,1.958731413533268,0.09058340704422022,632,0
svd_radon,3418,16,[3],selected,train,oct_stage3,0,256,0.0625,512,32,64,3,label0,632,self_cross_cosine,-0.19463343405298833,0.04545812998624004,632,0
svd_radon,3418,16,[3],selected,train,oct_stage3,0,256,0.0625,512,32,64,3,label0,632,energy_identity_relative_error,7.07711877131349e-17,5.740800873422169e-17,632,0
svd_radon,3418,16,[3],selected,train,oct_stage3,0,256,0.0625,512,32,64,3,label0,632,channel_energy_retained,0.5311560048668412,0.018818448427911465,632,0
svd_radon,3418,16,[3],selected,train,oct_stage3,0,256,0.0625,512,32,64,3,label1,632,self_relative,1.4013125757665188,0.0710349025530125,632,0
svd_radon,3418,16,[3],selected,train,oct_stage3,0,256,0.0625,512,32,64,3,label1,632,cross_relative,1.8502154110892413,0.14663872324558175,632,0
svd_radon,3418,16,[3],selected,train,oct_stage3,0,256,0.0625,512,32,64,3,label1,632,total_relative,2.1021177640892255,0.12124849972952942,632,0
svd_radon,3418,16,[3],selected,train,oct_stage3,0,256,0.0625,512,32,64,3,label1,632,self_cross_cosine,-0.18823616526610562,0.050939684218921435,632,0
svd_radon,3418,16,[3],selected,train,oct_stage3,0,256,0.0625,512,32,64,3,label1,632,energy_identity_relative_error,7.150161461132029e-17,5.651503981889448e-17,632,0
svd_radon,3418,16,[3],selected,train,oct_stage3,0,256,0.0625,512,32,64,3,label1,632,channel_energy_retained,0.528700999816294,0.021038218565935924,632,0
svd_radon,3418,16,[3],selected,validation,cfp_stage3,0,256,0.0625,512,32,64,3,all,296,self_relative,0.42823507329133476,0.013106397379118895,296,0
svd_radon,3418,16,[3],selected,validation,cfp_stage3,0,256,0.0625,512,32,64,3,all,296,cross_relative,0.3646019165122086,0.02787529605590738,296,0
svd_radon,3418,16,[3],selected,validation,cfp_stage3,0,256,0.0625,512,32,64,3,all,296,total_relative,0.5774640358831677,0.017528519099473904,296,0
svd_radon,3418,16,[3],selected,validation,cfp_stage3,0,256,0.0625,512,32,64,3,all,296,self_cross_cosine,0.05630381721018848,0.056527218997512854,296,0
svd_radon,3418,16,[3],selected,validation,cfp_stage3,0,256,0.0625,512,32,64,3,all,296,energy_identity_relative_error,6.618268108529344e-17,5.224730880779879e-17,296,0
svd_radon,3418,16,[3],selected,validation,cfp_stage3,0,256,0.0625,512,32,64,3,all,296,channel_energy_retained,0.5803909584431354,0.02137865839339034,296,0
svd_radon,3418,16,[3],selected,validation,cfp_stage3,0,256,0.0625,512,32,64,3,label0,148,self_relative,0.4279507971025093,0.011870147319469528,148,0
svd_radon,3418,16,[3],selected,validation,cfp_stage3,0,256,0.0625,512,32,64,3,label0,148,cross_relative,0.37275132332776933,0.0253357452965527,148,0
svd_radon,3418,16,[3],selected,validation,cfp_stage3,0,256,0.0625,512,32,64,3,label0,148,total_relative,0.5785660993570042,0.01570944350069805,148,0
svd_radon,3418,16,[3],selected,validation,cfp_stage3,0,256,0.0625,512,32,64,3,label0,148,self_cross_cosine,0.04059817122718032,0.049035042614534674,148,0
svd_radon,3418,16,[3],selected,validation,cfp_stage3,0,256,0.0625,512,32,64,3,label0,148,energy_identity_relative_error,6.532598431163216e-17,5.1208275466103464e-17,148,0
svd_radon,3418,16,[3],selected,validation,cfp_stage3,0,256,0.0625,512,32,64,3,label0,148,channel_energy_retained,0.5817790828651151,0.020919850475745908,148,0
svd_radon,3418,16,[3],selected,validation,cfp_stage3,0,256,0.0625,512,32,64,3,label1,148,self_relative,0.4285193494801602,0.014270975341281624,148,0
svd_radon,3418,16,[3],selected,validation,cfp_stage3,0,256,0.0625,512,32,64,3,label1,148,cross_relative,0.3564525096966478,0.027995016783468253,148,0
svd_radon,3418,16,[3],selected,validation,cfp_stage3,0,256,0.0625,512,32,64,3,label1,148,total_relative,0.5763619724093314,0.019166529823114,148,0
svd_radon,3418,16,[3],selected,validation,cfp_stage3,0,256,0.0625,512,32,64,3,label1,148,self_cross_cosine,0.07200946319319664,0.05925591815565324,148,0
svd_radon,3418,16,[3],selected,validation,cfp_stage3,0,256,0.0625,512,32,64,3,label1,148,energy_identity_relative_error,6.703937785895474e-17,5.3426277950176127e-17,148,0
svd_radon,3418,16,[3],selected,validation,cfp_stage3,0,256,0.0625,512,32,64,3,label1,148,channel_energy_retained,0.5790028340211557,0.021810160338062094,148,0
svd_radon,3418,16,[3],selected,validation,oct_stage3,0,256,0.0625,512,32,64,3,all,296,self_relative,1.4003227734615498,0.07047879771012502,296,0
svd_radon,3418,16,[3],selected,validation,oct_stage3,0,256,0.0625,512,32,64,3,all,296,cross_relative,1.7635557888482656,0.15126322491148123,296,0
svd_radon,3418,16,[3],selected,validation,oct_stage3,0,256,0.0625,512,32,64,3,all,296,total_relative,2.0287575492994683,0.11907904688298677,296,0
svd_radon,3418,16,[3],selected,validation,oct_stage3,0,256,0.0625,512,32,64,3,all,296,self_cross_cosine,-0.1956165672487324,0.04931996540461342,296,0
svd_radon,3418,16,[3],selected,validation,oct_stage3,0,256,0.0625,512,32,64,3,all,296,energy_identity_relative_error,7.35112711096933e-17,6.270884319345805e-17,296,0
svd_radon,3418,16,[3],selected,validation,oct_stage3,0,256,0.0625,512,32,64,3,all,296,channel_energy_retained,0.5306250754042764,0.018843231349338477,296,0
svd_radon,3418,16,[3],selected,validation,oct_stage3,0,256,0.0625,512,32,64,3,label0,148,self_relative,1.4034571478591622,0.06941918324162438,148,0
svd_radon,3418,16,[3],selected,validation,oct_stage3,0,256,0.0625,512,32,64,3,label0,148,cross_relative,1.7323401296195957,0.12804053489928918,148,0
svd_radon,3418,16,[3],selected,validation,oct_stage3,0,256,0.0625,512,32,64,3,label0,148,total_relative,2.0081783425414628,0.10472976671665106,148,0
svd_radon,3418,16,[3],selected,validation,oct_stage3,0,256,0.0625,512,32,64,3,label0,148,self_cross_cosine,-0.19393766558894354,0.05175876210322045,148,0
svd_radon,3418,16,[3],selected,validation,oct_stage3,0,256,0.0625,512,32,64,3,label0,148,energy_identity_relative_error,6.944710212640578e-17,6.0834001909106e-17,148,0
svd_radon,3418,16,[3],selected,validation,oct_stage3,0,256,0.0625,512,32,64,3,label0,148,channel_energy_retained,0.5309465613079768,0.0188609881822281,148,0
svd_radon,3418,16,[3],selected,validation,oct_stage3,0,256,0.0625,512,32,64,3,label1,148,self_relative,1.3971883990639367,0.07162057994976775,148,0
svd_radon,3418,16,[3],selected,validation,oct_stage3,0,256,0.0625,512,32,64,3,label1,148,cross_relative,1.794771448076935,0.16601296874738788,148,0
svd_radon,3418,16,[3],selected,validation,oct_stage3,0,256,0.0625,512,32,64,3,label1,148,total_relative,2.049336756057473,0.12897676796903132,148,0
svd_radon,3418,16,[3],selected,validation,oct_stage3,0,256,0.0625,512,32,64,3,label1,148,self_cross_cosine,-0.19729546890852123,0.04687024737767882,148,0
svd_radon,3418,16,[3],selected,validation,oct_stage3,0,256,0.0625,512,32,64,3,label1,148,energy_identity_relative_error,7.75754400929808e-17,6.447878401633773e-17,148,0
svd_radon,3418,16,[3],selected,validation,oct_stage3,0,256,0.0625,512,32,64,3,label1,148,channel_energy_retained,0.5303035895005762,0.018883992477510804,148,0
svd_radon,3418,16,[3],selected,test,cfp_stage3,0,256,0.0625,512,32,64,3,all,290,self_relative,0.42812157777793924,0.011561955294496223,290,0
svd_radon,3418,16,[3],selected,test,cfp_stage3,0,256,0.0625,512,32,64,3,all,290,cross_relative,0.3684847698820962,0.028561529156826887,290,0
svd_radon,3418,16,[3],selected,test,cfp_stage3,0,256,0.0625,512,32,64,3,all,290,total_relative,0.5790301673252727,0.01715855016490367,290,0
svd_radon,3418,16,[3],selected,test,cfp_stage3,0,256,0.0625,512,32,64,3,all,290,self_cross_cosine,0.05222753707641493,0.04995534342769845,290,0
svd_radon,3418,16,[3],selected,test,cfp_stage3,0,256,0.0625,512,32,64,3,all,290,energy_identity_relative_error,7.016731095461108e-17,5.5091228563726964e-17,290,0
svd_radon,3418,16,[3],selected,test,cfp_stage3,0,256,0.0625,512,32,64,3,all,290,channel_energy_retained,0.5798196377322965,0.022539127256387743,290,0
svd_radon,3418,16,[3],selected,test,cfp_stage3,0,256,0.0625,512,32,64,3,label0,145,self_relative,0.4284380659052066,0.011108372777585404,145,0
svd_radon,3418,16,[3],selected,test,cfp_stage3,0,256,0.0625,512,32,64,3,label0,145,cross_relative,0.37289212712445646,0.027607750329491254,145,0
svd_radon,3418,16,[3],selected,test,cfp_stage3,0,256,0.0625,512,32,64,3,label0,145,total_relative,0.5805271092195676,0.016757091293256563,145,0
svd_radon,3418,16,[3],selected,test,cfp_stage3,0,256,0.0625,512,32,64,3,label0,145,self_cross_cosine,0.045943078679335,0.04802753139474992,145,0
svd_radon,3418,16,[3],selected,test,cfp_stage3,0,256,0.0625,512,32,64,3,label0,145,energy_identity_relative_error,7.023084364379943e-17,5.1664181070854117e-17,145,0
svd_radon,3418,16,[3],selected,test,cfp_stage3,0,256,0.0625,512,32,64,3,label0,145,channel_energy_retained,0.5803343120568744,0.02302092547873417,145,0
svd_radon,3418,16,[3],selected,test,cfp_stage3,0,256,0.0625,512,32,64,3,label1,145,self_relative,0.42780508965067177,0.01202864410991018,145,0
svd_radon,3418,16,[3],selected,test,cfp_stage3,0,256,0.0625,512,32,64,3,label1,145,cross_relative,0.3640774126397357,0.028911583133689012,145,0
svd_radon,3418,16,[3],selected,test,cfp_stage3,0,256,0.0625,512,32,64,3,label1,145,total_relative,0.5775332254309776,0.017480370150675682,145,0
svd_radon,3418,16,[3],selected,test,cfp_stage3,0,256,0.0625,512,32,64,3,label1,145,self_cross_cosine,0.05851199547349485,0.05120763270521943,145,0
svd_radon,3418,16,[3],selected,test,cfp_stage3,0,256,0.0625,512,32,64,3,label1,145,energy_identity_relative_error,7.010377826542273e-17,5.849758871492126e-17,145,0
svd_radon,3418,16,[3],selected,test,cfp_stage3,0,256,0.0625,512,32,64,3,label1,145,channel_energy_retained,0.5793049634077184,0.02211460851150869,145,0
svd_radon,3418,16,[3],selected,test,oct_stage3,0,256,0.0625,512,32,64,3,all,290,self_relative,1.401109865015301,0.07118856848962674,290,0
svd_radon,3418,16,[3],selected,test,oct_stage3,0,256,0.0625,512,32,64,3,all,290,cross_relative,1.7544553053947542,0.13963291877183914,290,0
svd_radon,3418,16,[3],selected,test,oct_stage3,0,256,0.0625,512,32,64,3,all,290,total_relative,2.026295661860383,0.11182920023434359,290,0
svd_radon,3418,16,[3],selected,test,oct_stage3,0,256,0.0625,512,32,64,3,all,290,self_cross_cosine,-0.1919159351501574,0.048701785372680766,290,0
svd_radon,3418,16,[3],selected,test,oct_stage3,0,256,0.0625,512,32,64,3,all,290,energy_identity_relative_error,7.138079294298207e-17,5.825266457933535e-17,290,0
svd_radon,3418,16,[3],selected,test,oct_stage3,0,256,0.0625,512,32,64,3,all,290,channel_energy_retained,0.5306541608758507,0.022355538735755954,290,0
svd_radon,3418,16,[3],selected,test,oct_stage3,0,256,0.0625,512,32,64,3,label0,145,self_relative,1.397515975200604,0.07034890846000602,145,0
svd_radon,3418,16,[3],selected,test,oct_stage3,0,256,0.0625,512,32,64,3,label0,145,cross_relative,1.7466459475952922,0.14390495237826442,145,0
svd_radon,3418,16,[3],selected,test,oct_stage3,0,256,0.0625,512,32,64,3,label0,145,total_relative,2.016806889666356,0.11441597582510066,145,0
svd_radon,3418,16,[3],selected,test,oct_stage3,0,256,0.0625,512,32,64,3,label0,145,self_cross_cosine,-0.19337532407624938,0.04722832360652721,145,0
svd_radon,3418,16,[3],selected,test,oct_stage3,0,256,0.0625,512,32,64,3,label0,145,energy_identity_relative_error,7.114864257403117e-17,5.663671409410285e-17,145,0
svd_radon,3418,16,[3],selected,test,oct_stage3,0,256,0.0625,512,32,64,3,label0,145,channel_energy_retained,0.5313532376190767,0.023963292107982672,145,0
svd_radon,3418,16,[3],selected,test,oct_stage3,0,256,0.0625,512,32,64,3,label1,145,self_relative,1.4047037548299974,0.07208215666203978,145,0
svd_radon,3418,16,[3],selected,test,oct_stage3,0,256,0.0625,512,32,64,3,label1,145,cross_relative,1.7622646631942156,0.13527249462137272,145,0
svd_radon,3418,16,[3],selected,test,oct_stage3,0,256,0.0625,512,32,64,3,label1,145,total_relative,2.0357844340544107,0.1087476254668669,145,0
svd_radon,3418,16,[3],selected,test,oct_stage3,0,256,0.0625,512,32,64,3,label1,145,self_cross_cosine,-0.19045654622406546,0.05025331143825028,145,0
svd_radon,3418,16,[3],selected,test,oct_stage3,0,256,0.0625,512,32,64,3,label1,145,energy_identity_relative_error,7.161294331193297e-17,6.002070502327688e-17,145,0
svd_radon,3418,16,[3],selected,test,oct_stage3,0,256,0.0625,512,32,64,3,label1,145,channel_energy_retained,0.5299550841326244,0.020683019055675593,145,0
svd_radon,3418,32,[3],constructed_initial,train,cfp_stage3,0,256,0.125,1024,32,64,3,all,1264,self_relative,0.0,0.0,1264,0
svd_radon,3418,32,[3],constructed_initial,train,cfp_stage3,0,256,0.125,1024,32,64,3,all,1264,cross_relative,0.0,0.0,1264,0
svd_radon,3418,32,[3],constructed_initial,train,cfp_stage3,0,256,0.125,1024,32,64,3,all,1264,total_relative,0.0,0.0,1264,0
svd_radon,3418,32,[3],constructed_initial,train,cfp_stage3,0,256,0.125,1024,32,64,3,all,1264,self_cross_cosine,,,0,1264
svd_radon,3418,32,[3],constructed_initial,train,cfp_stage3,0,256,0.125,1024,32,64,3,all,1264,energy_identity_relative_error,0.0,0.0,1264,0
svd_radon,3418,32,[3],constructed_initial,train,cfp_stage3,0,256,0.125,1024,32,64,3,all,1264,channel_energy_retained,0.7504276667494172,0.025184810321349414,1264,0
svd_radon,3418,32,[3],constructed_initial,train,cfp_stage3,0,256,0.125,1024,32,64,3,label0,632,self_relative,0.0,0.0,632,0
svd_radon,3418,32,[3],constructed_initial,train,cfp_stage3,0,256,0.125,1024,32,64,3,label0,632,cross_relative,0.0,0.0,632,0
svd_radon,3418,32,[3],constructed_initial,train,cfp_stage3,0,256,0.125,1024,32,64,3,label0,632,total_relative,0.0,0.0,632,0
svd_radon,3418,32,[3],constructed_initial,train,cfp_stage3,0,256,0.125,1024,32,64,3,label0,632,self_cross_cosine,,,0,632
svd_radon,3418,32,[3],constructed_initial,train,cfp_stage3,0,256,0.125,1024,32,64,3,label0,632,energy_identity_relative_error,0.0,0.0,632,0
svd_radon,3418,32,[3],constructed_initial,train,cfp_stage3,0,256,0.125,1024,32,64,3,label0,632,channel_energy_retained,0.752977470000439,0.02352114043556164,632,0
svd_radon,3418,32,[3],constructed_initial,train,cfp_stage3,0,256,0.125,1024,32,64,3,label1,632,self_relative,0.0,0.0,632,0
svd_radon,3418,32,[3],constructed_initial,train,cfp_stage3,0,256,0.125,1024,32,64,3,label1,632,cross_relative,0.0,0.0,632,0
svd_radon,3418,32,[3],constructed_initial,train,cfp_stage3,0,256,0.125,1024,32,64,3,label1,632,total_relative,0.0,0.0,632,0
svd_radon,3418,32,[3],constructed_initial,train,cfp_stage3,0,256,0.125,1024,32,64,3,label1,632,self_cross_cosine,,,0,632
svd_radon,3418,32,[3],constructed_initial,train,cfp_stage3,0,256,0.125,1024,32,64,3,label1,632,energy_identity_relative_error,0.0,0.0,632,0
svd_radon,3418,32,[3],constructed_initial,train,cfp_stage3,0,256,0.125,1024,32,64,3,label1,632,channel_energy_retained,0.7478778634983948,0.02651955663107056,632,0
svd_radon,3418,32,[3],constructed_initial,train,oct_stage3,0,256,0.125,1024,32,64,3,all,1264,self_relative,0.0,0.0,1264,0
svd_radon,3418,32,[3],constructed_initial,train,oct_stage3,0,256,0.125,1024,32,64,3,all,1264,cross_relative,0.0,0.0,1264,0
svd_radon,3418,32,[3],constructed_initial,train,oct_stage3,0,256,0.125,1024,32,64,3,all,1264,total_relative,0.0,0.0,1264,0
svd_radon,3418,32,[3],constructed_initial,train,oct_stage3,0,256,0.125,1024,32,64,3,all,1264,self_cross_cosine,,,0,1264
svd_radon,3418,32,[3],constructed_initial,train,oct_stage3,0,256,0.125,1024,32,64,3,all,1264,energy_identity_relative_error,0.0,0.0,1264,0
svd_radon,3418,32,[3],constructed_initial,train,oct_stage3,0,256,0.125,1024,32,64,3,all,1264,channel_energy_retained,0.7557859072774445,0.029743221520202204,1264,0
svd_radon,3418,32,[3],constructed_initial,train,oct_stage3,0,256,0.125,1024,32,64,3,label0,632,self_relative,0.0,0.0,632,0
svd_radon,3418,32,[3],constructed_initial,train,oct_stage3,0,256,0.125,1024,32,64,3,label0,632,cross_relative,0.0,0.0,632,0
svd_radon,3418,32,[3],constructed_initial,train,oct_stage3,0,256,0.125,1024,32,64,3,label0,632,total_relative,0.0,0.0,632,0
svd_radon,3418,32,[3],constructed_initial,train,oct_stage3,0,256,0.125,1024,32,64,3,label0,632,self_cross_cosine,,,0,632
svd_radon,3418,32,[3],constructed_initial,train,oct_stage3,0,256,0.125,1024,32,64,3,label0,632,energy_identity_relative_error,0.0,0.0,632,0
svd_radon,3418,32,[3],constructed_initial,train,oct_stage3,0,256,0.125,1024,32,64,3,label0,632,channel_energy_retained,0.7568407585331699,0.02888447668135879,632,0
svd_radon,3418,32,[3],constructed_initial,train,oct_stage3,0,256,0.125,1024,32,64,3,label1,632,self_relative,0.0,0.0,632,0
svd_radon,3418,32,[3],constructed_initial,train,oct_stage3,0,256,0.125,1024,32,64,3,label1,632,cross_relative,0.0,0.0,632,0
svd_radon,3418,32,[3],constructed_initial,train,oct_stage3,0,256,0.125,1024,32,64,3,label1,632,total_relative,0.0,0.0,632,0
svd_radon,3418,32,[3],constructed_initial,train,oct_stage3,0,256,0.125,1024,32,64,3,label1,632,self_cross_cosine,,,0,632
svd_radon,3418,32,[3],constructed_initial,train,oct_stage3,0,256,0.125,1024,32,64,3,label1,632,energy_identity_relative_error,0.0,0.0,632,0
svd_radon,3418,32,[3],constructed_initial,train,oct_stage3,0,256,0.125,1024,32,64,3,label1,632,channel_energy_retained,0.7547310560217186,0.030564333889148122,632,0
svd_radon,3418,32,[3],constructed_initial,validation,cfp_stage3,0,256,0.125,1024,32,64,3,all,296,self_relative,0.0,0.0,296,0
svd_radon,3418,32,[3],constructed_initial,validation,cfp_stage3,0,256,0.125,1024,32,64,3,all,296,cross_relative,0.0,0.0,296,0
svd_radon,3418,32,[3],constructed_initial,validation,cfp_stage3,0,256,0.125,1024,32,64,3,all,296,total_relative,0.0,0.0,296,0
svd_radon,3418,32,[3],constructed_initial,validation,cfp_stage3,0,256,0.125,1024,32,64,3,all,296,self_cross_cosine,,,0,296
svd_radon,3418,32,[3],constructed_initial,validation,cfp_stage3,0,256,0.125,1024,32,64,3,all,296,energy_identity_relative_error,0.0,0.0,296,0
svd_radon,3418,32,[3],constructed_initial,validation,cfp_stage3,0,256,0.125,1024,32,64,3,all,296,channel_energy_retained,0.7499933143966734,0.024921548278052808,296,0
svd_radon,3418,32,[3],constructed_initial,validation,cfp_stage3,0,256,0.125,1024,32,64,3,label0,148,self_relative,0.0,0.0,148,0
svd_radon,3418,32,[3],constructed_initial,validation,cfp_stage3,0,256,0.125,1024,32,64,3,label0,148,cross_relative,0.0,0.0,148,0
svd_radon,3418,32,[3],constructed_initial,validation,cfp_stage3,0,256,0.125,1024,32,64,3,label0,148,total_relative,0.0,0.0,148,0
svd_radon,3418,32,[3],constructed_initial,validation,cfp_stage3,0,256,0.125,1024,32,64,3,label0,148,self_cross_cosine,,,0,148
svd_radon,3418,32,[3],constructed_initial,validation,cfp_stage3,0,256,0.125,1024,32,64,3,label0,148,energy_identity_relative_error,0.0,0.0,148,0
svd_radon,3418,32,[3],constructed_initial,validation,cfp_stage3,0,256,0.125,1024,32,64,3,label0,148,channel_energy_retained,0.7515056015645983,0.0242319326903368,148,0
svd_radon,3418,32,[3],constructed_initial,validation,cfp_stage3,0,256,0.125,1024,32,64,3,label1,148,self_relative,0.0,0.0,148,0
svd_radon,3418,32,[3],constructed_initial,validation,cfp_stage3,0,256,0.125,1024,32,64,3,label1,148,cross_relative,0.0,0.0,148,0
svd_radon,3418,32,[3],constructed_initial,validation,cfp_stage3,0,256,0.125,1024,32,64,3,label1,148,total_relative,0.0,0.0,148,0
svd_radon,3418,32,[3],constructed_initial,validation,cfp_stage3,0,256,0.125,1024,32,64,3,label1,148,self_cross_cosine,,,0,148
svd_radon,3418,32,[3],constructed_initial,validation,cfp_stage3,0,256,0.125,1024,32,64,3,label1,148,energy_identity_relative_error,0.0,0.0,148,0
svd_radon,3418,32,[3],constructed_initial,validation,cfp_stage3,0,256,0.125,1024,32,64,3,label1,148,channel_energy_retained,0.7484810272287482,0.02558516157383018,148,0
svd_radon,3418,32,[3],constructed_initial,validation,oct_stage3,0,256,0.125,1024,32,64,3,all,296,self_relative,0.0,0.0,296,0
svd_radon,3418,32,[3],constructed_initial,validation,oct_stage3,0,256,0.125,1024,32,64,3,all,296,cross_relative,0.0,0.0,296,0
svd_radon,3418,32,[3],constructed_initial,validation,oct_stage3,0,256,0.125,1024,32,64,3,all,296,total_relative,0.0,0.0,296,0
svd_radon,3418,32,[3],constructed_initial,validation,oct_stage3,0,256,0.125,1024,32,64,3,all,296,self_cross_cosine,,,0,296
svd_radon,3418,32,[3],constructed_initial,validation,oct_stage3,0,256,0.125,1024,32,64,3,all,296,energy_identity_relative_error,0.0,0.0,296,0
svd_radon,3418,32,[3],constructed_initial,validation,oct_stage3,0,256,0.125,1024,32,64,3,all,296,channel_energy_retained,0.756434606893427,0.028561384410765847,296,0
svd_radon,3418,32,[3],constructed_initial,validation,oct_stage3,0,256,0.125,1024,32,64,3,label0,148,self_relative,0.0,0.0,148,0
svd_radon,3418,32,[3],constructed_initial,validation,oct_stage3,0,256,0.125,1024,32,64,3,label0,148,cross_relative,0.0,0.0,148,0
svd_radon,3418,32,[3],constructed_initial,validation,oct_stage3,0,256,0.125,1024,32,64,3,label0,148,total_relative,0.0,0.0,148,0
svd_radon,3418,32,[3],constructed_initial,validation,oct_stage3,0,256,0.125,1024,32,64,3,label0,148,self_cross_cosine,,,0,148
svd_radon,3418,32,[3],constructed_initial,validation,oct_stage3,0,256,0.125,1024,32,64,3,label0,148,energy_identity_relative_error,0.0,0.0,148,0
svd_radon,3418,32,[3],constructed_initial,validation,oct_stage3,0,256,0.125,1024,32,64,3,label0,148,channel_energy_retained,0.7556330882961682,0.026833173437050595,148,0
svd_radon,3418,32,[3],constructed_initial,validation,oct_stage3,0,256,0.125,1024,32,64,3,label1,148,self_relative,0.0,0.0,148,0
svd_radon,3418,32,[3],constructed_initial,validation,oct_stage3,0,256,0.125,1024,32,64,3,label1,148,cross_relative,0.0,0.0,148,0
svd_radon,3418,32,[3],constructed_initial,validation,oct_stage3,0,256,0.125,1024,32,64,3,label1,148,total_relative,0.0,0.0,148,0
svd_radon,3418,32,[3],constructed_initial,validation,oct_stage3,0,256,0.125,1024,32,64,3,label1,148,self_cross_cosine,,,0,148
svd_radon,3418,32,[3],constructed_initial,validation,oct_stage3,0,256,0.125,1024,32,64,3,label1,148,energy_identity_relative_error,0.0,0.0,148,0
svd_radon,3418,32,[3],constructed_initial,validation,oct_stage3,0,256,0.125,1024,32,64,3,label1,148,channel_energy_retained,0.7572361254906859,0.030261227593674285,148,0
svd_radon,3418,32,[3],constructed_initial,test,cfp_stage3,0,256,0.125,1024,32,64,3,all,290,self_relative,0.0,0.0,290,0
svd_radon,3418,32,[3],constructed_initial,test,cfp_stage3,0,256,0.125,1024,32,64,3,all,290,cross_relative,0.0,0.0,290,0
svd_radon,3418,32,[3],constructed_initial,test,cfp_stage3,0,256,0.125,1024,32,64,3,all,290,total_relative,0.0,0.0,290,0
svd_radon,3418,32,[3],constructed_initial,test,cfp_stage3,0,256,0.125,1024,32,64,3,all,290,self_cross_cosine,,,0,290
svd_radon,3418,32,[3],constructed_initial,test,cfp_stage3,0,256,0.125,1024,32,64,3,all,290,energy_identity_relative_error,0.0,0.0,290,0
svd_radon,3418,32,[3],constructed_initial,test,cfp_stage3,0,256,0.125,1024,32,64,3,all,290,channel_energy_retained,0.7497092503154227,0.025693003899202163,290,0
svd_radon,3418,32,[3],constructed_initial,test,cfp_stage3,0,256,0.125,1024,32,64,3,label0,145,self_relative,0.0,0.0,145,0
svd_radon,3418,32,[3],constructed_initial,test,cfp_stage3,0,256,0.125,1024,32,64,3,label0,145,cross_relative,0.0,0.0,145,0
svd_radon,3418,32,[3],constructed_initial,test,cfp_stage3,0,256,0.125,1024,32,64,3,label0,145,total_relative,0.0,0.0,145,0
svd_radon,3418,32,[3],constructed_initial,test,cfp_stage3,0,256,0.125,1024,32,64,3,label0,145,self_cross_cosine,,,0,145
svd_radon,3418,32,[3],constructed_initial,test,cfp_stage3,0,256,0.125,1024,32,64,3,label0,145,energy_identity_relative_error,0.0,0.0,145,0
svd_radon,3418,32,[3],constructed_initial,test,cfp_stage3,0,256,0.125,1024,32,64,3,label0,145,channel_energy_retained,0.7491090140382886,0.025748825925155178,145,0
svd_radon,3418,32,[3],constructed_initial,test,cfp_stage3,0,256,0.125,1024,32,64,3,label1,145,self_relative,0.0,0.0,145,0
svd_radon,3418,32,[3],constructed_initial,test,cfp_stage3,0,256,0.125,1024,32,64,3,label1,145,cross_relative,0.0,0.0,145,0
svd_radon,3418,32,[3],constructed_initial,test,cfp_stage3,0,256,0.125,1024,32,64,3,label1,145,total_relative,0.0,0.0,145,0
svd_radon,3418,32,[3],constructed_initial,test,cfp_stage3,0,256,0.125,1024,32,64,3,label1,145,self_cross_cosine,,,0,145
svd_radon,3418,32,[3],constructed_initial,test,cfp_stage3,0,256,0.125,1024,32,64,3,label1,145,energy_identity_relative_error,0.0,0.0,145,0
svd_radon,3418,32,[3],constructed_initial,test,cfp_stage3,0,256,0.125,1024,32,64,3,label1,145,channel_energy_retained,0.7503094865925574,0.025712205862586303,145,0
svd_radon,3418,32,[3],constructed_initial,test,oct_stage3,0,256,0.125,1024,32,64,3,all,290,self_relative,0.0,0.0,290,0
svd_radon,3418,32,[3],constructed_initial,test,oct_stage3,0,256,0.125,1024,32,64,3,all,290,cross_relative,0.0,0.0,290,0
svd_radon,3418,32,[3],constructed_initial,test,oct_stage3,0,256,0.125,1024,32,64,3,all,290,total_relative,0.0,0.0,290,0
svd_radon,3418,32,[3],constructed_initial,test,oct_stage3,0,256,0.125,1024,32,64,3,all,290,self_cross_cosine,,,0,290
svd_radon,3418,32,[3],constructed_initial,test,oct_stage3,0,256,0.125,1024,32,64,3,all,290,energy_identity_relative_error,0.0,0.0,290,0
svd_radon,3418,32,[3],constructed_initial,test,oct_stage3,0,256,0.125,1024,32,64,3,all,290,channel_energy_retained,0.754365460734058,0.0343012275991245,290,0
svd_radon,3418,32,[3],constructed_initial,test,oct_stage3,0,256,0.125,1024,32,64,3,label0,145,self_relative,0.0,0.0,145,0
svd_radon,3418,32,[3],constructed_initial,test,oct_stage3,0,256,0.125,1024,32,64,3,label0,145,cross_relative,0.0,0.0,145,0
svd_radon,3418,32,[3],constructed_initial,test,oct_stage3,0,256,0.125,1024,32,64,3,label0,145,total_relative,0.0,0.0,145,0
svd_radon,3418,32,[3],constructed_initial,test,oct_stage3,0,256,0.125,1024,32,64,3,label0,145,self_cross_cosine,,,0,145
svd_radon,3418,32,[3],constructed_initial,test,oct_stage3,0,256,0.125,1024,32,64,3,label0,145,energy_identity_relative_error,0.0,0.0,145,0
svd_radon,3418,32,[3],constructed_initial,test,oct_stage3,0,256,0.125,1024,32,64,3,label0,145,channel_energy_retained,0.7563259204670185,0.03437054646659388,145,0
svd_radon,3418,32,[3],constructed_initial,test,oct_stage3,0,256,0.125,1024,32,64,3,label1,145,self_relative,0.0,0.0,145,0
svd_radon,3418,32,[3],constructed_initial,test,oct_stage3,0,256,0.125,1024,32,64,3,label1,145,cross_relative,0.0,0.0,145,0
svd_radon,3418,32,[3],constructed_initial,test,oct_stage3,0,256,0.125,1024,32,64,3,label1,145,total_relative,0.0,0.0,145,0
svd_radon,3418,32,[3],constructed_initial,test,oct_stage3,0,256,0.125,1024,32,64,3,label1,145,self_cross_cosine,,,0,145
svd_radon,3418,32,[3],constructed_initial,test,oct_stage3,0,256,0.125,1024,32,64,3,label1,145,energy_identity_relative_error,0.0,0.0,145,0
svd_radon,3418,32,[3],constructed_initial,test,oct_stage3,0,256,0.125,1024,32,64,3,label1,145,channel_energy_retained,0.7524050010010976,0.03423805535005474,145,0
svd_radon,3418,32,[3],selected,train,cfp_stage3,0,256,0.125,1024,32,64,3,all,1264,self_relative,1.5379302307249934,0.03728036096656661,1264,0
svd_radon,3418,32,[3],selected,train,cfp_stage3,0,256,0.125,1024,32,64,3,all,1264,cross_relative,0.9434528741141273,0.045710676891275184,1264,0
svd_radon,3418,32,[3],selected,train,cfp_stage3,0,256,0.125,1024,32,64,3,all,1264,total_relative,2.217928281139462,0.06245657281733771,1264,0
svd_radon,3418,32,[3],selected,train,cfp_stage3,0,256,0.125,1024,32,64,3,all,1264,self_cross_cosine,0.5732331407700839,0.020479551920616214,1264,0
svd_radon,3418,32,[3],selected,train,cfp_stage3,0,256,0.125,1024,32,64,3,all,1264,energy_identity_relative_error,5.505788710301016e-17,5.16129146740154e-17,1264,0
svd_radon,3418,32,[3],selected,train,cfp_stage3,0,256,0.125,1024,32,64,3,all,1264,channel_energy_retained,0.6176496703910288,0.018921322919123223,1264,0
svd_radon,3418,32,[3],selected,train,cfp_stage3,0,256,0.125,1024,32,64,3,label0,632,self_relative,1.5567006282707296,0.029506841474634466,632,0
svd_radon,3418,32,[3],selected,train,cfp_stage3,0,256,0.125,1024,32,64,3,label0,632,cross_relative,0.9635990094768073,0.03996501377869097,632,0
svd_radon,3418,32,[3],selected,train,cfp_stage3,0,256,0.125,1024,32,64,3,label0,632,total_relative,2.2568485630584205,0.04444483082601985,632,0
svd_radon,3418,32,[3],selected,train,cfp_stage3,0,256,0.125,1024,32,64,3,label0,632,self_cross_cosine,0.5805447357029743,0.01882049939690126,632,0
svd_radon,3418,32,[3],selected,train,cfp_stage3,0,256,0.125,1024,32,64,3,label0,632,energy_identity_relative_error,5.2497422176892445e-17,5.1722915182854073e-17,632,0
svd_radon,3418,32,[3],selected,train,cfp_stage3,0,256,0.125,1024,32,64,3,label0,632,channel_energy_retained,0.6223505532571381,0.01792725284789254,632,0
svd_radon,3418,32,[3],selected,train,cfp_stage3,0,256,0.125,1024,32,64,3,label1,632,self_relative,1.5191598331792577,0.03471926170102558,632,0
svd_radon,3418,32,[3],selected,train,cfp_stage3,0,256,0.125,1024,32,64,3,label1,632,cross_relative,0.9233067387514475,0.04209538014838563,632,0
svd_radon,3418,32,[3],selected,train,cfp_stage3,0,256,0.125,1024,32,64,3,label1,632,total_relative,2.1790079992205045,0.05289714585388257,632,0
svd_radon,3418,32,[3],selected,train,cfp_stage3,0,256,0.125,1024,32,64,3,label1,632,self_cross_cosine,0.5659215458371932,0.019447089503047268,632,0
svd_radon,3418,32,[3],selected,train,cfp_stage3,0,256,0.125,1024,32,64,3,label1,632,energy_identity_relative_error,5.761835202912787e-17,5.1416095989158975e-17,632,0
svd_radon,3418,32,[3],selected,train,cfp_stage3,0,256,0.125,1024,32,64,3,label1,632,channel_energy_retained,0.6129487875249199,0.01873358655583489,632,0
svd_radon,3418,32,[3],selected,train,oct_stage3,0,256,0.125,1024,32,64,3,all,1264,self_relative,2.845080824692253,0.07384864808332582,1264,0
svd_radon,3418,32,[3],selected,train,oct_stage3,0,256,0.125,1024,32,64,3,all,1264,cross_relative,5.684021632653785,1.1422769547121352,1264,0
svd_radon,3418,32,[3],selected,train,oct_stage3,0,256,0.125,1024,32,64,3,all,1264,total_relative,6.8995213546368275,0.9315202776974854,1264,0
svd_radon,3418,32,[3],selected,train,oct_stage3,0,256,0.125,1024,32,64,3,all,1264,self_cross_cosine,0.21998246197624294,0.07027478142328607,1264,0
svd_radon,3418,32,[3],selected,train,oct_stage3,0,256,0.125,1024,32,64,3,all,1264,energy_identity_relative_error,8.652792447146609e-17,6.793742974059555e-17,1264,0
svd_radon,3418,32,[3],selected,train,oct_stage3,0,256,0.125,1024,32,64,3,all,1264,channel_energy_retained,0.5723710801700054,0.013592366908477028,1264,0
svd_radon,3418,32,[3],selected,train,oct_stage3,0,256,0.125,1024,32,64,3,label0,632,self_relative,2.8370504232403873,0.07106686858919706,632,0
svd_radon,3418,32,[3],selected,train,oct_stage3,0,256,0.125,1024,32,64,3,label0,632,cross_relative,4.617283983703898,0.321436791089392,632,0
svd_radon,3418,32,[3],selected,train,oct_stage3,0,256,0.125,1024,32,64,3,label0,632,total_relative,6.044268679897675,0.2830758727722108,632,0
svd_radon,3418,32,[3],selected,train,oct_stage3,0,256,0.125,1024,32,64,3,label0,632,self_cross_cosine,0.27352606511500477,0.04952553502046059,632,0
svd_radon,3418,32,[3],selected,train,oct_stage3,0,256,0.125,1024,32,64,3,label0,632,energy_identity_relative_error,7.777100122531165e-17,5.997728031856088e-17,632,0
svd_radon,3418,32,[3],selected,train,oct_stage3,0,256,0.125,1024,32,64,3,label0,632,channel_energy_retained,0.569625870371813,0.013578208525740081,632,0
svd_radon,3418,32,[3],selected,train,oct_stage3,0,256,0.125,1024,32,64,3,label1,632,self_relative,2.8531112261441147,0.07573776844846605,632,0
svd_radon,3418,32,[3],selected,train,oct_stage3,0,256,0.125,1024,32,64,3,label1,632,cross_relative,6.750759281603675,0.4784081137720796,632,0
svd_radon,3418,32,[3],selected,train,oct_stage3,0,256,0.125,1024,32,64,3,label1,632,total_relative,7.754774029375981,0.437573526147895,632,0
svd_radon,3418,32,[3],selected,train,oct_stage3,0,256,0.125,1024,32,64,3,label1,632,self_cross_cosine,0.1664388588374811,0.04110007239047805,632,0
svd_radon,3418,32,[3],selected,train,oct_stage3,0,256,0.125,1024,32,64,3,label1,632,energy_identity_relative_error,9.528484771762053e-17,7.407711301197464e-17,632,0
svd_radon,3418,32,[3],selected,train,oct_stage3,0,256,0.125,1024,32,64,3,label1,632,channel_energy_retained,0.5751162899681971,0.01305119467867986,632,0
svd_radon,3418,32,[3],selected,validation,cfp_stage3,0,256,0.125,1024,32,64,3,all,296,self_relative,1.5381203485806056,0.03329834329518153,296,0
svd_radon,3418,32,[3],selected,validation,cfp_stage3,0,256,0.125,1024,32,64,3,all,296,cross_relative,0.9481845053765299,0.04321636526714008,296,0
svd_radon,3418,32,[3],selected,validation,cfp_stage3,0,256,0.125,1024,32,64,3,all,296,total_relative,2.221523652233628,0.05311862168615768,296,0
svd_radon,3418,32,[3],selected,validation,cfp_stage3,0,256,0.125,1024,32,64,3,all,296,self_cross_cosine,0.572555588967504,0.02035010220811415,296,0
svd_radon,3418,32,[3],selected,validation,cfp_stage3,0,256,0.125,1024,32,64,3,all,296,energy_identity_relative_error,5.771445088887397e-17,5.228483881464434e-17,296,0
svd_radon,3418,32,[3],selected,validation,cfp_stage3,0,256,0.125,1024,32,64,3,all,296,channel_energy_retained,0.6184990016439329,0.018589249312985397,296,0
svd_radon,3418,32,[3],selected,validation,cfp_stage3,0,256,0.125,1024,32,64,3,label0,148,self_relative,1.5416092736814735,0.029445456458382153,148,0
svd_radon,3418,32,[3],selected,validation,cfp_stage3,0,256,0.125,1024,32,64,3,label0,148,cross_relative,0.953087111968319,0.040480033678527316,148,0
svd_radon,3418,32,[3],selected,validation,cfp_stage3,0,256,0.125,1024,32,64,3,label0,148,total_relative,2.229483768831101,0.04667680559955953,148,0
svd_radon,3418,32,[3],selected,validation,cfp_stage3,0,256,0.125,1024,32,64,3,label0,148,self_cross_cosine,0.573609731277009,0.01967484058218181,148,0
svd_radon,3418,32,[3],selected,validation,cfp_stage3,0,256,0.125,1024,32,64,3,label0,148,energy_identity_relative_error,6.070572900737653e-17,5.491541529726361e-17,148,0
svd_radon,3418,32,[3],selected,validation,cfp_stage3,0,256,0.125,1024,32,64,3,label0,148,channel_energy_retained,0.6192493628164629,0.01813437996305842,148,0
svd_radon,3418,32,[3],selected,validation,cfp_stage3,0,256,0.125,1024,32,64,3,label1,148,self_relative,1.5346314234797382,0.03651789061374812,148,0
svd_radon,3418,32,[3],selected,validation,cfp_stage3,0,256,0.125,1024,32,64,3,label1,148,cross_relative,0.9432818987847408,0.04539804335975627,148,0
svd_radon,3418,32,[3],selected,validation,cfp_stage3,0,256,0.125,1024,32,64,3,label1,148,total_relative,2.2135635356361547,0.05793148741704818,148,0
svd_radon,3418,32,[3],selected,validation,cfp_stage3,0,256,0.125,1024,32,64,3,label1,148,self_cross_cosine,0.5715014466579993,0.021017459536933437,148,0
svd_radon,3418,32,[3],selected,validation,cfp_stage3,0,256,0.125,1024,32,64,3,label1,148,energy_identity_relative_error,5.472317277037139e-17,4.952055435123395e-17,148,0
svd_radon,3418,32,[3],selected,validation,cfp_stage3,0,256,0.125,1024,32,64,3,label1,148,channel_energy_retained,0.6177486404714031,0.019065194695456224,148,0
svd_radon,3418,32,[3],selected,validation,oct_stage3,0,256,0.125,1024,32,64,3,all,296,self_relative,2.848554752130671,0.07234983837451553,296,0
svd_radon,3418,32,[3],selected,validation,oct_stage3,0,256,0.125,1024,32,64,3,all,296,cross_relative,5.6260195622626465,0.7484335554789389,296,0
svd_radon,3418,32,[3],selected,validation,oct_stage3,0,256,0.125,1024,32,64,3,all,296,total_relative,6.829968008406688,0.6482886811684653,296,0
svd_radon,3418,32,[3],selected,validation,oct_stage3,0,256,0.125,1024,32,64,3,all,296,self_cross_cosine,0.21346928673590088,0.04943692631661673,296,0
svd_radon,3418,32,[3],selected,validation,oct_stage3,0,256,0.125,1024,32,64,3,all,296,energy_identity_relative_error,8.300508098441896e-17,6.474118124121101e-17,296,0
svd_radon,3418,32,[3],selected,validation,oct_stage3,0,256,0.125,1024,32,64,3,all,296,channel_energy_retained,0.5727284842350455,0.013367593401589916,296,0
svd_radon,3418,32,[3],selected,validation,oct_stage3,0,256,0.125,1024,32,64,3,label0,148,self_relative,2.84367468479764,0.07021125025221216,148,0
svd_radon,3418,32,[3],selected,validation,oct_stage3,0,256,0.125,1024,32,64,3,label0,148,cross_relative,5.403508426651825,0.6413974588847048,148,0
svd_radon,3418,32,[3],selected,validation,oct_stage3,0,256,0.125,1024,32,64,3,label0,148,total_relative,6.625534729344579,0.5423807408486192,148,0
svd_radon,3418,32,[3],selected,validation,oct_stage3,0,256,0.125,1024,32,64,3,label0,148,self_cross_cosine,0.21426803745068265,0.0489761702144621,148,0
svd_radon,3418,32,[3],selected,validation,oct_stage3,0,256,0.125,1024,32,64,3,label0,148,energy_identity_relative_error,7.87008929934021e-17,6.166219429814449e-17,148,0
svd_radon,3418,32,[3],selected,validation,oct_stage3,0,256,0.125,1024,32,64,3,label0,148,channel_energy_retained,0.5725983711042164,0.013562970188823955,148,0
svd_radon,3418,32,[3],selected,validation,oct_stage3,0,256,0.125,1024,32,64,3,label1,148,self_relative,2.8534348194637023,0.0743440197488903,148,0
svd_radon,3418,32,[3],selected,validation,oct_stage3,0,256,0.125,1024,32,64,3,label1,148,cross_relative,5.848530697873471,0.782961942920442,148,0
svd_radon,3418,32,[3],selected,validation,oct_stage3,0,256,0.125,1024,32,64,3,label1,148,total_relative,7.034401287468797,0.6819707125208402,148,0
svd_radon,3418,32,[3],selected,validation,oct_stage3,0,256,0.125,1024,32,64,3,label1,148,self_cross_cosine,0.21267053602111916,0.050046931463285184,148,0
svd_radon,3418,32,[3],selected,validation,oct_stage3,0,256,0.125,1024,32,64,3,label1,148,energy_identity_relative_error,8.730926897543578e-17,6.761526331307474e-17,148,0
svd_radon,3418,32,[3],selected,validation,oct_stage3,0,256,0.125,1024,32,64,3,label1,148,channel_energy_retained,0.5728585973658749,0.01321410052831557,148,0
svd_radon,3418,32,[3],selected,test,cfp_stage3,0,256,0.125,1024,32,64,3,all,290,self_relative,1.5393097798188204,0.03326887380379571,290,0
svd_radon,3418,32,[3],selected,test,cfp_stage3,0,256,0.125,1024,32,64,3,all,290,cross_relative,0.9477950814740135,0.042439160778344975,290,0
svd_radon,3418,32,[3],selected,test,cfp_stage3,0,256,0.125,1024,32,64,3,all,290,total_relative,2.223153185846583,0.05319104806406451,290,0
svd_radon,3418,32,[3],selected,test,cfp_stage3,0,256,0.125,1024,32,64,3,all,290,self_cross_cosine,0.5738601039165157,0.02017951301548604,290,0
svd_radon,3418,32,[3],selected,test,cfp_stage3,0,256,0.125,1024,32,64,3,all,290,energy_identity_relative_error,5.187145096962114e-17,5.102296576338151e-17,290,0
svd_radon,3418,32,[3],selected,test,cfp_stage3,0,256,0.125,1024,32,64,3,all,290,channel_energy_retained,0.6187406445583813,0.018708616608163246,290,0
svd_radon,3418,32,[3],selected,test,cfp_stage3,0,256,0.125,1024,32,64,3,label0,145,self_relative,1.5451681821196654,0.029760913041012846,145,0
svd_radon,3418,32,[3],selected,test,cfp_stage3,0,256,0.125,1024,32,64,3,label0,145,cross_relative,0.9521357826062048,0.04258105358806645,145,0
svd_radon,3418,32,[3],selected,test,cfp_stage3,0,256,0.125,1024,32,64,3,label0,145,total_relative,2.2331207433969684,0.04510481594172644,145,0
svd_radon,3418,32,[3],selected,test,cfp_stage3,0,256,0.125,1024,32,64,3,label0,145,self_cross_cosine,0.5752304723084817,0.021355836486000944,145,0
svd_radon,3418,32,[3],selected,test,cfp_stage3,0,256,0.125,1024,32,64,3,label0,145,energy_identity_relative_error,5.3198462924934e-17,5.325928987018458e-17,145,0
svd_radon,3418,32,[3],selected,test,cfp_stage3,0,256,0.125,1024,32,64,3,label0,145,channel_energy_retained,0.6194624913727476,0.018910863518147282,145,0
svd_radon,3418,32,[3],selected,test,cfp_stage3,0,256,0.125,1024,32,64,3,label1,145,self_relative,1.5334513775179754,0.03558780388396871,145,0
svd_radon,3418,32,[3],selected,test,cfp_stage3,0,256,0.125,1024,32,64,3,label1,145,cross_relative,0.9434543803418225,0.041995012372721394,145,0
svd_radon,3418,32,[3],selected,test,cfp_stage3,0,256,0.125,1024,32,64,3,label1,145,total_relative,2.2131856282961975,0.0586829983805446,145,0
svd_radon,3418,32,[3],selected,test,cfp_stage3,0,256,0.125,1024,32,64,3,label1,145,self_cross_cosine,0.5724897355245494,0.018905017964028895,145,0
svd_radon,3418,32,[3],selected,test,cfp_stage3,0,256,0.125,1024,32,64,3,label1,145,energy_identity_relative_error,5.054443901430828e-17,4.8833047262458164e-17,145,0
svd_radon,3418,32,[3],selected,test,cfp_stage3,0,256,0.125,1024,32,64,3,label1,145,channel_energy_retained,0.618018797744015,0.01854144520710733,145,0
svd_radon,3418,32,[3],selected,test,oct_stage3,0,256,0.125,1024,32,64,3,all,290,self_relative,2.8540230062597014,0.08801209123448925,290,0
svd_radon,3418,32,[3],selected,test,oct_stage3,0,256,0.125,1024,32,64,3,all,290,cross_relative,5.590853154180997,0.6888624561870591,290,0
svd_radon,3418,32,[3],selected,test,oct_stage3,0,256,0.125,1024,32,64,3,all,290,total_relative,6.802788690779197,0.5943877812168438,290,0
svd_radon,3418,32,[3],selected,test,oct_stage3,0,256,0.125,1024,32,64,3,all,290,self_cross_cosine,0.21437371362883342,0.048066447934049086,290,0
svd_radon,3418,32,[3],selected,test,oct_stage3,0,256,0.125,1024,32,64,3,all,290,energy_identity_relative_error,8.987025301513062e-17,6.839322713775617e-17,290,0
svd_radon,3418,32,[3],selected,test,oct_stage3,0,256,0.125,1024,32,64,3,all,290,channel_energy_retained,0.5747176984936653,0.014403888441327579,290,0
svd_radon,3418,32,[3],selected,test,oct_stage3,0,256,0.125,1024,32,64,3,label0,145,self_relative,2.84057675174611,0.07410537557195185,145,0
svd_radon,3418,32,[3],selected,test,oct_stage3,0,256,0.125,1024,32,64,3,label0,145,cross_relative,5.395326819278997,0.6327777876250346,145,0
svd_radon,3418,32,[3],selected,test,oct_stage3,0,256,0.125,1024,32,64,3,label0,145,total_relative,6.627165513395335,0.5415447278498504,145,0
svd_radon,3418,32,[3],selected,test,oct_stage3,0,256,0.125,1024,32,64,3,label0,145,self_cross_cosine,0.21889185042644907,0.04885097054448081,145,0
svd_radon,3418,32,[3],selected,test,oct_stage3,0,256,0.125,1024,32,64,3,label0,145,energy_identity_relative_error,9.168789510428033e-17,6.63676887243116e-17,145,0
svd_radon,3418,32,[3],selected,test,oct_stage3,0,256,0.125,1024,32,64,3,label0,145,channel_energy_retained,0.573108234720222,0.013450899596317107,145,0
svd_radon,3418,32,[3],selected,test,oct_stage3,0,256,0.125,1024,32,64,3,label1,145,self_relative,2.8674692607732934,0.09843946169495452,145,0
svd_radon,3418,32,[3],selected,test,oct_stage3,0,256,0.125,1024,32,64,3,label1,145,cross_relative,5.7863794890829965,0.6891723449126145,145,0
svd_radon,3418,32,[3],selected,test,oct_stage3,0,256,0.125,1024,32,64,3,label1,145,total_relative,6.978411868163057,0.5946940760406325,145,0
svd_radon,3418,32,[3],selected,test,oct_stage3,0,256,0.125,1024,32,64,3,label1,145,self_cross_cosine,0.20985557683121783,0.04700301265055201,145,0
svd_radon,3418,32,[3],selected,test,oct_stage3,0,256,0.125,1024,32,64,3,label1,145,energy_identity_relative_error,8.805261092598096e-17,7.054379465388814e-17,145,0
svd_radon,3418,32,[3],selected,test,oct_stage3,0,256,0.125,1024,32,64,3,label1,145,channel_energy_retained,0.576327162267109,0.015173706126571375,145,0
svd_radon,3418,64,[3],constructed_initial,train,cfp_stage3,0,256,0.25,2048,32,64,3,all,1264,self_relative,0.0,0.0,1264,0
svd_radon,3418,64,[3],constructed_initial,train,cfp_stage3,0,256,0.25,2048,32,64,3,all,1264,cross_relative,0.0,0.0,1264,0
svd_radon,3418,64,[3],constructed_initial,train,cfp_stage3,0,256,0.25,2048,32,64,3,all,1264,total_relative,0.0,0.0,1264,0
svd_radon,3418,64,[3],constructed_initial,train,cfp_stage3,0,256,0.25,2048,32,64,3,all,1264,self_cross_cosine,,,0,1264
svd_radon,3418,64,[3],constructed_initial,train,cfp_stage3,0,256,0.25,2048,32,64,3,all,1264,energy_identity_relative_error,0.0,0.0,1264,0
svd_radon,3418,64,[3],constructed_initial,train,cfp_stage3,0,256,0.25,2048,32,64,3,all,1264,channel_energy_retained,0.8415249151567855,0.019510046186081553,1264,0
svd_radon,3418,64,[3],constructed_initial,train,cfp_stage3,0,256,0.25,2048,32,64,3,label0,632,self_relative,0.0,0.0,632,0
svd_radon,3418,64,[3],constructed_initial,train,cfp_stage3,0,256,0.25,2048,32,64,3,label0,632,cross_relative,0.0,0.0,632,0
svd_radon,3418,64,[3],constructed_initial,train,cfp_stage3,0,256,0.25,2048,32,64,3,label0,632,total_relative,0.0,0.0,632,0
svd_radon,3418,64,[3],constructed_initial,train,cfp_stage3,0,256,0.25,2048,32,64,3,label0,632,self_cross_cosine,,,0,632
svd_radon,3418,64,[3],constructed_initial,train,cfp_stage3,0,256,0.25,2048,32,64,3,label0,632,energy_identity_relative_error,0.0,0.0,632,0
svd_radon,3418,64,[3],constructed_initial,train,cfp_stage3,0,256,0.25,2048,32,64,3,label0,632,channel_energy_retained,0.8435180110137771,0.018176427324011184,632,0
svd_radon,3418,64,[3],constructed_initial,train,cfp_stage3,0,256,0.25,2048,32,64,3,label1,632,self_relative,0.0,0.0,632,0
svd_radon,3418,64,[3],constructed_initial,train,cfp_stage3,0,256,0.25,2048,32,64,3,label1,632,cross_relative,0.0,0.0,632,0
svd_radon,3418,64,[3],constructed_initial,train,cfp_stage3,0,256,0.25,2048,32,64,3,label1,632,total_relative,0.0,0.0,632,0
svd_radon,3418,64,[3],constructed_initial,train,cfp_stage3,0,256,0.25,2048,32,64,3,label1,632,self_cross_cosine,,,0,632
svd_radon,3418,64,[3],constructed_initial,train,cfp_stage3,0,256,0.25,2048,32,64,3,label1,632,energy_identity_relative_error,0.0,0.0,632,0
svd_radon,3418,64,[3],constructed_initial,train,cfp_stage3,0,256,0.25,2048,32,64,3,label1,632,channel_energy_retained,0.8395318192997934,0.02058025940028766,632,0
svd_radon,3418,64,[3],constructed_initial,train,oct_stage3,0,256,0.25,2048,32,64,3,all,1264,self_relative,0.0,0.0,1264,0
svd_radon,3418,64,[3],constructed_initial,train,oct_stage3,0,256,0.25,2048,32,64,3,all,1264,cross_relative,0.0,0.0,1264,0
svd_radon,3418,64,[3],constructed_initial,train,oct_stage3,0,256,0.25,2048,32,64,3,all,1264,total_relative,0.0,0.0,1264,0
svd_radon,3418,64,[3],constructed_initial,train,oct_stage3,0,256,0.25,2048,32,64,3,all,1264,self_cross_cosine,,,0,1264
svd_radon,3418,64,[3],constructed_initial,train,oct_stage3,0,256,0.25,2048,32,64,3,all,1264,energy_identity_relative_error,0.0,0.0,1264,0
svd_radon,3418,64,[3],constructed_initial,train,oct_stage3,0,256,0.25,2048,32,64,3,all,1264,channel_energy_retained,0.8436324377074259,0.02132934711792655,1264,0
svd_radon,3418,64,[3],constructed_initial,train,oct_stage3,0,256,0.25,2048,32,64,3,label0,632,self_relative,0.0,0.0,632,0
svd_radon,3418,64,[3],constructed_initial,train,oct_stage3,0,256,0.25,2048,32,64,3,label0,632,cross_relative,0.0,0.0,632,0
svd_radon,3418,64,[3],constructed_initial,train,oct_stage3,0,256,0.25,2048,32,64,3,label0,632,total_relative,0.0,0.0,632,0
svd_radon,3418,64,[3],constructed_initial,train,oct_stage3,0,256,0.25,2048,32,64,3,label0,632,self_cross_cosine,,,0,632
svd_radon,3418,64,[3],constructed_initial,train,oct_stage3,0,256,0.25,2048,32,64,3,label0,632,energy_identity_relative_error,0.0,0.0,632,0
svd_radon,3418,64,[3],constructed_initial,train,oct_stage3,0,256,0.25,2048,32,64,3,label0,632,channel_energy_retained,0.8446592869943389,0.020604533628024325,632,0
svd_radon,3418,64,[3],constructed_initial,train,oct_stage3,0,256,0.25,2048,32,64,3,label1,632,self_relative,0.0,0.0,632,0
svd_radon,3418,64,[3],constructed_initial,train,oct_stage3,0,256,0.25,2048,32,64,3,label1,632,cross_relative,0.0,0.0,632,0
svd_radon,3418,64,[3],constructed_initial,train,oct_stage3,0,256,0.25,2048,32,64,3,label1,632,total_relative,0.0,0.0,632,0
svd_radon,3418,64,[3],constructed_initial,train,oct_stage3,0,256,0.25,2048,32,64,3,label1,632,self_cross_cosine,,,0,632
svd_radon,3418,64,[3],constructed_initial,train,oct_stage3,0,256,0.25,2048,32,64,3,label1,632,energy_identity_relative_error,0.0,0.0,632,0
svd_radon,3418,64,[3],constructed_initial,train,oct_stage3,0,256,0.25,2048,32,64,3,label1,632,channel_energy_retained,0.8426055884205133,0.021998729376481212,632,0
svd_radon,3418,64,[3],constructed_initial,validation,cfp_stage3,0,256,0.25,2048,32,64,3,all,296,self_relative,0.0,0.0,296,0
svd_radon,3418,64,[3],constructed_initial,validation,cfp_stage3,0,256,0.25,2048,32,64,3,all,296,cross_relative,0.0,0.0,296,0
svd_radon,3418,64,[3],constructed_initial,validation,cfp_stage3,0,256,0.25,2048,32,64,3,all,296,total_relative,0.0,0.0,296,0
svd_radon,3418,64,[3],constructed_initial,validation,cfp_stage3,0,256,0.25,2048,32,64,3,all,296,self_cross_cosine,,,0,296
svd_radon,3418,64,[3],constructed_initial,validation,cfp_stage3,0,256,0.25,2048,32,64,3,all,296,energy_identity_relative_error,0.0,0.0,296,0
svd_radon,3418,64,[3],constructed_initial,validation,cfp_stage3,0,256,0.25,2048,32,64,3,all,296,channel_energy_retained,0.8411509241930406,0.0194374940456867,296,0
svd_radon,3418,64,[3],constructed_initial,validation,cfp_stage3,0,256,0.25,2048,32,64,3,label0,148,self_relative,0.0,0.0,148,0
svd_radon,3418,64,[3],constructed_initial,validation,cfp_stage3,0,256,0.25,2048,32,64,3,label0,148,cross_relative,0.0,0.0,148,0
svd_radon,3418,64,[3],constructed_initial,validation,cfp_stage3,0,256,0.25,2048,32,64,3,label0,148,total_relative,0.0,0.0,148,0
svd_radon,3418,64,[3],constructed_initial,validation,cfp_stage3,0,256,0.25,2048,32,64,3,label0,148,self_cross_cosine,,,0,148
svd_radon,3418,64,[3],constructed_initial,validation,cfp_stage3,0,256,0.25,2048,32,64,3,label0,148,energy_identity_relative_error,0.0,0.0,148,0
svd_radon,3418,64,[3],constructed_initial,validation,cfp_stage3,0,256,0.25,2048,32,64,3,label0,148,channel_energy_retained,0.8422246331065101,0.019025336565317415,148,0
svd_radon,3418,64,[3],constructed_initial,validation,cfp_stage3,0,256,0.25,2048,32,64,3,label1,148,self_relative,0.0,0.0,148,0
svd_radon,3418,64,[3],constructed_initial,validation,cfp_stage3,0,256,0.25,2048,32,64,3,label1,148,cross_relative,0.0,0.0,148,0
svd_radon,3418,64,[3],constructed_initial,validation,cfp_stage3,0,256,0.25,2048,32,64,3,label1,148,total_relative,0.0,0.0,148,0
svd_radon,3418,64,[3],constructed_initial,validation,cfp_stage3,0,256,0.25,2048,32,64,3,label1,148,self_cross_cosine,,,0,148
svd_radon,3418,64,[3],constructed_initial,validation,cfp_stage3,0,256,0.25,2048,32,64,3,label1,148,energy_identity_relative_error,0.0,0.0,148,0
svd_radon,3418,64,[3],constructed_initial,validation,cfp_stage3,0,256,0.25,2048,32,64,3,label1,148,channel_energy_retained,0.8400772152795708,0.019847360264807413,148,0
svd_radon,3418,64,[3],constructed_initial,validation,oct_stage3,0,256,0.25,2048,32,64,3,all,296,self_relative,0.0,0.0,296,0
svd_radon,3418,64,[3],constructed_initial,validation,oct_stage3,0,256,0.25,2048,32,64,3,all,296,cross_relative,0.0,0.0,296,0
svd_radon,3418,64,[3],constructed_initial,validation,oct_stage3,0,256,0.25,2048,32,64,3,all,296,total_relative,0.0,0.0,296,0
svd_radon,3418,64,[3],constructed_initial,validation,oct_stage3,0,256,0.25,2048,32,64,3,all,296,self_cross_cosine,,,0,296
svd_radon,3418,64,[3],constructed_initial,validation,oct_stage3,0,256,0.25,2048,32,64,3,all,296,energy_identity_relative_error,0.0,0.0,296,0
svd_radon,3418,64,[3],constructed_initial,validation,oct_stage3,0,256,0.25,2048,32,64,3,all,296,channel_energy_retained,0.8435576029824603,0.02085876525179891,296,0
svd_radon,3418,64,[3],constructed_initial,validation,oct_stage3,0,256,0.25,2048,32,64,3,label0,148,self_relative,0.0,0.0,148,0
svd_radon,3418,64,[3],constructed_initial,validation,oct_stage3,0,256,0.25,2048,32,64,3,label0,148,cross_relative,0.0,0.0,148,0
svd_radon,3418,64,[3],constructed_initial,validation,oct_stage3,0,256,0.25,2048,32,64,3,label0,148,total_relative,0.0,0.0,148,0
svd_radon,3418,64,[3],constructed_initial,validation,oct_stage3,0,256,0.25,2048,32,64,3,label0,148,self_cross_cosine,,,0,148
svd_radon,3418,64,[3],constructed_initial,validation,oct_stage3,0,256,0.25,2048,32,64,3,label0,148,energy_identity_relative_error,0.0,0.0,148,0
svd_radon,3418,64,[3],constructed_initial,validation,oct_stage3,0,256,0.25,2048,32,64,3,label0,148,channel_energy_retained,0.8431695193868679,0.01960390407442998,148,0
svd_radon,3418,64,[3],constructed_initial,validation,oct_stage3,0,256,0.25,2048,32,64,3,label1,148,self_relative,0.0,0.0,148,0
svd_radon,3418,64,[3],constructed_initial,validation,oct_stage3,0,256,0.25,2048,32,64,3,label1,148,cross_relative,0.0,0.0,148,0
svd_radon,3418,64,[3],constructed_initial,validation,oct_stage3,0,256,0.25,2048,32,64,3,label1,148,total_relative,0.0,0.0,148,0
svd_radon,3418,64,[3],constructed_initial,validation,oct_stage3,0,256,0.25,2048,32,64,3,label1,148,self_cross_cosine,,,0,148
svd_radon,3418,64,[3],constructed_initial,validation,oct_stage3,0,256,0.25,2048,32,64,3,label1,148,energy_identity_relative_error,0.0,0.0,148,0
svd_radon,3418,64,[3],constructed_initial,validation,oct_stage3,0,256,0.25,2048,32,64,3,label1,148,channel_energy_retained,0.8439456865780525,0.022102480330403514,148,0
svd_radon,3418,64,[3],constructed_initial,test,cfp_stage3,0,256,0.25,2048,32,64,3,all,290,self_relative,0.0,0.0,290,0
svd_radon,3418,64,[3],constructed_initial,test,cfp_stage3,0,256,0.25,2048,32,64,3,all,290,cross_relative,0.0,0.0,290,0
svd_radon,3418,64,[3],constructed_initial,test,cfp_stage3,0,256,0.25,2048,32,64,3,all,290,total_relative,0.0,0.0,290,0
svd_radon,3418,64,[3],constructed_initial,test,cfp_stage3,0,256,0.25,2048,32,64,3,all,290,self_cross_cosine,,,0,290
svd_radon,3418,64,[3],constructed_initial,test,cfp_stage3,0,256,0.25,2048,32,64,3,all,290,energy_identity_relative_error,0.0,0.0,290,0
svd_radon,3418,64,[3],constructed_initial,test,cfp_stage3,0,256,0.25,2048,32,64,3,all,290,channel_energy_retained,0.8408448107820305,0.02028880230034989,290,0
svd_radon,3418,64,[3],constructed_initial,test,cfp_stage3,0,256,0.25,2048,32,64,3,label0,145,self_relative,0.0,0.0,145,0
svd_radon,3418,64,[3],constructed_initial,test,cfp_stage3,0,256,0.25,2048,32,64,3,label0,145,cross_relative,0.0,0.0,145,0
svd_radon,3418,64,[3],constructed_initial,test,cfp_stage3,0,256,0.25,2048,32,64,3,label0,145,total_relative,0.0,0.0,145,0
svd_radon,3418,64,[3],constructed_initial,test,cfp_stage3,0,256,0.25,2048,32,64,3,label0,145,self_cross_cosine,,,0,145
svd_radon,3418,64,[3],constructed_initial,test,cfp_stage3,0,256,0.25,2048,32,64,3,label0,145,energy_identity_relative_error,0.0,0.0,145,0
svd_radon,3418,64,[3],constructed_initial,test,cfp_stage3,0,256,0.25,2048,32,64,3,label0,145,channel_energy_retained,0.8403467254036214,0.02003490062743413,145,0
svd_radon,3418,64,[3],constructed_initial,test,cfp_stage3,0,256,0.25,2048,32,64,3,label1,145,self_relative,0.0,0.0,145,0
svd_radon,3418,64,[3],constructed_initial,test,cfp_stage3,0,256,0.25,2048,32,64,3,label1,145,cross_relative,0.0,0.0,145,0
svd_radon,3418,64,[3],constructed_initial,test,cfp_stage3,0,256,0.25,2048,32,64,3,label1,145,total_relative,0.0,0.0,145,0
svd_radon,3418,64,[3],constructed_initial,test,cfp_stage3,0,256,0.25,2048,32,64,3,label1,145,self_cross_cosine,,,0,145
svd_radon,3418,64,[3],constructed_initial,test,cfp_stage3,0,256,0.25,2048,32,64,3,label1,145,energy_identity_relative_error,0.0,0.0,145,0
svd_radon,3418,64,[3],constructed_initial,test,cfp_stage3,0,256,0.25,2048,32,64,3,label1,145,channel_energy_retained,0.8413428961604396,0.02059691021725927,145,0
svd_radon,3418,64,[3],constructed_initial,test,oct_stage3,0,256,0.25,2048,32,64,3,all,290,self_relative,0.0,0.0,290,0
svd_radon,3418,64,[3],constructed_initial,test,oct_stage3,0,256,0.25,2048,32,64,3,all,290,cross_relative,0.0,0.0,290,0
svd_radon,3418,64,[3],constructed_initial,test,oct_stage3,0,256,0.25,2048,32,64,3,all,290,total_relative,0.0,0.0,290,0
svd_radon,3418,64,[3],constructed_initial,test,oct_stage3,0,256,0.25,2048,32,64,3,all,290,self_cross_cosine,,,0,290
svd_radon,3418,64,[3],constructed_initial,test,oct_stage3,0,256,0.25,2048,32,64,3,all,290,energy_identity_relative_error,0.0,0.0,290,0
svd_radon,3418,64,[3],constructed_initial,test,oct_stage3,0,256,0.25,2048,32,64,3,all,290,channel_energy_retained,0.842354720733337,0.024585442468612915,290,0
svd_radon,3418,64,[3],constructed_initial,test,oct_stage3,0,256,0.25,2048,32,64,3,label0,145,self_relative,0.0,0.0,145,0
svd_radon,3418,64,[3],constructed_initial,test,oct_stage3,0,256,0.25,2048,32,64,3,label0,145,cross_relative,0.0,0.0,145,0
svd_radon,3418,64,[3],constructed_initial,test,oct_stage3,0,256,0.25,2048,32,64,3,label0,145,total_relative,0.0,0.0,145,0
svd_radon,3418,64,[3],constructed_initial,test,oct_stage3,0,256,0.25,2048,32,64,3,label0,145,self_cross_cosine,,,0,145
svd_radon,3418,64,[3],constructed_initial,test,oct_stage3,0,256,0.25,2048,32,64,3,label0,145,energy_identity_relative_error,0.0,0.0,145,0
svd_radon,3418,64,[3],constructed_initial,test,oct_stage3,0,256,0.25,2048,32,64,3,label0,145,channel_energy_retained,0.8438966682896178,0.024722015788419715,145,0
svd_radon,3418,64,[3],constructed_initial,test,oct_stage3,0,256,0.25,2048,32,64,3,label1,145,self_relative,0.0,0.0,145,0
svd_radon,3418,64,[3],constructed_initial,test,oct_stage3,0,256,0.25,2048,32,64,3,label1,145,cross_relative,0.0,0.0,145,0
svd_radon,3418,64,[3],constructed_initial,test,oct_stage3,0,256,0.25,2048,32,64,3,label1,145,total_relative,0.0,0.0,145,0
svd_radon,3418,64,[3],constructed_initial,test,oct_stage3,0,256,0.25,2048,32,64,3,label1,145,self_cross_cosine,,,0,145
svd_radon,3418,64,[3],constructed_initial,test,oct_stage3,0,256,0.25,2048,32,64,3,label1,145,energy_identity_relative_error,0.0,0.0,145,0
svd_radon,3418,64,[3],constructed_initial,test,oct_stage3,0,256,0.25,2048,32,64,3,label1,145,channel_energy_retained,0.8408127731770558,0.02443602256863011,145,0
svd_radon,3418,64,[3],selected,train,cfp_stage3,0,256,0.25,2048,32,64,3,all,1264,self_relative,2.6612826920562087,0.10135360665669362,1264,0
svd_radon,3418,64,[3],selected,train,cfp_stage3,0,256,0.25,2048,32,64,3,all,1264,cross_relative,2.2998014416835817,0.13787757787238303,1264,0
svd_radon,3418,64,[3],selected,train,cfp_stage3,0,256,0.25,2048,32,64,3,all,1264,total_relative,4.699741699648641,0.11673919333369004,1264,0
svd_radon,3418,64,[3],selected,train,cfp_stage3,0,256,0.25,2048,32,64,3,all,1264,self_cross_cosine,0.7937436176203678,0.038597596571538974,1264,0
svd_radon,3418,64,[3],selected,train,cfp_stage3,0,256,0.25,2048,32,64,3,all,1264,energy_identity_relative_error,7.563072623412404e-17,6.464901261548409e-17,1264,0
svd_radon,3418,64,[3],selected,train,cfp_stage3,0,256,0.25,2048,32,64,3,all,1264,channel_energy_retained,0.7487600605468501,0.013926189883219989,1264,0
svd_radon,3418,64,[3],selected,train,cfp_stage3,0,256,0.25,2048,32,64,3,label0,632,self_relative,2.5881399300540995,0.06035599068038615,632,0
svd_radon,3418,64,[3],selected,train,cfp_stage3,0,256,0.25,2048,32,64,3,label0,632,cross_relative,2.3643485424902084,0.11646055047842488,632,0
svd_radon,3418,64,[3],selected,train,cfp_stage3,0,256,0.25,2048,32,64,3,label0,632,total_relative,4.717476428364814,0.10291869322933044,632,0
svd_radon,3418,64,[3],selected,train,cfp_stage3,0,256,0.25,2048,32,64,3,label0,632,self_cross_cosine,0.8145568213254641,0.03113075226015801,632,0
svd_radon,3418,64,[3],selected,train,cfp_stage3,0,256,0.25,2048,32,64,3,label0,632,energy_identity_relative_error,6.866232429917447e-17,5.958469731785486e-17,632,0
svd_radon,3418,64,[3],selected,train,cfp_stage3,0,256,0.25,2048,32,64,3,label0,632,channel_energy_retained,0.7537861061650231,0.01234356537540723,632,0
svd_radon,3418,64,[3],selected,train,cfp_stage3,0,256,0.25,2048,32,64,3,label1,632,self_relative,2.7344254540583193,0.07875187177539793,632,0
svd_radon,3418,64,[3],selected,train,cfp_stage3,0,256,0.25,2048,32,64,3,label1,632,cross_relative,2.2352543408769554,0.1270498262933485,632,0
svd_radon,3418,64,[3],selected,train,cfp_stage3,0,256,0.25,2048,32,64,3,label1,632,total_relative,4.682006970932468,0.1267098280714706,632,0
svd_radon,3418,64,[3],selected,train,cfp_stage3,0,256,0.25,2048,32,64,3,label1,632,self_cross_cosine,0.7729304139152717,0.033838354534045136,632,0
svd_radon,3418,64,[3],selected,train,cfp_stage3,0,256,0.25,2048,32,64,3,label1,632,energy_identity_relative_error,8.25991281690736e-17,6.868774238433572e-17,632,0
svd_radon,3418,64,[3],selected,train,cfp_stage3,0,256,0.25,2048,32,64,3,label1,632,channel_energy_retained,0.7437340149286773,0.013609516468259168,632,0
svd_radon,3418,64,[3],selected,train,oct_stage3,0,256,0.25,2048,32,64,3,all,1264,self_relative,4.912881348192755,0.24560003531873614,1264,0
svd_radon,3418,64,[3],selected,train,oct_stage3,0,256,0.25,2048,32,64,3,all,1264,cross_relative,6.956872550999922,1.6227746310895488,1264,0
svd_radon,3418,64,[3],selected,train,oct_stage3,0,256,0.25,2048,32,64,3,all,1264,total_relative,9.942915940170321,0.9740405905558442,1264,0
svd_radon,3418,64,[3],selected,train,oct_stage3,0,256,0.25,2048,32,64,3,all,1264,self_cross_cosine,0.3928655114322096,0.1592387279283417,1264,0
svd_radon,3418,64,[3],selected,train,oct_stage3,0,256,0.25,2048,32,64,3,all,1264,energy_identity_relative_error,8.988280117735308e-17,7.004618887197691e-17,1264,0
svd_radon,3418,64,[3],selected,train,oct_stage3,0,256,0.25,2048,32,64,3,all,1264,channel_energy_retained,0.7353506181543475,0.008114815542388557,1264,0
svd_radon,3418,64,[3],selected,train,oct_stage3,0,256,0.25,2048,32,64,3,label0,632,self_relative,4.964566657493311,0.23453008421948815,632,0
svd_radon,3418,64,[3],selected,train,oct_stage3,0,256,0.25,2048,32,64,3,label0,632,cross_relative,5.492640269750799,0.39146468657834654,632,0
svd_radon,3418,64,[3],selected,train,oct_stage3,0,256,0.25,2048,32,64,3,label0,632,total_relative,9.13013554764286,0.32177079889553845,632,0
svd_radon,3418,64,[3],selected,train,oct_stage3,0,256,0.25,2048,32,64,3,label0,632,self_cross_cosine,0.5259034280302491,0.08839391932092776,632,0
svd_radon,3418,64,[3],selected,train,oct_stage3,0,256,0.25,2048,32,64,3,label0,632,energy_identity_relative_error,9.384420547361172e-17,7.234533138643412e-17,632,0
svd_radon,3418,64,[3],selected,train,oct_stage3,0,256,0.25,2048,32,64,3,label0,632,channel_energy_retained,0.735197128846749,0.008053830410977382,632,0
svd_radon,3418,64,[3],selected,train,oct_stage3,0,256,0.25,2048,32,64,3,label1,632,self_relative,4.861196038892198,0.24572093541766327,632,0
svd_radon,3418,64,[3],selected,train,oct_stage3,0,256,0.25,2048,32,64,3,label1,632,cross_relative,8.421104832249043,0.9071802155207686,632,0
svd_radon,3418,64,[3],selected,train,oct_stage3,0,256,0.25,2048,32,64,3,label1,632,total_relative,10.755696332697779,0.6871386182339373,632,0
svd_radon,3418,64,[3],selected,train,oct_stage3,0,256,0.25,2048,32,64,3,label1,632,self_cross_cosine,0.2598275948341698,0.0865238250952746,632,0
svd_radon,3418,64,[3],selected,train,oct_stage3,0,256,0.25,2048,32,64,3,label1,632,energy_identity_relative_error,8.592139688109444e-17,6.749393078877153e-17,632,0
svd_radon,3418,64,[3],selected,train,oct_stage3,0,256,0.25,2048,32,64,3,label1,632,channel_energy_retained,0.7355041074619462,0.00817884125084292,632,0
svd_radon,3418,64,[3],selected,validation,cfp_stage3,0,256,0.25,2048,32,64,3,all,296,self_relative,2.6429063594121445,0.07892498106484247,296,0
svd_radon,3418,64,[3],selected,validation,cfp_stage3,0,256,0.25,2048,32,64,3,all,296,cross_relative,2.300794111679288,0.13153104737835264,296,0
svd_radon,3418,64,[3],selected,validation,cfp_stage3,0,256,0.25,2048,32,64,3,all,296,total_relative,4.689259719151792,0.11870042147857425,296,0
svd_radon,3418,64,[3],selected,validation,cfp_stage3,0,256,0.25,2048,32,64,3,all,296,self_cross_cosine,0.7985280144386318,0.035511580744283615,296,0
svd_radon,3418,64,[3],selected,validation,cfp_stage3,0,256,0.25,2048,32,64,3,all,296,energy_identity_relative_error,7.353550195020096e-17,6.469042645876186e-17,296,0
svd_radon,3418,64,[3],selected,validation,cfp_stage3,0,256,0.25,2048,32,64,3,all,296,channel_energy_retained,0.7497466149436863,0.013075542109226799,296,0
svd_radon,3418,64,[3],selected,validation,cfp_stage3,0,256,0.25,2048,32,64,3,label0,148,self_relative,2.6290403445173687,0.07200786798800532,148,0
svd_radon,3418,64,[3],selected,validation,cfp_stage3,0,256,0.25,2048,32,64,3,label0,148,cross_relative,2.3253893634373948,0.11954877263801912,148,0
svd_radon,3418,64,[3],selected,validation,cfp_stage3,0,256,0.25,2048,32,64,3,label0,148,total_relative,4.7020426599528165,0.10989304250026585,148,0
svd_radon,3418,64,[3],selected,validation,cfp_stage3,0,256,0.25,2048,32,64,3,label0,148,self_cross_cosine,0.800872311654226,0.03351975262389324,148,0
svd_radon,3418,64,[3],selected,validation,cfp_stage3,0,256,0.25,2048,32,64,3,label0,148,energy_identity_relative_error,7.54332993999894e-17,6.610460606048513e-17,148,0
svd_radon,3418,64,[3],selected,validation,cfp_stage3,0,256,0.25,2048,32,64,3,label0,148,channel_energy_retained,0.7506578926574451,0.012853875894859307,148,0
svd_radon,3418,64,[3],selected,validation,cfp_stage3,0,256,0.25,2048,32,64,3,label1,148,self_relative,2.6567723743069194,0.08323700379585473,148,0
svd_radon,3418,64,[3],selected,validation,cfp_stage3,0,256,0.25,2048,32,64,3,label1,148,cross_relative,2.276198859921181,0.13859484336696729,148,0
svd_radon,3418,64,[3],selected,validation,cfp_stage3,0,256,0.25,2048,32,64,3,label1,148,total_relative,4.676476778350767,0.12597586241593087,148,0
svd_radon,3418,64,[3],selected,validation,cfp_stage3,0,256,0.25,2048,32,64,3,label1,148,self_cross_cosine,0.7961837172230375,0.03736419958776723,148,0
svd_radon,3418,64,[3],selected,validation,cfp_stage3,0,256,0.25,2048,32,64,3,label1,148,energy_identity_relative_error,7.163770450041254e-17,6.341214167873933e-17,148,0
svd_radon,3418,64,[3],selected,validation,cfp_stage3,0,256,0.25,2048,32,64,3,label1,148,channel_energy_retained,0.7488353372299273,0.013274350635078586,148,0
svd_radon,3418,64,[3],selected,validation,oct_stage3,0,256,0.25,2048,32,64,3,all,296,self_relative,4.909916549176924,0.23130714154268503,296,0
svd_radon,3418,64,[3],selected,validation,oct_stage3,0,256,0.25,2048,32,64,3,all,296,cross_relative,6.72636896214873,1.150839215761158,296,0
svd_radon,3418,64,[3],selected,validation,oct_stage3,0,256,0.25,2048,32,64,3,all,296,total_relative,9.724637351141872,0.7475434884903089,296,0
svd_radon,3418,64,[3],selected,validation,oct_stage3,0,256,0.25,2048,32,64,3,all,296,self_cross_cosine,0.386051272502405,0.11718031020216563,296,0
svd_radon,3418,64,[3],selected,validation,oct_stage3,0,256,0.25,2048,32,64,3,all,296,energy_identity_relative_error,8.436664825019145e-17,6.804252014839769e-17,296,0
svd_radon,3418,64,[3],selected,validation,oct_stage3,0,256,0.25,2048,32,64,3,all,296,channel_energy_retained,0.7356136899856214,0.008352827714700181,296,0
svd_radon,3418,64,[3],selected,validation,oct_stage3,0,256,0.25,2048,32,64,3,label0,148,self_relative,4.955106166935052,0.22206325693082557,148,0
svd_radon,3418,64,[3],selected,validation,oct_stage3,0,256,0.25,2048,32,64,3,label0,148,cross_relative,6.378501938994501,0.8583485416276313,148,0
svd_radon,3418,64,[3],selected,validation,oct_stage3,0,256,0.25,2048,32,64,3,label0,148,total_relative,9.506377864612649,0.5286178729691065,148,0
svd_radon,3418,64,[3],selected,validation,oct_stage3,0,256,0.25,2048,32,64,3,label0,148,self_cross_cosine,0.40248593903271174,0.11286482729818881,148,0
svd_radon,3418,64,[3],selected,validation,oct_stage3,0,256,0.25,2048,32,64,3,label0,148,energy_identity_relative_error,8.800580689894833e-17,6.845855909120993e-17,148,0
svd_radon,3418,64,[3],selected,validation,oct_stage3,0,256,0.25,2048,32,64,3,label0,148,channel_energy_retained,0.7361982786391861,0.008735563038018444,148,0
svd_radon,3418,64,[3],selected,validation,oct_stage3,0,256,0.25,2048,32,64,3,label1,148,self_relative,4.864726931418795,0.23226251639353726,148,0
svd_radon,3418,64,[3],selected,validation,oct_stage3,0,256,0.25,2048,32,64,3,label1,148,cross_relative,7.074235985302959,1.2951602101954207,148,0
svd_radon,3418,64,[3],selected,validation,oct_stage3,0,256,0.25,2048,32,64,3,label1,148,total_relative,9.942896837671094,0.863761918486759,148,0
svd_radon,3418,64,[3],selected,validation,oct_stage3,0,256,0.25,2048,32,64,3,label1,148,self_cross_cosine,0.36961660597209844,0.1194718348290334,148,0
svd_radon,3418,64,[3],selected,validation,oct_stage3,0,256,0.25,2048,32,64,3,label1,148,energy_identity_relative_error,8.072748960143456e-17,6.765960967772433e-17,148,0
svd_radon,3418,64,[3],selected,validation,oct_stage3,0,256,0.25,2048,32,64,3,label1,148,channel_energy_retained,0.7350291013320563,0.007938254639804274,148,0
svd_radon,3418,64,[3],selected,test,cfp_stage3,0,256,0.25,2048,32,64,3,all,290,self_relative,2.636662900722912,0.0787923544452312,290,0
svd_radon,3418,64,[3],selected,test,cfp_stage3,0,256,0.25,2048,32,64,3,all,290,cross_relative,2.313066138827691,0.1258619182349327,290,0
svd_radon,3418,64,[3],selected,test,cfp_stage3,0,256,0.25,2048,32,64,3,all,290,total_relative,4.694444742700859,0.11735673839424543,290,0
svd_radon,3418,64,[3],selected,test,cfp_stage3,0,256,0.25,2048,32,64,3,all,290,self_cross_cosine,0.7981502758745922,0.0362951314291024,290,0
svd_radon,3418,64,[3],selected,test,cfp_stage3,0,256,0.25,2048,32,64,3,all,290,energy_identity_relative_error,7.018625456151538e-17,6.071813394274112e-17,290,0
svd_radon,3418,64,[3],selected,test,cfp_stage3,0,256,0.25,2048,32,64,3,all,290,channel_energy_retained,0.749541342152591,0.01429869194355245,290,0
svd_radon,3418,64,[3],selected,test,cfp_stage3,0,256,0.25,2048,32,64,3,label0,145,self_relative,2.6279271316135424,0.07744976102240511,145,0
svd_radon,3418,64,[3],selected,test,cfp_stage3,0,256,0.25,2048,32,64,3,label0,145,cross_relative,2.328170925359103,0.11640036720336487,145,0
svd_radon,3418,64,[3],selected,test,cfp_stage3,0,256,0.25,2048,32,64,3,label0,145,total_relative,4.707196260525315,0.10509633421123225,145,0
svd_radon,3418,64,[3],selected,test,cfp_stage3,0,256,0.25,2048,32,64,3,label0,145,self_cross_cosine,0.8035221795332209,0.03469378486147835,145,0
svd_radon,3418,64,[3],selected,test,cfp_stage3,0,256,0.25,2048,32,64,3,label0,145,energy_identity_relative_error,6.741307205455048e-17,6.347484369527931e-17,145,0
svd_radon,3418,64,[3],selected,test,cfp_stage3,0,256,0.25,2048,32,64,3,label0,145,channel_energy_retained,0.7501710315146752,0.014606203910296088,145,0
svd_radon,3418,64,[3],selected,test,cfp_stage3,0,256,0.25,2048,32,64,3,label1,145,self_relative,2.6453986698322813,0.07941933180066375,145,0
svd_radon,3418,64,[3],selected,test,cfp_stage3,0,256,0.25,2048,32,64,3,label1,145,cross_relative,2.2979613522962787,0.13335640202822788,145,0
svd_radon,3418,64,[3],selected,test,cfp_stage3,0,256,0.25,2048,32,64,3,label1,145,total_relative,4.681693224876404,0.127546661847055,145,0
svd_radon,3418,64,[3],selected,test,cfp_stage3,0,256,0.25,2048,32,64,3,label1,145,self_cross_cosine,0.7927783722159636,0.037175894059761426,145,0
svd_radon,3418,64,[3],selected,test,cfp_stage3,0,256,0.25,2048,32,64,3,label1,145,energy_identity_relative_error,7.295943706848029e-17,5.791754421284393e-17,145,0
svd_radon,3418,64,[3],selected,test,cfp_stage3,0,256,0.25,2048,32,64,3,label1,145,channel_energy_retained,0.7489116527905065,0.014006615406140802,145,0
svd_radon,3418,64,[3],selected,test,oct_stage3,0,256,0.25,2048,32,64,3,all,290,self_relative,4.926878825062501,0.24763567448476895,290,0
svd_radon,3418,64,[3],selected,test,oct_stage3,0,256,0.25,2048,32,64,3,all,290,cross_relative,6.669580894196691,1.0881924099638796,290,0
svd_radon,3418,64,[3],selected,test,oct_stage3,0,256,0.25,2048,32,64,3,all,290,total_relative,9.67264964874598,0.7001803673938413,290,0
svd_radon,3418,64,[3],selected,test,oct_stage3,0,256,0.25,2048,32,64,3,all,290,self_cross_cosine,0.38205154607270725,0.12141096719082176,290,0
svd_radon,3418,64,[3],selected,test,oct_stage3,0,256,0.25,2048,32,64,3,all,290,energy_identity_relative_error,8.68142804565058e-17,6.944293570205633e-17,290,0
svd_radon,3418,64,[3],selected,test,oct_stage3,0,256,0.25,2048,32,64,3,all,290,channel_energy_retained,0.7361758549119671,0.008232376279069583,290,0
svd_radon,3418,64,[3],selected,test,oct_stage3,0,256,0.25,2048,32,64,3,label0,145,self_relative,4.931337423896744,0.23794814691925983,145,0
svd_radon,3418,64,[3],selected,test,oct_stage3,0,256,0.25,2048,32,64,3,label0,145,cross_relative,6.430708560739435,0.9152694236709492,145,0
svd_radon,3418,64,[3],selected,test,oct_stage3,0,256,0.25,2048,32,64,3,label0,145,total_relative,9.548292593151661,0.5689102063316854,145,0
svd_radon,3418,64,[3],selected,test,oct_stage3,0,256,0.25,2048,32,64,3,label0,145,self_cross_cosine,0.40664858943733717,0.11724048169869965,145,0
svd_radon,3418,64,[3],selected,test,oct_stage3,0,256,0.25,2048,32,64,3,label0,145,energy_identity_relative_error,8.946708793592058e-17,7.255007977886754e-17,145,0
svd_radon,3418,64,[3],selected,test,oct_stage3,0,256,0.25,2048,32,64,3,label0,145,channel_energy_retained,0.7359293577506918,0.00792137324224134,145,0
svd_radon,3418,64,[3],selected,test,oct_stage3,0,256,0.25,2048,32,64,3,label1,145,self_relative,4.922420226228258,0.2577078903736452,145,0
svd_radon,3418,64,[3],selected,test,oct_stage3,0,256,0.25,2048,32,64,3,label1,145,cross_relative,6.908453227653945,1.193280433620562,145,0
svd_radon,3418,64,[3],selected,test,oct_stage3,0,256,0.25,2048,32,64,3,label1,145,total_relative,9.797006704340296,0.7931624428439635,145,0
svd_radon,3418,64,[3],selected,test,oct_stage3,0,256,0.25,2048,32,64,3,label1,145,self_cross_cosine,0.3574545027080774,0.12091256647819378,145,0
svd_radon,3418,64,[3],selected,test,oct_stage3,0,256,0.25,2048,32,64,3,label1,145,energy_identity_relative_error,8.416147297709102e-17,6.633584542216423e-17,145,0
svd_radon,3418,64,[3],selected,test,oct_stage3,0,256,0.25,2048,32,64,3,label1,145,channel_energy_retained,0.7364223520732428,0.008552435780373256,145,0
qr_radon,3418,16,[3],constructed_initial,train,cfp_stage3,0,256,0.0625,512,32,64,3,all,1264,self_relative,0.0,0.0,1264,0
qr_radon,3418,16,[3],constructed_initial,train,cfp_stage3,0,256,0.0625,512,32,64,3,all,1264,cross_relative,0.0,0.0,1264,0
qr_radon,3418,16,[3],constructed_initial,train,cfp_stage3,0,256,0.0625,512,32,64,3,all,1264,total_relative,0.0,0.0,1264,0
qr_radon,3418,16,[3],constructed_initial,train,cfp_stage3,0,256,0.0625,512,32,64,3,all,1264,self_cross_cosine,,,0,1264
qr_radon,3418,16,[3],constructed_initial,train,cfp_stage3,0,256,0.0625,512,32,64,3,all,1264,energy_identity_relative_error,0.0,0.0,1264,0
qr_radon,3418,16,[3],constructed_initial,train,cfp_stage3,0,256,0.0625,512,32,64,3,all,1264,channel_energy_retained,0.05146769157578769,0.0020130276008652986,1264,0
qr_radon,3418,16,[3],constructed_initial,train,cfp_stage3,0,256,0.0625,512,32,64,3,label0,632,self_relative,0.0,0.0,632,0
qr_radon,3418,16,[3],constructed_initial,train,cfp_stage3,0,256,0.0625,512,32,64,3,label0,632,cross_relative,0.0,0.0,632,0
qr_radon,3418,16,[3],constructed_initial,train,cfp_stage3,0,256,0.0625,512,32,64,3,label0,632,total_relative,0.0,0.0,632,0
qr_radon,3418,16,[3],constructed_initial,train,cfp_stage3,0,256,0.0625,512,32,64,3,label0,632,self_cross_cosine,,,0,632
qr_radon,3418,16,[3],constructed_initial,train,cfp_stage3,0,256,0.0625,512,32,64,3,label0,632,energy_identity_relative_error,0.0,0.0,632,0
qr_radon,3418,16,[3],constructed_initial,train,cfp_stage3,0,256,0.0625,512,32,64,3,label0,632,channel_energy_retained,0.05146394430196275,0.0020764429177138493,632,0
qr_radon,3418,16,[3],constructed_initial,train,cfp_stage3,0,256,0.0625,512,32,64,3,label1,632,self_relative,0.0,0.0,632,0
qr_radon,3418,16,[3],constructed_initial,train,cfp_stage3,0,256,0.0625,512,32,64,3,label1,632,cross_relative,0.0,0.0,632,0
qr_radon,3418,16,[3],constructed_initial,train,cfp_stage3,0,256,0.0625,512,32,64,3,label1,632,total_relative,0.0,0.0,632,0
qr_radon,3418,16,[3],constructed_initial,train,cfp_stage3,0,256,0.0625,512,32,64,3,label1,632,self_cross_cosine,,,0,632
qr_radon,3418,16,[3],constructed_initial,train,cfp_stage3,0,256,0.0625,512,32,64,3,label1,632,energy_identity_relative_error,0.0,0.0,632,0
qr_radon,3418,16,[3],constructed_initial,train,cfp_stage3,0,256,0.0625,512,32,64,3,label1,632,channel_energy_retained,0.051471438849612555,0.0019491892985469023,632,0
qr_radon,3418,16,[3],constructed_initial,train,oct_stage3,0,256,0.0625,512,32,64,3,all,1264,self_relative,0.0,0.0,1264,0
qr_radon,3418,16,[3],constructed_initial,train,oct_stage3,0,256,0.0625,512,32,64,3,all,1264,cross_relative,0.0,0.0,1264,0
qr_radon,3418,16,[3],constructed_initial,train,oct_stage3,0,256,0.0625,512,32,64,3,all,1264,total_relative,0.0,0.0,1264,0
qr_radon,3418,16,[3],constructed_initial,train,oct_stage3,0,256,0.0625,512,32,64,3,all,1264,self_cross_cosine,,,0,1264
qr_radon,3418,16,[3],constructed_initial,train,oct_stage3,0,256,0.0625,512,32,64,3,all,1264,energy_identity_relative_error,0.0,0.0,1264,0
qr_radon,3418,16,[3],constructed_initial,train,oct_stage3,0,256,0.0625,512,32,64,3,all,1264,channel_energy_retained,0.07927127022528649,0.004325404327893394,1264,0
qr_radon,3418,16,[3],constructed_initial,train,oct_stage3,0,256,0.0625,512,32,64,3,label0,632,self_relative,0.0,0.0,632,0
qr_radon,3418,16,[3],constructed_initial,train,oct_stage3,0,256,0.0625,512,32,64,3,label0,632,cross_relative,0.0,0.0,632,0
qr_radon,3418,16,[3],constructed_initial,train,oct_stage3,0,256,0.0625,512,32,64,3,label0,632,total_relative,0.0,0.0,632,0
qr_radon,3418,16,[3],constructed_initial,train,oct_stage3,0,256,0.0625,512,32,64,3,label0,632,self_cross_cosine,,,0,632
qr_radon,3418,16,[3],constructed_initial,train,oct_stage3,0,256,0.0625,512,32,64,3,label0,632,energy_identity_relative_error,0.0,0.0,632,0
qr_radon,3418,16,[3],constructed_initial,train,oct_stage3,0,256,0.0625,512,32,64,3,label0,632,channel_energy_retained,0.08003846599364337,0.004283671265023301,632,0
qr_radon,3418,16,[3],constructed_initial,train,oct_stage3,0,256,0.0625,512,32,64,3,label1,632,self_relative,0.0,0.0,632,0
qr_radon,3418,16,[3],constructed_initial,train,oct_stage3,0,256,0.0625,512,32,64,3,label1,632,cross_relative,0.0,0.0,632,0
qr_radon,3418,16,[3],constructed_initial,train,oct_stage3,0,256,0.0625,512,32,64,3,label1,632,total_relative,0.0,0.0,632,0
qr_radon,3418,16,[3],constructed_initial,train,oct_stage3,0,256,0.0625,512,32,64,3,label1,632,self_cross_cosine,,,0,632
qr_radon,3418,16,[3],constructed_initial,train,oct_stage3,0,256,0.0625,512,32,64,3,label1,632,energy_identity_relative_error,0.0,0.0,632,0
qr_radon,3418,16,[3],constructed_initial,train,oct_stage3,0,256,0.0625,512,32,64,3,label1,632,channel_energy_retained,0.07850407445692954,0.004233085326210115,632,0
qr_radon,3418,16,[3],constructed_initial,validation,cfp_stage3,0,256,0.0625,512,32,64,3,all,296,self_relative,0.0,0.0,296,0
qr_radon,3418,16,[3],constructed_initial,validation,cfp_stage3,0,256,0.0625,512,32,64,3,all,296,cross_relative,0.0,0.0,296,0
qr_radon,3418,16,[3],constructed_initial,validation,cfp_stage3,0,256,0.0625,512,32,64,3,all,296,total_relative,0.0,0.0,296,0
qr_radon,3418,16,[3],constructed_initial,validation,cfp_stage3,0,256,0.0625,512,32,64,3,all,296,self_cross_cosine,,,0,296
qr_radon,3418,16,[3],constructed_initial,validation,cfp_stage3,0,256,0.0625,512,32,64,3,all,296,energy_identity_relative_error,0.0,0.0,296,0
qr_radon,3418,16,[3],constructed_initial,validation,cfp_stage3,0,256,0.0625,512,32,64,3,all,296,channel_energy_retained,0.051364464334028706,0.0021159705439944007,296,0
qr_radon,3418,16,[3],constructed_initial,validation,cfp_stage3,0,256,0.0625,512,32,64,3,label0,148,self_relative,0.0,0.0,148,0
qr_radon,3418,16,[3],constructed_initial,validation,cfp_stage3,0,256,0.0625,512,32,64,3,label0,148,cross_relative,0.0,0.0,148,0
qr_radon,3418,16,[3],constructed_initial,validation,cfp_stage3,0,256,0.0625,512,32,64,3,label0,148,total_relative,0.0,0.0,148,0
qr_radon,3418,16,[3],constructed_initial,validation,cfp_stage3,0,256,0.0625,512,32,64,3,label0,148,self_cross_cosine,,,0,148
qr_radon,3418,16,[3],constructed_initial,validation,cfp_stage3,0,256,0.0625,512,32,64,3,label0,148,energy_identity_relative_error,0.0,0.0,148,0
qr_radon,3418,16,[3],constructed_initial,validation,cfp_stage3,0,256,0.0625,512,32,64,3,label0,148,channel_energy_retained,0.05144965812956925,0.002078839997764939,148,0
qr_radon,3418,16,[3],constructed_initial,validation,cfp_stage3,0,256,0.0625,512,32,64,3,label1,148,self_relative,0.0,0.0,148,0
qr_radon,3418,16,[3],constructed_initial,validation,cfp_stage3,0,256,0.0625,512,32,64,3,label1,148,cross_relative,0.0,0.0,148,0
qr_radon,3418,16,[3],constructed_initial,validation,cfp_stage3,0,256,0.0625,512,32,64,3,label1,148,total_relative,0.0,0.0,148,0
qr_radon,3418,16,[3],constructed_initial,validation,cfp_stage3,0,256,0.0625,512,32,64,3,label1,148,self_cross_cosine,,,0,148
qr_radon,3418,16,[3],constructed_initial,validation,cfp_stage3,0,256,0.0625,512,32,64,3,label1,148,energy_identity_relative_error,0.0,0.0,148,0
qr_radon,3418,16,[3],constructed_initial,validation,cfp_stage3,0,256,0.0625,512,32,64,3,label1,148,channel_energy_retained,0.05127927053848818,0.0021561378138885575,148,0
qr_radon,3418,16,[3],constructed_initial,validation,oct_stage3,0,256,0.0625,512,32,64,3,all,296,self_relative,0.0,0.0,296,0
qr_radon,3418,16,[3],constructed_initial,validation,oct_stage3,0,256,0.0625,512,32,64,3,all,296,cross_relative,0.0,0.0,296,0
qr_radon,3418,16,[3],constructed_initial,validation,oct_stage3,0,256,0.0625,512,32,64,3,all,296,total_relative,0.0,0.0,296,0
qr_radon,3418,16,[3],constructed_initial,validation,oct_stage3,0,256,0.0625,512,32,64,3,all,296,self_cross_cosine,,,0,296
qr_radon,3418,16,[3],constructed_initial,validation,oct_stage3,0,256,0.0625,512,32,64,3,all,296,energy_identity_relative_error,0.0,0.0,296,0
qr_radon,3418,16,[3],constructed_initial,validation,oct_stage3,0,256,0.0625,512,32,64,3,all,296,channel_energy_retained,0.07940756209155736,0.004116819425029513,296,0
qr_radon,3418,16,[3],constructed_initial,validation,oct_stage3,0,256,0.0625,512,32,64,3,label0,148,self_relative,0.0,0.0,148,0
qr_radon,3418,16,[3],constructed_initial,validation,oct_stage3,0,256,0.0625,512,32,64,3,label0,148,cross_relative,0.0,0.0,148,0
qr_radon,3418,16,[3],constructed_initial,validation,oct_stage3,0,256,0.0625,512,32,64,3,label0,148,total_relative,0.0,0.0,148,0
qr_radon,3418,16,[3],constructed_initial,validation,oct_stage3,0,256,0.0625,512,32,64,3,label0,148,self_cross_cosine,,,0,148
qr_radon,3418,16,[3],constructed_initial,validation,oct_stage3,0,256,0.0625,512,32,64,3,label0,148,energy_identity_relative_error,0.0,0.0,148,0
qr_radon,3418,16,[3],constructed_initial,validation,oct_stage3,0,256,0.0625,512,32,64,3,label0,148,channel_energy_retained,0.07961246340651829,0.003955302672241623,148,0
qr_radon,3418,16,[3],constructed_initial,validation,oct_stage3,0,256,0.0625,512,32,64,3,label1,148,self_relative,0.0,0.0,148,0
qr_radon,3418,16,[3],constructed_initial,validation,oct_stage3,0,256,0.0625,512,32,64,3,label1,148,cross_relative,0.0,0.0,148,0
qr_radon,3418,16,[3],constructed_initial,validation,oct_stage3,0,256,0.0625,512,32,64,3,label1,148,total_relative,0.0,0.0,148,0
qr_radon,3418,16,[3],constructed_initial,validation,oct_stage3,0,256,0.0625,512,32,64,3,label1,148,self_cross_cosine,,,0,148
qr_radon,3418,16,[3],constructed_initial,validation,oct_stage3,0,256,0.0625,512,32,64,3,label1,148,energy_identity_relative_error,0.0,0.0,148,0
qr_radon,3418,16,[3],constructed_initial,validation,oct_stage3,0,256,0.0625,512,32,64,3,label1,148,channel_energy_retained,0.07920266077659643,0.004275831931195467,148,0
qr_radon,3418,16,[3],constructed_initial,test,cfp_stage3,0,256,0.0625,512,32,64,3,all,290,self_relative,0.0,0.0,290,0
qr_radon,3418,16,[3],constructed_initial,test,cfp_stage3,0,256,0.0625,512,32,64,3,all,290,cross_relative,0.0,0.0,290,0
qr_radon,3418,16,[3],constructed_initial,test,cfp_stage3,0,256,0.0625,512,32,64,3,all,290,total_relative,0.0,0.0,290,0
qr_radon,3418,16,[3],constructed_initial,test,cfp_stage3,0,256,0.0625,512,32,64,3,all,290,self_cross_cosine,,,0,290
qr_radon,3418,16,[3],constructed_initial,test,cfp_stage3,0,256,0.0625,512,32,64,3,all,290,energy_identity_relative_error,0.0,0.0,290,0
qr_radon,3418,16,[3],constructed_initial,test,cfp_stage3,0,256,0.0625,512,32,64,3,all,290,channel_energy_retained,0.05154292945349431,0.0021115222724965486,290,0
qr_radon,3418,16,[3],constructed_initial,test,cfp_stage3,0,256,0.0625,512,32,64,3,label0,145,self_relative,0.0,0.0,145,0
qr_radon,3418,16,[3],constructed_initial,test,cfp_stage3,0,256,0.0625,512,32,64,3,label0,145,cross_relative,0.0,0.0,145,0
qr_radon,3418,16,[3],constructed_initial,test,cfp_stage3,0,256,0.0625,512,32,64,3,label0,145,total_relative,0.0,0.0,145,0
qr_radon,3418,16,[3],constructed_initial,test,cfp_stage3,0,256,0.0625,512,32,64,3,label0,145,self_cross_cosine,,,0,145
qr_radon,3418,16,[3],constructed_initial,test,cfp_stage3,0,256,0.0625,512,32,64,3,label0,145,energy_identity_relative_error,0.0,0.0,145,0
qr_radon,3418,16,[3],constructed_initial,test,cfp_stage3,0,256,0.0625,512,32,64,3,label0,145,channel_energy_retained,0.05167673605186931,0.002177647776111721,145,0
qr_radon,3418,16,[3],constructed_initial,test,cfp_stage3,0,256,0.0625,512,32,64,3,label1,145,self_relative,0.0,0.0,145,0
qr_radon,3418,16,[3],constructed_initial,test,cfp_stage3,0,256,0.0625,512,32,64,3,label1,145,cross_relative,0.0,0.0,145,0
qr_radon,3418,16,[3],constructed_initial,test,cfp_stage3,0,256,0.0625,512,32,64,3,label1,145,total_relative,0.0,0.0,145,0
qr_radon,3418,16,[3],constructed_initial,test,cfp_stage3,0,256,0.0625,512,32,64,3,label1,145,self_cross_cosine,,,0,145
qr_radon,3418,16,[3],constructed_initial,test,cfp_stage3,0,256,0.0625,512,32,64,3,label1,145,energy_identity_relative_error,0.0,0.0,145,0
qr_radon,3418,16,[3],constructed_initial,test,cfp_stage3,0,256,0.0625,512,32,64,3,label1,145,channel_energy_retained,0.051409122855119324,0.002042010696562396,145,0
qr_radon,3418,16,[3],constructed_initial,test,oct_stage3,0,256,0.0625,512,32,64,3,all,290,self_relative,0.0,0.0,290,0
qr_radon,3418,16,[3],constructed_initial,test,oct_stage3,0,256,0.0625,512,32,64,3,all,290,cross_relative,0.0,0.0,290,0
qr_radon,3418,16,[3],constructed_initial,test,oct_stage3,0,256,0.0625,512,32,64,3,all,290,total_relative,0.0,0.0,290,0
qr_radon,3418,16,[3],constructed_initial,test,oct_stage3,0,256,0.0625,512,32,64,3,all,290,self_cross_cosine,,,0,290
qr_radon,3418,16,[3],constructed_initial,test,oct_stage3,0,256,0.0625,512,32,64,3,all,290,energy_identity_relative_error,0.0,0.0,290,0
qr_radon,3418,16,[3],constructed_initial,test,oct_stage3,0,256,0.0625,512,32,64,3,all,290,channel_energy_retained,0.07920898829701903,0.004470689970852598,290,0
qr_radon,3418,16,[3],constructed_initial,test,oct_stage3,0,256,0.0625,512,32,64,3,label0,145,self_relative,0.0,0.0,145,0
qr_radon,3418,16,[3],constructed_initial,test,oct_stage3,0,256,0.0625,512,32,64,3,label0,145,cross_relative,0.0,0.0,145,0
qr_radon,3418,16,[3],constructed_initial,test,oct_stage3,0,256,0.0625,512,32,64,3,label0,145,total_relative,0.0,0.0,145,0
qr_radon,3418,16,[3],constructed_initial,test,oct_stage3,0,256,0.0625,512,32,64,3,label0,145,self_cross_cosine,,,0,145
qr_radon,3418,16,[3],constructed_initial,test,oct_stage3,0,256,0.0625,512,32,64,3,label0,145,energy_identity_relative_error,0.0,0.0,145,0
qr_radon,3418,16,[3],constructed_initial,test,oct_stage3,0,256,0.0625,512,32,64,3,label0,145,channel_energy_retained,0.07944440582034229,0.004726820743917553,145,0
qr_radon,3418,16,[3],constructed_initial,test,oct_stage3,0,256,0.0625,512,32,64,3,label1,145,self_relative,0.0,0.0,145,0
qr_radon,3418,16,[3],constructed_initial,test,oct_stage3,0,256,0.0625,512,32,64,3,label1,145,cross_relative,0.0,0.0,145,0
qr_radon,3418,16,[3],constructed_initial,test,oct_stage3,0,256,0.0625,512,32,64,3,label1,145,total_relative,0.0,0.0,145,0
qr_radon,3418,16,[3],constructed_initial,test,oct_stage3,0,256,0.0625,512,32,64,3,label1,145,self_cross_cosine,,,0,145
qr_radon,3418,16,[3],constructed_initial,test,oct_stage3,0,256,0.0625,512,32,64,3,label1,145,energy_identity_relative_error,0.0,0.0,145,0
qr_radon,3418,16,[3],constructed_initial,test,oct_stage3,0,256,0.0625,512,32,64,3,label1,145,channel_energy_retained,0.07897357077369577,0.004202200591647982,145,0
qr_radon,3418,16,[3],selected,train,cfp_stage3,0,256,0.0625,512,32,64,3,all,1264,self_relative,0.18677609057585842,0.016108422069513777,1264,0
qr_radon,3418,16,[3],selected,train,cfp_stage3,0,256,0.0625,512,32,64,3,all,1264,cross_relative,0.23809472703478018,0.019508504669296288,1264,0
qr_radon,3418,16,[3],selected,train,cfp_stage3,0,256,0.0625,512,32,64,3,all,1264,total_relative,0.2965057528667453,0.02065546641188405,1264,0
qr_radon,3418,16,[3],selected,train,cfp_stage3,0,256,0.0625,512,32,64,3,all,1264,self_cross_cosine,-0.041757211472789144,0.06760464143385957,1264,0
qr_radon,3418,16,[3],selected,train,cfp_stage3,0,256,0.0625,512,32,64,3,all,1264,energy_identity_relative_error,8.522593323594244e-17,6.364312586424396e-17,1264,0
qr_radon,3418,16,[3],selected,train,cfp_stage3,0,256,0.0625,512,32,64,3,all,1264,channel_energy_retained,0.049515352594536946,0.0017557247971418455,1264,0
qr_radon,3418,16,[3],selected,train,cfp_stage3,0,256,0.0625,512,32,64,3,label0,632,self_relative,0.1913936197417382,0.015166204118429559,632,0
qr_radon,3418,16,[3],selected,train,cfp_stage3,0,256,0.0625,512,32,64,3,label0,632,cross_relative,0.23944837788681878,0.018752429485388564,632,0
qr_radon,3418,16,[3],selected,train,cfp_stage3,0,256,0.0625,512,32,64,3,label0,632,total_relative,0.3022474692696257,0.018879789068362903,632,0
qr_radon,3418,16,[3],selected,train,cfp_stage3,0,256,0.0625,512,32,64,3,label0,632,self_cross_cosine,-0.029005862891497636,0.06452400724674098,632,0
qr_radon,3418,16,[3],selected,train,cfp_stage3,0,256,0.0625,512,32,64,3,label0,632,energy_identity_relative_error,8.830227490136693e-17,6.609002758360941e-17,632,0
qr_radon,3418,16,[3],selected,train,cfp_stage3,0,256,0.0625,512,32,64,3,label0,632,channel_energy_retained,0.04937829667518392,0.0017580862436736516,632,0
qr_radon,3418,16,[3],selected,train,cfp_stage3,0,256,0.0625,512,32,64,3,label1,632,self_relative,0.18215856140997833,0.015705071365491978,632,0
qr_radon,3418,16,[3],selected,train,cfp_stage3,0,256,0.0625,512,32,64,3,label1,632,cross_relative,0.23674107618274143,0.020160418865365678,632,0
qr_radon,3418,16,[3],selected,train,cfp_stage3,0,256,0.0625,512,32,64,3,label1,632,total_relative,0.290764036463865,0.0207722697272938,632,0
qr_radon,3418,16,[3],selected,train,cfp_stage3,0,256,0.0625,512,32,64,3,label1,632,self_cross_cosine,-0.05450856005408065,0.06825658589624145,632,0
qr_radon,3418,16,[3],selected,train,cfp_stage3,0,256,0.0625,512,32,64,3,label1,632,energy_identity_relative_error,8.214959157051793e-17,6.099561077385074e-17,632,0
qr_radon,3418,16,[3],selected,train,cfp_stage3,0,256,0.0625,512,32,64,3,label1,632,channel_energy_retained,0.04965240851388997,0.0017439979676959106,632,0
qr_radon,3418,16,[3],selected,train,oct_stage3,0,256,0.0625,512,32,64,3,all,1264,self_relative,0.39873718247680934,0.028993329636171995,1264,0
qr_radon,3418,16,[3],selected,train,oct_stage3,0,256,0.0625,512,32,64,3,all,1264,cross_relative,0.4146611805676468,0.07112274767396491,1264,0
qr_radon,3418,16,[3],selected,train,oct_stage3,0,256,0.0625,512,32,64,3,all,1264,total_relative,0.4485895902050113,0.06710365223893157,1264,0
qr_radon,3418,16,[3],selected,train,oct_stage3,0,256,0.0625,512,32,64,3,all,1264,self_cross_cosine,-0.3989218469175581,0.11305303712686632,1264,0
qr_radon,3418,16,[3],selected,train,oct_stage3,0,256,0.0625,512,32,64,3,all,1264,energy_identity_relative_error,6.653934467497294e-17,5.917674895248138e-17,1264,0
qr_radon,3418,16,[3],selected,train,oct_stage3,0,256,0.0625,512,32,64,3,all,1264,channel_energy_retained,0.06688516491047712,0.003534649790634063,1264,0
qr_radon,3418,16,[3],selected,train,oct_stage3,0,256,0.0625,512,32,64,3,label0,632,self_relative,0.39735806874042545,0.027470665348649486,632,0
qr_radon,3418,16,[3],selected,train,oct_stage3,0,256,0.0625,512,32,64,3,label0,632,cross_relative,0.4546212130226122,0.06405796933353079,632,0
qr_radon,3418,16,[3],selected,train,oct_stage3,0,256,0.0625,512,32,64,3,label0,632,total_relative,0.4810924179388069,0.06477443836519116,632,0
qr_radon,3418,16,[3],selected,train,oct_stage3,0,256,0.0625,512,32,64,3,label0,632,self_cross_cosine,-0.37249008975148074,0.10723841050500024,632,0
qr_radon,3418,16,[3],selected,train,oct_stage3,0,256,0.0625,512,32,64,3,label0,632,energy_identity_relative_error,6.678082310903863e-17,5.759993131496972e-17,632,0
qr_radon,3418,16,[3],selected,train,oct_stage3,0,256,0.0625,512,32,64,3,label0,632,channel_energy_retained,0.06754263714766912,0.0034433123470481346,632,0
qr_radon,3418,16,[3],selected,train,oct_stage3,0,256,0.0625,512,32,64,3,label1,632,self_relative,0.4001162962131931,0.03039919614604353,632,0
qr_radon,3418,16,[3],selected,train,oct_stage3,0,256,0.0625,512,32,64,3,label1,632,cross_relative,0.3747011481126817,0.0531301610959391,632,0
qr_radon,3418,16,[3],selected,train,oct_stage3,0,256,0.0625,512,32,64,3,label1,632,total_relative,0.41608676247121573,0.05197107359777361,632,0
qr_radon,3418,16,[3],selected,train,oct_stage3,0,256,0.0625,512,32,64,3,label1,632,self_cross_cosine,-0.4253536040836358,0.11261734722682383,632,0
qr_radon,3418,16,[3],selected,train,oct_stage3,0,256,0.0625,512,32,64,3,label1,632,energy_identity_relative_error,6.629786624090716e-17,6.07573541215055e-17,632,0
qr_radon,3418,16,[3],selected,train,oct_stage3,0,256,0.0625,512,32,64,3,label1,632,channel_energy_retained,0.06622769267328511,0.003504994820174667,632,0
qr_radon,3418,16,[3],selected,validation,cfp_stage3,0,256,0.0625,512,32,64,3,all,296,self_relative,0.18543609164035688,0.017009184447791658,296,0
qr_radon,3418,16,[3],selected,validation,cfp_stage3,0,256,0.0625,512,32,64,3,all,296,cross_relative,0.23586379287120432,0.01998604802379513,296,0
qr_radon,3418,16,[3],selected,validation,cfp_stage3,0,256,0.0625,512,32,64,3,all,296,total_relative,0.29355893442677805,0.019629306893626526,296,0
qr_radon,3418,16,[3],selected,validation,cfp_stage3,0,256,0.0625,512,32,64,3,all,296,self_cross_cosine,-0.04471363512562793,0.06294667288165934,296,0
qr_radon,3418,16,[3],selected,validation,cfp_stage3,0,256,0.0625,512,32,64,3,all,296,energy_identity_relative_error,8.345796542234287e-17,6.323933561586987e-17,296,0
qr_radon,3418,16,[3],selected,validation,cfp_stage3,0,256,0.0625,512,32,64,3,all,296,channel_energy_retained,0.04941027448838766,0.0019048194459479945,296,0
qr_radon,3418,16,[3],selected,validation,cfp_stage3,0,256,0.0625,512,32,64,3,label0,148,self_relative,0.1875126359091902,0.01660576947347253,148,0
qr_radon,3418,16,[3],selected,validation,cfp_stage3,0,256,0.0625,512,32,64,3,label0,148,cross_relative,0.23846501613816495,0.019942543232019955,148,0
qr_radon,3418,16,[3],selected,validation,cfp_stage3,0,256,0.0625,512,32,64,3,label0,148,total_relative,0.29723856573218793,0.018930423505918944,148,0
qr_radon,3418,16,[3],selected,validation,cfp_stage3,0,256,0.0625,512,32,64,3,label0,148,self_cross_cosine,-0.041762007791034735,0.05995627448566962,148,0
qr_radon,3418,16,[3],selected,validation,cfp_stage3,0,256,0.0625,512,32,64,3,label0,148,energy_identity_relative_error,8.779150054933392e-17,6.708394919359209e-17,148,0
qr_radon,3418,16,[3],selected,validation,cfp_stage3,0,256,0.0625,512,32,64,3,label0,148,channel_energy_retained,0.049337811368966665,0.0018588154206985617,148,0
qr_radon,3418,16,[3],selected,validation,cfp_stage3,0,256,0.0625,512,32,64,3,label1,148,self_relative,0.1833595473715236,0.017209256324885996,148,0
qr_radon,3418,16,[3],selected,validation,cfp_stage3,0,256,0.0625,512,32,64,3,label1,148,cross_relative,0.23326256960424366,0.019755295736553474,148,0
qr_radon,3418,16,[3],selected,validation,cfp_stage3,0,256,0.0625,512,32,64,3,label1,148,total_relative,0.2898793031213683,0.019687966171567834,148,0
qr_radon,3418,16,[3],selected,validation,cfp_stage3,0,256,0.0625,512,32,64,3,label1,148,self_cross_cosine,-0.047665262460221146,0.06587278629340328,148,0
qr_radon,3418,16,[3],selected,validation,cfp_stage3,0,256,0.0625,512,32,64,3,label1,148,energy_identity_relative_error,7.912443029535177e-17,5.905558293836764e-17,148,0
qr_radon,3418,16,[3],selected,validation,cfp_stage3,0,256,0.0625,512,32,64,3,label1,148,channel_energy_retained,0.049482737607808656,0.001953353217503094,148,0
qr_radon,3418,16,[3],selected,validation,oct_stage3,0,256,0.0625,512,32,64,3,all,296,self_relative,0.39661558147683507,0.03207909377788931,296,0
qr_radon,3418,16,[3],selected,validation,oct_stage3,0,256,0.0625,512,32,64,3,all,296,cross_relative,0.40768053257877906,0.06422627709988209,296,0
qr_radon,3418,16,[3],selected,validation,oct_stage3,0,256,0.0625,512,32,64,3,all,296,total_relative,0.43957253579754063,0.05725088213524079,296,0
qr_radon,3418,16,[3],selected,validation,oct_stage3,0,256,0.0625,512,32,64,3,all,296,self_cross_cosine,-0.4067780021275448,0.10843531162815964,296,0
qr_radon,3418,16,[3],selected,validation,oct_stage3,0,256,0.0625,512,32,64,3,all,296,energy_identity_relative_error,6.611857908462365e-17,6.079380248972276e-17,296,0
qr_radon,3418,16,[3],selected,validation,oct_stage3,0,256,0.0625,512,32,64,3,all,296,channel_energy_retained,0.0666877511615472,0.0038846525690460557,296,0
qr_radon,3418,16,[3],selected,validation,oct_stage3,0,256,0.0625,512,32,64,3,label0,148,self_relative,0.39556090394756344,0.02988461400776123,148,0
qr_radon,3418,16,[3],selected,validation,oct_stage3,0,256,0.0625,512,32,64,3,label0,148,cross_relative,0.415418285278052,0.06297842088438448,148,0
qr_radon,3418,16,[3],selected,validation,oct_stage3,0,256,0.0625,512,32,64,3,label0,148,total_relative,0.4444478985957785,0.05582177967110545,148,0
qr_radon,3418,16,[3],selected,validation,oct_stage3,0,256,0.0625,512,32,64,3,label0,148,self_cross_cosine,-0.40449370656926836,0.10293300185738834,148,0
qr_radon,3418,16,[3],selected,validation,oct_stage3,0,256,0.0625,512,32,64,3,label0,148,energy_identity_relative_error,6.98856918893905e-17,6.401670744751991e-17,148,0
qr_radon,3418,16,[3],selected,validation,oct_stage3,0,256,0.0625,512,32,64,3,label0,148,channel_energy_retained,0.06714405921924195,0.003779884415372521,148,0
qr_radon,3418,16,[3],selected,validation,oct_stage3,0,256,0.0625,512,32,64,3,label1,148,self_relative,0.39767025900610653,0.034202441460267505,148,0
qr_radon,3418,16,[3],selected,validation,oct_stage3,0,256,0.0625,512,32,64,3,label1,148,cross_relative,0.3999427798795062,0.06473985586638177,148,0
qr_radon,3418,16,[3],selected,validation,oct_stage3,0,256,0.0625,512,32,64,3,label1,148,total_relative,0.4346971729993029,0.0584268024174808,148,0
qr_radon,3418,16,[3],selected,validation,oct_stage3,0,256,0.0625,512,32,64,3,label1,148,self_cross_cosine,-0.4090622976858212,0.11397680293894759,148,0
qr_radon,3418,16,[3],selected,validation,oct_stage3,0,256,0.0625,512,32,64,3,label1,148,energy_identity_relative_error,6.23514662798568e-17,5.736027144207033e-17,148,0
qr_radon,3418,16,[3],selected,validation,oct_stage3,0,256,0.0625,512,32,64,3,label1,148,channel_energy_retained,0.06623144310385247,0.0039467600174635355,148,0
qr_radon,3418,16,[3],selected,test,cfp_stage3,0,256,0.0625,512,32,64,3,all,290,self_relative,0.18521442386559692,0.016508882105250595,290,0
qr_radon,3418,16,[3],selected,test,cfp_stage3,0,256,0.0625,512,32,64,3,all,290,cross_relative,0.23893702953205614,0.01914725609047973,290,0
qr_radon,3418,16,[3],selected,test,cfp_stage3,0,256,0.0625,512,32,64,3,all,290,total_relative,0.296960770435581,0.019276171249315684,290,0
qr_radon,3418,16,[3],selected,test,cfp_stage3,0,256,0.0625,512,32,64,3,all,290,self_cross_cosine,-0.037181901575636875,0.06319600845087892,290,0
qr_radon,3418,16,[3],selected,test,cfp_stage3,0,256,0.0625,512,32,64,3,all,290,energy_identity_relative_error,8.537845954410893e-17,6.401751636404788e-17,290,0
qr_radon,3418,16,[3],selected,test,cfp_stage3,0,256,0.0625,512,32,64,3,all,290,channel_energy_retained,0.049434381711207134,0.001798943627951029,290,0
qr_radon,3418,16,[3],selected,test,cfp_stage3,0,256,0.0625,512,32,64,3,label0,145,self_relative,0.18797318539480695,0.016052956588083433,145,0
qr_radon,3418,16,[3],selected,test,cfp_stage3,0,256,0.0625,512,32,64,3,label0,145,cross_relative,0.23844415765483443,0.020014278983389838,145,0
qr_radon,3418,16,[3],selected,test,cfp_stage3,0,256,0.0625,512,32,64,3,label0,145,total_relative,0.2985449964021911,0.019462536640959545,145,0
qr_radon,3418,16,[3],selected,test,cfp_stage3,0,256,0.0625,512,32,64,3,label0,145,self_cross_cosine,-0.03468823599136867,0.061162730357181144,145,0
qr_radon,3418,16,[3],selected,test,cfp_stage3,0,256,0.0625,512,32,64,3,label0,145,energy_identity_relative_error,9.064955109729075e-17,6.327099315175033e-17,145,0
qr_radon,3418,16,[3],selected,test,cfp_stage3,0,256,0.0625,512,32,64,3,label0,145,channel_energy_retained,0.049433577273902,0.0018404516851620492,145,0
qr_radon,3418,16,[3],selected,test,cfp_stage3,0,256,0.0625,512,32,64,3,label1,145,self_relative,0.18245566233638694,0.016551567512461007,145,0
qr_radon,3418,16,[3],selected,test,cfp_stage3,0,256,0.0625,512,32,64,3,label1,145,cross_relative,0.2394299014092779,0.018295360158774397,145,0
qr_radon,3418,16,[3],selected,test,cfp_stage3,0,256,0.0625,512,32,64,3,label1,145,total_relative,0.29537654446897094,0.01902306953203398,145,0
qr_radon,3418,16,[3],selected,test,cfp_stage3,0,256,0.0625,512,32,64,3,label1,145,self_cross_cosine,-0.03967556715990509,0.06528248276055361,145,0
qr_radon,3418,16,[3],selected,test,cfp_stage3,0,256,0.0625,512,32,64,3,label1,145,energy_identity_relative_error,8.01073679909271e-17,6.454278842950546e-17,145,0
qr_radon,3418,16,[3],selected,test,cfp_stage3,0,256,0.0625,512,32,64,3,label1,145,channel_energy_retained,0.04943518614851228,0.0017628403906469882,145,0
qr_radon,3418,16,[3],selected,test,oct_stage3,0,256,0.0625,512,32,64,3,all,290,self_relative,0.40226635537517663,0.03462003172541193,290,0
qr_radon,3418,16,[3],selected,test,oct_stage3,0,256,0.0625,512,32,64,3,all,290,cross_relative,0.40765814958193947,0.06747371692099309,290,0
qr_radon,3418,16,[3],selected,test,oct_stage3,0,256,0.0625,512,32,64,3,all,290,total_relative,0.44347773980116617,0.06725563665510655,290,0
qr_radon,3418,16,[3],selected,test,oct_stage3,0,256,0.0625,512,32,64,3,all,290,self_cross_cosine,-0.40686593993694253,0.10750186289586919,290,0
qr_radon,3418,16,[3],selected,test,oct_stage3,0,256,0.0625,512,32,64,3,all,290,energy_identity_relative_error,6.786771953014565e-17,5.812226761588228e-17,290,0
qr_radon,3418,16,[3],selected,test,oct_stage3,0,256,0.0625,512,32,64,3,all,290,channel_energy_retained,0.06702673422296007,0.004101975697639436,290,0
qr_radon,3418,16,[3],selected,test,oct_stage3,0,256,0.0625,512,32,64,3,label0,145,self_relative,0.4016236183333558,0.030835233920971244,145,0
qr_radon,3418,16,[3],selected,test,oct_stage3,0,256,0.0625,512,32,64,3,label0,145,cross_relative,0.41335499824291494,0.06935394297113114,145,0
qr_radon,3418,16,[3],selected,test,oct_stage3,0,256,0.0625,512,32,64,3,label0,145,total_relative,0.4490009382869667,0.05951828041881101,145,0
qr_radon,3418,16,[3],selected,test,oct_stage3,0,256,0.0625,512,32,64,3,label0,145,self_cross_cosine,-0.3984918917160282,0.10967823266124178,145,0
qr_radon,3418,16,[3],selected,test,oct_stage3,0,256,0.0625,512,32,64,3,label0,145,energy_identity_relative_error,6.62785852379525e-17,5.4067597903197555e-17,145,0
qr_radon,3418,16,[3],selected,test,oct_stage3,0,256,0.0625,512,32,64,3,label0,145,channel_energy_retained,0.06703136424870121,0.003960875280009703,145,0
qr_radon,3418,16,[3],selected,test,oct_stage3,0,256,0.0625,512,32,64,3,label1,145,self_relative,0.40290909241699746,0.038128372941544586,145,0
qr_radon,3418,16,[3],selected,test,oct_stage3,0,256,0.0625,512,32,64,3,label1,145,cross_relative,0.4019613009209641,0.06528164070799887,145,0
qr_radon,3418,16,[3],selected,test,oct_stage3,0,256,0.0625,512,32,64,3,label1,145,total_relative,0.4379545413153656,0.07398778571624037,145,0
qr_radon,3418,16,[3],selected,test,oct_stage3,0,256,0.0625,512,32,64,3,label1,145,self_cross_cosine,-0.4152399881578572,0.10499055923682651,145,0
qr_radon,3418,16,[3],selected,test,oct_stage3,0,256,0.0625,512,32,64,3,label1,145,energy_identity_relative_error,6.945685382233888e-17,6.206017064924815e-17,145,0
qr_radon,3418,16,[3],selected,test,oct_stage3,0,256,0.0625,512,32,64,3,label1,145,channel_energy_retained,0.06702210419721893,0.0042521384896855065,145,0
svd_resample,3418,16,[3],constructed_initial,train,cfp_stage3,0,256,0.0625,512,32,64,3,all,1264,self_relative,0.0,0.0,1264,0
svd_resample,3418,16,[3],constructed_initial,train,cfp_stage3,0,256,0.0625,512,32,64,3,all,1264,cross_relative,0.0,0.0,1264,0
svd_resample,3418,16,[3],constructed_initial,train,cfp_stage3,0,256,0.0625,512,32,64,3,all,1264,total_relative,0.0,0.0,1264,0
svd_resample,3418,16,[3],constructed_initial,train,cfp_stage3,0,256,0.0625,512,32,64,3,all,1264,self_cross_cosine,,,0,1264
svd_resample,3418,16,[3],constructed_initial,train,cfp_stage3,0,256,0.0625,512,32,64,3,all,1264,energy_identity_relative_error,0.0,0.0,1264,0
svd_resample,3418,16,[3],constructed_initial,train,cfp_stage3,0,256,0.0625,512,32,64,3,all,1264,channel_energy_retained,0.6543553028962783,0.026211280762998824,1264,0
svd_resample,3418,16,[3],constructed_initial,train,cfp_stage3,0,256,0.0625,512,32,64,3,label0,632,self_relative,0.0,0.0,632,0
svd_resample,3418,16,[3],constructed_initial,train,cfp_stage3,0,256,0.0625,512,32,64,3,label0,632,cross_relative,0.0,0.0,632,0
svd_resample,3418,16,[3],constructed_initial,train,cfp_stage3,0,256,0.0625,512,32,64,3,label0,632,total_relative,0.0,0.0,632,0
svd_resample,3418,16,[3],constructed_initial,train,cfp_stage3,0,256,0.0625,512,32,64,3,label0,632,self_cross_cosine,,,0,632
svd_resample,3418,16,[3],constructed_initial,train,cfp_stage3,0,256,0.0625,512,32,64,3,label0,632,energy_identity_relative_error,0.0,0.0,632,0
svd_resample,3418,16,[3],constructed_initial,train,cfp_stage3,0,256,0.0625,512,32,64,3,label0,632,channel_energy_retained,0.6571288736480733,0.024513479833138053,632,0
svd_resample,3418,16,[3],constructed_initial,train,cfp_stage3,0,256,0.0625,512,32,64,3,label1,632,self_relative,0.0,0.0,632,0
svd_resample,3418,16,[3],constructed_initial,train,cfp_stage3,0,256,0.0625,512,32,64,3,label1,632,cross_relative,0.0,0.0,632,0
svd_resample,3418,16,[3],constructed_initial,train,cfp_stage3,0,256,0.0625,512,32,64,3,label1,632,total_relative,0.0,0.0,632,0
svd_resample,3418,16,[3],constructed_initial,train,cfp_stage3,0,256,0.0625,512,32,64,3,label1,632,self_cross_cosine,,,0,632
svd_resample,3418,16,[3],constructed_initial,train,cfp_stage3,0,256,0.0625,512,32,64,3,label1,632,energy_identity_relative_error,0.0,0.0,632,0
svd_resample,3418,16,[3],constructed_initial,train,cfp_stage3,0,256,0.0625,512,32,64,3,label1,632,channel_energy_retained,0.6515817321444831,0.027546883861695865,632,0
svd_resample,3418,16,[3],constructed_initial,train,oct_stage3,0,256,0.0625,512,32,64,3,all,1264,self_relative,0.0,0.0,1264,0
svd_resample,3418,16,[3],constructed_initial,train,oct_stage3,0,256,0.0625,512,32,64,3,all,1264,cross_relative,0.0,0.0,1264,0
svd_resample,3418,16,[3],constructed_initial,train,oct_stage3,0,256,0.0625,512,32,64,3,all,1264,total_relative,0.0,0.0,1264,0
svd_resample,3418,16,[3],constructed_initial,train,oct_stage3,0,256,0.0625,512,32,64,3,all,1264,self_cross_cosine,,,0,1264
svd_resample,3418,16,[3],constructed_initial,train,oct_stage3,0,256,0.0625,512,32,64,3,all,1264,energy_identity_relative_error,0.0,0.0,1264,0
svd_resample,3418,16,[3],constructed_initial,train,oct_stage3,0,256,0.0625,512,32,64,3,all,1264,channel_energy_retained,0.6630914436621695,0.036130299357928115,1264,0
svd_resample,3418,16,[3],constructed_initial,train,oct_stage3,0,256,0.0625,512,32,64,3,label0,632,self_relative,0.0,0.0,632,0
svd_resample,3418,16,[3],constructed_initial,train,oct_stage3,0,256,0.0625,512,32,64,3,label0,632,cross_relative,0.0,0.0,632,0
svd_resample,3418,16,[3],constructed_initial,train,oct_stage3,0,256,0.0625,512,32,64,3,label0,632,total_relative,0.0,0.0,632,0
svd_resample,3418,16,[3],constructed_initial,train,oct_stage3,0,256,0.0625,512,32,64,3,label0,632,self_cross_cosine,,,0,632
svd_resample,3418,16,[3],constructed_initial,train,oct_stage3,0,256,0.0625,512,32,64,3,label0,632,energy_identity_relative_error,0.0,0.0,632,0
svd_resample,3418,16,[3],constructed_initial,train,oct_stage3,0,256,0.0625,512,32,64,3,label0,632,channel_energy_retained,0.6641450083369882,0.03532869775286292,632,0
svd_resample,3418,16,[3],constructed_initial,train,oct_stage3,0,256,0.0625,512,32,64,3,label1,632,self_relative,0.0,0.0,632,0
svd_resample,3418,16,[3],constructed_initial,train,oct_stage3,0,256,0.0625,512,32,64,3,label1,632,cross_relative,0.0,0.0,632,0
svd_resample,3418,16,[3],constructed_initial,train,oct_stage3,0,256,0.0625,512,32,64,3,label1,632,total_relative,0.0,0.0,632,0
svd_resample,3418,16,[3],constructed_initial,train,oct_stage3,0,256,0.0625,512,32,64,3,label1,632,self_cross_cosine,,,0,632
svd_resample,3418,16,[3],constructed_initial,train,oct_stage3,0,256,0.0625,512,32,64,3,label1,632,energy_identity_relative_error,0.0,0.0,632,0
svd_resample,3418,16,[3],constructed_initial,train,oct_stage3,0,256,0.0625,512,32,64,3,label1,632,channel_energy_retained,0.6620378789873508,0.03691240225984518,632,0
svd_resample,3418,16,[3],constructed_initial,validation,cfp_stage3,0,256,0.0625,512,32,64,3,all,296,self_relative,0.0,0.0,296,0
svd_resample,3418,16,[3],constructed_initial,validation,cfp_stage3,0,256,0.0625,512,32,64,3,all,296,cross_relative,0.0,0.0,296,0
svd_resample,3418,16,[3],constructed_initial,validation,cfp_stage3,0,256,0.0625,512,32,64,3,all,296,total_relative,0.0,0.0,296,0
svd_resample,3418,16,[3],constructed_initial,validation,cfp_stage3,0,256,0.0625,512,32,64,3,all,296,self_cross_cosine,,,0,296
svd_resample,3418,16,[3],constructed_initial,validation,cfp_stage3,0,256,0.0625,512,32,64,3,all,296,energy_identity_relative_error,0.0,0.0,296,0
svd_resample,3418,16,[3],constructed_initial,validation,cfp_stage3,0,256,0.0625,512,32,64,3,all,296,channel_energy_retained,0.6541738436402516,0.02576914474797214,296,0
svd_resample,3418,16,[3],constructed_initial,validation,cfp_stage3,0,256,0.0625,512,32,64,3,label0,148,self_relative,0.0,0.0,148,0
svd_resample,3418,16,[3],constructed_initial,validation,cfp_stage3,0,256,0.0625,512,32,64,3,label0,148,cross_relative,0.0,0.0,148,0
svd_resample,3418,16,[3],constructed_initial,validation,cfp_stage3,0,256,0.0625,512,32,64,3,label0,148,total_relative,0.0,0.0,148,0
svd_resample,3418,16,[3],constructed_initial,validation,cfp_stage3,0,256,0.0625,512,32,64,3,label0,148,self_cross_cosine,,,0,148
svd_resample,3418,16,[3],constructed_initial,validation,cfp_stage3,0,256,0.0625,512,32,64,3,label0,148,energy_identity_relative_error,0.0,0.0,148,0
svd_resample,3418,16,[3],constructed_initial,validation,cfp_stage3,0,256,0.0625,512,32,64,3,label0,148,channel_energy_retained,0.6555666042352446,0.025027393498260758,148,0
svd_resample,3418,16,[3],constructed_initial,validation,cfp_stage3,0,256,0.0625,512,32,64,3,label1,148,self_relative,0.0,0.0,148,0
svd_resample,3418,16,[3],constructed_initial,validation,cfp_stage3,0,256,0.0625,512,32,64,3,label1,148,cross_relative,0.0,0.0,148,0
svd_resample,3418,16,[3],constructed_initial,validation,cfp_stage3,0,256,0.0625,512,32,64,3,label1,148,total_relative,0.0,0.0,148,0
svd_resample,3418,16,[3],constructed_initial,validation,cfp_stage3,0,256,0.0625,512,32,64,3,label1,148,self_cross_cosine,,,0,148
svd_resample,3418,16,[3],constructed_initial,validation,cfp_stage3,0,256,0.0625,512,32,64,3,label1,148,energy_identity_relative_error,0.0,0.0,148,0
svd_resample,3418,16,[3],constructed_initial,validation,cfp_stage3,0,256,0.0625,512,32,64,3,label1,148,channel_energy_retained,0.6527810830452588,0.026501671644307494,148,0
svd_resample,3418,16,[3],constructed_initial,validation,oct_stage3,0,256,0.0625,512,32,64,3,all,296,self_relative,0.0,0.0,296,0
svd_resample,3418,16,[3],constructed_initial,validation,oct_stage3,0,256,0.0625,512,32,64,3,all,296,cross_relative,0.0,0.0,296,0
svd_resample,3418,16,[3],constructed_initial,validation,oct_stage3,0,256,0.0625,512,32,64,3,all,296,total_relative,0.0,0.0,296,0
svd_resample,3418,16,[3],constructed_initial,validation,oct_stage3,0,256,0.0625,512,32,64,3,all,296,self_cross_cosine,,,0,296
svd_resample,3418,16,[3],constructed_initial,validation,oct_stage3,0,256,0.0625,512,32,64,3,all,296,energy_identity_relative_error,0.0,0.0,296,0
svd_resample,3418,16,[3],constructed_initial,validation,oct_stage3,0,256,0.0625,512,32,64,3,all,296,channel_energy_retained,0.6636863904674134,0.03419786636797697,296,0
svd_resample,3418,16,[3],constructed_initial,validation,oct_stage3,0,256,0.0625,512,32,64,3,label0,148,self_relative,0.0,0.0,148,0
svd_resample,3418,16,[3],constructed_initial,validation,oct_stage3,0,256,0.0625,512,32,64,3,label0,148,cross_relative,0.0,0.0,148,0
svd_resample,3418,16,[3],constructed_initial,validation,oct_stage3,0,256,0.0625,512,32,64,3,label0,148,total_relative,0.0,0.0,148,0
svd_resample,3418,16,[3],constructed_initial,validation,oct_stage3,0,256,0.0625,512,32,64,3,label0,148,self_cross_cosine,,,0,148
svd_resample,3418,16,[3],constructed_initial,validation,oct_stage3,0,256,0.0625,512,32,64,3,label0,148,energy_identity_relative_error,0.0,0.0,148,0
svd_resample,3418,16,[3],constructed_initial,validation,oct_stage3,0,256,0.0625,512,32,64,3,label0,148,channel_energy_retained,0.6626574154550655,0.03278285871573041,148,0
svd_resample,3418,16,[3],constructed_initial,validation,oct_stage3,0,256,0.0625,512,32,64,3,label1,148,self_relative,0.0,0.0,148,0
svd_resample,3418,16,[3],constructed_initial,validation,oct_stage3,0,256,0.0625,512,32,64,3,label1,148,cross_relative,0.0,0.0,148,0
svd_resample,3418,16,[3],constructed_initial,validation,oct_stage3,0,256,0.0625,512,32,64,3,label1,148,total_relative,0.0,0.0,148,0
svd_resample,3418,16,[3],constructed_initial,validation,oct_stage3,0,256,0.0625,512,32,64,3,label1,148,self_cross_cosine,,,0,148
svd_resample,3418,16,[3],constructed_initial,validation,oct_stage3,0,256,0.0625,512,32,64,3,label1,148,energy_identity_relative_error,0.0,0.0,148,0
svd_resample,3418,16,[3],constructed_initial,validation,oct_stage3,0,256,0.0625,512,32,64,3,label1,148,channel_energy_retained,0.6647153654797611,0.03563840709332458,148,0
svd_resample,3418,16,[3],constructed_initial,test,cfp_stage3,0,256,0.0625,512,32,64,3,all,290,self_relative,0.0,0.0,290,0
svd_resample,3418,16,[3],constructed_initial,test,cfp_stage3,0,256,0.0625,512,32,64,3,all,290,cross_relative,0.0,0.0,290,0
svd_resample,3418,16,[3],constructed_initial,test,cfp_stage3,0,256,0.0625,512,32,64,3,all,290,total_relative,0.0,0.0,290,0
svd_resample,3418,16,[3],constructed_initial,test,cfp_stage3,0,256,0.0625,512,32,64,3,all,290,self_cross_cosine,,,0,290
svd_resample,3418,16,[3],constructed_initial,test,cfp_stage3,0,256,0.0625,512,32,64,3,all,290,energy_identity_relative_error,0.0,0.0,290,0
svd_resample,3418,16,[3],constructed_initial,test,cfp_stage3,0,256,0.0625,512,32,64,3,all,290,channel_energy_retained,0.6534083005422348,0.026703666326704675,290,0
svd_resample,3418,16,[3],constructed_initial,test,cfp_stage3,0,256,0.0625,512,32,64,3,label0,145,self_relative,0.0,0.0,145,0
svd_resample,3418,16,[3],constructed_initial,test,cfp_stage3,0,256,0.0625,512,32,64,3,label0,145,cross_relative,0.0,0.0,145,0
svd_resample,3418,16,[3],constructed_initial,test,cfp_stage3,0,256,0.0625,512,32,64,3,label0,145,total_relative,0.0,0.0,145,0
svd_resample,3418,16,[3],constructed_initial,test,cfp_stage3,0,256,0.0625,512,32,64,3,label0,145,self_cross_cosine,,,0,145
svd_resample,3418,16,[3],constructed_initial,test,cfp_stage3,0,256,0.0625,512,32,64,3,label0,145,energy_identity_relative_error,0.0,0.0,145,0
svd_resample,3418,16,[3],constructed_initial,test,cfp_stage3,0,256,0.0625,512,32,64,3,label0,145,channel_energy_retained,0.6531046579240117,0.026948352682173604,145,0
svd_resample,3418,16,[3],constructed_initial,test,cfp_stage3,0,256,0.0625,512,32,64,3,label1,145,self_relative,0.0,0.0,145,0
svd_resample,3418,16,[3],constructed_initial,test,cfp_stage3,0,256,0.0625,512,32,64,3,label1,145,cross_relative,0.0,0.0,145,0
svd_resample,3418,16,[3],constructed_initial,test,cfp_stage3,0,256,0.0625,512,32,64,3,label1,145,total_relative,0.0,0.0,145,0
svd_resample,3418,16,[3],constructed_initial,test,cfp_stage3,0,256,0.0625,512,32,64,3,label1,145,self_cross_cosine,,,0,145
svd_resample,3418,16,[3],constructed_initial,test,cfp_stage3,0,256,0.0625,512,32,64,3,label1,145,energy_identity_relative_error,0.0,0.0,145,0
svd_resample,3418,16,[3],constructed_initial,test,cfp_stage3,0,256,0.0625,512,32,64,3,label1,145,channel_energy_retained,0.6537119431604576,0.026546641685233352,145,0
svd_resample,3418,16,[3],constructed_initial,test,oct_stage3,0,256,0.0625,512,32,64,3,all,290,self_relative,0.0,0.0,290,0
svd_resample,3418,16,[3],constructed_initial,test,oct_stage3,0,256,0.0625,512,32,64,3,all,290,cross_relative,0.0,0.0,290,0
svd_resample,3418,16,[3],constructed_initial,test,oct_stage3,0,256,0.0625,512,32,64,3,all,290,total_relative,0.0,0.0,290,0
svd_resample,3418,16,[3],constructed_initial,test,oct_stage3,0,256,0.0625,512,32,64,3,all,290,self_cross_cosine,,,0,290
svd_resample,3418,16,[3],constructed_initial,test,oct_stage3,0,256,0.0625,512,32,64,3,all,290,energy_identity_relative_error,0.0,0.0,290,0
svd_resample,3418,16,[3],constructed_initial,test,oct_stage3,0,256,0.0625,512,32,64,3,all,290,channel_energy_retained,0.6618091892242985,0.04099001567198162,290,0
svd_resample,3418,16,[3],constructed_initial,test,oct_stage3,0,256,0.0625,512,32,64,3,label0,145,self_relative,0.0,0.0,145,0
svd_resample,3418,16,[3],constructed_initial,test,oct_stage3,0,256,0.0625,512,32,64,3,label0,145,cross_relative,0.0,0.0,145,0
svd_resample,3418,16,[3],constructed_initial,test,oct_stage3,0,256,0.0625,512,32,64,3,label0,145,total_relative,0.0,0.0,145,0
svd_resample,3418,16,[3],constructed_initial,test,oct_stage3,0,256,0.0625,512,32,64,3,label0,145,self_cross_cosine,,,0,145
svd_resample,3418,16,[3],constructed_initial,test,oct_stage3,0,256,0.0625,512,32,64,3,label0,145,energy_identity_relative_error,0.0,0.0,145,0
svd_resample,3418,16,[3],constructed_initial,test,oct_stage3,0,256,0.0625,512,32,64,3,label0,145,channel_energy_retained,0.6637249106838851,0.04248346121991726,145,0
svd_resample,3418,16,[3],constructed_initial,test,oct_stage3,0,256,0.0625,512,32,64,3,label1,145,self_relative,0.0,0.0,145,0
svd_resample,3418,16,[3],constructed_initial,test,oct_stage3,0,256,0.0625,512,32,64,3,label1,145,cross_relative,0.0,0.0,145,0
svd_resample,3418,16,[3],constructed_initial,test,oct_stage3,0,256,0.0625,512,32,64,3,label1,145,total_relative,0.0,0.0,145,0
svd_resample,3418,16,[3],constructed_initial,test,oct_stage3,0,256,0.0625,512,32,64,3,label1,145,self_cross_cosine,,,0,145
svd_resample,3418,16,[3],constructed_initial,test,oct_stage3,0,256,0.0625,512,32,64,3,label1,145,energy_identity_relative_error,0.0,0.0,145,0
svd_resample,3418,16,[3],constructed_initial,test,oct_stage3,0,256,0.0625,512,32,64,3,label1,145,channel_energy_retained,0.659893467764712,0.03949424349384152,145,0
svd_resample,3418,16,[3],selected,train,cfp_stage3,0,256,0.0625,512,32,64,3,all,1264,self_relative,0.10576677086718757,0.0055810431326140785,1264,0
svd_resample,3418,16,[3],selected,train,cfp_stage3,0,256,0.0625,512,32,64,3,all,1264,cross_relative,0.06103206431498,0.00531770731035275,1264,0
svd_resample,3418,16,[3],selected,train,cfp_stage3,0,256,0.0625,512,32,64,3,all,1264,total_relative,0.15983559425230515,0.007892552693039298,1264,0
svd_resample,3418,16,[3],selected,train,cfp_stage3,0,256,0.0625,512,32,64,3,all,1264,self_cross_cosine,0.8236123421688601,0.017179165994853113,1264,0
svd_resample,3418,16,[3],selected,train,cfp_stage3,0,256,0.0625,512,32,64,3,all,1264,energy_identity_relative_error,7.965621403240636e-17,6.636837653867575e-17,1264,0
svd_resample,3418,16,[3],selected,train,cfp_stage3,0,256,0.0625,512,32,64,3,all,1264,channel_energy_retained,0.6181695071645587,0.024494993001889124,1264,0
svd_resample,3418,16,[3],selected,train,cfp_stage3,0,256,0.0625,512,32,64,3,label0,632,self_relative,0.10648460874437575,0.005087554057627463,632,0
svd_resample,3418,16,[3],selected,train,cfp_stage3,0,256,0.0625,512,32,64,3,label0,632,cross_relative,0.061432921707980294,0.005074293633239242,632,0
svd_resample,3418,16,[3],selected,train,cfp_stage3,0,256,0.0625,512,32,64,3,label0,632,total_relative,0.1608514509741606,0.007317801444522477,632,0
svd_resample,3418,16,[3],selected,train,cfp_stage3,0,256,0.0625,512,32,64,3,label0,632,self_cross_cosine,0.8222955216339175,0.015923648166229473,632,0
svd_resample,3418,16,[3],selected,train,cfp_stage3,0,256,0.0625,512,32,64,3,label0,632,energy_identity_relative_error,8.406521801763836e-17,6.638100585278803e-17,632,0
svd_resample,3418,16,[3],selected,train,cfp_stage3,0,256,0.0625,512,32,64,3,label0,632,channel_energy_retained,0.621161403313261,0.023287139375432326,632,0
svd_resample,3418,16,[3],selected,train,cfp_stage3,0,256,0.0625,512,32,64,3,label1,632,self_relative,0.10504893298999933,0.0059523126515396065,632,0
svd_resample,3418,16,[3],selected,train,cfp_stage3,0,256,0.0625,512,32,64,3,label1,632,cross_relative,0.06063120692197971,0.005525440995195089,632,0
svd_resample,3418,16,[3],selected,train,cfp_stage3,0,256,0.0625,512,32,64,3,label1,632,total_relative,0.15881973753044967,0.008310600309565451,632,0
svd_resample,3418,16,[3],selected,train,cfp_stage3,0,256,0.0625,512,32,64,3,label1,632,self_cross_cosine,0.8249291627038029,0.01826688525438385,632,0
svd_resample,3418,16,[3],selected,train,cfp_stage3,0,256,0.0625,512,32,64,3,label1,632,energy_identity_relative_error,7.52472100471744e-17,6.611448576959156e-17,632,0
svd_resample,3418,16,[3],selected,train,cfp_stage3,0,256,0.0625,512,32,64,3,label1,632,channel_energy_retained,0.6151776110158568,0.02531280556782146,632,0
svd_resample,3418,16,[3],selected,train,oct_stage3,0,256,0.0625,512,32,64,3,all,1264,self_relative,0.0815254401176033,0.006579969605927309,1264,0
svd_resample,3418,16,[3],selected,train,oct_stage3,0,256,0.0625,512,32,64,3,all,1264,cross_relative,0.16359288166223748,0.012266624554905384,1264,0
svd_resample,3418,16,[3],selected,train,oct_stage3,0,256,0.0625,512,32,64,3,all,1264,total_relative,0.2319261886464992,0.014459085516626677,1264,0
svd_resample,3418,16,[3],selected,train,oct_stage3,0,256,0.0625,512,32,64,3,all,1264,self_cross_cosine,0.7643902872530064,0.027742724928674307,1264,0
svd_resample,3418,16,[3],selected,train,oct_stage3,0,256,0.0625,512,32,64,3,all,1264,energy_identity_relative_error,7.693491963863608e-17,6.254550895757059e-17,1264,0
svd_resample,3418,16,[3],selected,train,oct_stage3,0,256,0.0625,512,32,64,3,all,1264,channel_energy_retained,0.5887652018090904,0.02831058928044643,1264,0
svd_resample,3418,16,[3],selected,train,oct_stage3,0,256,0.0625,512,32,64,3,label0,632,self_relative,0.0816779025658847,0.006421174788419074,632,0
svd_resample,3418,16,[3],selected,train,oct_stage3,0,256,0.0625,512,32,64,3,label0,632,cross_relative,0.1639690099581233,0.011427988366578986,632,0
svd_resample,3418,16,[3],selected,train,oct_stage3,0,256,0.0625,512,32,64,3,label0,632,total_relative,0.23240805384301907,0.013594247603627553,632,0
svd_resample,3418,16,[3],selected,train,oct_stage3,0,256,0.0625,512,32,64,3,label0,632,self_cross_cosine,0.7640738774521151,0.026605857148250044,632,0
svd_resample,3418,16,[3],selected,train,oct_stage3,0,256,0.0625,512,32,64,3,label0,632,energy_identity_relative_error,7.455741138479865e-17,6.036785260702873e-17,632,0
svd_resample,3418,16,[3],selected,train,oct_stage3,0,256,0.0625,512,32,64,3,label0,632,channel_energy_retained,0.5892266073881631,0.0270643659702313,632,0
svd_resample,3418,16,[3],selected,train,oct_stage3,0,256,0.0625,512,32,64,3,label1,632,self_relative,0.08137297766932197,0.006736658369778246,632,0
svd_resample,3418,16,[3],selected,train,oct_stage3,0,256,0.0625,512,32,64,3,label1,632,cross_relative,0.16321675336635158,0.013049762730381246,632,0
svd_resample,3418,16,[3],selected,train,oct_stage3,0,256,0.0625,512,32,64,3,label1,632,total_relative,0.23144432344997942,0.015270656157963344,632,0
svd_resample,3418,16,[3],selected,train,oct_stage3,0,256,0.0625,512,32,64,3,label1,632,self_cross_cosine,0.7647066970538979,0.028852471908085573,632,0
svd_resample,3418,16,[3],selected,train,oct_stage3,0,256,0.0625,512,32,64,3,label1,632,energy_identity_relative_error,7.931242789247353e-17,6.461021850330482e-17,632,0
svd_resample,3418,16,[3],selected,train,oct_stage3,0,256,0.0625,512,32,64,3,label1,632,channel_energy_retained,0.588303796230017,0.029518515371990954,632,0
svd_resample,3418,16,[3],selected,validation,cfp_stage3,0,256,0.0625,512,32,64,3,all,296,self_relative,0.10575571182499478,0.005910399970110396,296,0
svd_resample,3418,16,[3],selected,validation,cfp_stage3,0,256,0.0625,512,32,64,3,all,296,cross_relative,0.061491637207143124,0.00544573912285368,296,0
svd_resample,3418,16,[3],selected,validation,cfp_stage3,0,256,0.0625,512,32,64,3,all,296,total_relative,0.16026979273105996,0.007925712381214782,296,0
svd_resample,3418,16,[3],selected,validation,cfp_stage3,0,256,0.0625,512,32,64,3,all,296,self_cross_cosine,0.8241081720771053,0.016816723647965246,296,0
svd_resample,3418,16,[3],selected,validation,cfp_stage3,0,256,0.0625,512,32,64,3,all,296,energy_identity_relative_error,8.0503827870532e-17,7.266686016478364e-17,296,0
svd_resample,3418,16,[3],selected,validation,cfp_stage3,0,256,0.0625,512,32,64,3,all,296,channel_energy_retained,0.618537843672188,0.02398278935442752,296,0
svd_resample,3418,16,[3],selected,validation,cfp_stage3,0,256,0.0625,512,32,64,3,label0,148,self_relative,0.10614340623135257,0.005734067260566798,148,0
svd_resample,3418,16,[3],selected,validation,cfp_stage3,0,256,0.0625,512,32,64,3,label0,148,cross_relative,0.06138762225410343,0.0052907592453741645,148,0
svd_resample,3418,16,[3],selected,validation,cfp_stage3,0,256,0.0625,512,32,64,3,label0,148,total_relative,0.160547965520076,0.007986113401607365,148,0
svd_resample,3418,16,[3],selected,validation,cfp_stage3,0,256,0.0625,512,32,64,3,label0,148,self_cross_cosine,0.8240591463369626,0.015869017605860514,148,0
svd_resample,3418,16,[3],selected,validation,cfp_stage3,0,256,0.0625,512,32,64,3,label0,148,energy_identity_relative_error,7.55389243245105e-17,7.102079176736428e-17,148,0
svd_resample,3418,16,[3],selected,validation,cfp_stage3,0,256,0.0625,512,32,64,3,label0,148,channel_energy_retained,0.6200487632552306,0.023419088862943402,148,0
svd_resample,3418,16,[3],selected,validation,cfp_stage3,0,256,0.0625,512,32,64,3,label1,148,self_relative,0.10536801741863705,0.00607627415864758,148,0
svd_resample,3418,16,[3],selected,validation,cfp_stage3,0,256,0.0625,512,32,64,3,label1,148,cross_relative,0.06159565216018285,0.005612483619592418,148,0
svd_resample,3418,16,[3],selected,validation,cfp_stage3,0,256,0.0625,512,32,64,3,label1,148,total_relative,0.1599916199420439,0.007882089774219614,148,0
svd_resample,3418,16,[3],selected,validation,cfp_stage3,0,256,0.0625,512,32,64,3,label1,148,self_cross_cosine,0.8241571978172478,0.017767882637859504,148,0
svd_resample,3418,16,[3],selected,validation,cfp_stage3,0,256,0.0625,512,32,64,3,label1,148,energy_identity_relative_error,8.546873141655348e-17,7.418408143940491e-17,148,0
svd_resample,3418,16,[3],selected,validation,cfp_stage3,0,256,0.0625,512,32,64,3,label1,148,channel_energy_retained,0.6170269240891451,0.024519595863096214,148,0
svd_resample,3418,16,[3],selected,validation,oct_stage3,0,256,0.0625,512,32,64,3,all,296,self_relative,0.08206886304918365,0.006139021814743312,296,0
svd_resample,3418,16,[3],selected,validation,oct_stage3,0,256,0.0625,512,32,64,3,all,296,cross_relative,0.16346027972480529,0.013468901228426807,296,0
svd_resample,3418,16,[3],selected,validation,oct_stage3,0,256,0.0625,512,32,64,3,all,296,total_relative,0.23216472546588413,0.01500692861690344,296,0
svd_resample,3418,16,[3],selected,validation,oct_stage3,0,256,0.0625,512,32,64,3,all,296,self_cross_cosine,0.7621274684157335,0.027021175870826548,296,0
svd_resample,3418,16,[3],selected,validation,oct_stage3,0,256,0.0625,512,32,64,3,all,296,energy_identity_relative_error,7.452294034347434e-17,6.33013770465775e-17,296,0
svd_resample,3418,16,[3],selected,validation,oct_stage3,0,256,0.0625,512,32,64,3,all,296,channel_energy_retained,0.5902405103803546,0.02656774364752478,296,0
svd_resample,3418,16,[3],selected,validation,oct_stage3,0,256,0.0625,512,32,64,3,label0,148,self_relative,0.08155243034107271,0.006179517632508343,148,0
svd_resample,3418,16,[3],selected,validation,oct_stage3,0,256,0.0625,512,32,64,3,label0,148,cross_relative,0.16314143353670643,0.012573437546105347,148,0
svd_resample,3418,16,[3],selected,validation,oct_stage3,0,256,0.0625,512,32,64,3,label0,148,total_relative,0.2314447451925241,0.014519687132752389,148,0
svd_resample,3418,16,[3],selected,validation,oct_stage3,0,256,0.0625,512,32,64,3,label0,148,self_cross_cosine,0.7630946236989894,0.026829185431587983,148,0
svd_resample,3418,16,[3],selected,validation,oct_stage3,0,256,0.0625,512,32,64,3,label0,148,energy_identity_relative_error,7.619979898160944e-17,6.613182431810802e-17,148,0
svd_resample,3418,16,[3],selected,validation,oct_stage3,0,256,0.0625,512,32,64,3,label0,148,channel_energy_retained,0.5882892804515987,0.02563982993075176,148,0
svd_resample,3418,16,[3],selected,validation,oct_stage3,0,256,0.0625,512,32,64,3,label1,148,self_relative,0.08258529575729452,0.006075202348560671,148,0
svd_resample,3418,16,[3],selected,validation,oct_stage3,0,256,0.0625,512,32,64,3,label1,148,cross_relative,0.16377912591290425,0.014344359532677303,148,0
svd_resample,3418,16,[3],selected,validation,oct_stage3,0,256,0.0625,512,32,64,3,label1,148,total_relative,0.23288470573924416,0.015494603231601529,148,0
svd_resample,3418,16,[3],selected,validation,oct_stage3,0,256,0.0625,512,32,64,3,label1,148,self_cross_cosine,0.7611603131324776,0.02726840957055921,148,0
svd_resample,3418,16,[3],selected,validation,oct_stage3,0,256,0.0625,512,32,64,3,label1,148,energy_identity_relative_error,7.284608170533921e-17,6.051700140532658e-17,148,0
svd_resample,3418,16,[3],selected,validation,oct_stage3,0,256,0.0625,512,32,64,3,label1,148,channel_energy_retained,0.5921917403091103,0.027412121340782247,148,0
svd_resample,3418,16,[3],selected,test,cfp_stage3,0,256,0.0625,512,32,64,3,all,290,self_relative,0.10579240407887194,0.005823629351862624,290,0
svd_resample,3418,16,[3],selected,test,cfp_stage3,0,256,0.0625,512,32,64,3,all,290,cross_relative,0.0608524961099869,0.005646572165871431,290,0
svd_resample,3418,16,[3],selected,test,cfp_stage3,0,256,0.0625,512,32,64,3,all,290,total_relative,0.1597838126770887,0.008257457591419846,290,0
svd_resample,3418,16,[3],selected,test,cfp_stage3,0,256,0.0625,512,32,64,3,all,290,self_cross_cosine,0.8258576030450252,0.01623427110209594,290,0
svd_resample,3418,16,[3],selected,test,cfp_stage3,0,256,0.0625,512,32,64,3,all,290,energy_identity_relative_error,8.300985968243413e-17,6.56119085241536e-17,290,0
svd_resample,3418,16,[3],selected,test,cfp_stage3,0,256,0.0625,512,32,64,3,all,290,channel_energy_retained,0.6175523887234161,0.025131950977816078,290,0
svd_resample,3418,16,[3],selected,test,cfp_stage3,0,256,0.0625,512,32,64,3,label0,145,self_relative,0.10592259700579268,0.005615399082147651,145,0
svd_resample,3418,16,[3],selected,test,cfp_stage3,0,256,0.0625,512,32,64,3,label0,145,cross_relative,0.06137434231115565,0.0050211073163341,145,0
svd_resample,3418,16,[3],selected,test,cfp_stage3,0,256,0.0625,512,32,64,3,label0,145,total_relative,0.16032967982417803,0.00756139430340111,145,0
svd_resample,3418,16,[3],selected,test,cfp_stage3,0,256,0.0625,512,32,64,3,label0,145,self_cross_cosine,0.8242448152478695,0.014642315510563877,145,0
svd_resample,3418,16,[3],selected,test,cfp_stage3,0,256,0.0625,512,32,64,3,label0,145,energy_identity_relative_error,8.803954439260996e-17,6.972757506834366e-17,145,0
svd_resample,3418,16,[3],selected,test,cfp_stage3,0,256,0.0625,512,32,64,3,label0,145,channel_energy_retained,0.6175766908887933,0.025192006813879866,145,0
svd_resample,3418,16,[3],selected,test,cfp_stage3,0,256,0.0625,512,32,64,3,label1,145,self_relative,0.10566221115195125,0.006041356921436259,145,0
svd_resample,3418,16,[3],selected,test,cfp_stage3,0,256,0.0625,512,32,64,3,label1,145,cross_relative,0.06033064990881818,0.006182962210839042,145,0
svd_resample,3418,16,[3],selected,test,cfp_stage3,0,256,0.0625,512,32,64,3,label1,145,total_relative,0.1592379455299993,0.008892129031833184,145,0
svd_resample,3418,16,[3],selected,test,cfp_stage3,0,256,0.0625,512,32,64,3,label1,145,self_cross_cosine,0.8274703908421811,0.01758685978068502,145,0
svd_resample,3418,16,[3],selected,test,cfp_stage3,0,256,0.0625,512,32,64,3,label1,145,energy_identity_relative_error,7.798017497225824e-17,6.104800436513388e-17,145,0
svd_resample,3418,16,[3],selected,test,cfp_stage3,0,256,0.0625,512,32,64,3,label1,145,channel_energy_retained,0.6175280865580386,0.025159048833346537,145,0
svd_resample,3418,16,[3],selected,test,oct_stage3,0,256,0.0625,512,32,64,3,all,290,self_relative,0.08152314484172853,0.007146414409965064,290,0
svd_resample,3418,16,[3],selected,test,oct_stage3,0,256,0.0625,512,32,64,3,all,290,cross_relative,0.16417789423951173,0.012631921695970456,290,0
svd_resample,3418,16,[3],selected,test,oct_stage3,0,256,0.0625,512,32,64,3,all,290,total_relative,0.2325963669188328,0.014954316278815107,290,0
svd_resample,3418,16,[3],selected,test,oct_stage3,0,256,0.0625,512,32,64,3,all,290,self_cross_cosine,0.7663627120134723,0.028533816578509712,290,0
svd_resample,3418,16,[3],selected,test,oct_stage3,0,256,0.0625,512,32,64,3,all,290,energy_identity_relative_error,7.703222399948419e-17,6.273073041802595e-17,290,0
svd_resample,3418,16,[3],selected,test,oct_stage3,0,256,0.0625,512,32,64,3,all,290,channel_energy_retained,0.5891048798245493,0.031269271890255114,290,0
svd_resample,3418,16,[3],selected,test,oct_stage3,0,256,0.0625,512,32,64,3,label0,145,self_relative,0.0818548233155832,0.007122702301839788,145,0
svd_resample,3418,16,[3],selected,test,oct_stage3,0,256,0.0625,512,32,64,3,label0,145,cross_relative,0.1635821660235431,0.012539303550439945,145,0
svd_resample,3418,16,[3],selected,test,oct_stage3,0,256,0.0625,512,32,64,3,label0,145,total_relative,0.23225602238556897,0.01535672980291335,145,0
svd_resample,3418,16,[3],selected,test,oct_stage3,0,256,0.0625,512,32,64,3,label0,145,self_cross_cosine,0.7655187656012622,0.02856192012883347,145,0
svd_resample,3418,16,[3],selected,test,oct_stage3,0,256,0.0625,512,32,64,3,label0,145,energy_identity_relative_error,7.760301435247954e-17,6.517586412453618e-17,145,0
svd_resample,3418,16,[3],selected,test,oct_stage3,0,256,0.0625,512,32,64,3,label0,145,channel_energy_retained,0.5901399950327357,0.032915511644435444,145,0
svd_resample,3418,16,[3],selected,test,oct_stage3,0,256,0.0625,512,32,64,3,label1,145,self_relative,0.08119146636787387,0.0071793246195920426,145,0
svd_resample,3418,16,[3],selected,test,oct_stage3,0,256,0.0625,512,32,64,3,label1,145,cross_relative,0.16477362245548036,0.012739314661224497,145,0
svd_resample,3418,16,[3],selected,test,oct_stage3,0,256,0.0625,512,32,64,3,label1,145,total_relative,0.23293671145209663,0.014586079662861455,145,0
svd_resample,3418,16,[3],selected,test,oct_stage3,0,256,0.0625,512,32,64,3,label1,145,self_cross_cosine,0.7672066584256826,0.028579603407041798,145,0
svd_resample,3418,16,[3],selected,test,oct_stage3,0,256,0.0625,512,32,64,3,label1,145,energy_identity_relative_error,7.646143364648889e-17,6.040750845326883e-17,145,0
svd_resample,3418,16,[3],selected,test,oct_stage3,0,256,0.0625,512,32,64,3,label1,145,channel_energy_retained,0.588069764616363,0.029609729228670802,145,0
svd_multidepth,3418,16,"[2, 3]",constructed_initial,train,cfp_stage2,0,128,0.125,512,32,64,3,all,1264,self_relative,0.0,0.0,1264,0
svd_multidepth,3418,16,"[2, 3]",constructed_initial,train,cfp_stage2,0,128,0.125,512,32,64,3,all,1264,cross_relative,0.0,0.0,1264,0
svd_multidepth,3418,16,"[2, 3]",constructed_initial,train,cfp_stage2,0,128,0.125,512,32,64,3,all,1264,total_relative,0.0,0.0,1264,0
svd_multidepth,3418,16,"[2, 3]",constructed_initial,train,cfp_stage2,0,128,0.125,512,32,64,3,all,1264,self_cross_cosine,,,0,1264
svd_multidepth,3418,16,"[2, 3]",constructed_initial,train,cfp_stage2,0,128,0.125,512,32,64,3,all,1264,energy_identity_relative_error,0.0,0.0,1264,0
svd_multidepth,3418,16,"[2, 3]",constructed_initial,train,cfp_stage2,0,128,0.125,512,32,64,3,all,1264,channel_energy_retained,0.7031070316585271,0.025024914721490255,1264,0
svd_multidepth,3418,16,"[2, 3]",constructed_initial,train,cfp_stage2,0,128,0.125,512,32,64,3,label0,632,self_relative,0.0,0.0,632,0
svd_multidepth,3418,16,"[2, 3]",constructed_initial,train,cfp_stage2,0,128,0.125,512,32,64,3,label0,632,cross_relative,0.0,0.0,632,0
svd_multidepth,3418,16,"[2, 3]",constructed_initial,train,cfp_stage2,0,128,0.125,512,32,64,3,label0,632,total_relative,0.0,0.0,632,0
svd_multidepth,3418,16,"[2, 3]",constructed_initial,train,cfp_stage2,0,128,0.125,512,32,64,3,label0,632,self_cross_cosine,,,0,632
svd_multidepth,3418,16,"[2, 3]",constructed_initial,train,cfp_stage2,0,128,0.125,512,32,64,3,label0,632,energy_identity_relative_error,0.0,0.0,632,0
svd_multidepth,3418,16,"[2, 3]",constructed_initial,train,cfp_stage2,0,128,0.125,512,32,64,3,label0,632,channel_energy_retained,0.7047153483050616,0.023742002496496488,632,0
svd_multidepth,3418,16,"[2, 3]",constructed_initial,train,cfp_stage2,0,128,0.125,512,32,64,3,label1,632,self_relative,0.0,0.0,632,0
svd_multidepth,3418,16,"[2, 3]",constructed_initial,train,cfp_stage2,0,128,0.125,512,32,64,3,label1,632,cross_relative,0.0,0.0,632,0
svd_multidepth,3418,16,"[2, 3]",constructed_initial,train,cfp_stage2,0,128,0.125,512,32,64,3,label1,632,total_relative,0.0,0.0,632,0
svd_multidepth,3418,16,"[2, 3]",constructed_initial,train,cfp_stage2,0,128,0.125,512,32,64,3,label1,632,self_cross_cosine,,,0,632
svd_multidepth,3418,16,"[2, 3]",constructed_initial,train,cfp_stage2,0,128,0.125,512,32,64,3,label1,632,energy_identity_relative_error,0.0,0.0,632,0
svd_multidepth,3418,16,"[2, 3]",constructed_initial,train,cfp_stage2,0,128,0.125,512,32,64,3,label1,632,channel_energy_retained,0.7014987150119921,0.02616526197151576,632,0
svd_multidepth,3418,16,"[2, 3]",constructed_initial,train,oct_stage2,0,128,0.125,512,32,64,3,all,1264,self_relative,0.0,0.0,1264,0
svd_multidepth,3418,16,"[2, 3]",constructed_initial,train,oct_stage2,0,128,0.125,512,32,64,3,all,1264,cross_relative,0.0,0.0,1264,0
svd_multidepth,3418,16,"[2, 3]",constructed_initial,train,oct_stage2,0,128,0.125,512,32,64,3,all,1264,total_relative,0.0,0.0,1264,0
svd_multidepth,3418,16,"[2, 3]",constructed_initial,train,oct_stage2,0,128,0.125,512,32,64,3,all,1264,self_cross_cosine,,,0,1264
svd_multidepth,3418,16,"[2, 3]",constructed_initial,train,oct_stage2,0,128,0.125,512,32,64,3,all,1264,energy_identity_relative_error,0.0,0.0,1264,0
svd_multidepth,3418,16,"[2, 3]",constructed_initial,train,oct_stage2,0,128,0.125,512,32,64,3,all,1264,channel_energy_retained,0.7253358902802557,0.01359214985279032,1264,0
svd_multidepth,3418,16,"[2, 3]",constructed_initial,train,oct_stage2,0,128,0.125,512,32,64,3,label0,632,self_relative,0.0,0.0,632,0
svd_multidepth,3418,16,"[2, 3]",constructed_initial,train,oct_stage2,0,128,0.125,512,32,64,3,label0,632,cross_relative,0.0,0.0,632,0
svd_multidepth,3418,16,"[2, 3]",constructed_initial,train,oct_stage2,0,128,0.125,512,32,64,3,label0,632,total_relative,0.0,0.0,632,0
svd_multidepth,3418,16,"[2, 3]",constructed_initial,train,oct_stage2,0,128,0.125,512,32,64,3,label0,632,self_cross_cosine,,,0,632
svd_multidepth,3418,16,"[2, 3]",constructed_initial,train,oct_stage2,0,128,0.125,512,32,64,3,label0,632,energy_identity_relative_error,0.0,0.0,632,0
svd_multidepth,3418,16,"[2, 3]",constructed_initial,train,oct_stage2,0,128,0.125,512,32,64,3,label0,632,channel_energy_retained,0.7251957085981078,0.01356809652239584,632,0
svd_multidepth,3418,16,"[2, 3]",constructed_initial,train,oct_stage2,0,128,0.125,512,32,64,3,label1,632,self_relative,0.0,0.0,632,0
svd_multidepth,3418,16,"[2, 3]",constructed_initial,train,oct_stage2,0,128,0.125,512,32,64,3,label1,632,cross_relative,0.0,0.0,632,0
svd_multidepth,3418,16,"[2, 3]",constructed_initial,train,oct_stage2,0,128,0.125,512,32,64,3,label1,632,total_relative,0.0,0.0,632,0
svd_multidepth,3418,16,"[2, 3]",constructed_initial,train,oct_stage2,0,128,0.125,512,32,64,3,label1,632,self_cross_cosine,,,0,632
svd_multidepth,3418,16,"[2, 3]",constructed_initial,train,oct_stage2,0,128,0.125,512,32,64,3,label1,632,energy_identity_relative_error,0.0,0.0,632,0
svd_multidepth,3418,16,"[2, 3]",constructed_initial,train,oct_stage2,0,128,0.125,512,32,64,3,label1,632,channel_energy_retained,0.7254760719624033,0.0136254633552168,632,0
svd_multidepth,3418,16,"[2, 3]",constructed_initial,train,cfp_stage3,1,256,0.0625,512,32,64,3,all,1264,self_relative,0.0,0.0,1264,0
svd_multidepth,3418,16,"[2, 3]",constructed_initial,train,cfp_stage3,1,256,0.0625,512,32,64,3,all,1264,cross_relative,0.0,0.0,1264,0
svd_multidepth,3418,16,"[2, 3]",constructed_initial,train,cfp_stage3,1,256,0.0625,512,32,64,3,all,1264,total_relative,0.0,0.0,1264,0
svd_multidepth,3418,16,"[2, 3]",constructed_initial,train,cfp_stage3,1,256,0.0625,512,32,64,3,all,1264,self_cross_cosine,,,0,1264
svd_multidepth,3418,16,"[2, 3]",constructed_initial,train,cfp_stage3,1,256,0.0625,512,32,64,3,all,1264,energy_identity_relative_error,0.0,0.0,1264,0
svd_multidepth,3418,16,"[2, 3]",constructed_initial,train,cfp_stage3,1,256,0.0625,512,32,64,3,all,1264,channel_energy_retained,0.6543553028962783,0.026211280762998824,1264,0
svd_multidepth,3418,16,"[2, 3]",constructed_initial,train,cfp_stage3,1,256,0.0625,512,32,64,3,label0,632,self_relative,0.0,0.0,632,0
svd_multidepth,3418,16,"[2, 3]",constructed_initial,train,cfp_stage3,1,256,0.0625,512,32,64,3,label0,632,cross_relative,0.0,0.0,632,0
svd_multidepth,3418,16,"[2, 3]",constructed_initial,train,cfp_stage3,1,256,0.0625,512,32,64,3,label0,632,total_relative,0.0,0.0,632,0
svd_multidepth,3418,16,"[2, 3]",constructed_initial,train,cfp_stage3,1,256,0.0625,512,32,64,3,label0,632,self_cross_cosine,,,0,632
svd_multidepth,3418,16,"[2, 3]",constructed_initial,train,cfp_stage3,1,256,0.0625,512,32,64,3,label0,632,energy_identity_relative_error,0.0,0.0,632,0
svd_multidepth,3418,16,"[2, 3]",constructed_initial,train,cfp_stage3,1,256,0.0625,512,32,64,3,label0,632,channel_energy_retained,0.6571288736480733,0.024513479833138053,632,0
svd_multidepth,3418,16,"[2, 3]",constructed_initial,train,cfp_stage3,1,256,0.0625,512,32,64,3,label1,632,self_relative,0.0,0.0,632,0
svd_multidepth,3418,16,"[2, 3]",constructed_initial,train,cfp_stage3,1,256,0.0625,512,32,64,3,label1,632,cross_relative,0.0,0.0,632,0
svd_multidepth,3418,16,"[2, 3]",constructed_initial,train,cfp_stage3,1,256,0.0625,512,32,64,3,label1,632,total_relative,0.0,0.0,632,0
svd_multidepth,3418,16,"[2, 3]",constructed_initial,train,cfp_stage3,1,256,0.0625,512,32,64,3,label1,632,self_cross_cosine,,,0,632
svd_multidepth,3418,16,"[2, 3]",constructed_initial,train,cfp_stage3,1,256,0.0625,512,32,64,3,label1,632,energy_identity_relative_error,0.0,0.0,632,0
svd_multidepth,3418,16,"[2, 3]",constructed_initial,train,cfp_stage3,1,256,0.0625,512,32,64,3,label1,632,channel_energy_retained,0.6515817321444831,0.027546883861695865,632,0
svd_multidepth,3418,16,"[2, 3]",constructed_initial,train,oct_stage3,1,256,0.0625,512,32,64,3,all,1264,self_relative,0.0,0.0,1264,0
svd_multidepth,3418,16,"[2, 3]",constructed_initial,train,oct_stage3,1,256,0.0625,512,32,64,3,all,1264,cross_relative,0.0,0.0,1264,0
svd_multidepth,3418,16,"[2, 3]",constructed_initial,train,oct_stage3,1,256,0.0625,512,32,64,3,all,1264,total_relative,0.0,0.0,1264,0
svd_multidepth,3418,16,"[2, 3]",constructed_initial,train,oct_stage3,1,256,0.0625,512,32,64,3,all,1264,self_cross_cosine,,,0,1264
svd_multidepth,3418,16,"[2, 3]",constructed_initial,train,oct_stage3,1,256,0.0625,512,32,64,3,all,1264,energy_identity_relative_error,0.0,0.0,1264,0
svd_multidepth,3418,16,"[2, 3]",constructed_initial,train,oct_stage3,1,256,0.0625,512,32,64,3,all,1264,channel_energy_retained,0.6630914436621695,0.036130299357928115,1264,0
svd_multidepth,3418,16,"[2, 3]",constructed_initial,train,oct_stage3,1,256,0.0625,512,32,64,3,label0,632,self_relative,0.0,0.0,632,0
svd_multidepth,3418,16,"[2, 3]",constructed_initial,train,oct_stage3,1,256,0.0625,512,32,64,3,label0,632,cross_relative,0.0,0.0,632,0
svd_multidepth,3418,16,"[2, 3]",constructed_initial,train,oct_stage3,1,256,0.0625,512,32,64,3,label0,632,total_relative,0.0,0.0,632,0
svd_multidepth,3418,16,"[2, 3]",constructed_initial,train,oct_stage3,1,256,0.0625,512,32,64,3,label0,632,self_cross_cosine,,,0,632
svd_multidepth,3418,16,"[2, 3]",constructed_initial,train,oct_stage3,1,256,0.0625,512,32,64,3,label0,632,energy_identity_relative_error,0.0,0.0,632,0
svd_multidepth,3418,16,"[2, 3]",constructed_initial,train,oct_stage3,1,256,0.0625,512,32,64,3,label0,632,channel_energy_retained,0.6641450083369882,0.03532869775286292,632,0
svd_multidepth,3418,16,"[2, 3]",constructed_initial,train,oct_stage3,1,256,0.0625,512,32,64,3,label1,632,self_relative,0.0,0.0,632,0
svd_multidepth,3418,16,"[2, 3]",constructed_initial,train,oct_stage3,1,256,0.0625,512,32,64,3,label1,632,cross_relative,0.0,0.0,632,0
svd_multidepth,3418,16,"[2, 3]",constructed_initial,train,oct_stage3,1,256,0.0625,512,32,64,3,label1,632,total_relative,0.0,0.0,632,0
svd_multidepth,3418,16,"[2, 3]",constructed_initial,train,oct_stage3,1,256,0.0625,512,32,64,3,label1,632,self_cross_cosine,,,0,632
svd_multidepth,3418,16,"[2, 3]",constructed_initial,train,oct_stage3,1,256,0.0625,512,32,64,3,label1,632,energy_identity_relative_error,0.0,0.0,632,0
svd_multidepth,3418,16,"[2, 3]",constructed_initial,train,oct_stage3,1,256,0.0625,512,32,64,3,label1,632,channel_energy_retained,0.6620378789873508,0.03691240225984518,632,0
svd_multidepth,3418,16,"[2, 3]",constructed_initial,validation,cfp_stage2,0,128,0.125,512,32,64,3,all,296,self_relative,0.0,0.0,296,0
svd_multidepth,3418,16,"[2, 3]",constructed_initial,validation,cfp_stage2,0,128,0.125,512,32,64,3,all,296,cross_relative,0.0,0.0,296,0
svd_multidepth,3418,16,"[2, 3]",constructed_initial,validation,cfp_stage2,0,128,0.125,512,32,64,3,all,296,total_relative,0.0,0.0,296,0
svd_multidepth,3418,16,"[2, 3]",constructed_initial,validation,cfp_stage2,0,128,0.125,512,32,64,3,all,296,self_cross_cosine,,,0,296
svd_multidepth,3418,16,"[2, 3]",constructed_initial,validation,cfp_stage2,0,128,0.125,512,32,64,3,all,296,energy_identity_relative_error,0.0,0.0,296,0
svd_multidepth,3418,16,"[2, 3]",constructed_initial,validation,cfp_stage2,0,128,0.125,512,32,64,3,all,296,channel_energy_retained,0.7028861187858026,0.024382457893147115,296,0
svd_multidepth,3418,16,"[2, 3]",constructed_initial,validation,cfp_stage2,0,128,0.125,512,32,64,3,label0,148,self_relative,0.0,0.0,148,0
svd_multidepth,3418,16,"[2, 3]",constructed_initial,validation,cfp_stage2,0,128,0.125,512,32,64,3,label0,148,cross_relative,0.0,0.0,148,0
svd_multidepth,3418,16,"[2, 3]",constructed_initial,validation,cfp_stage2,0,128,0.125,512,32,64,3,label0,148,total_relative,0.0,0.0,148,0
svd_multidepth,3418,16,"[2, 3]",constructed_initial,validation,cfp_stage2,0,128,0.125,512,32,64,3,label0,148,self_cross_cosine,,,0,148
svd_multidepth,3418,16,"[2, 3]",constructed_initial,validation,cfp_stage2,0,128,0.125,512,32,64,3,label0,148,energy_identity_relative_error,0.0,0.0,148,0
svd_multidepth,3418,16,"[2, 3]",constructed_initial,validation,cfp_stage2,0,128,0.125,512,32,64,3,label0,148,channel_energy_retained,0.703420625308276,0.022995467061748123,148,0
svd_multidepth,3418,16,"[2, 3]",constructed_initial,validation,cfp_stage2,0,128,0.125,512,32,64,3,label1,148,self_relative,0.0,0.0,148,0
svd_multidepth,3418,16,"[2, 3]",constructed_initial,validation,cfp_stage2,0,128,0.125,512,32,64,3,label1,148,cross_relative,0.0,0.0,148,0
svd_multidepth,3418,16,"[2, 3]",constructed_initial,validation,cfp_stage2,0,128,0.125,512,32,64,3,label1,148,total_relative,0.0,0.0,148,0
svd_multidepth,3418,16,"[2, 3]",constructed_initial,validation,cfp_stage2,0,128,0.125,512,32,64,3,label1,148,self_cross_cosine,,,0,148
svd_multidepth,3418,16,"[2, 3]",constructed_initial,validation,cfp_stage2,0,128,0.125,512,32,64,3,label1,148,energy_identity_relative_error,0.0,0.0,148,0
svd_multidepth,3418,16,"[2, 3]",constructed_initial,validation,cfp_stage2,0,128,0.125,512,32,64,3,label1,148,channel_energy_retained,0.7023516122633293,0.025762103283127214,148,0
svd_multidepth,3418,16,"[2, 3]",constructed_initial,validation,oct_stage2,0,128,0.125,512,32,64,3,all,296,self_relative,0.0,0.0,296,0
svd_multidepth,3418,16,"[2, 3]",constructed_initial,validation,oct_stage2,0,128,0.125,512,32,64,3,all,296,cross_relative,0.0,0.0,296,0
svd_multidepth,3418,16,"[2, 3]",constructed_initial,validation,oct_stage2,0,128,0.125,512,32,64,3,all,296,total_relative,0.0,0.0,296,0
svd_multidepth,3418,16,"[2, 3]",constructed_initial,validation,oct_stage2,0,128,0.125,512,32,64,3,all,296,self_cross_cosine,,,0,296
svd_multidepth,3418,16,"[2, 3]",constructed_initial,validation,oct_stage2,0,128,0.125,512,32,64,3,all,296,energy_identity_relative_error,0.0,0.0,296,0
svd_multidepth,3418,16,"[2, 3]",constructed_initial,validation,oct_stage2,0,128,0.125,512,32,64,3,all,296,channel_energy_retained,0.7252378335277387,0.013705920403947686,296,0
svd_multidepth,3418,16,"[2, 3]",constructed_initial,validation,oct_stage2,0,128,0.125,512,32,64,3,label0,148,self_relative,0.0,0.0,148,0
svd_multidepth,3418,16,"[2, 3]",constructed_initial,validation,oct_stage2,0,128,0.125,512,32,64,3,label0,148,cross_relative,0.0,0.0,148,0
svd_multidepth,3418,16,"[2, 3]",constructed_initial,validation,oct_stage2,0,128,0.125,512,32,64,3,label0,148,total_relative,0.0,0.0,148,0
svd_multidepth,3418,16,"[2, 3]",constructed_initial,validation,oct_stage2,0,128,0.125,512,32,64,3,label0,148,self_cross_cosine,,,0,148
svd_multidepth,3418,16,"[2, 3]",constructed_initial,validation,oct_stage2,0,128,0.125,512,32,64,3,label0,148,energy_identity_relative_error,0.0,0.0,148,0
svd_multidepth,3418,16,"[2, 3]",constructed_initial,validation,oct_stage2,0,128,0.125,512,32,64,3,label0,148,channel_energy_retained,0.7244613304790289,0.012207727162564828,148,0
svd_multidepth,3418,16,"[2, 3]",constructed_initial,validation,oct_stage2,0,128,0.125,512,32,64,3,label1,148,self_relative,0.0,0.0,148,0
svd_multidepth,3418,16,"[2, 3]",constructed_initial,validation,oct_stage2,0,128,0.125,512,32,64,3,label1,148,cross_relative,0.0,0.0,148,0
svd_multidepth,3418,16,"[2, 3]",constructed_initial,validation,oct_stage2,0,128,0.125,512,32,64,3,label1,148,total_relative,0.0,0.0,148,0
svd_multidepth,3418,16,"[2, 3]",constructed_initial,validation,oct_stage2,0,128,0.125,512,32,64,3,label1,148,self_cross_cosine,,,0,148
svd_multidepth,3418,16,"[2, 3]",constructed_initial,validation,oct_stage2,0,128,0.125,512,32,64,3,label1,148,energy_identity_relative_error,0.0,0.0,148,0
svd_multidepth,3418,16,"[2, 3]",constructed_initial,validation,oct_stage2,0,128,0.125,512,32,64,3,label1,148,channel_energy_retained,0.7260143365764482,0.015057878163557541,148,0
svd_multidepth,3418,16,"[2, 3]",constructed_initial,validation,cfp_stage3,1,256,0.0625,512,32,64,3,all,296,self_relative,0.0,0.0,296,0
svd_multidepth,3418,16,"[2, 3]",constructed_initial,validation,cfp_stage3,1,256,0.0625,512,32,64,3,all,296,cross_relative,0.0,0.0,296,0
svd_multidepth,3418,16,"[2, 3]",constructed_initial,validation,cfp_stage3,1,256,0.0625,512,32,64,3,all,296,total_relative,0.0,0.0,296,0
svd_multidepth,3418,16,"[2, 3]",constructed_initial,validation,cfp_stage3,1,256,0.0625,512,32,64,3,all,296,self_cross_cosine,,,0,296
svd_multidepth,3418,16,"[2, 3]",constructed_initial,validation,cfp_stage3,1,256,0.0625,512,32,64,3,all,296,energy_identity_relative_error,0.0,0.0,296,0
svd_multidepth,3418,16,"[2, 3]",constructed_initial,validation,cfp_stage3,1,256,0.0625,512,32,64,3,all,296,channel_energy_retained,0.6541738436402516,0.02576914474797214,296,0
svd_multidepth,3418,16,"[2, 3]",constructed_initial,validation,cfp_stage3,1,256,0.0625,512,32,64,3,label0,148,self_relative,0.0,0.0,148,0
svd_multidepth,3418,16,"[2, 3]",constructed_initial,validation,cfp_stage3,1,256,0.0625,512,32,64,3,label0,148,cross_relative,0.0,0.0,148,0
svd_multidepth,3418,16,"[2, 3]",constructed_initial,validation,cfp_stage3,1,256,0.0625,512,32,64,3,label0,148,total_relative,0.0,0.0,148,0
svd_multidepth,3418,16,"[2, 3]",constructed_initial,validation,cfp_stage3,1,256,0.0625,512,32,64,3,label0,148,self_cross_cosine,,,0,148
svd_multidepth,3418,16,"[2, 3]",constructed_initial,validation,cfp_stage3,1,256,0.0625,512,32,64,3,label0,148,energy_identity_relative_error,0.0,0.0,148,0
svd_multidepth,3418,16,"[2, 3]",constructed_initial,validation,cfp_stage3,1,256,0.0625,512,32,64,3,label0,148,channel_energy_retained,0.6555666042352446,0.025027393498260758,148,0
svd_multidepth,3418,16,"[2, 3]",constructed_initial,validation,cfp_stage3,1,256,0.0625,512,32,64,3,label1,148,self_relative,0.0,0.0,148,0
svd_multidepth,3418,16,"[2, 3]",constructed_initial,validation,cfp_stage3,1,256,0.0625,512,32,64,3,label1,148,cross_relative,0.0,0.0,148,0
svd_multidepth,3418,16,"[2, 3]",constructed_initial,validation,cfp_stage3,1,256,0.0625,512,32,64,3,label1,148,total_relative,0.0,0.0,148,0
svd_multidepth,3418,16,"[2, 3]",constructed_initial,validation,cfp_stage3,1,256,0.0625,512,32,64,3,label1,148,self_cross_cosine,,,0,148
svd_multidepth,3418,16,"[2, 3]",constructed_initial,validation,cfp_stage3,1,256,0.0625,512,32,64,3,label1,148,energy_identity_relative_error,0.0,0.0,148,0
svd_multidepth,3418,16,"[2, 3]",constructed_initial,validation,cfp_stage3,1,256,0.0625,512,32,64,3,label1,148,channel_energy_retained,0.6527810830452588,0.026501671644307494,148,0
svd_multidepth,3418,16,"[2, 3]",constructed_initial,validation,oct_stage3,1,256,0.0625,512,32,64,3,all,296,self_relative,0.0,0.0,296,0
svd_multidepth,3418,16,"[2, 3]",constructed_initial,validation,oct_stage3,1,256,0.0625,512,32,64,3,all,296,cross_relative,0.0,0.0,296,0
svd_multidepth,3418,16,"[2, 3]",constructed_initial,validation,oct_stage3,1,256,0.0625,512,32,64,3,all,296,total_relative,0.0,0.0,296,0
svd_multidepth,3418,16,"[2, 3]",constructed_initial,validation,oct_stage3,1,256,0.0625,512,32,64,3,all,296,self_cross_cosine,,,0,296
svd_multidepth,3418,16,"[2, 3]",constructed_initial,validation,oct_stage3,1,256,0.0625,512,32,64,3,all,296,energy_identity_relative_error,0.0,0.0,296,0
svd_multidepth,3418,16,"[2, 3]",constructed_initial,validation,oct_stage3,1,256,0.0625,512,32,64,3,all,296,channel_energy_retained,0.6636863904674134,0.03419786636797697,296,0
svd_multidepth,3418,16,"[2, 3]",constructed_initial,validation,oct_stage3,1,256,0.0625,512,32,64,3,label0,148,self_relative,0.0,0.0,148,0
svd_multidepth,3418,16,"[2, 3]",constructed_initial,validation,oct_stage3,1,256,0.0625,512,32,64,3,label0,148,cross_relative,0.0,0.0,148,0
svd_multidepth,3418,16,"[2, 3]",constructed_initial,validation,oct_stage3,1,256,0.0625,512,32,64,3,label0,148,total_relative,0.0,0.0,148,0
svd_multidepth,3418,16,"[2, 3]",constructed_initial,validation,oct_stage3,1,256,0.0625,512,32,64,3,label0,148,self_cross_cosine,,,0,148
svd_multidepth,3418,16,"[2, 3]",constructed_initial,validation,oct_stage3,1,256,0.0625,512,32,64,3,label0,148,energy_identity_relative_error,0.0,0.0,148,0
svd_multidepth,3418,16,"[2, 3]",constructed_initial,validation,oct_stage3,1,256,0.0625,512,32,64,3,label0,148,channel_energy_retained,0.6626574154550655,0.03278285871573041,148,0
svd_multidepth,3418,16,"[2, 3]",constructed_initial,validation,oct_stage3,1,256,0.0625,512,32,64,3,label1,148,self_relative,0.0,0.0,148,0
svd_multidepth,3418,16,"[2, 3]",constructed_initial,validation,oct_stage3,1,256,0.0625,512,32,64,3,label1,148,cross_relative,0.0,0.0,148,0
svd_multidepth,3418,16,"[2, 3]",constructed_initial,validation,oct_stage3,1,256,0.0625,512,32,64,3,label1,148,total_relative,0.0,0.0,148,0
svd_multidepth,3418,16,"[2, 3]",constructed_initial,validation,oct_stage3,1,256,0.0625,512,32,64,3,label1,148,self_cross_cosine,,,0,148
svd_multidepth,3418,16,"[2, 3]",constructed_initial,validation,oct_stage3,1,256,0.0625,512,32,64,3,label1,148,energy_identity_relative_error,0.0,0.0,148,0
svd_multidepth,3418,16,"[2, 3]",constructed_initial,validation,oct_stage3,1,256,0.0625,512,32,64,3,label1,148,channel_energy_retained,0.6647153654797611,0.03563840709332458,148,0
svd_multidepth,3418,16,"[2, 3]",constructed_initial,test,cfp_stage2,0,128,0.125,512,32,64,3,all,290,self_relative,0.0,0.0,290,0
svd_multidepth,3418,16,"[2, 3]",constructed_initial,test,cfp_stage2,0,128,0.125,512,32,64,3,all,290,cross_relative,0.0,0.0,290,0
svd_multidepth,3418,16,"[2, 3]",constructed_initial,test,cfp_stage2,0,128,0.125,512,32,64,3,all,290,total_relative,0.0,0.0,290,0
svd_multidepth,3418,16,"[2, 3]",constructed_initial,test,cfp_stage2,0,128,0.125,512,32,64,3,all,290,self_cross_cosine,,,0,290
svd_multidepth,3418,16,"[2, 3]",constructed_initial,test,cfp_stage2,0,128,0.125,512,32,64,3,all,290,energy_identity_relative_error,0.0,0.0,290,0
svd_multidepth,3418,16,"[2, 3]",constructed_initial,test,cfp_stage2,0,128,0.125,512,32,64,3,all,290,channel_energy_retained,0.7022597673511962,0.023940198874031,290,0
svd_multidepth,3418,16,"[2, 3]",constructed_initial,test,cfp_stage2,0,128,0.125,512,32,64,3,label0,145,self_relative,0.0,0.0,145,0
svd_multidepth,3418,16,"[2, 3]",constructed_initial,test,cfp_stage2,0,128,0.125,512,32,64,3,label0,145,cross_relative,0.0,0.0,145,0
svd_multidepth,3418,16,"[2, 3]",constructed_initial,test,cfp_stage2,0,128,0.125,512,32,64,3,label0,145,total_relative,0.0,0.0,145,0
svd_multidepth,3418,16,"[2, 3]",constructed_initial,test,cfp_stage2,0,128,0.125,512,32,64,3,label0,145,self_cross_cosine,,,0,145
svd_multidepth,3418,16,"[2, 3]",constructed_initial,test,cfp_stage2,0,128,0.125,512,32,64,3,label0,145,energy_identity_relative_error,0.0,0.0,145,0
svd_multidepth,3418,16,"[2, 3]",constructed_initial,test,cfp_stage2,0,128,0.125,512,32,64,3,label0,145,channel_energy_retained,0.7010522589383911,0.023837389959780273,145,0
svd_multidepth,3418,16,"[2, 3]",constructed_initial,test,cfp_stage2,0,128,0.125,512,32,64,3,label1,145,self_relative,0.0,0.0,145,0
svd_multidepth,3418,16,"[2, 3]",constructed_initial,test,cfp_stage2,0,128,0.125,512,32,64,3,label1,145,cross_relative,0.0,0.0,145,0
svd_multidepth,3418,16,"[2, 3]",constructed_initial,test,cfp_stage2,0,128,0.125,512,32,64,3,label1,145,total_relative,0.0,0.0,145,0
svd_multidepth,3418,16,"[2, 3]",constructed_initial,test,cfp_stage2,0,128,0.125,512,32,64,3,label1,145,self_cross_cosine,,,0,145
svd_multidepth,3418,16,"[2, 3]",constructed_initial,test,cfp_stage2,0,128,0.125,512,32,64,3,label1,145,energy_identity_relative_error,0.0,0.0,145,0
svd_multidepth,3418,16,"[2, 3]",constructed_initial,test,cfp_stage2,0,128,0.125,512,32,64,3,label1,145,channel_energy_retained,0.7034672757640014,0.02406426336064409,145,0
svd_multidepth,3418,16,"[2, 3]",constructed_initial,test,oct_stage2,0,128,0.125,512,32,64,3,all,290,self_relative,0.0,0.0,290,0
svd_multidepth,3418,16,"[2, 3]",constructed_initial,test,oct_stage2,0,128,0.125,512,32,64,3,all,290,cross_relative,0.0,0.0,290,0
svd_multidepth,3418,16,"[2, 3]",constructed_initial,test,oct_stage2,0,128,0.125,512,32,64,3,all,290,total_relative,0.0,0.0,290,0
svd_multidepth,3418,16,"[2, 3]",constructed_initial,test,oct_stage2,0,128,0.125,512,32,64,3,all,290,self_cross_cosine,,,0,290
svd_multidepth,3418,16,"[2, 3]",constructed_initial,test,oct_stage2,0,128,0.125,512,32,64,3,all,290,energy_identity_relative_error,0.0,0.0,290,0
svd_multidepth,3418,16,"[2, 3]",constructed_initial,test,oct_stage2,0,128,0.125,512,32,64,3,all,290,channel_energy_retained,0.7237124934403386,0.016313804544311916,290,0
svd_multidepth,3418,16,"[2, 3]",constructed_initial,test,oct_stage2,0,128,0.125,512,32,64,3,label0,145,self_relative,0.0,0.0,145,0
svd_multidepth,3418,16,"[2, 3]",constructed_initial,test,oct_stage2,0,128,0.125,512,32,64,3,label0,145,cross_relative,0.0,0.0,145,0
svd_multidepth,3418,16,"[2, 3]",constructed_initial,test,oct_stage2,0,128,0.125,512,32,64,3,label0,145,total_relative,0.0,0.0,145,0
svd_multidepth,3418,16,"[2, 3]",constructed_initial,test,oct_stage2,0,128,0.125,512,32,64,3,label0,145,self_cross_cosine,,,0,145
svd_multidepth,3418,16,"[2, 3]",constructed_initial,test,oct_stage2,0,128,0.125,512,32,64,3,label0,145,energy_identity_relative_error,0.0,0.0,145,0
svd_multidepth,3418,16,"[2, 3]",constructed_initial,test,oct_stage2,0,128,0.125,512,32,64,3,label0,145,channel_energy_retained,0.7234764128967839,0.017320631767898702,145,0
svd_multidepth,3418,16,"[2, 3]",constructed_initial,test,oct_stage2,0,128,0.125,512,32,64,3,label1,145,self_relative,0.0,0.0,145,0
svd_multidepth,3418,16,"[2, 3]",constructed_initial,test,oct_stage2,0,128,0.125,512,32,64,3,label1,145,cross_relative,0.0,0.0,145,0
svd_multidepth,3418,16,"[2, 3]",constructed_initial,test,oct_stage2,0,128,0.125,512,32,64,3,label1,145,total_relative,0.0,0.0,145,0
svd_multidepth,3418,16,"[2, 3]",constructed_initial,test,oct_stage2,0,128,0.125,512,32,64,3,label1,145,self_cross_cosine,,,0,145
svd_multidepth,3418,16,"[2, 3]",constructed_initial,test,oct_stage2,0,128,0.125,512,32,64,3,label1,145,energy_identity_relative_error,0.0,0.0,145,0
svd_multidepth,3418,16,"[2, 3]",constructed_initial,test,oct_stage2,0,128,0.125,512,32,64,3,label1,145,channel_energy_retained,0.7239485739838933,0.015297454246190256,145,0
svd_multidepth,3418,16,"[2, 3]",constructed_initial,test,cfp_stage3,1,256,0.0625,512,32,64,3,all,290,self_relative,0.0,0.0,290,0
svd_multidepth,3418,16,"[2, 3]",constructed_initial,test,cfp_stage3,1,256,0.0625,512,32,64,3,all,290,cross_relative,0.0,0.0,290,0
svd_multidepth,3418,16,"[2, 3]",constructed_initial,test,cfp_stage3,1,256,0.0625,512,32,64,3,all,290,total_relative,0.0,0.0,290,0
svd_multidepth,3418,16,"[2, 3]",constructed_initial,test,cfp_stage3,1,256,0.0625,512,32,64,3,all,290,self_cross_cosine,,,0,290
svd_multidepth,3418,16,"[2, 3]",constructed_initial,test,cfp_stage3,1,256,0.0625,512,32,64,3,all,290,energy_identity_relative_error,0.0,0.0,290,0
svd_multidepth,3418,16,"[2, 3]",constructed_initial,test,cfp_stage3,1,256,0.0625,512,32,64,3,all,290,channel_energy_retained,0.6534083005422348,0.026703666326704675,290,0
svd_multidepth,3418,16,"[2, 3]",constructed_initial,test,cfp_stage3,1,256,0.0625,512,32,64,3,label0,145,self_relative,0.0,0.0,145,0
svd_multidepth,3418,16,"[2, 3]",constructed_initial,test,cfp_stage3,1,256,0.0625,512,32,64,3,label0,145,cross_relative,0.0,0.0,145,0
svd_multidepth,3418,16,"[2, 3]",constructed_initial,test,cfp_stage3,1,256,0.0625,512,32,64,3,label0,145,total_relative,0.0,0.0,145,0
svd_multidepth,3418,16,"[2, 3]",constructed_initial,test,cfp_stage3,1,256,0.0625,512,32,64,3,label0,145,self_cross_cosine,,,0,145
svd_multidepth,3418,16,"[2, 3]",constructed_initial,test,cfp_stage3,1,256,0.0625,512,32,64,3,label0,145,energy_identity_relative_error,0.0,0.0,145,0
svd_multidepth,3418,16,"[2, 3]",constructed_initial,test,cfp_stage3,1,256,0.0625,512,32,64,3,label0,145,channel_energy_retained,0.6531046579240117,0.026948352682173604,145,0
svd_multidepth,3418,16,"[2, 3]",constructed_initial,test,cfp_stage3,1,256,0.0625,512,32,64,3,label1,145,self_relative,0.0,0.0,145,0
svd_multidepth,3418,16,"[2, 3]",constructed_initial,test,cfp_stage3,1,256,0.0625,512,32,64,3,label1,145,cross_relative,0.0,0.0,145,0
svd_multidepth,3418,16,"[2, 3]",constructed_initial,test,cfp_stage3,1,256,0.0625,512,32,64,3,label1,145,total_relative,0.0,0.0,145,0
svd_multidepth,3418,16,"[2, 3]",constructed_initial,test,cfp_stage3,1,256,0.0625,512,32,64,3,label1,145,self_cross_cosine,,,0,145
svd_multidepth,3418,16,"[2, 3]",constructed_initial,test,cfp_stage3,1,256,0.0625,512,32,64,3,label1,145,energy_identity_relative_error,0.0,0.0,145,0
svd_multidepth,3418,16,"[2, 3]",constructed_initial,test,cfp_stage3,1,256,0.0625,512,32,64,3,label1,145,channel_energy_retained,0.6537119431604576,0.026546641685233352,145,0
svd_multidepth,3418,16,"[2, 3]",constructed_initial,test,oct_stage3,1,256,0.0625,512,32,64,3,all,290,self_relative,0.0,0.0,290,0
svd_multidepth,3418,16,"[2, 3]",constructed_initial,test,oct_stage3,1,256,0.0625,512,32,64,3,all,290,cross_relative,0.0,0.0,290,0
svd_multidepth,3418,16,"[2, 3]",constructed_initial,test,oct_stage3,1,256,0.0625,512,32,64,3,all,290,total_relative,0.0,0.0,290,0
svd_multidepth,3418,16,"[2, 3]",constructed_initial,test,oct_stage3,1,256,0.0625,512,32,64,3,all,290,self_cross_cosine,,,0,290
svd_multidepth,3418,16,"[2, 3]",constructed_initial,test,oct_stage3,1,256,0.0625,512,32,64,3,all,290,energy_identity_relative_error,0.0,0.0,290,0
svd_multidepth,3418,16,"[2, 3]",constructed_initial,test,oct_stage3,1,256,0.0625,512,32,64,3,all,290,channel_energy_retained,0.6618091892242985,0.04099001567198162,290,0
svd_multidepth,3418,16,"[2, 3]",constructed_initial,test,oct_stage3,1,256,0.0625,512,32,64,3,label0,145,self_relative,0.0,0.0,145,0
svd_multidepth,3418,16,"[2, 3]",constructed_initial,test,oct_stage3,1,256,0.0625,512,32,64,3,label0,145,cross_relative,0.0,0.0,145,0
svd_multidepth,3418,16,"[2, 3]",constructed_initial,test,oct_stage3,1,256,0.0625,512,32,64,3,label0,145,total_relative,0.0,0.0,145,0
svd_multidepth,3418,16,"[2, 3]",constructed_initial,test,oct_stage3,1,256,0.0625,512,32,64,3,label0,145,self_cross_cosine,,,0,145
svd_multidepth,3418,16,"[2, 3]",constructed_initial,test,oct_stage3,1,256,0.0625,512,32,64,3,label0,145,energy_identity_relative_error,0.0,0.0,145,0
svd_multidepth,3418,16,"[2, 3]",constructed_initial,test,oct_stage3,1,256,0.0625,512,32,64,3,label0,145,channel_energy_retained,0.6637249106838851,0.04248346121991726,145,0
svd_multidepth,3418,16,"[2, 3]",constructed_initial,test,oct_stage3,1,256,0.0625,512,32,64,3,label1,145,self_relative,0.0,0.0,145,0
svd_multidepth,3418,16,"[2, 3]",constructed_initial,test,oct_stage3,1,256,0.0625,512,32,64,3,label1,145,cross_relative,0.0,0.0,145,0
svd_multidepth,3418,16,"[2, 3]",constructed_initial,test,oct_stage3,1,256,0.0625,512,32,64,3,label1,145,total_relative,0.0,0.0,145,0
svd_multidepth,3418,16,"[2, 3]",constructed_initial,test,oct_stage3,1,256,0.0625,512,32,64,3,label1,145,self_cross_cosine,,,0,145
svd_multidepth,3418,16,"[2, 3]",constructed_initial,test,oct_stage3,1,256,0.0625,512,32,64,3,label1,145,energy_identity_relative_error,0.0,0.0,145,0
svd_multidepth,3418,16,"[2, 3]",constructed_initial,test,oct_stage3,1,256,0.0625,512,32,64,3,label1,145,channel_energy_retained,0.659893467764712,0.03949424349384152,145,0
svd_multidepth,3418,16,"[2, 3]",selected,train,cfp_stage2,0,128,0.125,512,32,64,3,all,1264,self_relative,0.36620725757596934,0.018229284507826977,1264,0
svd_multidepth,3418,16,"[2, 3]",selected,train,cfp_stage2,0,128,0.125,512,32,64,3,all,1264,cross_relative,0.23625305307966907,0.017606739560767783,1264,0
svd_multidepth,3418,16,"[2, 3]",selected,train,cfp_stage2,0,128,0.125,512,32,64,3,all,1264,total_relative,0.4467722360804739,0.025943298693254947,1264,0
svd_multidepth,3418,16,"[2, 3]",selected,train,cfp_stage2,0,128,0.125,512,32,64,3,all,1264,self_cross_cosine,0.055307573473698746,0.05089767782305544,1264,0
svd_multidepth,3418,16,"[2, 3]",selected,train,cfp_stage2,0,128,0.125,512,32,64,3,all,1264,energy_identity_relative_error,7.998715665722654e-17,6.15626000450164e-17,1264,0
svd_multidepth,3418,16,"[2, 3]",selected,train,cfp_stage2,0,128,0.125,512,32,64,3,all,1264,channel_energy_retained,0.6677072857272204,0.024293559644925692,1264,0
svd_multidepth,3418,16,"[2, 3]",selected,train,cfp_stage2,0,128,0.125,512,32,64,3,label0,632,self_relative,0.36751658661013165,0.017206351932935196,632,0
svd_multidepth,3418,16,"[2, 3]",selected,train,cfp_stage2,0,128,0.125,512,32,64,3,label0,632,cross_relative,0.2341303654487097,0.016479745525785107,632,0
svd_multidepth,3418,16,"[2, 3]",selected,train,cfp_stage2,0,128,0.125,512,32,64,3,label0,632,total_relative,0.44949413962581186,0.0248061389160749,632,0
svd_multidepth,3418,16,"[2, 3]",selected,train,cfp_stage2,0,128,0.125,512,32,64,3,label0,632,self_cross_cosine,0.06993211776982688,0.04742262715291733,632,0
svd_multidepth,3418,16,"[2, 3]",selected,train,cfp_stage2,0,128,0.125,512,32,64,3,label0,632,energy_identity_relative_error,7.701196769598769e-17,5.818947145588473e-17,632,0
svd_multidepth,3418,16,"[2, 3]",selected,train,cfp_stage2,0,128,0.125,512,32,64,3,label0,632,channel_energy_retained,0.6693149619117994,0.023243613561372757,632,0
svd_multidepth,3418,16,"[2, 3]",selected,train,cfp_stage2,0,128,0.125,512,32,64,3,label1,632,self_relative,0.3648979285418071,0.019121914049770424,632,0
svd_multidepth,3418,16,"[2, 3]",selected,train,cfp_stage2,0,128,0.125,512,32,64,3,label1,632,cross_relative,0.23837574071062842,0.018435778683460004,632,0
svd_multidepth,3418,16,"[2, 3]",selected,train,cfp_stage2,0,128,0.125,512,32,64,3,label1,632,total_relative,0.444050332535136,0.02677668040687726,632,0
svd_multidepth,3418,16,"[2, 3]",selected,train,cfp_stage2,0,128,0.125,512,32,64,3,label1,632,self_cross_cosine,0.040683029177570586,0.050079084088562854,632,0
svd_multidepth,3418,16,"[2, 3]",selected,train,cfp_stage2,0,128,0.125,512,32,64,3,label1,632,energy_identity_relative_error,8.296234561846544e-17,6.466968046255677e-17,632,0
svd_multidepth,3418,16,"[2, 3]",selected,train,cfp_stage2,0,128,0.125,512,32,64,3,label1,632,channel_energy_retained,0.666099609542641,0.02521599444437165,632,0
svd_multidepth,3418,16,"[2, 3]",selected,train,oct_stage2,0,128,0.125,512,32,64,3,all,1264,self_relative,2.730825407461706,0.08723448244031119,1264,0
svd_multidepth,3418,16,"[2, 3]",selected,train,oct_stage2,0,128,0.125,512,32,64,3,all,1264,cross_relative,1.597506053947306,0.07619647278277995,1264,0
svd_multidepth,3418,16,"[2, 3]",selected,train,oct_stage2,0,128,0.125,512,32,64,3,all,1264,total_relative,4.216327783115232,0.10450319921518088,1264,0
svd_multidepth,3418,16,"[2, 3]",selected,train,oct_stage2,0,128,0.125,512,32,64,3,all,1264,self_cross_cosine,0.8906624712469425,0.022367920976195714,1264,0
svd_multidepth,3418,16,"[2, 3]",selected,train,oct_stage2,0,128,0.125,512,32,64,3,all,1264,energy_identity_relative_error,7.555507452445913e-17,6.261280713005323e-17,1264,0
svd_multidepth,3418,16,"[2, 3]",selected,train,oct_stage2,0,128,0.125,512,32,64,3,all,1264,channel_energy_retained,0.5707790939694776,0.006516204022829515,1264,0
svd_multidepth,3418,16,"[2, 3]",selected,train,oct_stage2,0,128,0.125,512,32,64,3,label0,632,self_relative,2.7127266665119385,0.0819573644277308,632,0
svd_multidepth,3418,16,"[2, 3]",selected,train,oct_stage2,0,128,0.125,512,32,64,3,label0,632,cross_relative,1.5878533349488473,0.0695677535885531,632,0
svd_multidepth,3418,16,"[2, 3]",selected,train,oct_stage2,0,128,0.125,512,32,64,3,label0,632,total_relative,4.190534496152118,0.09034155968836796,632,0
svd_multidepth,3418,16,"[2, 3]",selected,train,oct_stage2,0,128,0.125,512,32,64,3,label0,632,self_cross_cosine,0.8918362340605164,0.021833106177690888,632,0
svd_multidepth,3418,16,"[2, 3]",selected,train,oct_stage2,0,128,0.125,512,32,64,3,label0,632,energy_identity_relative_error,7.769497889101861e-17,6.234494400627421e-17,632,0
svd_multidepth,3418,16,"[2, 3]",selected,train,oct_stage2,0,128,0.125,512,32,64,3,label0,632,channel_energy_retained,0.5708186741376884,0.006454406401104973,632,0
svd_multidepth,3418,16,"[2, 3]",selected,train,oct_stage2,0,128,0.125,512,32,64,3,label1,632,self_relative,2.7489241484114735,0.08864870655729752,632,0
svd_multidepth,3418,16,"[2, 3]",selected,train,oct_stage2,0,128,0.125,512,32,64,3,label1,632,cross_relative,1.6071587729457657,0.08120768688992804,632,0
svd_multidepth,3418,16,"[2, 3]",selected,train,oct_stage2,0,128,0.125,512,32,64,3,label1,632,total_relative,4.24212107007835,0.11119735250495455,632,0
svd_multidepth,3418,16,"[2, 3]",selected,train,oct_stage2,0,128,0.125,512,32,64,3,label1,632,self_cross_cosine,0.889488708433369,0.022847239515603295,632,0
svd_multidepth,3418,16,"[2, 3]",selected,train,oct_stage2,0,128,0.125,512,32,64,3,label1,632,energy_identity_relative_error,7.341517015789964e-17,6.285598803916598e-17,632,0
svd_multidepth,3418,16,"[2, 3]",selected,train,oct_stage2,0,128,0.125,512,32,64,3,label1,632,channel_energy_retained,0.5707395138012665,0.006582296032877117,632,0
svd_multidepth,3418,16,"[2, 3]",selected,train,cfp_stage3,1,256,0.0625,512,32,64,3,all,1264,self_relative,0.5633941855013028,0.009602366874384554,1264,0
svd_multidepth,3418,16,"[2, 3]",selected,train,cfp_stage3,1,256,0.0625,512,32,64,3,all,1264,cross_relative,0.32161251031873195,0.023742794694704604,1264,0
svd_multidepth,3418,16,"[2, 3]",selected,train,cfp_stage3,1,256,0.0625,512,32,64,3,all,1264,total_relative,0.5742393215218083,0.0186299157073218,1264,0
svd_multidepth,3418,16,"[2, 3]",selected,train,cfp_stage3,1,256,0.0625,512,32,64,3,all,1264,self_cross_cosine,-0.25317787941315667,0.031098524270294924,1264,0
svd_multidepth,3418,16,"[2, 3]",selected,train,cfp_stage3,1,256,0.0625,512,32,64,3,all,1264,energy_identity_relative_error,7.206938078157152e-17,5.715667684285585e-17,1264,0
svd_multidepth,3418,16,"[2, 3]",selected,train,cfp_stage3,1,256,0.0625,512,32,64,3,all,1264,channel_energy_retained,0.556731025875131,0.016902727400737283,1264,0
svd_multidepth,3418,16,"[2, 3]",selected,train,cfp_stage3,1,256,0.0625,512,32,64,3,label0,632,self_relative,0.5669987960526999,0.008513125284373034,632,0
svd_multidepth,3418,16,"[2, 3]",selected,train,cfp_stage3,1,256,0.0625,512,32,64,3,label0,632,cross_relative,0.3283498411644484,0.021953551768440802,632,0
svd_multidepth,3418,16,"[2, 3]",selected,train,cfp_stage3,1,256,0.0625,512,32,64,3,label0,632,total_relative,0.5803100448896664,0.017054484527557413,632,0
svd_multidepth,3418,16,"[2, 3]",selected,train,cfp_stage3,1,256,0.0625,512,32,64,3,label0,632,self_cross_cosine,-0.25005303269560897,0.027836498291856464,632,0
svd_multidepth,3418,16,"[2, 3]",selected,train,cfp_stage3,1,256,0.0625,512,32,64,3,label0,632,energy_identity_relative_error,7.016803859802373e-17,5.534751848838597e-17,632,0
svd_multidepth,3418,16,"[2, 3]",selected,train,cfp_stage3,1,256,0.0625,512,32,64,3,label0,632,channel_energy_retained,0.5607103486227962,0.01585185293238061,632,0
svd_multidepth,3418,16,"[2, 3]",selected,train,cfp_stage3,1,256,0.0625,512,32,64,3,label1,632,self_relative,0.5597895749499059,0.009276643012979854,632,0
svd_multidepth,3418,16,"[2, 3]",selected,train,cfp_stage3,1,256,0.0625,512,32,64,3,label1,632,cross_relative,0.31487517947301613,0.023567953130586662,632,0
svd_multidepth,3418,16,"[2, 3]",selected,train,cfp_stage3,1,256,0.0625,512,32,64,3,label1,632,total_relative,0.5681685981539509,0.018166395868587766,632,0
svd_multidepth,3418,16,"[2, 3]",selected,train,cfp_stage3,1,256,0.0625,512,32,64,3,label1,632,self_cross_cosine,-0.25630272613070443,0.033783696926915276,632,0
svd_multidepth,3418,16,"[2, 3]",selected,train,cfp_stage3,1,256,0.0625,512,32,64,3,label1,632,energy_identity_relative_error,7.397072296511932e-17,5.889277769811548e-17,632,0
svd_multidepth,3418,16,"[2, 3]",selected,train,cfp_stage3,1,256,0.0625,512,32,64,3,label1,632,channel_energy_retained,0.5527517031274657,0.016995755745627814,632,0
svd_multidepth,3418,16,"[2, 3]",selected,train,oct_stage3,1,256,0.0625,512,32,64,3,all,1264,self_relative,4.128256745951878,0.3178335195851622,1264,0
svd_multidepth,3418,16,"[2, 3]",selected,train,oct_stage3,1,256,0.0625,512,32,64,3,all,1264,cross_relative,4.54085214039519,0.6335252367247799,1264,0
svd_multidepth,3418,16,"[2, 3]",selected,train,oct_stage3,1,256,0.0625,512,32,64,3,all,1264,total_relative,7.232171773036914,0.7656373629259134,1264,0
svd_multidepth,3418,16,"[2, 3]",selected,train,oct_stage3,1,256,0.0625,512,32,64,3,all,1264,self_cross_cosine,0.3898746348027872,0.02418586774057809,1264,0
svd_multidepth,3418,16,"[2, 3]",selected,train,oct_stage3,1,256,0.0625,512,32,64,3,all,1264,energy_identity_relative_error,7.728569909633005e-17,6.020725037792927e-17,1264,0
svd_multidepth,3418,16,"[2, 3]",selected,train,oct_stage3,1,256,0.0625,512,32,64,3,all,1264,channel_energy_retained,0.46061546520773106,0.06303680587380256,1264,0
svd_multidepth,3418,16,"[2, 3]",selected,train,oct_stage3,1,256,0.0625,512,32,64,3,label0,632,self_relative,4.137863877209232,0.3112884823639476,632,0
svd_multidepth,3418,16,"[2, 3]",selected,train,oct_stage3,1,256,0.0625,512,32,64,3,label0,632,cross_relative,4.394419648622869,0.5688775364915266,632,0
svd_multidepth,3418,16,"[2, 3]",selected,train,oct_stage3,1,256,0.0625,512,32,64,3,label0,632,total_relative,7.138290254703202,0.7177872709707613,632,0
svd_multidepth,3418,16,"[2, 3]",selected,train,oct_stage3,1,256,0.0625,512,32,64,3,label0,632,self_cross_cosine,0.3988240794541921,0.022096373835184355,632,0
svd_multidepth,3418,16,"[2, 3]",selected,train,oct_stage3,1,256,0.0625,512,32,64,3,label0,632,energy_identity_relative_error,7.839369625330813e-17,6.122947892414587e-17,632,0
svd_multidepth,3418,16,"[2, 3]",selected,train,oct_stage3,1,256,0.0625,512,32,64,3,label0,632,channel_energy_retained,0.4650590355161365,0.06111216690919431,632,0
svd_multidepth,3418,16,"[2, 3]",selected,train,oct_stage3,1,256,0.0625,512,32,64,3,label1,632,self_relative,4.118649614694527,0.3242082336348969,632,0
svd_multidepth,3418,16,"[2, 3]",selected,train,oct_stage3,1,256,0.0625,512,32,64,3,label1,632,cross_relative,4.687284632167511,0.6608857294768758,632,0
svd_multidepth,3418,16,"[2, 3]",selected,train,oct_stage3,1,256,0.0625,512,32,64,3,label1,632,total_relative,7.326053291370618,0.8002850519578497,632,0
svd_multidepth,3418,16,"[2, 3]",selected,train,oct_stage3,1,256,0.0625,512,32,64,3,label1,632,self_cross_cosine,0.38092519015138254,0.022850617326679958,632,0
svd_multidepth,3418,16,"[2, 3]",selected,train,oct_stage3,1,256,0.0625,512,32,64,3,label1,632,energy_identity_relative_error,7.617770193935203e-17,5.919512152057328e-17,632,0
svd_multidepth,3418,16,"[2, 3]",selected,train,oct_stage3,1,256,0.0625,512,32,64,3,label1,632,channel_energy_retained,0.4561718948993257,0.06464769906447868,632,0
svd_multidepth,3418,16,"[2, 3]",selected,validation,cfp_stage2,0,128,0.125,512,32,64,3,all,296,self_relative,0.36648091778564723,0.017647245372256773,296,0
svd_multidepth,3418,16,"[2, 3]",selected,validation,cfp_stage2,0,128,0.125,512,32,64,3,all,296,cross_relative,0.23697757672246975,0.017559831555191266,296,0
svd_multidepth,3418,16,"[2, 3]",selected,validation,cfp_stage2,0,128,0.125,512,32,64,3,all,296,total_relative,0.44710382404544324,0.02453531283842242,296,0
svd_multidepth,3418,16,"[2, 3]",selected,validation,cfp_stage2,0,128,0.125,512,32,64,3,all,296,self_cross_cosine,0.05396748596690835,0.04764194987319309,296,0
svd_multidepth,3418,16,"[2, 3]",selected,validation,cfp_stage2,0,128,0.125,512,32,64,3,all,296,energy_identity_relative_error,7.767387830468261e-17,5.819218679638755e-17,296,0
svd_multidepth,3418,16,"[2, 3]",selected,validation,cfp_stage2,0,128,0.125,512,32,64,3,all,296,channel_energy_retained,0.6675187669581233,0.02382243123253495,296,0
svd_multidepth,3418,16,"[2, 3]",selected,validation,cfp_stage2,0,128,0.125,512,32,64,3,label0,148,self_relative,0.3669651518676353,0.016612163542148974,148,0
svd_multidepth,3418,16,"[2, 3]",selected,validation,cfp_stage2,0,128,0.125,512,32,64,3,label0,148,cross_relative,0.23466308962868188,0.017010512727441852,148,0
svd_multidepth,3418,16,"[2, 3]",selected,validation,cfp_stage2,0,128,0.125,512,32,64,3,label0,148,total_relative,0.44786704651602083,0.023394985643894244,148,0
svd_multidepth,3418,16,"[2, 3]",selected,validation,cfp_stage2,0,128,0.125,512,32,64,3,label0,148,self_cross_cosine,0.06269034250941934,0.047144643775929224,148,0
svd_multidepth,3418,16,"[2, 3]",selected,validation,cfp_stage2,0,128,0.125,512,32,64,3,label0,148,energy_identity_relative_error,8.126265181064863e-17,6.518606561482099e-17,148,0
svd_multidepth,3418,16,"[2, 3]",selected,validation,cfp_stage2,0,128,0.125,512,32,64,3,label0,148,channel_energy_retained,0.667963570186793,0.022408762760430242,148,0
svd_multidepth,3418,16,"[2, 3]",selected,validation,cfp_stage2,0,128,0.125,512,32,64,3,label1,148,self_relative,0.36599668370365934,0.018669037056584254,148,0
svd_multidepth,3418,16,"[2, 3]",selected,validation,cfp_stage2,0,128,0.125,512,32,64,3,label1,148,cross_relative,0.23929206381625762,0.01785073794560627,148,0
svd_multidepth,3418,16,"[2, 3]",selected,validation,cfp_stage2,0,128,0.125,512,32,64,3,label1,148,total_relative,0.4463406015748658,0.02568189964308483,148,0
svd_multidepth,3418,16,"[2, 3]",selected,validation,cfp_stage2,0,128,0.125,512,32,64,3,label1,148,self_cross_cosine,0.04524462942439734,0.04668106880778187,148,0
svd_multidepth,3418,16,"[2, 3]",selected,validation,cfp_stage2,0,128,0.125,512,32,64,3,label1,148,energy_identity_relative_error,7.408510479871664e-17,5.020498482723988e-17,148,0
svd_multidepth,3418,16,"[2, 3]",selected,validation,cfp_stage2,0,128,0.125,512,32,64,3,label1,148,channel_energy_retained,0.6670739637294533,0.025225503359661405,148,0
svd_multidepth,3418,16,"[2, 3]",selected,validation,oct_stage2,0,128,0.125,512,32,64,3,all,296,self_relative,2.733187251950088,0.08636945714453084,296,0
svd_multidepth,3418,16,"[2, 3]",selected,validation,oct_stage2,0,128,0.125,512,32,64,3,all,296,cross_relative,1.6000391724704381,0.07722532828234206,296,0
svd_multidepth,3418,16,"[2, 3]",selected,validation,oct_stage2,0,128,0.125,512,32,64,3,all,296,total_relative,4.221313172317934,0.10810265411103866,296,0
svd_multidepth,3418,16,"[2, 3]",selected,validation,oct_stage2,0,128,0.125,512,32,64,3,all,296,self_cross_cosine,0.8909567688724985,0.0236542590896965,296,0
svd_multidepth,3418,16,"[2, 3]",selected,validation,oct_stage2,0,128,0.125,512,32,64,3,all,296,energy_identity_relative_error,7.258759542308711e-17,6.076760053120745e-17,296,0
svd_multidepth,3418,16,"[2, 3]",selected,validation,oct_stage2,0,128,0.125,512,32,64,3,all,296,channel_energy_retained,0.5711562277096928,0.006737299657091099,296,0
svd_multidepth,3418,16,"[2, 3]",selected,validation,oct_stage2,0,128,0.125,512,32,64,3,label0,148,self_relative,2.720222313825092,0.08708674396297028,148,0
svd_multidepth,3418,16,"[2, 3]",selected,validation,oct_stage2,0,128,0.125,512,32,64,3,label0,148,cross_relative,1.5948376273399107,0.07172992859474371,148,0
svd_multidepth,3418,16,"[2, 3]",selected,validation,oct_stage2,0,128,0.125,512,32,64,3,label0,148,total_relative,4.203078585491513,0.09926049683491829,148,0
svd_multidepth,3418,16,"[2, 3]",selected,validation,oct_stage2,0,128,0.125,512,32,64,3,label0,148,self_cross_cosine,0.8904318283614311,0.023957401094691605,148,0
svd_multidepth,3418,16,"[2, 3]",selected,validation,oct_stage2,0,128,0.125,512,32,64,3,label0,148,energy_identity_relative_error,6.791550538527216e-17,6.003267254118941e-17,148,0
svd_multidepth,3418,16,"[2, 3]",selected,validation,oct_stage2,0,128,0.125,512,32,64,3,label0,148,channel_energy_retained,0.5710767836605954,0.006833217714698064,148,0
svd_multidepth,3418,16,"[2, 3]",selected,validation,oct_stage2,0,128,0.125,512,32,64,3,label1,148,self_relative,2.746152190075084,0.08394965902104617,148,0
svd_multidepth,3418,16,"[2, 3]",selected,validation,oct_stage2,0,128,0.125,512,32,64,3,label1,148,cross_relative,1.6052407176009655,0.08227034389160319,148,0
svd_multidepth,3418,16,"[2, 3]",selected,validation,oct_stage2,0,128,0.125,512,32,64,3,label1,148,total_relative,4.239547759144357,0.11370881735296405,148,0
svd_multidepth,3418,16,"[2, 3]",selected,validation,oct_stage2,0,128,0.125,512,32,64,3,label1,148,self_cross_cosine,0.8914817093835662,0.023416709637635987,148,0
svd_multidepth,3418,16,"[2, 3]",selected,validation,oct_stage2,0,128,0.125,512,32,64,3,label1,148,energy_identity_relative_error,7.725968546090202e-17,6.134042188486981e-17,148,0
svd_multidepth,3418,16,"[2, 3]",selected,validation,oct_stage2,0,128,0.125,512,32,64,3,label1,148,channel_energy_retained,0.5712356717587901,0.0066622536831303265,148,0
svd_multidepth,3418,16,"[2, 3]",selected,validation,cfp_stage3,1,256,0.0625,512,32,64,3,all,296,self_relative,0.5626875447039996,0.010128606413328307,296,0
svd_multidepth,3418,16,"[2, 3]",selected,validation,cfp_stage3,1,256,0.0625,512,32,64,3,all,296,cross_relative,0.32088183110112056,0.022558940670283016,296,0
svd_multidepth,3418,16,"[2, 3]",selected,validation,cfp_stage3,1,256,0.0625,512,32,64,3,all,296,total_relative,0.5735615618267679,0.018230866853830154,296,0
svd_multidepth,3418,16,"[2, 3]",selected,validation,cfp_stage3,1,256,0.0625,512,32,64,3,all,296,self_cross_cosine,-0.2523092164173573,0.031101154669635263,296,0
svd_multidepth,3418,16,"[2, 3]",selected,validation,cfp_stage3,1,256,0.0625,512,32,64,3,all,296,energy_identity_relative_error,6.894369220098561e-17,5.055076960710792e-17,296,0
svd_multidepth,3418,16,"[2, 3]",selected,validation,cfp_stage3,1,256,0.0625,512,32,64,3,all,296,channel_energy_retained,0.5575298283717512,0.016735775228212256,296,0
svd_multidepth,3418,16,"[2, 3]",selected,validation,cfp_stage3,1,256,0.0625,512,32,64,3,label0,148,self_relative,0.5640929165294704,0.01060460078410507,148,0
svd_multidepth,3418,16,"[2, 3]",selected,validation,cfp_stage3,1,256,0.0625,512,32,64,3,label0,148,cross_relative,0.32547436771964106,0.020450058968317173,148,0
svd_multidepth,3418,16,"[2, 3]",selected,validation,cfp_stage3,1,256,0.0625,512,32,64,3,label0,148,total_relative,0.5759522464812175,0.01835698539993955,148,0
svd_multidepth,3418,16,"[2, 3]",selected,validation,cfp_stage3,1,256,0.0625,512,32,64,3,label0,148,self_cross_cosine,-0.2530142730521889,0.030626452350267286,148,0
svd_multidepth,3418,16,"[2, 3]",selected,validation,cfp_stage3,1,256,0.0625,512,32,64,3,label0,148,energy_identity_relative_error,6.326551514014274e-17,4.677164238480234e-17,148,0
svd_multidepth,3418,16,"[2, 3]",selected,validation,cfp_stage3,1,256,0.0625,512,32,64,3,label0,148,channel_energy_retained,0.5584049402902033,0.015975533132520894,148,0
svd_multidepth,3418,16,"[2, 3]",selected,validation,cfp_stage3,1,256,0.0625,512,32,64,3,label1,148,self_relative,0.5612821728785286,0.009457306615565896,148,0
svd_multidepth,3418,16,"[2, 3]",selected,validation,cfp_stage3,1,256,0.0625,512,32,64,3,label1,148,cross_relative,0.31628929448259996,0.023676969777864532,148,0
svd_multidepth,3418,16,"[2, 3]",selected,validation,cfp_stage3,1,256,0.0625,512,32,64,3,label1,148,total_relative,0.5711708771723185,0.017846640471908953,148,0
svd_multidepth,3418,16,"[2, 3]",selected,validation,cfp_stage3,1,256,0.0625,512,32,64,3,label1,148,self_cross_cosine,-0.2516041597825257,0.03165696187895223,148,0
svd_multidepth,3418,16,"[2, 3]",selected,validation,cfp_stage3,1,256,0.0625,512,32,64,3,label1,148,energy_identity_relative_error,7.462186926182849e-17,5.362495288480301e-17,148,0
svd_multidepth,3418,16,"[2, 3]",selected,validation,cfp_stage3,1,256,0.0625,512,32,64,3,label1,148,channel_energy_retained,0.5566547164532991,0.017473350369962025,148,0
svd_multidepth,3418,16,"[2, 3]",selected,validation,oct_stage3,1,256,0.0625,512,32,64,3,all,296,self_relative,4.135895103594612,0.30653444157171067,296,0
svd_multidepth,3418,16,"[2, 3]",selected,validation,oct_stage3,1,256,0.0625,512,32,64,3,all,296,cross_relative,4.553953580011204,0.5939322100346591,296,0
svd_multidepth,3418,16,"[2, 3]",selected,validation,oct_stage3,1,256,0.0625,512,32,64,3,all,296,total_relative,7.245755359907628,0.7292773634178569,296,0
svd_multidepth,3418,16,"[2, 3]",selected,validation,oct_stage3,1,256,0.0625,512,32,64,3,all,296,self_cross_cosine,0.3882732655990068,0.02235593374396172,296,0
svd_multidepth,3418,16,"[2, 3]",selected,validation,oct_stage3,1,256,0.0625,512,32,64,3,all,296,energy_identity_relative_error,7.4199203423116e-17,6.638871727086653e-17,296,0
svd_multidepth,3418,16,"[2, 3]",selected,validation,oct_stage3,1,256,0.0625,512,32,64,3,all,296,channel_energy_retained,0.4610874372677605,0.060481084273166744,296,0
svd_multidepth,3418,16,"[2, 3]",selected,validation,oct_stage3,1,256,0.0625,512,32,64,3,label0,148,self_relative,4.129312346314641,0.32783611781965727,148,0
svd_multidepth,3418,16,"[2, 3]",selected,validation,oct_stage3,1,256,0.0625,512,32,64,3,label0,148,cross_relative,4.46938080986429,0.594962873115613,148,0
svd_multidepth,3418,16,"[2, 3]",selected,validation,oct_stage3,1,256,0.0625,512,32,64,3,label0,148,total_relative,7.174639021383607,0.7549314878410996,148,0
svd_multidepth,3418,16,"[2, 3]",selected,validation,oct_stage3,1,256,0.0625,512,32,64,3,label0,148,self_cross_cosine,0.3907932426866365,0.02306728896798834,148,0
svd_multidepth,3418,16,"[2, 3]",selected,validation,oct_stage3,1,256,0.0625,512,32,64,3,label0,148,energy_identity_relative_error,7.330566429306391e-17,6.651165287929539e-17,148,0
svd_multidepth,3418,16,"[2, 3]",selected,validation,oct_stage3,1,256,0.0625,512,32,64,3,label0,148,channel_energy_retained,0.46146164023004366,0.06412724954955966,148,0
svd_multidepth,3418,16,"[2, 3]",selected,validation,oct_stage3,1,256,0.0625,512,32,64,3,label1,148,self_relative,4.142477860874582,0.28460878272107437,148,0
svd_multidepth,3418,16,"[2, 3]",selected,validation,oct_stage3,1,256,0.0625,512,32,64,3,label1,148,cross_relative,4.63852635015812,0.5826897942901483,148,0
svd_multidepth,3418,16,"[2, 3]",selected,validation,oct_stage3,1,256,0.0625,512,32,64,3,label1,148,total_relative,7.31687169843165,0.6979996514868776,148,0
svd_multidepth,3418,16,"[2, 3]",selected,validation,oct_stage3,1,256,0.0625,512,32,64,3,label1,148,self_cross_cosine,0.38575328851137725,0.021403006240940825,148,0
svd_multidepth,3418,16,"[2, 3]",selected,validation,oct_stage3,1,256,0.0625,512,32,64,3,label1,148,energy_identity_relative_error,7.509274255316812e-17,6.647930985731456e-17,148,0
svd_multidepth,3418,16,"[2, 3]",selected,validation,oct_stage3,1,256,0.0625,512,32,64,3,label1,148,channel_energy_retained,0.4607132343054773,0.056817436639463315,148,0
svd_multidepth,3418,16,"[2, 3]",selected,test,cfp_stage2,0,128,0.125,512,32,64,3,all,290,self_relative,0.36684591289643037,0.017968853463560443,290,0
svd_multidepth,3418,16,"[2, 3]",selected,test,cfp_stage2,0,128,0.125,512,32,64,3,all,290,cross_relative,0.23613022520223534,0.017632754164768956,290,0
svd_multidepth,3418,16,"[2, 3]",selected,test,cfp_stage2,0,128,0.125,512,32,64,3,all,290,total_relative,0.4480569009137349,0.02436114944338726,290,0
svd_multidepth,3418,16,"[2, 3]",selected,test,cfp_stage2,0,128,0.125,512,32,64,3,all,290,self_cross_cosine,0.059465164850140355,0.047832389324374135,290,0
svd_multidepth,3418,16,"[2, 3]",selected,test,cfp_stage2,0,128,0.125,512,32,64,3,all,290,energy_identity_relative_error,7.472988922967808e-17,5.535031577513125e-17,290,0
svd_multidepth,3418,16,"[2, 3]",selected,test,cfp_stage2,0,128,0.125,512,32,64,3,all,290,channel_energy_retained,0.6671497580415109,0.023318630384998252,290,0
svd_multidepth,3418,16,"[2, 3]",selected,test,cfp_stage2,0,128,0.125,512,32,64,3,label0,145,self_relative,0.3660809436195854,0.01732517009007136,145,0
svd_multidepth,3418,16,"[2, 3]",selected,test,cfp_stage2,0,128,0.125,512,32,64,3,label0,145,cross_relative,0.23455214798469695,0.01695388110196585,145,0
svd_multidepth,3418,16,"[2, 3]",selected,test,cfp_stage2,0,128,0.125,512,32,64,3,label0,145,total_relative,0.44696389369800327,0.023926856981141584,145,0
svd_multidepth,3418,16,"[2, 3]",selected,test,cfp_stage2,0,128,0.125,512,32,64,3,label0,145,self_cross_cosine,0.06164711754798978,0.04539509258444379,145,0
svd_multidepth,3418,16,"[2, 3]",selected,test,cfp_stage2,0,128,0.125,512,32,64,3,label0,145,energy_identity_relative_error,7.766612096427368e-17,5.828059937892527e-17,145,0
svd_multidepth,3418,16,"[2, 3]",selected,test,cfp_stage2,0,128,0.125,512,32,64,3,label0,145,channel_energy_retained,0.6657610925724798,0.02330798539733122,145,0
svd_multidepth,3418,16,"[2, 3]",selected,test,cfp_stage2,0,128,0.125,512,32,64,3,label1,145,self_relative,0.3676108821732754,0.01861885086629859,145,0
svd_multidepth,3418,16,"[2, 3]",selected,test,cfp_stage2,0,128,0.125,512,32,64,3,label1,145,cross_relative,0.23770830241977367,0.018208180477245445,145,0
svd_multidepth,3418,16,"[2, 3]",selected,test,cfp_stage2,0,128,0.125,512,32,64,3,label1,145,total_relative,0.44914990812946654,0.024822410966718056,145,0
svd_multidepth,3418,16,"[2, 3]",selected,test,cfp_stage2,0,128,0.125,512,32,64,3,label1,145,self_cross_cosine,0.05728321215229094,0.05021415141015996,145,0
svd_multidepth,3418,16,"[2, 3]",selected,test,cfp_stage2,0,128,0.125,512,32,64,3,label1,145,energy_identity_relative_error,7.179365749508247e-17,5.2293397210312206e-17,145,0
svd_multidepth,3418,16,"[2, 3]",selected,test,cfp_stage2,0,128,0.125,512,32,64,3,label1,145,channel_energy_retained,0.668538423510542,0.023326967159223024,145,0
svd_multidepth,3418,16,"[2, 3]",selected,test,oct_stage2,0,128,0.125,512,32,64,3,all,290,self_relative,2.7363676829800427,0.09645253130715845,290,0
svd_multidepth,3418,16,"[2, 3]",selected,test,oct_stage2,0,128,0.125,512,32,64,3,all,290,cross_relative,1.6014158823282931,0.08204327802483144,290,0
svd_multidepth,3418,16,"[2, 3]",selected,test,oct_stage2,0,128,0.125,512,32,64,3,all,290,total_relative,4.22379213196704,0.11345578693183161,290,0
svd_multidepth,3418,16,"[2, 3]",selected,test,oct_stage2,0,128,0.125,512,32,64,3,all,290,self_cross_cosine,0.8891108936930244,0.024166436590668222,290,0
svd_multidepth,3418,16,"[2, 3]",selected,test,oct_stage2,0,128,0.125,512,32,64,3,all,290,energy_identity_relative_error,7.654797903995641e-17,6.253633593178618e-17,290,0
svd_multidepth,3418,16,"[2, 3]",selected,test,oct_stage2,0,128,0.125,512,32,64,3,all,290,channel_energy_retained,0.5710711134412095,0.007324641836635489,290,0
svd_multidepth,3418,16,"[2, 3]",selected,test,oct_stage2,0,128,0.125,512,32,64,3,label0,145,self_relative,2.7213482796715893,0.08816846485501229,145,0
svd_multidepth,3418,16,"[2, 3]",selected,test,oct_stage2,0,128,0.125,512,32,64,3,label0,145,cross_relative,1.5980454441741567,0.0801209983674264,145,0
svd_multidepth,3418,16,"[2, 3]",selected,test,oct_stage2,0,128,0.125,512,32,64,3,label0,145,total_relative,4.208240256646978,0.10819736343632953,145,0
svd_multidepth,3418,16,"[2, 3]",selected,test,oct_stage2,0,128,0.125,512,32,64,3,label0,145,self_cross_cosine,0.8912870932290693,0.019953451163195097,145,0
svd_multidepth,3418,16,"[2, 3]",selected,test,oct_stage2,0,128,0.125,512,32,64,3,label0,145,energy_identity_relative_error,7.044011984566622e-17,5.991013650562581e-17,145,0
svd_multidepth,3418,16,"[2, 3]",selected,test,oct_stage2,0,128,0.125,512,32,64,3,label0,145,channel_energy_retained,0.5707656069439396,0.007491979682140052,145,0
svd_multidepth,3418,16,"[2, 3]",selected,test,oct_stage2,0,128,0.125,512,32,64,3,label1,145,self_relative,2.751387086288497,0.10219006875421945,145,0
svd_multidepth,3418,16,"[2, 3]",selected,test,oct_stage2,0,128,0.125,512,32,64,3,label1,145,cross_relative,1.6047863204824293,0.08406361176275112,145,0
svd_multidepth,3418,16,"[2, 3]",selected,test,oct_stage2,0,128,0.125,512,32,64,3,label1,145,total_relative,4.239344007287104,0.11679071571837045,145,0
svd_multidepth,3418,16,"[2, 3]",selected,test,oct_stage2,0,128,0.125,512,32,64,3,label1,145,self_cross_cosine,0.8869346941569796,0.027647989229489016,145,0
svd_multidepth,3418,16,"[2, 3]",selected,test,oct_stage2,0,128,0.125,512,32,64,3,label1,145,energy_identity_relative_error,8.26558382342466e-17,6.468686441872281e-17,145,0
svd_multidepth,3418,16,"[2, 3]",selected,test,oct_stage2,0,128,0.125,512,32,64,3,label1,145,channel_energy_retained,0.5713766199384797,0.007166282427706986,145,0
svd_multidepth,3418,16,"[2, 3]",selected,test,cfp_stage3,1,256,0.0625,512,32,64,3,all,290,self_relative,0.5630782736527442,0.009112924561056772,290,0
svd_multidepth,3418,16,"[2, 3]",selected,test,cfp_stage3,1,256,0.0625,512,32,64,3,all,290,cross_relative,0.3232846530832946,0.024663809726385908,290,0
svd_multidepth,3418,16,"[2, 3]",selected,test,cfp_stage3,1,256,0.0625,512,32,64,3,all,290,total_relative,0.5745940766729024,0.019214560063475692,290,0
svd_multidepth,3418,16,"[2, 3]",selected,test,cfp_stage3,1,256,0.0625,512,32,64,3,all,290,self_cross_cosine,-0.25304395428884763,0.03164031146834915,290,0
svd_multidepth,3418,16,"[2, 3]",selected,test,cfp_stage3,1,256,0.0625,512,32,64,3,all,290,energy_identity_relative_error,7.28075850955554e-17,5.526717394212532e-17,290,0
svd_multidepth,3418,16,"[2, 3]",selected,test,cfp_stage3,1,256,0.0625,512,32,64,3,all,290,channel_energy_retained,0.5565950879920581,0.016980070367812617,290,0
svd_multidepth,3418,16,"[2, 3]",selected,test,cfp_stage3,1,256,0.0625,512,32,64,3,label0,145,self_relative,0.5648163113591039,0.008095352172495305,145,0
svd_multidepth,3418,16,"[2, 3]",selected,test,cfp_stage3,1,256,0.0625,512,32,64,3,label0,145,cross_relative,0.3219205485071816,0.01841756920644315,145,0
svd_multidepth,3418,16,"[2, 3]",selected,test,cfp_stage3,1,256,0.0625,512,32,64,3,label0,145,total_relative,0.5751013768289979,0.016231557307554417,145,0
svd_multidepth,3418,16,"[2, 3]",selected,test,cfp_stage3,1,256,0.0625,512,32,64,3,label0,145,self_cross_cosine,-0.25366641447006943,0.03072217731860696,145,0
svd_multidepth,3418,16,"[2, 3]",selected,test,cfp_stage3,1,256,0.0625,512,32,64,3,label0,145,energy_identity_relative_error,7.214977521298945e-17,5.283804372277619e-17,145,0
svd_multidepth,3418,16,"[2, 3]",selected,test,cfp_stage3,1,256,0.0625,512,32,64,3,label0,145,channel_energy_retained,0.5561050686428822,0.01709874444788665,145,0
svd_multidepth,3418,16,"[2, 3]",selected,test,cfp_stage3,1,256,0.0625,512,32,64,3,label1,145,self_relative,0.5613402359463844,0.009749321006770022,145,0
svd_multidepth,3418,16,"[2, 3]",selected,test,cfp_stage3,1,256,0.0625,512,32,64,3,label1,145,cross_relative,0.3246487576594075,0.029628990670000875,145,0
svd_multidepth,3418,16,"[2, 3]",selected,test,cfp_stage3,1,256,0.0625,512,32,64,3,label1,145,total_relative,0.5740867765168068,0.02183988981527432,145,0
svd_multidepth,3418,16,"[2, 3]",selected,test,cfp_stage3,1,256,0.0625,512,32,64,3,label1,145,self_cross_cosine,-0.2524214941076259,0.03262726304365735,145,0
svd_multidepth,3418,16,"[2, 3]",selected,test,cfp_stage3,1,256,0.0625,512,32,64,3,label1,145,energy_identity_relative_error,7.346539497812133e-17,5.777025411410768e-17,145,0
svd_multidepth,3418,16,"[2, 3]",selected,test,cfp_stage3,1,256,0.0625,512,32,64,3,label1,145,channel_energy_retained,0.557085107341234,0.016905537151543193,145,0
svd_multidepth,3418,16,"[2, 3]",selected,test,oct_stage3,1,256,0.0625,512,32,64,3,all,290,self_relative,4.131591101400002,0.3337984564606551,290,0
svd_multidepth,3418,16,"[2, 3]",selected,test,oct_stage3,1,256,0.0625,512,32,64,3,all,290,cross_relative,4.513479045009326,0.6459677256730566,290,0
svd_multidepth,3418,16,"[2, 3]",selected,test,oct_stage3,1,256,0.0625,512,32,64,3,all,290,total_relative,7.212126029590544,0.7933996265948569,290,0
svd_multidepth,3418,16,"[2, 3]",selected,test,oct_stage3,1,256,0.0625,512,32,64,3,all,290,self_cross_cosine,0.38995030035689454,0.022331482386137205,290,0
svd_multidepth,3418,16,"[2, 3]",selected,test,oct_stage3,1,256,0.0625,512,32,64,3,all,290,energy_identity_relative_error,7.751455903987799e-17,6.104942201471752e-17,290,0
svd_multidepth,3418,16,"[2, 3]",selected,test,oct_stage3,1,256,0.0625,512,32,64,3,all,290,channel_energy_retained,0.4608813230278793,0.06542892076638893,290,0
svd_multidepth,3418,16,"[2, 3]",selected,test,oct_stage3,1,256,0.0625,512,32,64,3,label0,145,self_relative,4.163211893435669,0.29219653526101397,145,0
svd_multidepth,3418,16,"[2, 3]",selected,test,oct_stage3,1,256,0.0625,512,32,64,3,label0,145,cross_relative,4.553185125643486,0.5105934090818158,145,0
svd_multidepth,3418,16,"[2, 3]",selected,test,oct_stage3,1,256,0.0625,512,32,64,3,label0,145,total_relative,7.272006004016653,0.6486526083822426,145,0
svd_multidepth,3418,16,"[2, 3]",selected,test,oct_stage3,1,256,0.0625,512,32,64,3,label0,145,self_cross_cosine,0.39056293242284223,0.02230662497563435,145,0
svd_multidepth,3418,16,"[2, 3]",selected,test,oct_stage3,1,256,0.0625,512,32,64,3,label0,145,energy_identity_relative_error,7.029973926633983e-17,6.081660435782482e-17,145,0
svd_multidepth,3418,16,"[2, 3]",selected,test,oct_stage3,1,256,0.0625,512,32,64,3,label0,145,channel_energy_retained,0.46768190544939603,0.057397823814628685,145,0
svd_multidepth,3418,16,"[2, 3]",selected,test,oct_stage3,1,256,0.0625,512,32,64,3,label1,145,self_relative,4.099970309364336,0.36908552872922656,145,0
svd_multidepth,3418,16,"[2, 3]",selected,test,oct_stage3,1,256,0.0625,512,32,64,3,label1,145,cross_relative,4.473772964375166,0.7573411856710235,145,0
svd_multidepth,3418,16,"[2, 3]",selected,test,oct_stage3,1,256,0.0625,512,32,64,3,label1,145,total_relative,7.1522460551644365,0.9139836515304909,145,0
svd_multidepth,3418,16,"[2, 3]",selected,test,oct_stage3,1,256,0.0625,512,32,64,3,label1,145,self_cross_cosine,0.3893376682909468,0.022416779539651106,145,0
svd_multidepth,3418,16,"[2, 3]",selected,test,oct_stage3,1,256,0.0625,512,32,64,3,label1,145,energy_identity_relative_error,8.472937881341611e-17,6.063378960184317e-17,145,0
svd_multidepth,3418,16,"[2, 3]",selected,test,oct_stage3,1,256,0.0625,512,32,64,3,label1,145,channel_energy_retained,0.45408074060636244,0.07213853178000472,145,0
svd_multidepth,3418,16,"[2, 3, 4]",constructed_initial,train,cfp_stage2,0,128,0.125,512,32,64,3,all,1264,self_relative,0.0,0.0,1264,0
svd_multidepth,3418,16,"[2, 3, 4]",constructed_initial,train,cfp_stage2,0,128,0.125,512,32,64,3,all,1264,cross_relative,0.0,0.0,1264,0
svd_multidepth,3418,16,"[2, 3, 4]",constructed_initial,train,cfp_stage2,0,128,0.125,512,32,64,3,all,1264,total_relative,0.0,0.0,1264,0
svd_multidepth,3418,16,"[2, 3, 4]",constructed_initial,train,cfp_stage2,0,128,0.125,512,32,64,3,all,1264,self_cross_cosine,,,0,1264
svd_multidepth,3418,16,"[2, 3, 4]",constructed_initial,train,cfp_stage2,0,128,0.125,512,32,64,3,all,1264,energy_identity_relative_error,0.0,0.0,1264,0
svd_multidepth,3418,16,"[2, 3, 4]",constructed_initial,train,cfp_stage2,0,128,0.125,512,32,64,3,all,1264,channel_energy_retained,0.7031070316585271,0.025024914721490255,1264,0
svd_multidepth,3418,16,"[2, 3, 4]",constructed_initial,train,cfp_stage2,0,128,0.125,512,32,64,3,label0,632,self_relative,0.0,0.0,632,0
svd_multidepth,3418,16,"[2, 3, 4]",constructed_initial,train,cfp_stage2,0,128,0.125,512,32,64,3,label0,632,cross_relative,0.0,0.0,632,0
svd_multidepth,3418,16,"[2, 3, 4]",constructed_initial,train,cfp_stage2,0,128,0.125,512,32,64,3,label0,632,total_relative,0.0,0.0,632,0
svd_multidepth,3418,16,"[2, 3, 4]",constructed_initial,train,cfp_stage2,0,128,0.125,512,32,64,3,label0,632,self_cross_cosine,,,0,632
svd_multidepth,3418,16,"[2, 3, 4]",constructed_initial,train,cfp_stage2,0,128,0.125,512,32,64,3,label0,632,energy_identity_relative_error,0.0,0.0,632,0
svd_multidepth,3418,16,"[2, 3, 4]",constructed_initial,train,cfp_stage2,0,128,0.125,512,32,64,3,label0,632,channel_energy_retained,0.7047153483050616,0.023742002496496488,632,0
svd_multidepth,3418,16,"[2, 3, 4]",constructed_initial,train,cfp_stage2,0,128,0.125,512,32,64,3,label1,632,self_relative,0.0,0.0,632,0
svd_multidepth,3418,16,"[2, 3, 4]",constructed_initial,train,cfp_stage2,0,128,0.125,512,32,64,3,label1,632,cross_relative,0.0,0.0,632,0
svd_multidepth,3418,16,"[2, 3, 4]",constructed_initial,train,cfp_stage2,0,128,0.125,512,32,64,3,label1,632,total_relative,0.0,0.0,632,0
svd_multidepth,3418,16,"[2, 3, 4]",constructed_initial,train,cfp_stage2,0,128,0.125,512,32,64,3,label1,632,self_cross_cosine,,,0,632
svd_multidepth,3418,16,"[2, 3, 4]",constructed_initial,train,cfp_stage2,0,128,0.125,512,32,64,3,label1,632,energy_identity_relative_error,0.0,0.0,632,0
svd_multidepth,3418,16,"[2, 3, 4]",constructed_initial,train,cfp_stage2,0,128,0.125,512,32,64,3,label1,632,channel_energy_retained,0.7014987150119921,0.02616526197151576,632,0
svd_multidepth,3418,16,"[2, 3, 4]",constructed_initial,train,oct_stage2,0,128,0.125,512,32,64,3,all,1264,self_relative,0.0,0.0,1264,0
svd_multidepth,3418,16,"[2, 3, 4]",constructed_initial,train,oct_stage2,0,128,0.125,512,32,64,3,all,1264,cross_relative,0.0,0.0,1264,0
svd_multidepth,3418,16,"[2, 3, 4]",constructed_initial,train,oct_stage2,0,128,0.125,512,32,64,3,all,1264,total_relative,0.0,0.0,1264,0
svd_multidepth,3418,16,"[2, 3, 4]",constructed_initial,train,oct_stage2,0,128,0.125,512,32,64,3,all,1264,self_cross_cosine,,,0,1264
svd_multidepth,3418,16,"[2, 3, 4]",constructed_initial,train,oct_stage2,0,128,0.125,512,32,64,3,all,1264,energy_identity_relative_error,0.0,0.0,1264,0
svd_multidepth,3418,16,"[2, 3, 4]",constructed_initial,train,oct_stage2,0,128,0.125,512,32,64,3,all,1264,channel_energy_retained,0.7253358902802557,0.01359214985279032,1264,0
svd_multidepth,3418,16,"[2, 3, 4]",constructed_initial,train,oct_stage2,0,128,0.125,512,32,64,3,label0,632,self_relative,0.0,0.0,632,0
svd_multidepth,3418,16,"[2, 3, 4]",constructed_initial,train,oct_stage2,0,128,0.125,512,32,64,3,label0,632,cross_relative,0.0,0.0,632,0
svd_multidepth,3418,16,"[2, 3, 4]",constructed_initial,train,oct_stage2,0,128,0.125,512,32,64,3,label0,632,total_relative,0.0,0.0,632,0
svd_multidepth,3418,16,"[2, 3, 4]",constructed_initial,train,oct_stage2,0,128,0.125,512,32,64,3,label0,632,self_cross_cosine,,,0,632
svd_multidepth,3418,16,"[2, 3, 4]",constructed_initial,train,oct_stage2,0,128,0.125,512,32,64,3,label0,632,energy_identity_relative_error,0.0,0.0,632,0
svd_multidepth,3418,16,"[2, 3, 4]",constructed_initial,train,oct_stage2,0,128,0.125,512,32,64,3,label0,632,channel_energy_retained,0.7251957085981078,0.01356809652239584,632,0
svd_multidepth,3418,16,"[2, 3, 4]",constructed_initial,train,oct_stage2,0,128,0.125,512,32,64,3,label1,632,self_relative,0.0,0.0,632,0
svd_multidepth,3418,16,"[2, 3, 4]",constructed_initial,train,oct_stage2,0,128,0.125,512,32,64,3,label1,632,cross_relative,0.0,0.0,632,0
svd_multidepth,3418,16,"[2, 3, 4]",constructed_initial,train,oct_stage2,0,128,0.125,512,32,64,3,label1,632,total_relative,0.0,0.0,632,0
svd_multidepth,3418,16,"[2, 3, 4]",constructed_initial,train,oct_stage2,0,128,0.125,512,32,64,3,label1,632,self_cross_cosine,,,0,632
svd_multidepth,3418,16,"[2, 3, 4]",constructed_initial,train,oct_stage2,0,128,0.125,512,32,64,3,label1,632,energy_identity_relative_error,0.0,0.0,632,0
svd_multidepth,3418,16,"[2, 3, 4]",constructed_initial,train,oct_stage2,0,128,0.125,512,32,64,3,label1,632,channel_energy_retained,0.7254760719624033,0.0136254633552168,632,0
svd_multidepth,3418,16,"[2, 3, 4]",constructed_initial,train,cfp_stage3,1,256,0.0625,512,32,64,3,all,1264,self_relative,0.0,0.0,1264,0
svd_multidepth,3418,16,"[2, 3, 4]",constructed_initial,train,cfp_stage3,1,256,0.0625,512,32,64,3,all,1264,cross_relative,0.0,0.0,1264,0
svd_multidepth,3418,16,"[2, 3, 4]",constructed_initial,train,cfp_stage3,1,256,0.0625,512,32,64,3,all,1264,total_relative,0.0,0.0,1264,0
svd_multidepth,3418,16,"[2, 3, 4]",constructed_initial,train,cfp_stage3,1,256,0.0625,512,32,64,3,all,1264,self_cross_cosine,,,0,1264
svd_multidepth,3418,16,"[2, 3, 4]",constructed_initial,train,cfp_stage3,1,256,0.0625,512,32,64,3,all,1264,energy_identity_relative_error,0.0,0.0,1264,0
svd_multidepth,3418,16,"[2, 3, 4]",constructed_initial,train,cfp_stage3,1,256,0.0625,512,32,64,3,all,1264,channel_energy_retained,0.6543553028962783,0.026211280762998824,1264,0
svd_multidepth,3418,16,"[2, 3, 4]",constructed_initial,train,cfp_stage3,1,256,0.0625,512,32,64,3,label0,632,self_relative,0.0,0.0,632,0
svd_multidepth,3418,16,"[2, 3, 4]",constructed_initial,train,cfp_stage3,1,256,0.0625,512,32,64,3,label0,632,cross_relative,0.0,0.0,632,0
svd_multidepth,3418,16,"[2, 3, 4]",constructed_initial,train,cfp_stage3,1,256,0.0625,512,32,64,3,label0,632,total_relative,0.0,0.0,632,0
svd_multidepth,3418,16,"[2, 3, 4]",constructed_initial,train,cfp_stage3,1,256,0.0625,512,32,64,3,label0,632,self_cross_cosine,,,0,632
svd_multidepth,3418,16,"[2, 3, 4]",constructed_initial,train,cfp_stage3,1,256,0.0625,512,32,64,3,label0,632,energy_identity_relative_error,0.0,0.0,632,0
svd_multidepth,3418,16,"[2, 3, 4]",constructed_initial,train,cfp_stage3,1,256,0.0625,512,32,64,3,label0,632,channel_energy_retained,0.6571288736480733,0.024513479833138053,632,0
svd_multidepth,3418,16,"[2, 3, 4]",constructed_initial,train,cfp_stage3,1,256,0.0625,512,32,64,3,label1,632,self_relative,0.0,0.0,632,0
svd_multidepth,3418,16,"[2, 3, 4]",constructed_initial,train,cfp_stage3,1,256,0.0625,512,32,64,3,label1,632,cross_relative,0.0,0.0,632,0
svd_multidepth,3418,16,"[2, 3, 4]",constructed_initial,train,cfp_stage3,1,256,0.0625,512,32,64,3,label1,632,total_relative,0.0,0.0,632,0
svd_multidepth,3418,16,"[2, 3, 4]",constructed_initial,train,cfp_stage3,1,256,0.0625,512,32,64,3,label1,632,self_cross_cosine,,,0,632
svd_multidepth,3418,16,"[2, 3, 4]",constructed_initial,train,cfp_stage3,1,256,0.0625,512,32,64,3,label1,632,energy_identity_relative_error,0.0,0.0,632,0
svd_multidepth,3418,16,"[2, 3, 4]",constructed_initial,train,cfp_stage3,1,256,0.0625,512,32,64,3,label1,632,channel_energy_retained,0.6515817321444831,0.027546883861695865,632,0
svd_multidepth,3418,16,"[2, 3, 4]",constructed_initial,train,oct_stage3,1,256,0.0625,512,32,64,3,all,1264,self_relative,0.0,0.0,1264,0
svd_multidepth,3418,16,"[2, 3, 4]",constructed_initial,train,oct_stage3,1,256,0.0625,512,32,64,3,all,1264,cross_relative,0.0,0.0,1264,0
svd_multidepth,3418,16,"[2, 3, 4]",constructed_initial,train,oct_stage3,1,256,0.0625,512,32,64,3,all,1264,total_relative,0.0,0.0,1264,0
svd_multidepth,3418,16,"[2, 3, 4]",constructed_initial,train,oct_stage3,1,256,0.0625,512,32,64,3,all,1264,self_cross_cosine,,,0,1264
svd_multidepth,3418,16,"[2, 3, 4]",constructed_initial,train,oct_stage3,1,256,0.0625,512,32,64,3,all,1264,energy_identity_relative_error,0.0,0.0,1264,0
svd_multidepth,3418,16,"[2, 3, 4]",constructed_initial,train,oct_stage3,1,256,0.0625,512,32,64,3,all,1264,channel_energy_retained,0.6630914436621695,0.036130299357928115,1264,0
svd_multidepth,3418,16,"[2, 3, 4]",constructed_initial,train,oct_stage3,1,256,0.0625,512,32,64,3,label0,632,self_relative,0.0,0.0,632,0
svd_multidepth,3418,16,"[2, 3, 4]",constructed_initial,train,oct_stage3,1,256,0.0625,512,32,64,3,label0,632,cross_relative,0.0,0.0,632,0
svd_multidepth,3418,16,"[2, 3, 4]",constructed_initial,train,oct_stage3,1,256,0.0625,512,32,64,3,label0,632,total_relative,0.0,0.0,632,0
svd_multidepth,3418,16,"[2, 3, 4]",constructed_initial,train,oct_stage3,1,256,0.0625,512,32,64,3,label0,632,self_cross_cosine,,,0,632
svd_multidepth,3418,16,"[2, 3, 4]",constructed_initial,train,oct_stage3,1,256,0.0625,512,32,64,3,label0,632,energy_identity_relative_error,0.0,0.0,632,0
svd_multidepth,3418,16,"[2, 3, 4]",constructed_initial,train,oct_stage3,1,256,0.0625,512,32,64,3,label0,632,channel_energy_retained,0.6641450083369882,0.03532869775286292,632,0
svd_multidepth,3418,16,"[2, 3, 4]",constructed_initial,train,oct_stage3,1,256,0.0625,512,32,64,3,label1,632,self_relative,0.0,0.0,632,0
svd_multidepth,3418,16,"[2, 3, 4]",constructed_initial,train,oct_stage3,1,256,0.0625,512,32,64,3,label1,632,cross_relative,0.0,0.0,632,0
svd_multidepth,3418,16,"[2, 3, 4]",constructed_initial,train,oct_stage3,1,256,0.0625,512,32,64,3,label1,632,total_relative,0.0,0.0,632,0
svd_multidepth,3418,16,"[2, 3, 4]",constructed_initial,train,oct_stage3,1,256,0.0625,512,32,64,3,label1,632,self_cross_cosine,,,0,632
svd_multidepth,3418,16,"[2, 3, 4]",constructed_initial,train,oct_stage3,1,256,0.0625,512,32,64,3,label1,632,energy_identity_relative_error,0.0,0.0,632,0
svd_multidepth,3418,16,"[2, 3, 4]",constructed_initial,train,oct_stage3,1,256,0.0625,512,32,64,3,label1,632,channel_energy_retained,0.6620378789873508,0.03691240225984518,632,0
svd_multidepth,3418,16,"[2, 3, 4]",constructed_initial,train,cfp_stage4,2,512,0.03125,512,32,64,3,all,1264,self_relative,0.0,0.0,1264,0
svd_multidepth,3418,16,"[2, 3, 4]",constructed_initial,train,cfp_stage4,2,512,0.03125,512,32,64,3,all,1264,cross_relative,0.0,0.0,1264,0
svd_multidepth,3418,16,"[2, 3, 4]",constructed_initial,train,cfp_stage4,2,512,0.03125,512,32,64,3,all,1264,total_relative,0.0,0.0,1264,0
svd_multidepth,3418,16,"[2, 3, 4]",constructed_initial,train,cfp_stage4,2,512,0.03125,512,32,64,3,all,1264,self_cross_cosine,,,0,1264
svd_multidepth,3418,16,"[2, 3, 4]",constructed_initial,train,cfp_stage4,2,512,0.03125,512,32,64,3,all,1264,energy_identity_relative_error,0.0,0.0,1264,0
svd_multidepth,3418,16,"[2, 3, 4]",constructed_initial,train,cfp_stage4,2,512,0.03125,512,32,64,3,all,1264,channel_energy_retained,0.6749542503588053,0.05862631893059482,1264,0
svd_multidepth,3418,16,"[2, 3, 4]",constructed_initial,train,cfp_stage4,2,512,0.03125,512,32,64,3,label0,632,self_relative,0.0,0.0,632,0
svd_multidepth,3418,16,"[2, 3, 4]",constructed_initial,train,cfp_stage4,2,512,0.03125,512,32,64,3,label0,632,cross_relative,0.0,0.0,632,0
svd_multidepth,3418,16,"[2, 3, 4]",constructed_initial,train,cfp_stage4,2,512,0.03125,512,32,64,3,label0,632,total_relative,0.0,0.0,632,0
svd_multidepth,3418,16,"[2, 3, 4]",constructed_initial,train,cfp_stage4,2,512,0.03125,512,32,64,3,label0,632,self_cross_cosine,,,0,632
svd_multidepth,3418,16,"[2, 3, 4]",constructed_initial,train,cfp_stage4,2,512,0.03125,512,32,64,3,label0,632,energy_identity_relative_error,0.0,0.0,632,0
svd_multidepth,3418,16,"[2, 3, 4]",constructed_initial,train,cfp_stage4,2,512,0.03125,512,32,64,3,label0,632,channel_energy_retained,0.6974343820335561,0.054017299824039786,632,0
svd_multidepth,3418,16,"[2, 3, 4]",constructed_initial,train,cfp_stage4,2,512,0.03125,512,32,64,3,label1,632,self_relative,0.0,0.0,632,0
svd_multidepth,3418,16,"[2, 3, 4]",constructed_initial,train,cfp_stage4,2,512,0.03125,512,32,64,3,label1,632,cross_relative,0.0,0.0,632,0
svd_multidepth,3418,16,"[2, 3, 4]",constructed_initial,train,cfp_stage4,2,512,0.03125,512,32,64,3,label1,632,total_relative,0.0,0.0,632,0
svd_multidepth,3418,16,"[2, 3, 4]",constructed_initial,train,cfp_stage4,2,512,0.03125,512,32,64,3,label1,632,self_cross_cosine,,,0,632
svd_multidepth,3418,16,"[2, 3, 4]",constructed_initial,train,cfp_stage4,2,512,0.03125,512,32,64,3,label1,632,energy_identity_relative_error,0.0,0.0,632,0
svd_multidepth,3418,16,"[2, 3, 4]",constructed_initial,train,cfp_stage4,2,512,0.03125,512,32,64,3,label1,632,channel_energy_retained,0.652474118684054,0.05430795927220271,632,0
svd_multidepth,3418,16,"[2, 3, 4]",constructed_initial,train,oct_stage4,2,512,0.03125,512,32,64,3,all,1264,self_relative,0.0,0.0,1264,0
svd_multidepth,3418,16,"[2, 3, 4]",constructed_initial,train,oct_stage4,2,512,0.03125,512,32,64,3,all,1264,cross_relative,0.0,0.0,1264,0
svd_multidepth,3418,16,"[2, 3, 4]",constructed_initial,train,oct_stage4,2,512,0.03125,512,32,64,3,all,1264,total_relative,0.0,0.0,1264,0
svd_multidepth,3418,16,"[2, 3, 4]",constructed_initial,train,oct_stage4,2,512,0.03125,512,32,64,3,all,1264,self_cross_cosine,,,0,1264
svd_multidepth,3418,16,"[2, 3, 4]",constructed_initial,train,oct_stage4,2,512,0.03125,512,32,64,3,all,1264,energy_identity_relative_error,0.0,0.0,1264,0
svd_multidepth,3418,16,"[2, 3, 4]",constructed_initial,train,oct_stage4,2,512,0.03125,512,32,64,3,all,1264,channel_energy_retained,0.6919339274503761,0.06422691371634952,1264,0
svd_multidepth,3418,16,"[2, 3, 4]",constructed_initial,train,oct_stage4,2,512,0.03125,512,32,64,3,label0,632,self_relative,0.0,0.0,632,0
svd_multidepth,3418,16,"[2, 3, 4]",constructed_initial,train,oct_stage4,2,512,0.03125,512,32,64,3,label0,632,cross_relative,0.0,0.0,632,0
svd_multidepth,3418,16,"[2, 3, 4]",constructed_initial,train,oct_stage4,2,512,0.03125,512,32,64,3,label0,632,total_relative,0.0,0.0,632,0
svd_multidepth,3418,16,"[2, 3, 4]",constructed_initial,train,oct_stage4,2,512,0.03125,512,32,64,3,label0,632,self_cross_cosine,,,0,632
svd_multidepth,3418,16,"[2, 3, 4]",constructed_initial,train,oct_stage4,2,512,0.03125,512,32,64,3,label0,632,energy_identity_relative_error,0.0,0.0,632,0
svd_multidepth,3418,16,"[2, 3, 4]",constructed_initial,train,oct_stage4,2,512,0.03125,512,32,64,3,label0,632,channel_energy_retained,0.7047058303425086,0.059480005661128856,632,0
svd_multidepth,3418,16,"[2, 3, 4]",constructed_initial,train,oct_stage4,2,512,0.03125,512,32,64,3,label1,632,self_relative,0.0,0.0,632,0
svd_multidepth,3418,16,"[2, 3, 4]",constructed_initial,train,oct_stage4,2,512,0.03125,512,32,64,3,label1,632,cross_relative,0.0,0.0,632,0
svd_multidepth,3418,16,"[2, 3, 4]",constructed_initial,train,oct_stage4,2,512,0.03125,512,32,64,3,label1,632,total_relative,0.0,0.0,632,0
svd_multidepth,3418,16,"[2, 3, 4]",constructed_initial,train,oct_stage4,2,512,0.03125,512,32,64,3,label1,632,self_cross_cosine,,,0,632
svd_multidepth,3418,16,"[2, 3, 4]",constructed_initial,train,oct_stage4,2,512,0.03125,512,32,64,3,label1,632,energy_identity_relative_error,0.0,0.0,632,0
svd_multidepth,3418,16,"[2, 3, 4]",constructed_initial,train,oct_stage4,2,512,0.03125,512,32,64,3,label1,632,channel_energy_retained,0.6791620245582433,0.06627291438126078,632,0
svd_multidepth,3418,16,"[2, 3, 4]",constructed_initial,validation,cfp_stage2,0,128,0.125,512,32,64,3,all,296,self_relative,0.0,0.0,296,0
svd_multidepth,3418,16,"[2, 3, 4]",constructed_initial,validation,cfp_stage2,0,128,0.125,512,32,64,3,all,296,cross_relative,0.0,0.0,296,0
svd_multidepth,3418,16,"[2, 3, 4]",constructed_initial,validation,cfp_stage2,0,128,0.125,512,32,64,3,all,296,total_relative,0.0,0.0,296,0
svd_multidepth,3418,16,"[2, 3, 4]",constructed_initial,validation,cfp_stage2,0,128,0.125,512,32,64,3,all,296,self_cross_cosine,,,0,296
svd_multidepth,3418,16,"[2, 3, 4]",constructed_initial,validation,cfp_stage2,0,128,0.125,512,32,64,3,all,296,energy_identity_relative_error,0.0,0.0,296,0
svd_multidepth,3418,16,"[2, 3, 4]",constructed_initial,validation,cfp_stage2,0,128,0.125,512,32,64,3,all,296,channel_energy_retained,0.7028861187858026,0.024382457893147115,296,0
svd_multidepth,3418,16,"[2, 3, 4]",constructed_initial,validation,cfp_stage2,0,128,0.125,512,32,64,3,label0,148,self_relative,0.0,0.0,148,0
svd_multidepth,3418,16,"[2, 3, 4]",constructed_initial,validation,cfp_stage2,0,128,0.125,512,32,64,3,label0,148,cross_relative,0.0,0.0,148,0
svd_multidepth,3418,16,"[2, 3, 4]",constructed_initial,validation,cfp_stage2,0,128,0.125,512,32,64,3,label0,148,total_relative,0.0,0.0,148,0
svd_multidepth,3418,16,"[2, 3, 4]",constructed_initial,validation,cfp_stage2,0,128,0.125,512,32,64,3,label0,148,self_cross_cosine,,,0,148
svd_multidepth,3418,16,"[2, 3, 4]",constructed_initial,validation,cfp_stage2,0,128,0.125,512,32,64,3,label0,148,energy_identity_relative_error,0.0,0.0,148,0
svd_multidepth,3418,16,"[2, 3, 4]",constructed_initial,validation,cfp_stage2,0,128,0.125,512,32,64,3,label0,148,channel_energy_retained,0.703420625308276,0.022995467061748123,148,0
svd_multidepth,3418,16,"[2, 3, 4]",constructed_initial,validation,cfp_stage2,0,128,0.125,512,32,64,3,label1,148,self_relative,0.0,0.0,148,0
svd_multidepth,3418,16,"[2, 3, 4]",constructed_initial,validation,cfp_stage2,0,128,0.125,512,32,64,3,label1,148,cross_relative,0.0,0.0,148,0
svd_multidepth,3418,16,"[2, 3, 4]",constructed_initial,validation,cfp_stage2,0,128,0.125,512,32,64,3,label1,148,total_relative,0.0,0.0,148,0
svd_multidepth,3418,16,"[2, 3, 4]",constructed_initial,validation,cfp_stage2,0,128,0.125,512,32,64,3,label1,148,self_cross_cosine,,,0,148
svd_multidepth,3418,16,"[2, 3, 4]",constructed_initial,validation,cfp_stage2,0,128,0.125,512,32,64,3,label1,148,energy_identity_relative_error,0.0,0.0,148,0
svd_multidepth,3418,16,"[2, 3, 4]",constructed_initial,validation,cfp_stage2,0,128,0.125,512,32,64,3,label1,148,channel_energy_retained,0.7023516122633293,0.025762103283127214,148,0
svd_multidepth,3418,16,"[2, 3, 4]",constructed_initial,validation,oct_stage2,0,128,0.125,512,32,64,3,all,296,self_relative,0.0,0.0,296,0
svd_multidepth,3418,16,"[2, 3, 4]",constructed_initial,validation,oct_stage2,0,128,0.125,512,32,64,3,all,296,cross_relative,0.0,0.0,296,0
svd_multidepth,3418,16,"[2, 3, 4]",constructed_initial,validation,oct_stage2,0,128,0.125,512,32,64,3,all,296,total_relative,0.0,0.0,296,0
svd_multidepth,3418,16,"[2, 3, 4]",constructed_initial,validation,oct_stage2,0,128,0.125,512,32,64,3,all,296,self_cross_cosine,,,0,296
svd_multidepth,3418,16,"[2, 3, 4]",constructed_initial,validation,oct_stage2,0,128,0.125,512,32,64,3,all,296,energy_identity_relative_error,0.0,0.0,296,0
svd_multidepth,3418,16,"[2, 3, 4]",constructed_initial,validation,oct_stage2,0,128,0.125,512,32,64,3,all,296,channel_energy_retained,0.7252378335277387,0.013705920403947686,296,0
svd_multidepth,3418,16,"[2, 3, 4]",constructed_initial,validation,oct_stage2,0,128,0.125,512,32,64,3,label0,148,self_relative,0.0,0.0,148,0
svd_multidepth,3418,16,"[2, 3, 4]",constructed_initial,validation,oct_stage2,0,128,0.125,512,32,64,3,label0,148,cross_relative,0.0,0.0,148,0
svd_multidepth,3418,16,"[2, 3, 4]",constructed_initial,validation,oct_stage2,0,128,0.125,512,32,64,3,label0,148,total_relative,0.0,0.0,148,0
svd_multidepth,3418,16,"[2, 3, 4]",constructed_initial,validation,oct_stage2,0,128,0.125,512,32,64,3,label0,148,self_cross_cosine,,,0,148
svd_multidepth,3418,16,"[2, 3, 4]",constructed_initial,validation,oct_stage2,0,128,0.125,512,32,64,3,label0,148,energy_identity_relative_error,0.0,0.0,148,0
svd_multidepth,3418,16,"[2, 3, 4]",constructed_initial,validation,oct_stage2,0,128,0.125,512,32,64,3,label0,148,channel_energy_retained,0.7244613304790289,0.012207727162564828,148,0
svd_multidepth,3418,16,"[2, 3, 4]",constructed_initial,validation,oct_stage2,0,128,0.125,512,32,64,3,label1,148,self_relative,0.0,0.0,148,0
svd_multidepth,3418,16,"[2, 3, 4]",constructed_initial,validation,oct_stage2,0,128,0.125,512,32,64,3,label1,148,cross_relative,0.0,0.0,148,0
svd_multidepth,3418,16,"[2, 3, 4]",constructed_initial,validation,oct_stage2,0,128,0.125,512,32,64,3,label1,148,total_relative,0.0,0.0,148,0
svd_multidepth,3418,16,"[2, 3, 4]",constructed_initial,validation,oct_stage2,0,128,0.125,512,32,64,3,label1,148,self_cross_cosine,,,0,148
svd_multidepth,3418,16,"[2, 3, 4]",constructed_initial,validation,oct_stage2,0,128,0.125,512,32,64,3,label1,148,energy_identity_relative_error,0.0,0.0,148,0
svd_multidepth,3418,16,"[2, 3, 4]",constructed_initial,validation,oct_stage2,0,128,0.125,512,32,64,3,label1,148,channel_energy_retained,0.7260143365764482,0.015057878163557541,148,0
svd_multidepth,3418,16,"[2, 3, 4]",constructed_initial,validation,cfp_stage3,1,256,0.0625,512,32,64,3,all,296,self_relative,0.0,0.0,296,0
svd_multidepth,3418,16,"[2, 3, 4]",constructed_initial,validation,cfp_stage3,1,256,0.0625,512,32,64,3,all,296,cross_relative,0.0,0.0,296,0
svd_multidepth,3418,16,"[2, 3, 4]",constructed_initial,validation,cfp_stage3,1,256,0.0625,512,32,64,3,all,296,total_relative,0.0,0.0,296,0
svd_multidepth,3418,16,"[2, 3, 4]",constructed_initial,validation,cfp_stage3,1,256,0.0625,512,32,64,3,all,296,self_cross_cosine,,,0,296
svd_multidepth,3418,16,"[2, 3, 4]",constructed_initial,validation,cfp_stage3,1,256,0.0625,512,32,64,3,all,296,energy_identity_relative_error,0.0,0.0,296,0
svd_multidepth,3418,16,"[2, 3, 4]",constructed_initial,validation,cfp_stage3,1,256,0.0625,512,32,64,3,all,296,channel_energy_retained,0.6541738436402516,0.02576914474797214,296,0
svd_multidepth,3418,16,"[2, 3, 4]",constructed_initial,validation,cfp_stage3,1,256,0.0625,512,32,64,3,label0,148,self_relative,0.0,0.0,148,0
svd_multidepth,3418,16,"[2, 3, 4]",constructed_initial,validation,cfp_stage3,1,256,0.0625,512,32,64,3,label0,148,cross_relative,0.0,0.0,148,0
svd_multidepth,3418,16,"[2, 3, 4]",constructed_initial,validation,cfp_stage3,1,256,0.0625,512,32,64,3,label0,148,total_relative,0.0,0.0,148,0
svd_multidepth,3418,16,"[2, 3, 4]",constructed_initial,validation,cfp_stage3,1,256,0.0625,512,32,64,3,label0,148,self_cross_cosine,,,0,148
svd_multidepth,3418,16,"[2, 3, 4]",constructed_initial,validation,cfp_stage3,1,256,0.0625,512,32,64,3,label0,148,energy_identity_relative_error,0.0,0.0,148,0
svd_multidepth,3418,16,"[2, 3, 4]",constructed_initial,validation,cfp_stage3,1,256,0.0625,512,32,64,3,label0,148,channel_energy_retained,0.6555666042352446,0.025027393498260758,148,0
svd_multidepth,3418,16,"[2, 3, 4]",constructed_initial,validation,cfp_stage3,1,256,0.0625,512,32,64,3,label1,148,self_relative,0.0,0.0,148,0
svd_multidepth,3418,16,"[2, 3, 4]",constructed_initial,validation,cfp_stage3,1,256,0.0625,512,32,64,3,label1,148,cross_relative,0.0,0.0,148,0
svd_multidepth,3418,16,"[2, 3, 4]",constructed_initial,validation,cfp_stage3,1,256,0.0625,512,32,64,3,label1,148,total_relative,0.0,0.0,148,0
svd_multidepth,3418,16,"[2, 3, 4]",constructed_initial,validation,cfp_stage3,1,256,0.0625,512,32,64,3,label1,148,self_cross_cosine,,,0,148
svd_multidepth,3418,16,"[2, 3, 4]",constructed_initial,validation,cfp_stage3,1,256,0.0625,512,32,64,3,label1,148,energy_identity_relative_error,0.0,0.0,148,0
svd_multidepth,3418,16,"[2, 3, 4]",constructed_initial,validation,cfp_stage3,1,256,0.0625,512,32,64,3,label1,148,channel_energy_retained,0.6527810830452588,0.026501671644307494,148,0
svd_multidepth,3418,16,"[2, 3, 4]",constructed_initial,validation,oct_stage3,1,256,0.0625,512,32,64,3,all,296,self_relative,0.0,0.0,296,0
svd_multidepth,3418,16,"[2, 3, 4]",constructed_initial,validation,oct_stage3,1,256,0.0625,512,32,64,3,all,296,cross_relative,0.0,0.0,296,0
svd_multidepth,3418,16,"[2, 3, 4]",constructed_initial,validation,oct_stage3,1,256,0.0625,512,32,64,3,all,296,total_relative,0.0,0.0,296,0
svd_multidepth,3418,16,"[2, 3, 4]",constructed_initial,validation,oct_stage3,1,256,0.0625,512,32,64,3,all,296,self_cross_cosine,,,0,296
svd_multidepth,3418,16,"[2, 3, 4]",constructed_initial,validation,oct_stage3,1,256,0.0625,512,32,64,3,all,296,energy_identity_relative_error,0.0,0.0,296,0
svd_multidepth,3418,16,"[2, 3, 4]",constructed_initial,validation,oct_stage3,1,256,0.0625,512,32,64,3,all,296,channel_energy_retained,0.6636863904674134,0.03419786636797697,296,0
svd_multidepth,3418,16,"[2, 3, 4]",constructed_initial,validation,oct_stage3,1,256,0.0625,512,32,64,3,label0,148,self_relative,0.0,0.0,148,0
svd_multidepth,3418,16,"[2, 3, 4]",constructed_initial,validation,oct_stage3,1,256,0.0625,512,32,64,3,label0,148,cross_relative,0.0,0.0,148,0
svd_multidepth,3418,16,"[2, 3, 4]",constructed_initial,validation,oct_stage3,1,256,0.0625,512,32,64,3,label0,148,total_relative,0.0,0.0,148,0
svd_multidepth,3418,16,"[2, 3, 4]",constructed_initial,validation,oct_stage3,1,256,0.0625,512,32,64,3,label0,148,self_cross_cosine,,,0,148
svd_multidepth,3418,16,"[2, 3, 4]",constructed_initial,validation,oct_stage3,1,256,0.0625,512,32,64,3,label0,148,energy_identity_relative_error,0.0,0.0,148,0
svd_multidepth,3418,16,"[2, 3, 4]",constructed_initial,validation,oct_stage3,1,256,0.0625,512,32,64,3,label0,148,channel_energy_retained,0.6626574154550655,0.03278285871573041,148,0
svd_multidepth,3418,16,"[2, 3, 4]",constructed_initial,validation,oct_stage3,1,256,0.0625,512,32,64,3,label1,148,self_relative,0.0,0.0,148,0
svd_multidepth,3418,16,"[2, 3, 4]",constructed_initial,validation,oct_stage3,1,256,0.0625,512,32,64,3,label1,148,cross_relative,0.0,0.0,148,0
svd_multidepth,3418,16,"[2, 3, 4]",constructed_initial,validation,oct_stage3,1,256,0.0625,512,32,64,3,label1,148,total_relative,0.0,0.0,148,0
svd_multidepth,3418,16,"[2, 3, 4]",constructed_initial,validation,oct_stage3,1,256,0.0625,512,32,64,3,label1,148,self_cross_cosine,,,0,148
svd_multidepth,3418,16,"[2, 3, 4]",constructed_initial,validation,oct_stage3,1,256,0.0625,512,32,64,3,label1,148,energy_identity_relative_error,0.0,0.0,148,0
svd_multidepth,3418,16,"[2, 3, 4]",constructed_initial,validation,oct_stage3,1,256,0.0625,512,32,64,3,label1,148,channel_energy_retained,0.6647153654797611,0.03563840709332458,148,0
svd_multidepth,3418,16,"[2, 3, 4]",constructed_initial,validation,cfp_stage4,2,512,0.03125,512,32,64,3,all,296,self_relative,0.0,0.0,296,0
svd_multidepth,3418,16,"[2, 3, 4]",constructed_initial,validation,cfp_stage4,2,512,0.03125,512,32,64,3,all,296,cross_relative,0.0,0.0,296,0
svd_multidepth,3418,16,"[2, 3, 4]",constructed_initial,validation,cfp_stage4,2,512,0.03125,512,32,64,3,all,296,total_relative,0.0,0.0,296,0
svd_multidepth,3418,16,"[2, 3, 4]",constructed_initial,validation,cfp_stage4,2,512,0.03125,512,32,64,3,all,296,self_cross_cosine,,,0,296
svd_multidepth,3418,16,"[2, 3, 4]",constructed_initial,validation,cfp_stage4,2,512,0.03125,512,32,64,3,all,296,energy_identity_relative_error,0.0,0.0,296,0
svd_multidepth,3418,16,"[2, 3, 4]",constructed_initial,validation,cfp_stage4,2,512,0.03125,512,32,64,3,all,296,channel_energy_retained,0.6136523459695858,0.057680865284634834,296,0
svd_multidepth,3418,16,"[2, 3, 4]",constructed_initial,validation,cfp_stage4,2,512,0.03125,512,32,64,3,label0,148,self_relative,0.0,0.0,148,0
svd_multidepth,3418,16,"[2, 3, 4]",constructed_initial,validation,cfp_stage4,2,512,0.03125,512,32,64,3,label0,148,cross_relative,0.0,0.0,148,0
svd_multidepth,3418,16,"[2, 3, 4]",constructed_initial,validation,cfp_stage4,2,512,0.03125,512,32,64,3,label0,148,total_relative,0.0,0.0,148,0
svd_multidepth,3418,16,"[2, 3, 4]",constructed_initial,validation,cfp_stage4,2,512,0.03125,512,32,64,3,label0,148,self_cross_cosine,,,0,148
svd_multidepth,3418,16,"[2, 3, 4]",constructed_initial,validation,cfp_stage4,2,512,0.03125,512,32,64,3,label0,148,energy_identity_relative_error,0.0,0.0,148,0
svd_multidepth,3418,16,"[2, 3, 4]",constructed_initial,validation,cfp_stage4,2,512,0.03125,512,32,64,3,label0,148,channel_energy_retained,0.614330275438128,0.06115555021337164,148,0
svd_multidepth,3418,16,"[2, 3, 4]",constructed_initial,validation,cfp_stage4,2,512,0.03125,512,32,64,3,label1,148,self_relative,0.0,0.0,148,0
svd_multidepth,3418,16,"[2, 3, 4]",constructed_initial,validation,cfp_stage4,2,512,0.03125,512,32,64,3,label1,148,cross_relative,0.0,0.0,148,0
svd_multidepth,3418,16,"[2, 3, 4]",constructed_initial,validation,cfp_stage4,2,512,0.03125,512,32,64,3,label1,148,total_relative,0.0,0.0,148,0
svd_multidepth,3418,16,"[2, 3, 4]",constructed_initial,validation,cfp_stage4,2,512,0.03125,512,32,64,3,label1,148,self_cross_cosine,,,0,148
svd_multidepth,3418,16,"[2, 3, 4]",constructed_initial,validation,cfp_stage4,2,512,0.03125,512,32,64,3,label1,148,energy_identity_relative_error,0.0,0.0,148,0
svd_multidepth,3418,16,"[2, 3, 4]",constructed_initial,validation,cfp_stage4,2,512,0.03125,512,32,64,3,label1,148,channel_energy_retained,0.6129744165010437,0.05418367743903524,148,0
svd_multidepth,3418,16,"[2, 3, 4]",constructed_initial,validation,oct_stage4,2,512,0.03125,512,32,64,3,all,296,self_relative,0.0,0.0,296,0
svd_multidepth,3418,16,"[2, 3, 4]",constructed_initial,validation,oct_stage4,2,512,0.03125,512,32,64,3,all,296,cross_relative,0.0,0.0,296,0
svd_multidepth,3418,16,"[2, 3, 4]",constructed_initial,validation,oct_stage4,2,512,0.03125,512,32,64,3,all,296,total_relative,0.0,0.0,296,0
svd_multidepth,3418,16,"[2, 3, 4]",constructed_initial,validation,oct_stage4,2,512,0.03125,512,32,64,3,all,296,self_cross_cosine,,,0,296
svd_multidepth,3418,16,"[2, 3, 4]",constructed_initial,validation,oct_stage4,2,512,0.03125,512,32,64,3,all,296,energy_identity_relative_error,0.0,0.0,296,0
svd_multidepth,3418,16,"[2, 3, 4]",constructed_initial,validation,oct_stage4,2,512,0.03125,512,32,64,3,all,296,channel_energy_retained,0.6550530039045823,0.07199099831546153,296,0
svd_multidepth,3418,16,"[2, 3, 4]",constructed_initial,validation,oct_stage4,2,512,0.03125,512,32,64,3,label0,148,self_relative,0.0,0.0,148,0
svd_multidepth,3418,16,"[2, 3, 4]",constructed_initial,validation,oct_stage4,2,512,0.03125,512,32,64,3,label0,148,cross_relative,0.0,0.0,148,0
svd_multidepth,3418,16,"[2, 3, 4]",constructed_initial,validation,oct_stage4,2,512,0.03125,512,32,64,3,label0,148,total_relative,0.0,0.0,148,0
svd_multidepth,3418,16,"[2, 3, 4]",constructed_initial,validation,oct_stage4,2,512,0.03125,512,32,64,3,label0,148,self_cross_cosine,,,0,148
svd_multidepth,3418,16,"[2, 3, 4]",constructed_initial,validation,oct_stage4,2,512,0.03125,512,32,64,3,label0,148,energy_identity_relative_error,0.0,0.0,148,0
svd_multidepth,3418,16,"[2, 3, 4]",constructed_initial,validation,oct_stage4,2,512,0.03125,512,32,64,3,label0,148,channel_energy_retained,0.6523815299879492,0.07270950797746928,148,0
svd_multidepth,3418,16,"[2, 3, 4]",constructed_initial,validation,oct_stage4,2,512,0.03125,512,32,64,3,label1,148,self_relative,0.0,0.0,148,0
svd_multidepth,3418,16,"[2, 3, 4]",constructed_initial,validation,oct_stage4,2,512,0.03125,512,32,64,3,label1,148,cross_relative,0.0,0.0,148,0
svd_multidepth,3418,16,"[2, 3, 4]",constructed_initial,validation,oct_stage4,2,512,0.03125,512,32,64,3,label1,148,total_relative,0.0,0.0,148,0
svd_multidepth,3418,16,"[2, 3, 4]",constructed_initial,validation,oct_stage4,2,512,0.03125,512,32,64,3,label1,148,self_cross_cosine,,,0,148
svd_multidepth,3418,16,"[2, 3, 4]",constructed_initial,validation,oct_stage4,2,512,0.03125,512,32,64,3,label1,148,energy_identity_relative_error,0.0,0.0,148,0
svd_multidepth,3418,16,"[2, 3, 4]",constructed_initial,validation,oct_stage4,2,512,0.03125,512,32,64,3,label1,148,channel_energy_retained,0.6577244778212153,0.07141163049923813,148,0
svd_multidepth,3418,16,"[2, 3, 4]",constructed_initial,test,cfp_stage2,0,128,0.125,512,32,64,3,all,290,self_relative,0.0,0.0,290,0
svd_multidepth,3418,16,"[2, 3, 4]",constructed_initial,test,cfp_stage2,0,128,0.125,512,32,64,3,all,290,cross_relative,0.0,0.0,290,0
svd_multidepth,3418,16,"[2, 3, 4]",constructed_initial,test,cfp_stage2,0,128,0.125,512,32,64,3,all,290,total_relative,0.0,0.0,290,0
svd_multidepth,3418,16,"[2, 3, 4]",constructed_initial,test,cfp_stage2,0,128,0.125,512,32,64,3,all,290,self_cross_cosine,,,0,290
svd_multidepth,3418,16,"[2, 3, 4]",constructed_initial,test,cfp_stage2,0,128,0.125,512,32,64,3,all,290,energy_identity_relative_error,0.0,0.0,290,0
svd_multidepth,3418,16,"[2, 3, 4]",constructed_initial,test,cfp_stage2,0,128,0.125,512,32,64,3,all,290,channel_energy_retained,0.7022597673511962,0.023940198874031,290,0
svd_multidepth,3418,16,"[2, 3, 4]",constructed_initial,test,cfp_stage2,0,128,0.125,512,32,64,3,label0,145,self_relative,0.0,0.0,145,0
svd_multidepth,3418,16,"[2, 3, 4]",constructed_initial,test,cfp_stage2,0,128,0.125,512,32,64,3,label0,145,cross_relative,0.0,0.0,145,0
svd_multidepth,3418,16,"[2, 3, 4]",constructed_initial,test,cfp_stage2,0,128,0.125,512,32,64,3,label0,145,total_relative,0.0,0.0,145,0
svd_multidepth,3418,16,"[2, 3, 4]",constructed_initial,test,cfp_stage2,0,128,0.125,512,32,64,3,label0,145,self_cross_cosine,,,0,145
svd_multidepth,3418,16,"[2, 3, 4]",constructed_initial,test,cfp_stage2,0,128,0.125,512,32,64,3,label0,145,energy_identity_relative_error,0.0,0.0,145,0
svd_multidepth,3418,16,"[2, 3, 4]",constructed_initial,test,cfp_stage2,0,128,0.125,512,32,64,3,label0,145,channel_energy_retained,0.7010522589383911,0.023837389959780273,145,0
svd_multidepth,3418,16,"[2, 3, 4]",constructed_initial,test,cfp_stage2,0,128,0.125,512,32,64,3,label1,145,self_relative,0.0,0.0,145,0
svd_multidepth,3418,16,"[2, 3, 4]",constructed_initial,test,cfp_stage2,0,128,0.125,512,32,64,3,label1,145,cross_relative,0.0,0.0,145,0
svd_multidepth,3418,16,"[2, 3, 4]",constructed_initial,test,cfp_stage2,0,128,0.125,512,32,64,3,label1,145,total_relative,0.0,0.0,145,0
svd_multidepth,3418,16,"[2, 3, 4]",constructed_initial,test,cfp_stage2,0,128,0.125,512,32,64,3,label1,145,self_cross_cosine,,,0,145
svd_multidepth,3418,16,"[2, 3, 4]",constructed_initial,test,cfp_stage2,0,128,0.125,512,32,64,3,label1,145,energy_identity_relative_error,0.0,0.0,145,0
svd_multidepth,3418,16,"[2, 3, 4]",constructed_initial,test,cfp_stage2,0,128,0.125,512,32,64,3,label1,145,channel_energy_retained,0.7034672757640014,0.02406426336064409,145,0
svd_multidepth,3418,16,"[2, 3, 4]",constructed_initial,test,oct_stage2,0,128,0.125,512,32,64,3,all,290,self_relative,0.0,0.0,290,0
svd_multidepth,3418,16,"[2, 3, 4]",constructed_initial,test,oct_stage2,0,128,0.125,512,32,64,3,all,290,cross_relative,0.0,0.0,290,0
svd_multidepth,3418,16,"[2, 3, 4]",constructed_initial,test,oct_stage2,0,128,0.125,512,32,64,3,all,290,total_relative,0.0,0.0,290,0
svd_multidepth,3418,16,"[2, 3, 4]",constructed_initial,test,oct_stage2,0,128,0.125,512,32,64,3,all,290,self_cross_cosine,,,0,290
svd_multidepth,3418,16,"[2, 3, 4]",constructed_initial,test,oct_stage2,0,128,0.125,512,32,64,3,all,290,energy_identity_relative_error,0.0,0.0,290,0
svd_multidepth,3418,16,"[2, 3, 4]",constructed_initial,test,oct_stage2,0,128,0.125,512,32,64,3,all,290,channel_energy_retained,0.7237124934403386,0.016313804544311916,290,0
svd_multidepth,3418,16,"[2, 3, 4]",constructed_initial,test,oct_stage2,0,128,0.125,512,32,64,3,label0,145,self_relative,0.0,0.0,145,0
svd_multidepth,3418,16,"[2, 3, 4]",constructed_initial,test,oct_stage2,0,128,0.125,512,32,64,3,label0,145,cross_relative,0.0,0.0,145,0
svd_multidepth,3418,16,"[2, 3, 4]",constructed_initial,test,oct_stage2,0,128,0.125,512,32,64,3,label0,145,total_relative,0.0,0.0,145,0
svd_multidepth,3418,16,"[2, 3, 4]",constructed_initial,test,oct_stage2,0,128,0.125,512,32,64,3,label0,145,self_cross_cosine,,,0,145
svd_multidepth,3418,16,"[2, 3, 4]",constructed_initial,test,oct_stage2,0,128,0.125,512,32,64,3,label0,145,energy_identity_relative_error,0.0,0.0,145,0
svd_multidepth,3418,16,"[2, 3, 4]",constructed_initial,test,oct_stage2,0,128,0.125,512,32,64,3,label0,145,channel_energy_retained,0.7234764128967839,0.017320631767898702,145,0
svd_multidepth,3418,16,"[2, 3, 4]",constructed_initial,test,oct_stage2,0,128,0.125,512,32,64,3,label1,145,self_relative,0.0,0.0,145,0
svd_multidepth,3418,16,"[2, 3, 4]",constructed_initial,test,oct_stage2,0,128,0.125,512,32,64,3,label1,145,cross_relative,0.0,0.0,145,0
svd_multidepth,3418,16,"[2, 3, 4]",constructed_initial,test,oct_stage2,0,128,0.125,512,32,64,3,label1,145,total_relative,0.0,0.0,145,0
svd_multidepth,3418,16,"[2, 3, 4]",constructed_initial,test,oct_stage2,0,128,0.125,512,32,64,3,label1,145,self_cross_cosine,,,0,145
svd_multidepth,3418,16,"[2, 3, 4]",constructed_initial,test,oct_stage2,0,128,0.125,512,32,64,3,label1,145,energy_identity_relative_error,0.0,0.0,145,0
svd_multidepth,3418,16,"[2, 3, 4]",constructed_initial,test,oct_stage2,0,128,0.125,512,32,64,3,label1,145,channel_energy_retained,0.7239485739838933,0.015297454246190256,145,0
svd_multidepth,3418,16,"[2, 3, 4]",constructed_initial,test,cfp_stage3,1,256,0.0625,512,32,64,3,all,290,self_relative,0.0,0.0,290,0
svd_multidepth,3418,16,"[2, 3, 4]",constructed_initial,test,cfp_stage3,1,256,0.0625,512,32,64,3,all,290,cross_relative,0.0,0.0,290,0
svd_multidepth,3418,16,"[2, 3, 4]",constructed_initial,test,cfp_stage3,1,256,0.0625,512,32,64,3,all,290,total_relative,0.0,0.0,290,0
svd_multidepth,3418,16,"[2, 3, 4]",constructed_initial,test,cfp_stage3,1,256,0.0625,512,32,64,3,all,290,self_cross_cosine,,,0,290
svd_multidepth,3418,16,"[2, 3, 4]",constructed_initial,test,cfp_stage3,1,256,0.0625,512,32,64,3,all,290,energy_identity_relative_error,0.0,0.0,290,0
svd_multidepth,3418,16,"[2, 3, 4]",constructed_initial,test,cfp_stage3,1,256,0.0625,512,32,64,3,all,290,channel_energy_retained,0.6534083005422348,0.026703666326704675,290,0
svd_multidepth,3418,16,"[2, 3, 4]",constructed_initial,test,cfp_stage3,1,256,0.0625,512,32,64,3,label0,145,self_relative,0.0,0.0,145,0
svd_multidepth,3418,16,"[2, 3, 4]",constructed_initial,test,cfp_stage3,1,256,0.0625,512,32,64,3,label0,145,cross_relative,0.0,0.0,145,0
svd_multidepth,3418,16,"[2, 3, 4]",constructed_initial,test,cfp_stage3,1,256,0.0625,512,32,64,3,label0,145,total_relative,0.0,0.0,145,0
svd_multidepth,3418,16,"[2, 3, 4]",constructed_initial,test,cfp_stage3,1,256,0.0625,512,32,64,3,label0,145,self_cross_cosine,,,0,145
svd_multidepth,3418,16,"[2, 3, 4]",constructed_initial,test,cfp_stage3,1,256,0.0625,512,32,64,3,label0,145,energy_identity_relative_error,0.0,0.0,145,0
svd_multidepth,3418,16,"[2, 3, 4]",constructed_initial,test,cfp_stage3,1,256,0.0625,512,32,64,3,label0,145,channel_energy_retained,0.6531046579240117,0.026948352682173604,145,0
svd_multidepth,3418,16,"[2, 3, 4]",constructed_initial,test,cfp_stage3,1,256,0.0625,512,32,64,3,label1,145,self_relative,0.0,0.0,145,0
svd_multidepth,3418,16,"[2, 3, 4]",constructed_initial,test,cfp_stage3,1,256,0.0625,512,32,64,3,label1,145,cross_relative,0.0,0.0,145,0
svd_multidepth,3418,16,"[2, 3, 4]",constructed_initial,test,cfp_stage3,1,256,0.0625,512,32,64,3,label1,145,total_relative,0.0,0.0,145,0
svd_multidepth,3418,16,"[2, 3, 4]",constructed_initial,test,cfp_stage3,1,256,0.0625,512,32,64,3,label1,145,self_cross_cosine,,,0,145
svd_multidepth,3418,16,"[2, 3, 4]",constructed_initial,test,cfp_stage3,1,256,0.0625,512,32,64,3,label1,145,energy_identity_relative_error,0.0,0.0,145,0
svd_multidepth,3418,16,"[2, 3, 4]",constructed_initial,test,cfp_stage3,1,256,0.0625,512,32,64,3,label1,145,channel_energy_retained,0.6537119431604576,0.026546641685233352,145,0
svd_multidepth,3418,16,"[2, 3, 4]",constructed_initial,test,oct_stage3,1,256,0.0625,512,32,64,3,all,290,self_relative,0.0,0.0,290,0
svd_multidepth,3418,16,"[2, 3, 4]",constructed_initial,test,oct_stage3,1,256,0.0625,512,32,64,3,all,290,cross_relative,0.0,0.0,290,0
svd_multidepth,3418,16,"[2, 3, 4]",constructed_initial,test,oct_stage3,1,256,0.0625,512,32,64,3,all,290,total_relative,0.0,0.0,290,0
svd_multidepth,3418,16,"[2, 3, 4]",constructed_initial,test,oct_stage3,1,256,0.0625,512,32,64,3,all,290,self_cross_cosine,,,0,290
svd_multidepth,3418,16,"[2, 3, 4]",constructed_initial,test,oct_stage3,1,256,0.0625,512,32,64,3,all,290,energy_identity_relative_error,0.0,0.0,290,0
svd_multidepth,3418,16,"[2, 3, 4]",constructed_initial,test,oct_stage3,1,256,0.0625,512,32,64,3,all,290,channel_energy_retained,0.6618091892242985,0.04099001567198162,290,0
svd_multidepth,3418,16,"[2, 3, 4]",constructed_initial,test,oct_stage3,1,256,0.0625,512,32,64,3,label0,145,self_relative,0.0,0.0,145,0
svd_multidepth,3418,16,"[2, 3, 4]",constructed_initial,test,oct_stage3,1,256,0.0625,512,32,64,3,label0,145,cross_relative,0.0,0.0,145,0
svd_multidepth,3418,16,"[2, 3, 4]",constructed_initial,test,oct_stage3,1,256,0.0625,512,32,64,3,label0,145,total_relative,0.0,0.0,145,0
svd_multidepth,3418,16,"[2, 3, 4]",constructed_initial,test,oct_stage3,1,256,0.0625,512,32,64,3,label0,145,self_cross_cosine,,,0,145
svd_multidepth,3418,16,"[2, 3, 4]",constructed_initial,test,oct_stage3,1,256,0.0625,512,32,64,3,label0,145,energy_identity_relative_error,0.0,0.0,145,0
svd_multidepth,3418,16,"[2, 3, 4]",constructed_initial,test,oct_stage3,1,256,0.0625,512,32,64,3,label0,145,channel_energy_retained,0.6637249106838851,0.04248346121991726,145,0
svd_multidepth,3418,16,"[2, 3, 4]",constructed_initial,test,oct_stage3,1,256,0.0625,512,32,64,3,label1,145,self_relative,0.0,0.0,145,0
svd_multidepth,3418,16,"[2, 3, 4]",constructed_initial,test,oct_stage3,1,256,0.0625,512,32,64,3,label1,145,cross_relative,0.0,0.0,145,0
svd_multidepth,3418,16,"[2, 3, 4]",constructed_initial,test,oct_stage3,1,256,0.0625,512,32,64,3,label1,145,total_relative,0.0,0.0,145,0
svd_multidepth,3418,16,"[2, 3, 4]",constructed_initial,test,oct_stage3,1,256,0.0625,512,32,64,3,label1,145,self_cross_cosine,,,0,145
svd_multidepth,3418,16,"[2, 3, 4]",constructed_initial,test,oct_stage3,1,256,0.0625,512,32,64,3,label1,145,energy_identity_relative_error,0.0,0.0,145,0
svd_multidepth,3418,16,"[2, 3, 4]",constructed_initial,test,oct_stage3,1,256,0.0625,512,32,64,3,label1,145,channel_energy_retained,0.659893467764712,0.03949424349384152,145,0
svd_multidepth,3418,16,"[2, 3, 4]",constructed_initial,test,cfp_stage4,2,512,0.03125,512,32,64,3,all,290,self_relative,0.0,0.0,290,0
svd_multidepth,3418,16,"[2, 3, 4]",constructed_initial,test,cfp_stage4,2,512,0.03125,512,32,64,3,all,290,cross_relative,0.0,0.0,290,0
svd_multidepth,3418,16,"[2, 3, 4]",constructed_initial,test,cfp_stage4,2,512,0.03125,512,32,64,3,all,290,total_relative,0.0,0.0,290,0
svd_multidepth,3418,16,"[2, 3, 4]",constructed_initial,test,cfp_stage4,2,512,0.03125,512,32,64,3,all,290,self_cross_cosine,,,0,290
svd_multidepth,3418,16,"[2, 3, 4]",constructed_initial,test,cfp_stage4,2,512,0.03125,512,32,64,3,all,290,energy_identity_relative_error,0.0,0.0,290,0
svd_multidepth,3418,16,"[2, 3, 4]",constructed_initial,test,cfp_stage4,2,512,0.03125,512,32,64,3,all,290,channel_energy_retained,0.6098058869323579,0.05853386442014437,290,0
svd_multidepth,3418,16,"[2, 3, 4]",constructed_initial,test,cfp_stage4,2,512,0.03125,512,32,64,3,label0,145,self_relative,0.0,0.0,145,0
svd_multidepth,3418,16,"[2, 3, 4]",constructed_initial,test,cfp_stage4,2,512,0.03125,512,32,64,3,label0,145,cross_relative,0.0,0.0,145,0
svd_multidepth,3418,16,"[2, 3, 4]",constructed_initial,test,cfp_stage4,2,512,0.03125,512,32,64,3,label0,145,total_relative,0.0,0.0,145,0
svd_multidepth,3418,16,"[2, 3, 4]",constructed_initial,test,cfp_stage4,2,512,0.03125,512,32,64,3,label0,145,self_cross_cosine,,,0,145
svd_multidepth,3418,16,"[2, 3, 4]",constructed_initial,test,cfp_stage4,2,512,0.03125,512,32,64,3,label0,145,energy_identity_relative_error,0.0,0.0,145,0
svd_multidepth,3418,16,"[2, 3, 4]",constructed_initial,test,cfp_stage4,2,512,0.03125,512,32,64,3,label0,145,channel_energy_retained,0.6081796204341733,0.059676009575307366,145,0
svd_multidepth,3418,16,"[2, 3, 4]",constructed_initial,test,cfp_stage4,2,512,0.03125,512,32,64,3,label1,145,self_relative,0.0,0.0,145,0
svd_multidepth,3418,16,"[2, 3, 4]",constructed_initial,test,cfp_stage4,2,512,0.03125,512,32,64,3,label1,145,cross_relative,0.0,0.0,145,0
svd_multidepth,3418,16,"[2, 3, 4]",constructed_initial,test,cfp_stage4,2,512,0.03125,512,32,64,3,label1,145,total_relative,0.0,0.0,145,0
svd_multidepth,3418,16,"[2, 3, 4]",constructed_initial,test,cfp_stage4,2,512,0.03125,512,32,64,3,label1,145,self_cross_cosine,,,0,145
svd_multidepth,3418,16,"[2, 3, 4]",constructed_initial,test,cfp_stage4,2,512,0.03125,512,32,64,3,label1,145,energy_identity_relative_error,0.0,0.0,145,0
svd_multidepth,3418,16,"[2, 3, 4]",constructed_initial,test,cfp_stage4,2,512,0.03125,512,32,64,3,label1,145,channel_energy_retained,0.6114321534305426,0.05752970866344205,145,0
svd_multidepth,3418,16,"[2, 3, 4]",constructed_initial,test,oct_stage4,2,512,0.03125,512,32,64,3,all,290,self_relative,0.0,0.0,290,0
svd_multidepth,3418,16,"[2, 3, 4]",constructed_initial,test,oct_stage4,2,512,0.03125,512,32,64,3,all,290,cross_relative,0.0,0.0,290,0
svd_multidepth,3418,16,"[2, 3, 4]",constructed_initial,test,oct_stage4,2,512,0.03125,512,32,64,3,all,290,total_relative,0.0,0.0,290,0
svd_multidepth,3418,16,"[2, 3, 4]",constructed_initial,test,oct_stage4,2,512,0.03125,512,32,64,3,all,290,self_cross_cosine,,,0,290
svd_multidepth,3418,16,"[2, 3, 4]",constructed_initial,test,oct_stage4,2,512,0.03125,512,32,64,3,all,290,energy_identity_relative_error,0.0,0.0,290,0
svd_multidepth,3418,16,"[2, 3, 4]",constructed_initial,test,oct_stage4,2,512,0.03125,512,32,64,3,all,290,channel_energy_retained,0.6577899021351177,0.07338031141034579,290,0
svd_multidepth,3418,16,"[2, 3, 4]",constructed_initial,test,oct_stage4,2,512,0.03125,512,32,64,3,label0,145,self_relative,0.0,0.0,145,0
svd_multidepth,3418,16,"[2, 3, 4]",constructed_initial,test,oct_stage4,2,512,0.03125,512,32,64,3,label0,145,cross_relative,0.0,0.0,145,0
svd_multidepth,3418,16,"[2, 3, 4]",constructed_initial,test,oct_stage4,2,512,0.03125,512,32,64,3,label0,145,total_relative,0.0,0.0,145,0
svd_multidepth,3418,16,"[2, 3, 4]",constructed_initial,test,oct_stage4,2,512,0.03125,512,32,64,3,label0,145,self_cross_cosine,,,0,145
svd_multidepth,3418,16,"[2, 3, 4]",constructed_initial,test,oct_stage4,2,512,0.03125,512,32,64,3,label0,145,energy_identity_relative_error,0.0,0.0,145,0
svd_multidepth,3418,16,"[2, 3, 4]",constructed_initial,test,oct_stage4,2,512,0.03125,512,32,64,3,label0,145,channel_energy_retained,0.6591834960632149,0.06939828713775437,145,0
svd_multidepth,3418,16,"[2, 3, 4]",constructed_initial,test,oct_stage4,2,512,0.03125,512,32,64,3,label1,145,self_relative,0.0,0.0,145,0
svd_multidepth,3418,16,"[2, 3, 4]",constructed_initial,test,oct_stage4,2,512,0.03125,512,32,64,3,label1,145,cross_relative,0.0,0.0,145,0
svd_multidepth,3418,16,"[2, 3, 4]",constructed_initial,test,oct_stage4,2,512,0.03125,512,32,64,3,label1,145,total_relative,0.0,0.0,145,0
svd_multidepth,3418,16,"[2, 3, 4]",constructed_initial,test,oct_stage4,2,512,0.03125,512,32,64,3,label1,145,self_cross_cosine,,,0,145
svd_multidepth,3418,16,"[2, 3, 4]",constructed_initial,test,oct_stage4,2,512,0.03125,512,32,64,3,label1,145,energy_identity_relative_error,0.0,0.0,145,0
svd_multidepth,3418,16,"[2, 3, 4]",constructed_initial,test,oct_stage4,2,512,0.03125,512,32,64,3,label1,145,channel_energy_retained,0.6563963082070202,0.07737377015723414,145,0
svd_multidepth,3418,16,"[2, 3, 4]",selected,train,cfp_stage2,0,128,0.125,512,32,64,3,all,1264,self_relative,0.28569043406595923,0.011075854219233426,1264,0
svd_multidepth,3418,16,"[2, 3, 4]",selected,train,cfp_stage2,0,128,0.125,512,32,64,3,all,1264,cross_relative,0.2759230626601221,0.020229358196340943,1264,0
svd_multidepth,3418,16,"[2, 3, 4]",selected,train,cfp_stage2,0,128,0.125,512,32,64,3,all,1264,total_relative,0.4311360587366137,0.031087808568538475,1264,0
svd_multidepth,3418,16,"[2, 3, 4]",selected,train,cfp_stage2,0,128,0.125,512,32,64,3,all,1264,self_cross_cosine,0.17596479906480295,0.05704088351384853,1264,0
svd_multidepth,3418,16,"[2, 3, 4]",selected,train,cfp_stage2,0,128,0.125,512,32,64,3,all,1264,energy_identity_relative_error,7.39588172443788e-17,5.4504417224245804e-17,1264,0
svd_multidepth,3418,16,"[2, 3, 4]",selected,train,cfp_stage2,0,128,0.125,512,32,64,3,all,1264,channel_energy_retained,0.6612377080736932,0.02223668721040384,1264,0
svd_multidepth,3418,16,"[2, 3, 4]",selected,train,cfp_stage2,0,128,0.125,512,32,64,3,label0,632,self_relative,0.2861930407418542,0.010141428662893288,632,0
svd_multidepth,3418,16,"[2, 3, 4]",selected,train,cfp_stage2,0,128,0.125,512,32,64,3,label0,632,cross_relative,0.27685835063924397,0.018911259753567708,632,0
svd_multidepth,3418,16,"[2, 3, 4]",selected,train,cfp_stage2,0,128,0.125,512,32,64,3,label0,632,total_relative,0.43242402081322573,0.028873980131574883,632,0
svd_multidepth,3418,16,"[2, 3, 4]",selected,train,cfp_stage2,0,128,0.125,512,32,64,3,label0,632,self_cross_cosine,0.17731006484423698,0.05460400178065347,632,0
svd_multidepth,3418,16,"[2, 3, 4]",selected,train,cfp_stage2,0,128,0.125,512,32,64,3,label0,632,energy_identity_relative_error,7.360349628108414e-17,5.379149561618025e-17,632,0
svd_multidepth,3418,16,"[2, 3, 4]",selected,train,cfp_stage2,0,128,0.125,512,32,64,3,label0,632,channel_energy_retained,0.6626527050426108,0.021255164615030405,632,0
svd_multidepth,3418,16,"[2, 3, 4]",selected,train,cfp_stage2,0,128,0.125,512,32,64,3,label1,632,self_relative,0.28518782739006443,0.011924298861550284,632,0
svd_multidepth,3418,16,"[2, 3, 4]",selected,train,cfp_stage2,0,128,0.125,512,32,64,3,label1,632,cross_relative,0.27498777468100055,0.02144095048981962,632,0
svd_multidepth,3418,16,"[2, 3, 4]",selected,train,cfp_stage2,0,128,0.125,512,32,64,3,label1,632,total_relative,0.42984809666000184,0.03312711311743198,632,0
svd_multidepth,3418,16,"[2, 3, 4]",selected,train,cfp_stage2,0,128,0.125,512,32,64,3,label1,632,self_cross_cosine,0.17461953328536897,0.05939073089520028,632,0
svd_multidepth,3418,16,"[2, 3, 4]",selected,train,cfp_stage2,0,128,0.125,512,32,64,3,label1,632,energy_identity_relative_error,7.431413820767344e-17,5.5248466593998183e-17,632,0
svd_multidepth,3418,16,"[2, 3, 4]",selected,train,cfp_stage2,0,128,0.125,512,32,64,3,label1,632,channel_energy_retained,0.6598227111047745,0.023106954449511188,632,0
svd_multidepth,3418,16,"[2, 3, 4]",selected,train,oct_stage2,0,128,0.125,512,32,64,3,all,1264,self_relative,3.7907946740442724,0.06643253528132428,1264,0
svd_multidepth,3418,16,"[2, 3, 4]",selected,train,oct_stage2,0,128,0.125,512,32,64,3,all,1264,cross_relative,3.3589982741344793,0.21384742601742704,1264,0
svd_multidepth,3418,16,"[2, 3, 4]",selected,train,oct_stage2,0,128,0.125,512,32,64,3,all,1264,total_relative,6.978509885594298,0.2183945836856358,1264,0
svd_multidepth,3418,16,"[2, 3, 4]",selected,train,oct_stage2,0,128,0.125,512,32,64,3,all,1264,self_cross_cosine,0.905034769739799,0.014597818150575915,1264,0
svd_multidepth,3418,16,"[2, 3, 4]",selected,train,oct_stage2,0,128,0.125,512,32,64,3,all,1264,energy_identity_relative_error,7.929916114477315e-17,7.10411424507553e-17,1264,0
svd_multidepth,3418,16,"[2, 3, 4]",selected,train,oct_stage2,0,128,0.125,512,32,64,3,all,1264,channel_energy_retained,0.5401973707284642,0.008484879371734295,1264,0
svd_multidepth,3418,16,"[2, 3, 4]",selected,train,oct_stage2,0,128,0.125,512,32,64,3,label0,632,self_relative,3.7841935276012904,0.06163951314208025,632,0
svd_multidepth,3418,16,"[2, 3, 4]",selected,train,oct_stage2,0,128,0.125,512,32,64,3,label0,632,cross_relative,3.350393345720055,0.20656552900658787,632,0
svd_multidepth,3418,16,"[2, 3, 4]",selected,train,oct_stage2,0,128,0.125,512,32,64,3,label0,632,total_relative,6.96571507539764,0.2105022880974602,632,0
svd_multidepth,3418,16,"[2, 3, 4]",selected,train,oct_stage2,0,128,0.125,512,32,64,3,label0,632,self_cross_cosine,0.9061187114733922,0.013033530944791642,632,0
svd_multidepth,3418,16,"[2, 3, 4]",selected,train,oct_stage2,0,128,0.125,512,32,64,3,label0,632,energy_identity_relative_error,7.569705606823032e-17,7.070985627411623e-17,632,0
svd_multidepth,3418,16,"[2, 3, 4]",selected,train,oct_stage2,0,128,0.125,512,32,64,3,label0,632,channel_energy_retained,0.5393744794748734,0.00805589464314898,632,0
svd_multidepth,3418,16,"[2, 3, 4]",selected,train,oct_stage2,0,128,0.125,512,32,64,3,label1,632,self_relative,3.7973958204872558,0.07033377305053398,632,0
svd_multidepth,3418,16,"[2, 3, 4]",selected,train,oct_stage2,0,128,0.125,512,32,64,3,label1,632,cross_relative,3.3676032025489024,0.22071763542656447,632,0
svd_multidepth,3418,16,"[2, 3, 4]",selected,train,oct_stage2,0,128,0.125,512,32,64,3,label1,632,total_relative,6.991304695790956,0.2254525008021542,632,0
svd_multidepth,3418,16,"[2, 3, 4]",selected,train,oct_stage2,0,128,0.125,512,32,64,3,label1,632,self_cross_cosine,0.9039508280062066,0.015946905319617406,632,0
svd_multidepth,3418,16,"[2, 3, 4]",selected,train,oct_stage2,0,128,0.125,512,32,64,3,label1,632,energy_identity_relative_error,8.290126622131589e-17,7.124472462785753e-17,632,0
svd_multidepth,3418,16,"[2, 3, 4]",selected,train,oct_stage2,0,128,0.125,512,32,64,3,label1,632,channel_energy_retained,0.5410202619820556,0.008823070037223744,632,0
svd_multidepth,3418,16,"[2, 3, 4]",selected,train,cfp_stage3,1,256,0.0625,512,32,64,3,all,1264,self_relative,0.5023554683677114,0.011390789142069757,1264,0
svd_multidepth,3418,16,"[2, 3, 4]",selected,train,cfp_stage3,1,256,0.0625,512,32,64,3,all,1264,cross_relative,0.3945115568575542,0.02912946739936217,1264,0
svd_multidepth,3418,16,"[2, 3, 4]",selected,train,cfp_stage3,1,256,0.0625,512,32,64,3,all,1264,total_relative,0.6436207601964931,0.02500392992600946,1264,0
svd_multidepth,3418,16,"[2, 3, 4]",selected,train,cfp_stage3,1,256,0.0625,512,32,64,3,all,1264,self_cross_cosine,0.014607399235632736,0.028297482358237445,1264,0
svd_multidepth,3418,16,"[2, 3, 4]",selected,train,cfp_stage3,1,256,0.0625,512,32,64,3,all,1264,energy_identity_relative_error,8.5498806299989e-17,6.19623591343571e-17,1264,0
svd_multidepth,3418,16,"[2, 3, 4]",selected,train,cfp_stage3,1,256,0.0625,512,32,64,3,all,1264,channel_energy_retained,0.5815058264735359,0.022010821459212734,1264,0
svd_multidepth,3418,16,"[2, 3, 4]",selected,train,cfp_stage3,1,256,0.0625,512,32,64,3,label0,632,self_relative,0.5032145527357733,0.010503798717520274,632,0
svd_multidepth,3418,16,"[2, 3, 4]",selected,train,cfp_stage3,1,256,0.0625,512,32,64,3,label0,632,cross_relative,0.39662355875086525,0.02778774391345748,632,0
svd_multidepth,3418,16,"[2, 3, 4]",selected,train,cfp_stage3,1,256,0.0625,512,32,64,3,label0,632,total_relative,0.6456081222496473,0.023595002822015328,632,0
svd_multidepth,3418,16,"[2, 3, 4]",selected,train,cfp_stage3,1,256,0.0625,512,32,64,3,label0,632,self_cross_cosine,0.014631867336221776,0.02603019953370104,632,0
svd_multidepth,3418,16,"[2, 3, 4]",selected,train,cfp_stage3,1,256,0.0625,512,32,64,3,label0,632,energy_identity_relative_error,8.422054979736046e-17,6.023282904058943e-17,632,0
svd_multidepth,3418,16,"[2, 3, 4]",selected,train,cfp_stage3,1,256,0.0625,512,32,64,3,label0,632,channel_energy_retained,0.58433429036328,0.020843110922417044,632,0
svd_multidepth,3418,16,"[2, 3, 4]",selected,train,cfp_stage3,1,256,0.0625,512,32,64,3,label1,632,self_relative,0.5014963839996495,0.01216131580231979,632,0
svd_multidepth,3418,16,"[2, 3, 4]",selected,train,cfp_stage3,1,256,0.0625,512,32,64,3,label1,632,cross_relative,0.39239955496424334,0.03028700249400258,632,0
svd_multidepth,3418,16,"[2, 3, 4]",selected,train,cfp_stage3,1,256,0.0625,512,32,64,3,label1,632,total_relative,0.6416333981433393,0.026205875936579217,632,0
svd_multidepth,3418,16,"[2, 3, 4]",selected,train,cfp_stage3,1,256,0.0625,512,32,64,3,label1,632,self_cross_cosine,0.014582931135043695,0.03041696142080627,632,0
svd_multidepth,3418,16,"[2, 3, 4]",selected,train,cfp_stage3,1,256,0.0625,512,32,64,3,label1,632,energy_identity_relative_error,8.677706280261752e-17,6.366699042199109e-17,632,0
svd_multidepth,3418,16,"[2, 3, 4]",selected,train,cfp_stage3,1,256,0.0625,512,32,64,3,label1,632,channel_energy_retained,0.5786773625837919,0.022787261084404747,632,0
svd_multidepth,3418,16,"[2, 3, 4]",selected,train,oct_stage3,1,256,0.0625,512,32,64,3,all,1264,self_relative,1.5964201499316084,0.3342456877058774,1264,0
svd_multidepth,3418,16,"[2, 3, 4]",selected,train,oct_stage3,1,256,0.0625,512,32,64,3,all,1264,cross_relative,1.7923493091956544,0.09778565585715655,1264,0
svd_multidepth,3418,16,"[2, 3, 4]",selected,train,oct_stage3,1,256,0.0625,512,32,64,3,all,1264,total_relative,2.843725683417165,0.14916793208129026,1264,0
svd_multidepth,3418,16,"[2, 3, 4]",selected,train,oct_stage3,1,256,0.0625,512,32,64,3,all,1264,self_cross_cosine,0.41783799521629666,0.1603753576774922,1264,0
svd_multidepth,3418,16,"[2, 3, 4]",selected,train,oct_stage3,1,256,0.0625,512,32,64,3,all,1264,energy_identity_relative_error,8.905423727617046e-17,6.819947393022722e-17,1264,0
svd_multidepth,3418,16,"[2, 3, 4]",selected,train,oct_stage3,1,256,0.0625,512,32,64,3,all,1264,channel_energy_retained,0.466751461347252,0.026701726407297666,1264,0
svd_multidepth,3418,16,"[2, 3, 4]",selected,train,oct_stage3,1,256,0.0625,512,32,64,3,label0,632,self_relative,1.5758642195858106,0.2969876851420583,632,0
svd_multidepth,3418,16,"[2, 3, 4]",selected,train,oct_stage3,1,256,0.0625,512,32,64,3,label0,632,cross_relative,1.7942870529794723,0.09124497301338645,632,0
svd_multidepth,3418,16,"[2, 3, 4]",selected,train,oct_stage3,1,256,0.0625,512,32,64,3,label0,632,total_relative,2.8409001599829717,0.13637465955163944,632,0
svd_multidepth,3418,16,"[2, 3, 4]",selected,train,oct_stage3,1,256,0.0625,512,32,64,3,label0,632,self_cross_cosine,0.4287972620000279,0.14878821749676743,632,0
svd_multidepth,3418,16,"[2, 3, 4]",selected,train,oct_stage3,1,256,0.0625,512,32,64,3,label0,632,energy_identity_relative_error,8.968489923485805e-17,7.024266476655132e-17,632,0
svd_multidepth,3418,16,"[2, 3, 4]",selected,train,oct_stage3,1,256,0.0625,512,32,64,3,label0,632,channel_energy_retained,0.4690719173749953,0.023241700805446876,632,0
svd_multidepth,3418,16,"[2, 3, 4]",selected,train,oct_stage3,1,256,0.0625,512,32,64,3,label1,632,self_relative,1.6169760802774056,0.36683687808217535,632,0
svd_multidepth,3418,16,"[2, 3, 4]",selected,train,oct_stage3,1,256,0.0625,512,32,64,3,label1,632,cross_relative,1.790411565411835,0.10395218159479121,632,0
svd_multidepth,3418,16,"[2, 3, 4]",selected,train,oct_stage3,1,256,0.0625,512,32,64,3,label1,632,total_relative,2.8465512068513568,0.16100735037142125,632,0
svd_multidepth,3418,16,"[2, 3, 4]",selected,train,oct_stage3,1,256,0.0625,512,32,64,3,label1,632,self_cross_cosine,0.4068787284325654,0.1705952707330313,632,0
svd_multidepth,3418,16,"[2, 3, 4]",selected,train,oct_stage3,1,256,0.0625,512,32,64,3,label1,632,energy_identity_relative_error,8.842357531748289e-17,6.614286743195238e-17,632,0
svd_multidepth,3418,16,"[2, 3, 4]",selected,train,oct_stage3,1,256,0.0625,512,32,64,3,label1,632,channel_energy_retained,0.46443100531950854,0.029599519509631963,632,0
svd_multidepth,3418,16,"[2, 3, 4]",selected,train,cfp_stage4,2,512,0.03125,512,32,64,3,all,1264,self_relative,1.9228441719308662,0.41771141553136953,1264,0
svd_multidepth,3418,16,"[2, 3, 4]",selected,train,cfp_stage4,2,512,0.03125,512,32,64,3,all,1264,cross_relative,0.30602739126160744,0.7752115402110953,1264,0
svd_multidepth,3418,16,"[2, 3, 4]",selected,train,cfp_stage4,2,512,0.03125,512,32,64,3,all,1264,total_relative,1.9781306949489348,0.649610868421909,1264,0
svd_multidepth,3418,16,"[2, 3, 4]",selected,train,cfp_stage4,2,512,0.03125,512,32,64,3,all,1264,self_cross_cosine,-0.062364315728505,0.5745715296007379,1264,0
svd_multidepth,3418,16,"[2, 3, 4]",selected,train,cfp_stage4,2,512,0.03125,512,32,64,3,all,1264,energy_identity_relative_error,8.992585572875049e-17,6.911292253786068e-17,1264,0
svd_multidepth,3418,16,"[2, 3, 4]",selected,train,cfp_stage4,2,512,0.03125,512,32,64,3,all,1264,channel_energy_retained,0.6737762923012932,0.07833631256538498,1264,0
svd_multidepth,3418,16,"[2, 3, 4]",selected,train,cfp_stage4,2,512,0.03125,512,32,64,3,label0,632,self_relative,1.7876231573481987,0.4061250893565036,632,0
svd_multidepth,3418,16,"[2, 3, 4]",selected,train,cfp_stage4,2,512,0.03125,512,32,64,3,label0,632,cross_relative,0.2781732161782346,0.7635545000340191,632,0
svd_multidepth,3418,16,"[2, 3, 4]",selected,train,cfp_stage4,2,512,0.03125,512,32,64,3,label0,632,total_relative,1.9617045354780975,0.7213573463189573,632,0
svd_multidepth,3418,16,"[2, 3, 4]",selected,train,cfp_stage4,2,512,0.03125,512,32,64,3,label0,632,self_cross_cosine,0.49685464546483443,0.16421912100569125,632,0
svd_multidepth,3418,16,"[2, 3, 4]",selected,train,cfp_stage4,2,512,0.03125,512,32,64,3,label0,632,energy_identity_relative_error,8.891484443512348e-17,6.917253835090141e-17,632,0
svd_multidepth,3418,16,"[2, 3, 4]",selected,train,cfp_stage4,2,512,0.03125,512,32,64,3,label0,632,channel_energy_retained,0.6753565854997005,0.06743831106824222,632,0
svd_multidepth,3418,16,"[2, 3, 4]",selected,train,cfp_stage4,2,512,0.03125,512,32,64,3,label1,632,self_relative,2.0580651865135313,0.38428789046636924,632,0
svd_multidepth,3418,16,"[2, 3, 4]",selected,train,cfp_stage4,2,512,0.03125,512,32,64,3,label1,632,cross_relative,0.33388156634498023,0.7863132977311094,632,0
svd_multidepth,3418,16,"[2, 3, 4]",selected,train,cfp_stage4,2,512,0.03125,512,32,64,3,label1,632,total_relative,1.9945568544197723,0.5689994882826875,632,0
svd_multidepth,3418,16,"[2, 3, 4]",selected,train,cfp_stage4,2,512,0.03125,512,32,64,3,label1,632,self_cross_cosine,-0.6215832769218445,0.08589094600508605,632,0
svd_multidepth,3418,16,"[2, 3, 4]",selected,train,cfp_stage4,2,512,0.03125,512,32,64,3,label1,632,energy_identity_relative_error,9.093686702237752e-17,6.909322989219056e-17,632,0
svd_multidepth,3418,16,"[2, 3, 4]",selected,train,cfp_stage4,2,512,0.03125,512,32,64,3,label1,632,channel_energy_retained,0.6721959991028864,0.08792014858565683,632,0
svd_multidepth,3418,16,"[2, 3, 4]",selected,train,oct_stage4,2,512,0.03125,512,32,64,3,all,1264,self_relative,0.834455240265941,0.12141577579018795,1264,0
svd_multidepth,3418,16,"[2, 3, 4]",selected,train,oct_stage4,2,512,0.03125,512,32,64,3,all,1264,cross_relative,7.841922245641517,3.1563762630215115,1264,0
svd_multidepth,3418,16,"[2, 3, 4]",selected,train,oct_stage4,2,512,0.03125,512,32,64,3,all,1264,total_relative,7.879160623267306,3.1409375374053115,1264,0
svd_multidepth,3418,16,"[2, 3, 4]",selected,train,oct_stage4,2,512,0.03125,512,32,64,3,all,1264,self_cross_cosine,-0.010140721894139804,0.6004679742046889,1264,0
svd_multidepth,3418,16,"[2, 3, 4]",selected,train,oct_stage4,2,512,0.03125,512,32,64,3,all,1264,energy_identity_relative_error,9.099351341812413e-17,7.147303120680279e-17,1264,0
svd_multidepth,3418,16,"[2, 3, 4]",selected,train,oct_stage4,2,512,0.03125,512,32,64,3,all,1264,channel_energy_retained,0.6759806828897031,0.11857003761424009,1264,0
svd_multidepth,3418,16,"[2, 3, 4]",selected,train,oct_stage4,2,512,0.03125,512,32,64,3,label0,632,self_relative,0.8384853640585939,0.11276556415505877,632,0
svd_multidepth,3418,16,"[2, 3, 4]",selected,train,oct_stage4,2,512,0.03125,512,32,64,3,label0,632,cross_relative,7.623206874439929,3.0752420693899944,632,0
svd_multidepth,3418,16,"[2, 3, 4]",selected,train,oct_stage4,2,512,0.03125,512,32,64,3,label0,632,total_relative,8.149272762761631,3.130147456310827,632,0
svd_multidepth,3418,16,"[2, 3, 4]",selected,train,oct_stage4,2,512,0.03125,512,32,64,3,label0,632,self_cross_cosine,0.5751409527684069,0.16279488758980962,632,0
svd_multidepth,3418,16,"[2, 3, 4]",selected,train,oct_stage4,2,512,0.03125,512,32,64,3,label0,632,energy_identity_relative_error,9.258398274762326e-17,7.097697223237105e-17,632,0
svd_multidepth,3418,16,"[2, 3, 4]",selected,train,oct_stage4,2,512,0.03125,512,32,64,3,label0,632,channel_energy_retained,0.6825536892932322,0.10679823973234087,632,0
svd_multidepth,3418,16,"[2, 3, 4]",selected,train,oct_stage4,2,512,0.03125,512,32,64,3,label1,632,self_relative,0.8304251164732885,0.1294539921014106,632,0
svd_multidepth,3418,16,"[2, 3, 4]",selected,train,oct_stage4,2,512,0.03125,512,32,64,3,label1,632,cross_relative,8.060637616843099,3.2230843550324964,632,0
svd_multidepth,3418,16,"[2, 3, 4]",selected,train,oct_stage4,2,512,0.03125,512,32,64,3,label1,632,total_relative,7.609048483772979,3.130916228310648,632,0
svd_multidepth,3418,16,"[2, 3, 4]",selected,train,oct_stage4,2,512,0.03125,512,32,64,3,label1,632,self_cross_cosine,-0.595422396556687,0.09485665469041951,632,0
svd_multidepth,3418,16,"[2, 3, 4]",selected,train,oct_stage4,2,512,0.03125,512,32,64,3,label1,632,energy_identity_relative_error,8.940304408862498e-17,7.198670919878012e-17,632,0
svd_multidepth,3418,16,"[2, 3, 4]",selected,train,oct_stage4,2,512,0.03125,512,32,64,3,label1,632,channel_energy_retained,0.6694076764861744,0.12902549414499687,632,0
svd_multidepth,3418,16,"[2, 3, 4]",selected,validation,cfp_stage2,0,128,0.125,512,32,64,3,all,296,self_relative,0.28535725791931016,0.011358991876964888,296,0
svd_multidepth,3418,16,"[2, 3, 4]",selected,validation,cfp_stage2,0,128,0.125,512,32,64,3,all,296,cross_relative,0.2759051782809715,0.01963120261771971,296,0
svd_multidepth,3418,16,"[2, 3, 4]",selected,validation,cfp_stage2,0,128,0.125,512,32,64,3,all,296,total_relative,0.43103769441747897,0.03148814056992128,296,0
svd_multidepth,3418,16,"[2, 3, 4]",selected,validation,cfp_stage2,0,128,0.125,512,32,64,3,all,296,self_cross_cosine,0.17694092602679748,0.0614451399641503,296,0
svd_multidepth,3418,16,"[2, 3, 4]",selected,validation,cfp_stage2,0,128,0.125,512,32,64,3,all,296,energy_identity_relative_error,6.79825272612765e-17,5.574319924716893e-17,296,0
svd_multidepth,3418,16,"[2, 3, 4]",selected,validation,cfp_stage2,0,128,0.125,512,32,64,3,all,296,channel_energy_retained,0.6611006876477107,0.021737314076222196,296,0
svd_multidepth,3418,16,"[2, 3, 4]",selected,validation,cfp_stage2,0,128,0.125,512,32,64,3,label0,148,self_relative,0.2854059547733815,0.00930078480548533,148,0
svd_multidepth,3418,16,"[2, 3, 4]",selected,validation,cfp_stage2,0,128,0.125,512,32,64,3,label0,148,cross_relative,0.27539535781911917,0.01834813447343581,148,0
svd_multidepth,3418,16,"[2, 3, 4]",selected,validation,cfp_stage2,0,128,0.125,512,32,64,3,label0,148,total_relative,0.430541810660893,0.027828446813835277,148,0
svd_multidepth,3418,16,"[2, 3, 4]",selected,validation,cfp_stage2,0,128,0.125,512,32,64,3,label0,148,self_cross_cosine,0.17660403088926171,0.05749168864333664,148,0
svd_multidepth,3418,16,"[2, 3, 4]",selected,validation,cfp_stage2,0,128,0.125,512,32,64,3,label0,148,energy_identity_relative_error,6.680423820786298e-17,5.4133086830650156e-17,148,0
svd_multidepth,3418,16,"[2, 3, 4]",selected,validation,cfp_stage2,0,128,0.125,512,32,64,3,label0,148,channel_energy_retained,0.6615799628915073,0.020650419048937257,148,0
svd_multidepth,3418,16,"[2, 3, 4]",selected,validation,cfp_stage2,0,128,0.125,512,32,64,3,label1,148,self_relative,0.2853085610652389,0.01313094636810407,148,0
svd_multidepth,3418,16,"[2, 3, 4]",selected,validation,cfp_stage2,0,128,0.125,512,32,64,3,label1,148,cross_relative,0.27641499874282377,0.02088570047530455,148,0
svd_multidepth,3418,16,"[2, 3, 4]",selected,validation,cfp_stage2,0,128,0.125,512,32,64,3,label1,148,total_relative,0.4315335781740651,0.03485445900294365,148,0
svd_multidepth,3418,16,"[2, 3, 4]",selected,validation,cfp_stage2,0,128,0.125,512,32,64,3,label1,148,self_cross_cosine,0.17727782116433333,0.06535419921870596,148,0
svd_multidepth,3418,16,"[2, 3, 4]",selected,validation,cfp_stage2,0,128,0.125,512,32,64,3,label1,148,energy_identity_relative_error,6.916081631468997e-17,5.746790355955274e-17,148,0
svd_multidepth,3418,16,"[2, 3, 4]",selected,validation,cfp_stage2,0,128,0.125,512,32,64,3,label1,148,channel_energy_retained,0.6606214124039139,0.02283273229791568,148,0
svd_multidepth,3418,16,"[2, 3, 4]",selected,validation,oct_stage2,0,128,0.125,512,32,64,3,all,296,self_relative,3.7923745726464224,0.0787075380454491,296,0
svd_multidepth,3418,16,"[2, 3, 4]",selected,validation,oct_stage2,0,128,0.125,512,32,64,3,all,296,cross_relative,3.358655027630107,0.21533318490820402,296,0
svd_multidepth,3418,16,"[2, 3, 4]",selected,validation,oct_stage2,0,128,0.125,512,32,64,3,all,296,total_relative,6.980526689068768,0.23754097996438256,296,0
svd_multidepth,3418,16,"[2, 3, 4]",selected,validation,oct_stage2,0,128,0.125,512,32,64,3,all,296,self_cross_cosine,0.9054561238280096,0.012603408770408478,296,0
svd_multidepth,3418,16,"[2, 3, 4]",selected,validation,oct_stage2,0,128,0.125,512,32,64,3,all,296,energy_identity_relative_error,7.25555155917715e-17,7.318159623883763e-17,296,0
svd_multidepth,3418,16,"[2, 3, 4]",selected,validation,oct_stage2,0,128,0.125,512,32,64,3,all,296,channel_energy_retained,0.5404702817458858,0.008863112221069745,296,0
svd_multidepth,3418,16,"[2, 3, 4]",selected,validation,oct_stage2,0,128,0.125,512,32,64,3,label0,148,self_relative,3.7876644833862088,0.07013923429219578,148,0
svd_multidepth,3418,16,"[2, 3, 4]",selected,validation,oct_stage2,0,128,0.125,512,32,64,3,label0,148,cross_relative,3.361962926380251,0.20431466235210322,148,0
svd_multidepth,3418,16,"[2, 3, 4]",selected,validation,oct_stage2,0,128,0.125,512,32,64,3,label0,148,total_relative,6.979014081324471,0.2152632142388845,148,0
svd_multidepth,3418,16,"[2, 3, 4]",selected,validation,oct_stage2,0,128,0.125,512,32,64,3,label0,148,self_cross_cosine,0.9054069628388058,0.013778416917669312,148,0
svd_multidepth,3418,16,"[2, 3, 4]",selected,validation,oct_stage2,0,128,0.125,512,32,64,3,label0,148,energy_identity_relative_error,6.635707490884491e-17,6.972490744279644e-17,148,0
svd_multidepth,3418,16,"[2, 3, 4]",selected,validation,oct_stage2,0,128,0.125,512,32,64,3,label0,148,channel_energy_retained,0.539689265127301,0.008505722838688994,148,0
svd_multidepth,3418,16,"[2, 3, 4]",selected,validation,oct_stage2,0,128,0.125,512,32,64,3,label1,148,self_relative,3.7970846619066387,0.0864159198466588,148,0
svd_multidepth,3418,16,"[2, 3, 4]",selected,validation,oct_stage2,0,128,0.125,512,32,64,3,label1,148,cross_relative,3.355347128879963,0.22646341358310118,148,0
svd_multidepth,3418,16,"[2, 3, 4]",selected,validation,oct_stage2,0,128,0.125,512,32,64,3,label1,148,total_relative,6.982039296813066,0.2586356979287087,148,0
svd_multidepth,3418,16,"[2, 3, 4]",selected,validation,oct_stage2,0,128,0.125,512,32,64,3,label1,148,self_cross_cosine,0.9055052848172135,0.011354416341778082,148,0
svd_multidepth,3418,16,"[2, 3, 4]",selected,validation,oct_stage2,0,128,0.125,512,32,64,3,label1,148,energy_identity_relative_error,7.87539562746981e-17,7.621415590404287e-17,148,0
svd_multidepth,3418,16,"[2, 3, 4]",selected,validation,oct_stage2,0,128,0.125,512,32,64,3,label1,148,channel_energy_retained,0.5412512983644707,0.009168877168402213,148,0
svd_multidepth,3418,16,"[2, 3, 4]",selected,validation,cfp_stage3,1,256,0.0625,512,32,64,3,all,296,self_relative,0.5011269954273714,0.011347044655177744,296,0
svd_multidepth,3418,16,"[2, 3, 4]",selected,validation,cfp_stage3,1,256,0.0625,512,32,64,3,all,296,cross_relative,0.39382890252487474,0.028265574192326046,296,0
svd_multidepth,3418,16,"[2, 3, 4]",selected,validation,cfp_stage3,1,256,0.0625,512,32,64,3,all,296,total_relative,0.6424226513865186,0.024380149766049315,296,0
svd_multidepth,3418,16,"[2, 3, 4]",selected,validation,cfp_stage3,1,256,0.0625,512,32,64,3,all,296,self_cross_cosine,0.015193048237867319,0.027056697495029723,296,0
svd_multidepth,3418,16,"[2, 3, 4]",selected,validation,cfp_stage3,1,256,0.0625,512,32,64,3,all,296,energy_identity_relative_error,8.542933788289542e-17,5.927057896809495e-17,296,0
svd_multidepth,3418,16,"[2, 3, 4]",selected,validation,cfp_stage3,1,256,0.0625,512,32,64,3,all,296,channel_energy_retained,0.5819150011450441,0.02137660629884561,296,0
svd_multidepth,3418,16,"[2, 3, 4]",selected,validation,cfp_stage3,1,256,0.0625,512,32,64,3,label0,148,self_relative,0.5016575476775198,0.010731726227934288,148,0
svd_multidepth,3418,16,"[2, 3, 4]",selected,validation,cfp_stage3,1,256,0.0625,512,32,64,3,label0,148,cross_relative,0.39641693349762425,0.025995747130353925,148,0
svd_multidepth,3418,16,"[2, 3, 4]",selected,validation,cfp_stage3,1,256,0.0625,512,32,64,3,label0,148,total_relative,0.6434785225305415,0.02090123190445954,148,0
svd_multidepth,3418,16,"[2, 3, 4]",selected,validation,cfp_stage3,1,256,0.0625,512,32,64,3,label0,148,self_cross_cosine,0.01232638041120325,0.0257121216742864,148,0
svd_multidepth,3418,16,"[2, 3, 4]",selected,validation,cfp_stage3,1,256,0.0625,512,32,64,3,label0,148,energy_identity_relative_error,8.103087401344457e-17,5.876434663941196e-17,148,0
svd_multidepth,3418,16,"[2, 3, 4]",selected,validation,cfp_stage3,1,256,0.0625,512,32,64,3,label0,148,channel_energy_retained,0.5829168601083646,0.021830301397878844,148,0
svd_multidepth,3418,16,"[2, 3, 4]",selected,validation,cfp_stage3,1,256,0.0625,512,32,64,3,label1,148,self_relative,0.5005964431772231,0.011943616834588971,148,0
svd_multidepth,3418,16,"[2, 3, 4]",selected,validation,cfp_stage3,1,256,0.0625,512,32,64,3,label1,148,cross_relative,0.39124087155212517,0.030233335040061586,148,0
svd_multidepth,3418,16,"[2, 3, 4]",selected,validation,cfp_stage3,1,256,0.0625,512,32,64,3,label1,148,total_relative,0.6413667802424958,0.027453970479955056,148,0
svd_multidepth,3418,16,"[2, 3, 4]",selected,validation,cfp_stage3,1,256,0.0625,512,32,64,3,label1,148,self_cross_cosine,0.018059716064531384,0.028132707218233282,148,0
svd_multidepth,3418,16,"[2, 3, 4]",selected,validation,cfp_stage3,1,256,0.0625,512,32,64,3,label1,148,energy_identity_relative_error,8.982780175234629e-17,5.96464283069219e-17,148,0
svd_multidepth,3418,16,"[2, 3, 4]",selected,validation,cfp_stage3,1,256,0.0625,512,32,64,3,label1,148,channel_energy_retained,0.5809131421817242,0.02093905447712531,148,0
svd_multidepth,3418,16,"[2, 3, 4]",selected,validation,oct_stage3,1,256,0.0625,512,32,64,3,all,296,self_relative,1.575604646424663,0.2915205947271875,296,0
svd_multidepth,3418,16,"[2, 3, 4]",selected,validation,oct_stage3,1,256,0.0625,512,32,64,3,all,296,cross_relative,1.796152894242581,0.09701960567430344,296,0
svd_multidepth,3418,16,"[2, 3, 4]",selected,validation,oct_stage3,1,256,0.0625,512,32,64,3,all,296,total_relative,2.8363559895936348,0.13376895897156627,296,0
svd_multidepth,3418,16,"[2, 3, 4]",selected,validation,oct_stage3,1,256,0.0625,512,32,64,3,all,296,self_cross_cosine,0.42512546498114256,0.15889290465795483,296,0
svd_multidepth,3418,16,"[2, 3, 4]",selected,validation,oct_stage3,1,256,0.0625,512,32,64,3,all,296,energy_identity_relative_error,8.125706832629637e-17,6.528320869710632e-17,296,0
svd_multidepth,3418,16,"[2, 3, 4]",selected,validation,oct_stage3,1,256,0.0625,512,32,64,3,all,296,channel_energy_retained,0.4672717263263316,0.02313255405857246,296,0
svd_multidepth,3418,16,"[2, 3, 4]",selected,validation,oct_stage3,1,256,0.0625,512,32,64,3,label0,148,self_relative,1.5854128605991276,0.3131666968344004,148,0
svd_multidepth,3418,16,"[2, 3, 4]",selected,validation,oct_stage3,1,256,0.0625,512,32,64,3,label0,148,cross_relative,1.7943944481062382,0.10225744864030885,148,0
svd_multidepth,3418,16,"[2, 3, 4]",selected,validation,oct_stage3,1,256,0.0625,512,32,64,3,label0,148,total_relative,2.844549285744616,0.15084131280176705,148,0
svd_multidepth,3418,16,"[2, 3, 4]",selected,validation,oct_stage3,1,256,0.0625,512,32,64,3,label0,148,self_cross_cosine,0.42358291944624843,0.1507509684445731,148,0
svd_multidepth,3418,16,"[2, 3, 4]",selected,validation,oct_stage3,1,256,0.0625,512,32,64,3,label0,148,energy_identity_relative_error,8.274806414623516e-17,6.649304281511317e-17,148,0
svd_multidepth,3418,16,"[2, 3, 4]",selected,validation,oct_stage3,1,256,0.0625,512,32,64,3,label0,148,channel_energy_retained,0.4688353659100482,0.024277526869824134,148,0
svd_multidepth,3418,16,"[2, 3, 4]",selected,validation,oct_stage3,1,256,0.0625,512,32,64,3,label1,148,self_relative,1.5657964322501983,0.2688485586788597,148,0
svd_multidepth,3418,16,"[2, 3, 4]",selected,validation,oct_stage3,1,256,0.0625,512,32,64,3,label1,148,cross_relative,1.797911340378924,0.09179775766323053,148,0
svd_multidepth,3418,16,"[2, 3, 4]",selected,validation,oct_stage3,1,256,0.0625,512,32,64,3,label1,148,total_relative,2.828162693442653,0.11411276172235378,148,0
svd_multidepth,3418,16,"[2, 3, 4]",selected,validation,oct_stage3,1,256,0.0625,512,32,64,3,label1,148,self_cross_cosine,0.42666801051603664,0.16713770532602765,148,0
svd_multidepth,3418,16,"[2, 3, 4]",selected,validation,oct_stage3,1,256,0.0625,512,32,64,3,label1,148,energy_identity_relative_error,7.976607250635762e-17,6.42416224013946e-17,148,0
svd_multidepth,3418,16,"[2, 3, 4]",selected,validation,oct_stage3,1,256,0.0625,512,32,64,3,label1,148,channel_energy_retained,0.46570808674261505,0.02189860360249022,148,0
svd_multidepth,3418,16,"[2, 3, 4]",selected,validation,cfp_stage4,2,512,0.03125,512,32,64,3,all,296,self_relative,1.3978135975280728,0.5240961173369953,296,0
svd_multidepth,3418,16,"[2, 3, 4]",selected,validation,cfp_stage4,2,512,0.03125,512,32,64,3,all,296,cross_relative,0.2906584893608782,0.6476552121385329,296,0
svd_multidepth,3418,16,"[2, 3, 4]",selected,validation,cfp_stage4,2,512,0.03125,512,32,64,3,all,296,total_relative,1.428464403962328,0.6868124948326249,296,0
svd_multidepth,3418,16,"[2, 3, 4]",selected,validation,cfp_stage4,2,512,0.03125,512,32,64,3,all,296,self_cross_cosine,-0.14075042134886095,0.46320564878305304,296,0
svd_multidepth,3418,16,"[2, 3, 4]",selected,validation,cfp_stage4,2,512,0.03125,512,32,64,3,all,296,energy_identity_relative_error,9.135294446211233e-17,6.981926782388967e-17,296,0
svd_multidepth,3418,16,"[2, 3, 4]",selected,validation,cfp_stage4,2,512,0.03125,512,32,64,3,all,296,channel_energy_retained,0.6124261257091482,0.08002108899590595,296,0
svd_multidepth,3418,16,"[2, 3, 4]",selected,validation,cfp_stage4,2,512,0.03125,512,32,64,3,label0,148,self_relative,1.3353802030193602,0.5216182295705823,148,0
svd_multidepth,3418,16,"[2, 3, 4]",selected,validation,cfp_stage4,2,512,0.03125,512,32,64,3,label0,148,cross_relative,0.3358914976053749,0.869621071803968,148,0
svd_multidepth,3418,16,"[2, 3, 4]",selected,validation,cfp_stage4,2,512,0.03125,512,32,64,3,label0,148,total_relative,1.4415514751201999,0.830321559075989,148,0
svd_multidepth,3418,16,"[2, 3, 4]",selected,validation,cfp_stage4,2,512,0.03125,512,32,64,3,label0,148,self_cross_cosine,-0.007025649233751843,0.4434425954495569,148,0
svd_multidepth,3418,16,"[2, 3, 4]",selected,validation,cfp_stage4,2,512,0.03125,512,32,64,3,label0,148,energy_identity_relative_error,8.793358458002245e-17,7.060421847666973e-17,148,0
svd_multidepth,3418,16,"[2, 3, 4]",selected,validation,cfp_stage4,2,512,0.03125,512,32,64,3,label0,148,channel_energy_retained,0.6059549480378954,0.07872694932688253,148,0
svd_multidepth,3418,16,"[2, 3, 4]",selected,validation,cfp_stage4,2,512,0.03125,512,32,64,3,label1,148,self_relative,1.4602469920367847,0.5208527255416988,148,0
svd_multidepth,3418,16,"[2, 3, 4]",selected,validation,cfp_stage4,2,512,0.03125,512,32,64,3,label1,148,cross_relative,0.2454254811163815,0.28531965020338607,148,0
svd_multidepth,3418,16,"[2, 3, 4]",selected,validation,cfp_stage4,2,512,0.03125,512,32,64,3,label1,148,total_relative,1.4153773328044565,0.5068066324277409,148,0
svd_multidepth,3418,16,"[2, 3, 4]",selected,validation,cfp_stage4,2,512,0.03125,512,32,64,3,label1,148,self_cross_cosine,-0.2744751934639701,0.4448924283120055,148,0
svd_multidepth,3418,16,"[2, 3, 4]",selected,validation,cfp_stage4,2,512,0.03125,512,32,64,3,label1,148,energy_identity_relative_error,9.47723043442022e-17,6.90950284951616e-17,148,0
svd_multidepth,3418,16,"[2, 3, 4]",selected,validation,cfp_stage4,2,512,0.03125,512,32,64,3,label1,148,channel_energy_retained,0.6188973033804009,0.08104353870328733,148,0
svd_multidepth,3418,16,"[2, 3, 4]",selected,validation,oct_stage4,2,512,0.03125,512,32,64,3,all,296,self_relative,0.8436306000580935,0.10892534190242008,296,0
svd_multidepth,3418,16,"[2, 3, 4]",selected,validation,oct_stage4,2,512,0.03125,512,32,64,3,all,296,cross_relative,5.137405522426848,2.753553994106095,296,0
svd_multidepth,3418,16,"[2, 3, 4]",selected,validation,oct_stage4,2,512,0.03125,512,32,64,3,all,296,total_relative,5.159614547128646,2.7780736298870785,296,0
svd_multidepth,3418,16,"[2, 3, 4]",selected,validation,oct_stage4,2,512,0.03125,512,32,64,3,all,296,self_cross_cosine,-0.07399699086393219,0.48394614556720467,296,0
svd_multidepth,3418,16,"[2, 3, 4]",selected,validation,oct_stage4,2,512,0.03125,512,32,64,3,all,296,energy_identity_relative_error,8.432195950213558e-17,7.243592696390587e-17,296,0
svd_multidepth,3418,16,"[2, 3, 4]",selected,validation,oct_stage4,2,512,0.03125,512,32,64,3,all,296,channel_energy_retained,0.6865936492996968,0.10243910324951981,296,0
svd_multidepth,3418,16,"[2, 3, 4]",selected,validation,oct_stage4,2,512,0.03125,512,32,64,3,label0,148,self_relative,0.8449102240729707,0.11075033438768139,148,0
svd_multidepth,3418,16,"[2, 3, 4]",selected,validation,oct_stage4,2,512,0.03125,512,32,64,3,label0,148,cross_relative,4.893499583795775,2.7754041403630807,148,0
svd_multidepth,3418,16,"[2, 3, 4]",selected,validation,oct_stage4,2,512,0.03125,512,32,64,3,label0,148,total_relative,5.040739894124433,2.86595454902932,148,0
svd_multidepth,3418,16,"[2, 3, 4]",selected,validation,oct_stage4,2,512,0.03125,512,32,64,3,label0,148,self_cross_cosine,0.061978639858992504,0.46673005752998603,148,0
svd_multidepth,3418,16,"[2, 3, 4]",selected,validation,oct_stage4,2,512,0.03125,512,32,64,3,label0,148,energy_identity_relative_error,7.974541144432397e-17,6.939636619941695e-17,148,0
svd_multidepth,3418,16,"[2, 3, 4]",selected,validation,oct_stage4,2,512,0.03125,512,32,64,3,label0,148,channel_energy_retained,0.686900079610363,0.10472875184334138,148,0
svd_multidepth,3418,16,"[2, 3, 4]",selected,validation,oct_stage4,2,512,0.03125,512,32,64,3,label1,148,self_relative,0.8423509760432164,0.10743015845911862,148,0
svd_multidepth,3418,16,"[2, 3, 4]",selected,validation,oct_stage4,2,512,0.03125,512,32,64,3,label1,148,cross_relative,5.381311461057921,2.7190145435959705,148,0
svd_multidepth,3418,16,"[2, 3, 4]",selected,validation,oct_stage4,2,512,0.03125,512,32,64,3,label1,148,total_relative,5.278489200132862,2.6917907413756597,148,0
svd_multidepth,3418,16,"[2, 3, 4]",selected,validation,oct_stage4,2,512,0.03125,512,32,64,3,label1,148,self_cross_cosine,-0.2099726215868569,0.463609447973011,148,0
svd_multidepth,3418,16,"[2, 3, 4]",selected,validation,oct_stage4,2,512,0.03125,512,32,64,3,label1,148,energy_identity_relative_error,8.889850755994719e-17,7.530996262449283e-17,148,0
svd_multidepth,3418,16,"[2, 3, 4]",selected,validation,oct_stage4,2,512,0.03125,512,32,64,3,label1,148,channel_energy_retained,0.6862872189890303,0.10045210500270987,148,0
svd_multidepth,3418,16,"[2, 3, 4]",selected,test,cfp_stage2,0,128,0.125,512,32,64,3,all,290,self_relative,0.2856138456596965,0.01053628410509725,290,0
svd_multidepth,3418,16,"[2, 3, 4]",selected,test,cfp_stage2,0,128,0.125,512,32,64,3,all,290,cross_relative,0.27554053191761524,0.019895991001186913,290,0
svd_multidepth,3418,16,"[2, 3, 4]",selected,test,cfp_stage2,0,128,0.125,512,32,64,3,all,290,total_relative,0.4301482613186706,0.029297179539726683,290,0
svd_multidepth,3418,16,"[2, 3, 4]",selected,test,cfp_stage2,0,128,0.125,512,32,64,3,all,290,self_cross_cosine,0.17263927435484766,0.05437732844177189,290,0
svd_multidepth,3418,16,"[2, 3, 4]",selected,test,cfp_stage2,0,128,0.125,512,32,64,3,all,290,energy_identity_relative_error,7.298354129507387e-17,5.595593653902608e-17,290,0
svd_multidepth,3418,16,"[2, 3, 4]",selected,test,cfp_stage2,0,128,0.125,512,32,64,3,all,290,channel_energy_retained,0.6605499789022613,0.021114437289536377,290,0
svd_multidepth,3418,16,"[2, 3, 4]",selected,test,cfp_stage2,0,128,0.125,512,32,64,3,label0,145,self_relative,0.28480218507533733,0.009908231539475251,145,0
svd_multidepth,3418,16,"[2, 3, 4]",selected,test,cfp_stage2,0,128,0.125,512,32,64,3,label0,145,cross_relative,0.27537066033588686,0.01906715918966381,145,0
svd_multidepth,3418,16,"[2, 3, 4]",selected,test,cfp_stage2,0,128,0.125,512,32,64,3,label0,145,total_relative,0.4286579974460215,0.027903343479652596,145,0
svd_multidepth,3418,16,"[2, 3, 4]",selected,test,cfp_stage2,0,128,0.125,512,32,64,3,label0,145,self_cross_cosine,0.1688830300546074,0.05195226250965482,145,0
svd_multidepth,3418,16,"[2, 3, 4]",selected,test,cfp_stage2,0,128,0.125,512,32,64,3,label0,145,energy_identity_relative_error,7.756903311213334e-17,5.369521670261976e-17,145,0
svd_multidepth,3418,16,"[2, 3, 4]",selected,test,cfp_stage2,0,128,0.125,512,32,64,3,label0,145,channel_energy_retained,0.6593674063351055,0.02111497425350432,145,0
svd_multidepth,3418,16,"[2, 3, 4]",selected,test,cfp_stage2,0,128,0.125,512,32,64,3,label1,145,self_relative,0.28642550624405566,0.011103949887835703,145,0
svd_multidepth,3418,16,"[2, 3, 4]",selected,test,cfp_stage2,0,128,0.125,512,32,64,3,label1,145,cross_relative,0.27571040349934345,0.020756570147709298,145,0
svd_multidepth,3418,16,"[2, 3, 4]",selected,test,cfp_stage2,0,128,0.125,512,32,64,3,label1,145,total_relative,0.4316385251913198,0.030651930617064792,145,0
svd_multidepth,3418,16,"[2, 3, 4]",selected,test,cfp_stage2,0,128,0.125,512,32,64,3,label1,145,self_cross_cosine,0.17639551865508785,0.05662922740193206,145,0
svd_multidepth,3418,16,"[2, 3, 4]",selected,test,cfp_stage2,0,128,0.125,512,32,64,3,label1,145,energy_identity_relative_error,6.839804947801439e-17,5.795131907437843e-17,145,0
svd_multidepth,3418,16,"[2, 3, 4]",selected,test,cfp_stage2,0,128,0.125,512,32,64,3,label1,145,channel_energy_retained,0.6617325514694171,0.021120520254268835,145,0
svd_multidepth,3418,16,"[2, 3, 4]",selected,test,oct_stage2,0,128,0.125,512,32,64,3,all,290,self_relative,3.8020954859143425,0.08671925425446061,290,0
svd_multidepth,3418,16,"[2, 3, 4]",selected,test,oct_stage2,0,128,0.125,512,32,64,3,all,290,cross_relative,3.3664241040743725,0.21187478585658992,290,0
svd_multidepth,3418,16,"[2, 3, 4]",selected,test,oct_stage2,0,128,0.125,512,32,64,3,all,290,total_relative,6.9964348841635875,0.2237078180469419,290,0
svd_multidepth,3418,16,"[2, 3, 4]",selected,test,oct_stage2,0,128,0.125,512,32,64,3,all,290,self_cross_cosine,0.9049145427877514,0.014666968497333847,290,0
svd_multidepth,3418,16,"[2, 3, 4]",selected,test,oct_stage2,0,128,0.125,512,32,64,3,all,290,energy_identity_relative_error,8.056440549992919e-17,7.255526880057936e-17,290,0
svd_multidepth,3418,16,"[2, 3, 4]",selected,test,oct_stage2,0,128,0.125,512,32,64,3,all,290,channel_energy_retained,0.5408597363566263,0.008879181994206542,290,0
svd_multidepth,3418,16,"[2, 3, 4]",selected,test,oct_stage2,0,128,0.125,512,32,64,3,label0,145,self_relative,3.792058115474599,0.07332175067304283,145,0
svd_multidepth,3418,16,"[2, 3, 4]",selected,test,oct_stage2,0,128,0.125,512,32,64,3,label0,145,cross_relative,3.36975685908334,0.20547951464495778,145,0
svd_multidepth,3418,16,"[2, 3, 4]",selected,test,oct_stage2,0,128,0.125,512,32,64,3,label0,145,total_relative,6.993225903833702,0.21023068366271927,145,0
svd_multidepth,3418,16,"[2, 3, 4]",selected,test,oct_stage2,0,128,0.125,512,32,64,3,label0,145,self_cross_cosine,0.9066141875752783,0.011192523111035366,145,0
svd_multidepth,3418,16,"[2, 3, 4]",selected,test,oct_stage2,0,128,0.125,512,32,64,3,label0,145,energy_identity_relative_error,7.935231868924849e-17,7.224161637107983e-17,145,0
svd_multidepth,3418,16,"[2, 3, 4]",selected,test,oct_stage2,0,128,0.125,512,32,64,3,label0,145,channel_energy_retained,0.5400316631916586,0.008906763282284718,145,0
svd_multidepth,3418,16,"[2, 3, 4]",selected,test,oct_stage2,0,128,0.125,512,32,64,3,label1,145,self_relative,3.8121328563540877,0.09753822793335222,145,0
svd_multidepth,3418,16,"[2, 3, 4]",selected,test,oct_stage2,0,128,0.125,512,32,64,3,label1,145,cross_relative,3.3630913490654044,0.2187450401252285,145,0
svd_multidepth,3418,16,"[2, 3, 4]",selected,test,oct_stage2,0,128,0.125,512,32,64,3,label1,145,total_relative,6.999643864493473,0.23710806239567359,145,0
svd_multidepth,3418,16,"[2, 3, 4]",selected,test,oct_stage2,0,128,0.125,512,32,64,3,label1,145,self_cross_cosine,0.9032148980002243,0.017339075463638443,145,0
svd_multidepth,3418,16,"[2, 3, 4]",selected,test,oct_stage2,0,128,0.125,512,32,64,3,label1,145,energy_identity_relative_error,8.177649231060988e-17,7.309775387576545e-17,145,0
svd_multidepth,3418,16,"[2, 3, 4]",selected,test,oct_stage2,0,128,0.125,512,32,64,3,label1,145,channel_energy_retained,0.5416878095215937,0.008804310234624363,145,0
svd_multidepth,3418,16,"[2, 3, 4]",selected,test,cfp_stage3,1,256,0.0625,512,32,64,3,all,290,self_relative,0.5021440511281449,0.01086785349888102,290,0
svd_multidepth,3418,16,"[2, 3, 4]",selected,test,cfp_stage3,1,256,0.0625,512,32,64,3,all,290,cross_relative,0.3927172795320847,0.028991175928376963,290,0
svd_multidepth,3418,16,"[2, 3, 4]",selected,test,cfp_stage3,1,256,0.0625,512,32,64,3,all,290,total_relative,0.641907383248539,0.02580021203010464,290,0
svd_multidepth,3418,16,"[2, 3, 4]",selected,test,cfp_stage3,1,256,0.0625,512,32,64,3,all,290,self_cross_cosine,0.013160421104612735,0.030231630156933562,290,0
svd_multidepth,3418,16,"[2, 3, 4]",selected,test,cfp_stage3,1,256,0.0625,512,32,64,3,all,290,energy_identity_relative_error,8.787737114585268e-17,6.339343213278199e-17,290,0
svd_multidepth,3418,16,"[2, 3, 4]",selected,test,cfp_stage3,1,256,0.0625,512,32,64,3,all,290,channel_energy_retained,0.580706038416406,0.022519847208840683,290,0
svd_multidepth,3418,16,"[2, 3, 4]",selected,test,cfp_stage3,1,256,0.0625,512,32,64,3,label0,145,self_relative,0.5033071838256291,0.010037907850272823,145,0
svd_multidepth,3418,16,"[2, 3, 4]",selected,test,cfp_stage3,1,256,0.0625,512,32,64,3,label0,145,cross_relative,0.3935705373547589,0.026784993046568714,145,0
svd_multidepth,3418,16,"[2, 3, 4]",selected,test,cfp_stage3,1,256,0.0625,512,32,64,3,label0,145,total_relative,0.6443277691882912,0.022780171601753784,145,0
svd_multidepth,3418,16,"[2, 3, 4]",selected,test,cfp_stage3,1,256,0.0625,512,32,64,3,label0,145,self_cross_cosine,0.016680702815405693,0.027250893299318034,145,0
svd_multidepth,3418,16,"[2, 3, 4]",selected,test,cfp_stage3,1,256,0.0625,512,32,64,3,label0,145,energy_identity_relative_error,8.434718484823017e-17,6.27720172642021e-17,145,0
svd_multidepth,3418,16,"[2, 3, 4]",selected,test,cfp_stage3,1,256,0.0625,512,32,64,3,label0,145,channel_energy_retained,0.5808660263590956,0.022759592162765324,145,0
svd_multidepth,3418,16,"[2, 3, 4]",selected,test,cfp_stage3,1,256,0.0625,512,32,64,3,label1,145,self_relative,0.5009809184306607,0.011556666907956821,145,0
svd_multidepth,3418,16,"[2, 3, 4]",selected,test,cfp_stage3,1,256,0.0625,512,32,64,3,label1,145,cross_relative,0.39186402170941065,0.031111271678919368,145,0
svd_multidepth,3418,16,"[2, 3, 4]",selected,test,cfp_stage3,1,256,0.0625,512,32,64,3,label1,145,total_relative,0.639486997308787,0.02837587599246193,145,0
svd_multidepth,3418,16,"[2, 3, 4]",selected,test,cfp_stage3,1,256,0.0625,512,32,64,3,label1,145,self_cross_cosine,0.009640139393819778,0.03266009400401475,145,0
svd_multidepth,3418,16,"[2, 3, 4]",selected,test,cfp_stage3,1,256,0.0625,512,32,64,3,label1,145,energy_identity_relative_error,9.14075574434752e-17,6.403076319124498e-17,145,0
svd_multidepth,3418,16,"[2, 3, 4]",selected,test,cfp_stage3,1,256,0.0625,512,32,64,3,label1,145,channel_energy_retained,0.5805460504737164,0.02235527417425843,145,0
svd_multidepth,3418,16,"[2, 3, 4]",selected,test,oct_stage3,1,256,0.0625,512,32,64,3,all,290,self_relative,1.61042350530587,0.32349651421738684,290,0
svd_multidepth,3418,16,"[2, 3, 4]",selected,test,oct_stage3,1,256,0.0625,512,32,64,3,all,290,cross_relative,1.7911513454160266,0.0898288472719985,290,0
svd_multidepth,3418,16,"[2, 3, 4]",selected,test,oct_stage3,1,256,0.0625,512,32,64,3,all,290,total_relative,2.8438330558963565,0.13996729774507763,290,0
svd_multidepth,3418,16,"[2, 3, 4]",selected,test,oct_stage3,1,256,0.0625,512,32,64,3,all,290,self_cross_cosine,0.4093375714305254,0.1654449333595446,290,0
svd_multidepth,3418,16,"[2, 3, 4]",selected,test,oct_stage3,1,256,0.0625,512,32,64,3,all,290,energy_identity_relative_error,8.536673225699562e-17,6.61657937173116e-17,290,0
svd_multidepth,3418,16,"[2, 3, 4]",selected,test,oct_stage3,1,256,0.0625,512,32,64,3,all,290,channel_energy_retained,0.46668741918067613,0.02634328784854014,290,0
svd_multidepth,3418,16,"[2, 3, 4]",selected,test,oct_stage3,1,256,0.0625,512,32,64,3,label0,145,self_relative,1.5793974462236,0.28748383769821495,145,0
svd_multidepth,3418,16,"[2, 3, 4]",selected,test,oct_stage3,1,256,0.0625,512,32,64,3,label0,145,cross_relative,1.7995220530566567,0.09136359562683495,145,0
svd_multidepth,3418,16,"[2, 3, 4]",selected,test,oct_stage3,1,256,0.0625,512,32,64,3,label0,145,total_relative,2.837047247365173,0.1211369633693636,145,0
svd_multidepth,3418,16,"[2, 3, 4]",selected,test,oct_stage3,1,256,0.0625,512,32,64,3,label0,145,self_cross_cosine,0.4178776366634528,0.15175891570630634,145,0
svd_multidepth,3418,16,"[2, 3, 4]",selected,test,oct_stage3,1,256,0.0625,512,32,64,3,label0,145,energy_identity_relative_error,8.127898895028458e-17,6.370686315105396e-17,145,0
svd_multidepth,3418,16,"[2, 3, 4]",selected,test,oct_stage3,1,256,0.0625,512,32,64,3,label0,145,channel_energy_retained,0.46905414305146026,0.023253050004187707,145,0
svd_multidepth,3418,16,"[2, 3, 4]",selected,test,oct_stage3,1,256,0.0625,512,32,64,3,label1,145,self_relative,1.6414495643881397,0.35417674429938933,145,0
svd_multidepth,3418,16,"[2, 3, 4]",selected,test,oct_stage3,1,256,0.0625,512,32,64,3,label1,145,cross_relative,1.7827806377753972,0.08778418189649853,145,0
svd_multidepth,3418,16,"[2, 3, 4]",selected,test,oct_stage3,1,256,0.0625,512,32,64,3,label1,145,total_relative,2.850618864427539,0.15668707213212016,145,0
svd_multidepth,3418,16,"[2, 3, 4]",selected,test,oct_stage3,1,256,0.0625,512,32,64,3,label1,145,self_cross_cosine,0.40079750619759813,0.17820350328575535,145,0
svd_multidepth,3418,16,"[2, 3, 4]",selected,test,oct_stage3,1,256,0.0625,512,32,64,3,label1,145,energy_identity_relative_error,8.945447556370668e-17,6.851285210313403e-17,145,0
svd_multidepth,3418,16,"[2, 3, 4]",selected,test,oct_stage3,1,256,0.0625,512,32,64,3,label1,145,channel_energy_retained,0.4643206953098922,0.028996068043662844,145,0
svd_multidepth,3418,16,"[2, 3, 4]",selected,test,cfp_stage4,2,512,0.03125,512,32,64,3,all,290,self_relative,1.4032938863669084,0.5284800271161152,290,0
svd_multidepth,3418,16,"[2, 3, 4]",selected,test,cfp_stage4,2,512,0.03125,512,32,64,3,all,290,cross_relative,0.30569500648520115,0.6880058835971576,290,0
svd_multidepth,3418,16,"[2, 3, 4]",selected,test,cfp_stage4,2,512,0.03125,512,32,64,3,all,290,total_relative,1.436568716636909,0.7094513022217506,290,0
svd_multidepth,3418,16,"[2, 3, 4]",selected,test,cfp_stage4,2,512,0.03125,512,32,64,3,all,290,self_cross_cosine,-0.151775898963303,0.4715608757539413,290,0
svd_multidepth,3418,16,"[2, 3, 4]",selected,test,cfp_stage4,2,512,0.03125,512,32,64,3,all,290,energy_identity_relative_error,7.99703529708098e-17,6.689352212968104e-17,290,0
svd_multidepth,3418,16,"[2, 3, 4]",selected,test,cfp_stage4,2,512,0.03125,512,32,64,3,all,290,channel_energy_retained,0.6150540534660799,0.07980726408086687,290,0
svd_multidepth,3418,16,"[2, 3, 4]",selected,test,cfp_stage4,2,512,0.03125,512,32,64,3,label0,145,self_relative,1.3561911921996956,0.521856041663495,145,0
svd_multidepth,3418,16,"[2, 3, 4]",selected,test,cfp_stage4,2,512,0.03125,512,32,64,3,label0,145,cross_relative,0.2715081090437667,0.5274043442723743,145,0
svd_multidepth,3418,16,"[2, 3, 4]",selected,test,cfp_stage4,2,512,0.03125,512,32,64,3,label0,145,total_relative,1.3929367653847422,0.6056576988879696,145,0
svd_multidepth,3418,16,"[2, 3, 4]",selected,test,cfp_stage4,2,512,0.03125,512,32,64,3,label0,145,self_cross_cosine,-0.04335647428079319,0.47112357957229545,145,0
svd_multidepth,3418,16,"[2, 3, 4]",selected,test,cfp_stage4,2,512,0.03125,512,32,64,3,label0,145,energy_identity_relative_error,8.267698667991229e-17,6.559583504233186e-17,145,0
svd_multidepth,3418,16,"[2, 3, 4]",selected,test,cfp_stage4,2,512,0.03125,512,32,64,3,label0,145,channel_energy_retained,0.6068026569549346,0.07719761458281382,145,0
svd_multidepth,3418,16,"[2, 3, 4]",selected,test,cfp_stage4,2,512,0.03125,512,32,64,3,label1,145,self_relative,1.4503965805341206,0.5326536673384059,145,0
svd_multidepth,3418,16,"[2, 3, 4]",selected,test,cfp_stage4,2,512,0.03125,512,32,64,3,label1,145,cross_relative,0.3398819039266356,0.8182189781686398,145,0
svd_multidepth,3418,16,"[2, 3, 4]",selected,test,cfp_stage4,2,512,0.03125,512,32,64,3,label1,145,total_relative,1.480200667889076,0.7996764362655612,145,0
svd_multidepth,3418,16,"[2, 3, 4]",selected,test,cfp_stage4,2,512,0.03125,512,32,64,3,label1,145,self_cross_cosine,-0.2601953236458129,0.44794343570046913,145,0
svd_multidepth,3418,16,"[2, 3, 4]",selected,test,cfp_stage4,2,512,0.03125,512,32,64,3,label1,145,energy_identity_relative_error,7.72637192617073e-17,6.828611979742149e-17,145,0
svd_multidepth,3418,16,"[2, 3, 4]",selected,test,cfp_stage4,2,512,0.03125,512,32,64,3,label1,145,channel_energy_retained,0.6233054499772258,0.08176821468595875,145,0
svd_multidepth,3418,16,"[2, 3, 4]",selected,test,oct_stage4,2,512,0.03125,512,32,64,3,all,290,self_relative,0.8313320442226817,0.1308587648188922,290,0
svd_multidepth,3418,16,"[2, 3, 4]",selected,test,oct_stage4,2,512,0.03125,512,32,64,3,all,290,cross_relative,5.088439569703686,2.798362992003514,290,0
svd_multidepth,3418,16,"[2, 3, 4]",selected,test,oct_stage4,2,512,0.03125,512,32,64,3,all,290,total_relative,5.104488068253856,2.7824636940662355,290,0
svd_multidepth,3418,16,"[2, 3, 4]",selected,test,oct_stage4,2,512,0.03125,512,32,64,3,all,290,self_cross_cosine,-0.08417506440352031,0.49272458122391466,290,0
svd_multidepth,3418,16,"[2, 3, 4]",selected,test,oct_stage4,2,512,0.03125,512,32,64,3,all,290,energy_identity_relative_error,9.308549411997462e-17,7.174447511047302e-17,290,0
svd_multidepth,3418,16,"[2, 3, 4]",selected,test,oct_stage4,2,512,0.03125,512,32,64,3,all,290,channel_energy_retained,0.6693856586063643,0.12976167446449682,290,0
svd_multidepth,3418,16,"[2, 3, 4]",selected,test,oct_stage4,2,512,0.03125,512,32,64,3,label0,145,self_relative,0.8433079228683131,0.10968953929549925,145,0
svd_multidepth,3418,16,"[2, 3, 4]",selected,test,oct_stage4,2,512,0.03125,512,32,64,3,label0,145,cross_relative,5.088008882489305,2.705092195870072,145,0
svd_multidepth,3418,16,"[2, 3, 4]",selected,test,oct_stage4,2,512,0.03125,512,32,64,3,label0,145,total_relative,5.19340132031501,2.7807414807253292,145,0
svd_multidepth,3418,16,"[2, 3, 4]",selected,test,oct_stage4,2,512,0.03125,512,32,64,3,label0,145,self_cross_cosine,0.02513519203563198,0.492902306767767,145,0
svd_multidepth,3418,16,"[2, 3, 4]",selected,test,oct_stage4,2,512,0.03125,512,32,64,3,label0,145,energy_identity_relative_error,9.988632577659825e-17,7.743452061259678e-17,145,0
svd_multidepth,3418,16,"[2, 3, 4]",selected,test,oct_stage4,2,512,0.03125,512,32,64,3,label0,145,channel_energy_retained,0.683526345963679,0.10642599654530517,145,0
svd_multidepth,3418,16,"[2, 3, 4]",selected,test,oct_stage4,2,512,0.03125,512,32,64,3,label1,145,self_relative,0.81935616557705,0.14848002930617718,145,0
svd_multidepth,3418,16,"[2, 3, 4]",selected,test,oct_stage4,2,512,0.03125,512,32,64,3,label1,145,cross_relative,5.088870256918066,2.898021309436044,145,0
svd_multidepth,3418,16,"[2, 3, 4]",selected,test,oct_stage4,2,512,0.03125,512,32,64,3,label1,145,total_relative,5.015574816192701,2.790972754293861,145,0
svd_multidepth,3418,16,"[2, 3, 4]",selected,test,oct_stage4,2,512,0.03125,512,32,64,3,label1,145,self_cross_cosine,-0.19348532084267264,0.46928123537981764,145,0
svd_multidepth,3418,16,"[2, 3, 4]",selected,test,oct_stage4,2,512,0.03125,512,32,64,3,label1,145,energy_identity_relative_error,8.628466246335097e-17,6.51232244442778e-17,145,0
svd_multidepth,3418,16,"[2, 3, 4]",selected,test,oct_stage4,2,512,0.03125,512,32,64,3,label1,145,channel_energy_retained,0.6552449712490499,0.14853931293702757,145,0
