id,primary,seeds,rhos,branches,difference_pp,ci95_low,ci95_high,simultaneous95_low,simultaneous95_high,bootstrap_sd_pp,classification,zero_variance
svd_geometry,True,"[3416, 3417, 3418]","[0.0625, 0.125, 0.25]","['cfp', 'oct']",3.2519969667229116,1.239155060169162,5.306419414442151,0.21520674688152175,6.288787186564301,1.0430377690390076,unresolved,False
qr_geometry,True,"[3416, 3417, 3418]","[0.0625, 0.125, 0.25]","['cfp', 'oct']",2.040769670733262,0.3317725121091381,3.755223817744819,-0.5098333869772316,4.591372728443755,0.8760484361535432,unresolved,False
basis_geometry_interaction,True,"[3416, 3417, 3418]","[0.0625, 0.125, 0.25]","['cfp', 'oct']",1.2112272959896502,-0.18050360290357964,2.5947148691998247,-0.8483500078552058,3.270804599834506,0.7073972058161835,unresolved,False
svd_oct_to_cfp_contribution,True,"[3416, 3417, 3418]","[0.0625, 0.125, 0.25]",['cfp'],4.135044643885854,1.7828594503684592,6.512634755800656,0.6460389886690829,7.624050299102624,1.198358928781012,unresolved,False
svd_cfp_to_oct_contribution,True,"[3416, 3417, 3418]","[0.0625, 0.125, 0.25]",['oct'],4.463524714913676,0.5318870066343908,8.388496694303672,-1.2892721501676823,10.216321579995036,1.9758969087441458,unresolved,False
qr_oct_to_cfp_contribution,True,"[3416, 3417, 3418]","[0.0625, 0.125, 0.25]",['cfp'],2.9990860630381793,1.1943601259302388,4.821147949635235,0.2926264168767454,5.705545709199614,0.9295800588668139,unresolved,False
qr_cfp_to_oct_contribution,True,"[3416, 3417, 3418]","[0.0625, 0.125, 0.25]",['oct'],3.1778000068091288,-0.0005455422794650525,6.346548157665051,-1.5408265607266198,7.896426574344877,1.6206933543759028,unresolved,False
svd_rho1_16_minus_mmtm_r4,True,"[3416, 3417, 3418]",[0.0625],"['cfp', 'oct']",3.813721268788157,1.2879933535735633,6.431168478083745,-0.040407198035310454,7.667849735611625,1.3237666307537184,unresolved,False
svd_rho1_16_minus_mmtm_r8,True,"[3416, 3417, 3418]",[0.0625],"['cfp', 'oct']",3.813721268788157,1.2879933535735633,6.431168478083745,-0.040407198035310454,7.667849735611625,1.3237666307537184,unresolved,False
svd_rho1_16_minus_attention_d128,True,"[3416, 3417, 3418]",[0.0625],"['cfp', 'oct']",3.368740737220966,1.0264983428518777,5.77444080350171,-0.18125890588686877,6.918740380328801,1.219308361718138,unresolved,False
svd_rho1_16_minus_attention_d256,True,"[3416, 3417, 3418]",[0.0625],"['cfp', 'oct']",2.9697024289440215,0.9064298308407164,5.125019436517438,-0.18517486441218756,6.124579722300231,1.0835968030172174,unresolved,False
svd_rho1_8_minus_mmtm_r4,True,"[3416, 3417, 3418]",[0.125],"['cfp', 'oct']",4.446973881893646,1.400378449453819,7.631638539021519,-0.2013252949359936,9.095273058723286,1.5965382039064488,unresolved,False
svd_rho1_8_minus_mmtm_r8,True,"[3416, 3417, 3418]",[0.125],"['cfp', 'oct']",4.446973881893648,1.400378449453819,7.631638539021519,-0.20132529493599183,9.095273058723286,1.5965382039064488,unresolved,False
svd_rho1_8_minus_attention_d128,True,"[3416, 3417, 3418]",[0.125],"['cfp', 'oct']",4.001993350326455,1.080018908856469,7.012622154835016,-0.4102854371782856,8.414272137831194,1.5154729466750756,unresolved,False
svd_rho1_8_minus_attention_d256,True,"[3416, 3417, 3418]",[0.125],"['cfp', 'oct']",3.602955042049512,0.9025650977881281,6.371369257520316,-0.44629612148206554,7.6522062055810895,1.3907848728876553,unresolved,False
svd_rho1_4_minus_mmtm_r4,True,"[3416, 3417, 3418]",[0.25],"['cfp', 'oct']",4.321944690605459,1.102992305703975,7.615679352304702,-0.48346812199826594,9.127357503209184,1.650501581117262,unresolved,False
svd_rho1_4_minus_mmtm_r8,True,"[3416, 3417, 3418]",[0.25],"['cfp', 'oct']",4.321944690605459,1.102992305703975,7.615679352304702,-0.48346812199826594,9.127357503209184,1.650501581117262,unresolved,False
svd_rho1_4_minus_attention_d128,True,"[3416, 3417, 3418]",[0.25],"['cfp', 'oct']",3.876964159038268,0.7255180687921924,7.036054998984024,-0.7893011312229072,8.543229449299442,1.602708974198547,unresolved,False
svd_rho1_4_minus_attention_d256,True,"[3416, 3417, 3418]",[0.25],"['cfp', 'oct']",3.4779258507613235,0.5503005216348199,6.413038829837077,-0.8394234388827515,7.795275140405399,1.4828677798717682,unresolved,False
qr_rho1_16_minus_mmtm_r4,True,"[3416, 3417, 3418]",[0.0625],"['cfp', 'oct']",0.4491777700574513,-0.6212783337908834,1.5121788926064677,-1.132837348516841,2.0311928886317436,0.5433702693990812,unresolved,False
qr_rho1_16_minus_mmtm_r8,True,"[3416, 3417, 3418]",[0.0625],"['cfp', 'oct']",0.4491777700574531,-0.6212783337908834,1.5121788926064677,-1.1328373485168393,2.0311928886317454,0.5433702693990812,unresolved,False
qr_rho1_16_minus_attention_d128,True,"[3416, 3417, 3418]",[0.0625],"['cfp', 'oct']",0.004197238490259991,-1.0168752224057511,1.0183784763154853,-1.513966609139157,1.522361086119677,0.5214394535127845,unresolved,False
qr_rho1_16_minus_attention_d256,True,"[3416, 3417, 3418]",[0.0625],"['cfp', 'oct']",-0.39484106978668265,-1.9284797420802804,1.1615172908963478,-2.6840636575626933,1.894381517989328,0.7862728235842069,unresolved,False
qr_rho1_8_minus_mmtm_r4,True,"[3416, 3417, 3418]",[0.125],"['cfp', 'oct']",2.995391910053005,0.07618145797718164,5.85871454588421,-1.262186031813017,7.252969851919027,1.4623382836847938,unresolved,False
qr_rho1_8_minus_mmtm_r8,True,"[3416, 3417, 3418]",[0.125],"['cfp', 'oct']",2.995391910053005,0.07618145797718164,5.85871454588421,-1.262186031813017,7.252969851919027,1.4623382836847938,unresolved,False
qr_rho1_8_minus_attention_d128,True,"[3416, 3417, 3418]",[0.125],"['cfp', 'oct']",2.550411378485814,-0.21705942047165128,5.270958779086879,-1.5059911154448757,6.606813872416503,1.3932411201636163,unresolved,False
qr_rho1_8_minus_attention_d256,True,"[3416, 3417, 3418]",[0.125],"['cfp', 'oct']",2.1513730702088694,-0.33507624472487135,4.519838841977319,-1.4623017405973004,5.76504788101504,1.2411786919191898,unresolved,False
qr_rho1_4_minus_mmtm_r4,True,"[3416, 3417, 3418]",[0.25],"['cfp', 'oct']",4.444477474009901,1.3498519213494242,7.591619490642469,-0.22131436938559812,9.1102693174054,1.60254636073934,unresolved,False
qr_rho1_4_minus_mmtm_r8,True,"[3416, 3417, 3418]",[0.25],"['cfp', 'oct']",4.444477474009901,1.3498519213494242,7.591619490642469,-0.22131436938559812,9.1102693174054,1.60254636073934,unresolved,False
qr_rho1_4_minus_attention_d128,True,"[3416, 3417, 3418]",[0.25],"['cfp', 'oct']",3.9994969424427094,0.9628797764991746,7.120912375503793,-0.5719849893862019,8.57097887427162,1.5701540014924056,unresolved,False
qr_rho1_4_minus_attention_d256,True,"[3416, 3417, 3418]",[0.25],"['cfp', 'oct']",3.600458634165765,0.8235746247802469,6.455218063888347,-0.585201122588094,7.786118390919624,1.4376367475488392,unresolved,False
"svd_geometry_seeds[3416, 3417, 3418]_rhos[0.0625, 0.125, 0.25]_branches[0]",False,"[3416, 3417, 3418]","[0.0625, 0.125, 0.25]",['cfp'],3.189002170518247,1.1100264247613052,5.277688321979192,,,1.062318345512409,secondary_no_simultaneous_classification,False
"svd_geometry_seeds[3416, 3417, 3418]_rhos[0.0625, 0.125, 0.25]_branches[1]",False,"[3416, 3417, 3418]","[0.0625, 0.125, 0.25]",['oct'],3.3149917629275762,-0.12819882346359734,6.84500345293746,,,1.7865202717392854,secondary_no_simultaneous_classification,False
"svd_geometry_seeds[3416, 3417, 3418]_rhos[0.0625, 0.125, 0.25]_branches[0, 1]",False,"[3416, 3417, 3418]","[0.0625, 0.125, 0.25]","['cfp', 'oct']",3.2519969667229116,1.239155060169162,5.306419414442151,,,1.0430377690390076,secondary_no_simultaneous_classification,False
"svd_geometry_seeds[3416, 3417, 3418]_rhos[0.0625]_branches[0]",False,"[3416, 3417, 3418]",[0.0625],['cfp'],3.0345806513449602,0.23770954102473116,5.852962066877548,,,1.4245403285711267,secondary_no_simultaneous_classification,False
"svd_geometry_seeds[3416, 3417, 3418]_rhos[0.0625]_branches[1]",False,"[3416, 3417, 3418]",[0.0625],['oct'],4.277423927612336,0.32214340757844806,8.312438944406622,,,2.043344552765459,secondary_no_simultaneous_classification,False
"svd_geometry_seeds[3416, 3417, 3418]_rhos[0.0625]_branches[0, 1]",False,"[3416, 3417, 3418]",[0.0625],"['cfp', 'oct']",3.656002289478648,1.159460381594199,6.202485916475038,,,1.2950616547548768,secondary_no_simultaneous_classification,False
"svd_geometry_seeds[3416, 3417, 3418]_rhos[0.125]_branches[0]",False,"[3416, 3417, 3418]",[0.125],['cfp'],3.6372961076438415,0.8626987726061298,6.370371195329463,,,1.3956873361864472,secondary_no_simultaneous_classification,False
"svd_geometry_seeds[3416, 3417, 3418]_rhos[0.125]_branches[1]",False,"[3416, 3417, 3418]",[0.125],['oct'],3.8495075129437986,-0.9131645969571316,8.674570580628247,,,2.4401984234771765,secondary_no_simultaneous_classification,False
"svd_geometry_seeds[3416, 3417, 3418]_rhos[0.125]_branches[0, 1]",False,"[3416, 3417, 3418]",[0.125],"['cfp', 'oct']",3.74340181029382,0.867322942586977,6.675885384230487,,,1.4854324202751341,secondary_no_simultaneous_classification,False
"svd_geometry_seeds[3416, 3417, 3418]_rhos[0.25]_branches[0]",False,"[3416, 3417, 3418]",[0.25],['cfp'],2.8951297525659356,-0.24458438969766189,6.059811005838387,,,1.60095898425235,secondary_no_simultaneous_classification,False
"svd_geometry_seeds[3416, 3417, 3418]_rhos[0.25]_branches[1]",False,"[3416, 3417, 3418]",[0.25],['oct'],1.818043848226612,-2.068713407898943,5.721997219716159,,,1.982716108772943,secondary_no_simultaneous_classification,False
"svd_geometry_seeds[3416, 3417, 3418]_rhos[0.25]_branches[0, 1]",False,"[3416, 3417, 3418]",[0.25],"['cfp', 'oct']",2.3565868003962738,-0.2706987287200218,5.004534828015684,,,1.3456041634240647,secondary_no_simultaneous_classification,False
"svd_geometry_seeds[3416]_rhos[0.0625, 0.125, 0.25]_branches[0]",False,[3416],"[0.0625, 0.125, 0.25]",['cfp'],3.054870033883603,0.04501743046197402,6.050595165450076,,,1.5422835178487424,secondary_no_simultaneous_classification,False
"svd_geometry_seeds[3416]_rhos[0.0625, 0.125, 0.25]_branches[1]",False,[3416],"[0.0625, 0.125, 0.25]",['oct'],4.419808581592946,0.34271994493389846,8.473733868894179,,,2.084438996982803,secondary_no_simultaneous_classification,False
"svd_geometry_seeds[3416]_rhos[0.0625, 0.125, 0.25]_branches[0, 1]",False,[3416],"[0.0625, 0.125, 0.25]","['cfp', 'oct']",3.7373393077382744,1.0603883174876518,6.386501413889196,,,1.3588922530951677,secondary_no_simultaneous_classification,False
svd_geometry_seeds[3416]_rhos[0.0625]_branches[0],False,[3416],[0.0625],['cfp'],2.6819881078535275,-1.941008325491761,7.414315610029279,,,2.366569616178274,secondary_no_simultaneous_classification,False
svd_geometry_seeds[3416]_rhos[0.0625]_branches[1],False,[3416],[0.0625],['oct'],4.078787339084698,-0.9515772227282908,9.33073836121391,,,2.613066962713419,secondary_no_simultaneous_classification,False
"svd_geometry_seeds[3416]_rhos[0.0625]_branches[0, 1]",False,[3416],[0.0625],"['cfp', 'oct']",3.380387723469113,-0.29075070147179716,7.10833543390305,,,1.887866343115223,secondary_no_simultaneous_classification,False
svd_geometry_seeds[3416]_rhos[0.125]_branches[0],False,[3416],[0.125],['cfp'],2.70699141107211,-1.6806225658525,7.03946539248461,,,2.197158893843823,secondary_no_simultaneous_classification,False
svd_geometry_seeds[3416]_rhos[0.125]_branches[1],False,[3416],[0.125],['oct'],5.812306960737288,-0.36774449304828655,12.217311238734526,,,3.208364385438529,secondary_no_simultaneous_classification,False
"svd_geometry_seeds[3416]_rhos[0.125]_branches[0, 1]",False,[3416],[0.125],"['cfp', 'oct']",4.259649185904699,0.13015543128196938,8.394243652660842,,,2.1005414334688797,secondary_no_simultaneous_classification,False
svd_geometry_seeds[3416]_rhos[0.25]_branches[0],False,[3416],[0.25],['cfp'],3.7756305827251566,-1.3670600544705014,8.998660636540148,,,2.6184724562763066,secondary_no_simultaneous_classification,False
svd_geometry_seeds[3416]_rhos[0.25]_branches[1],False,[3416],[0.25],['oct'],3.368331444956837,-2.240774834192051,8.98369182668585,,,2.893549520308537,secondary_no_simultaneous_classification,False
"svd_geometry_seeds[3416]_rhos[0.25]_branches[0, 1]",False,[3416],[0.25],"['cfp', 'oct']",3.571981013840997,-0.5522546873087133,7.866038575964297,,,2.1560113310009994,secondary_no_simultaneous_classification,False
"svd_geometry_seeds[3417]_rhos[0.0625, 0.125, 0.25]_branches[0]",False,[3417],"[0.0625, 0.125, 0.25]",['cfp'],4.953908047609303,1.1995244056061303,8.71107793927231,,,1.8789517366325748,secondary_no_simultaneous_classification,False
"svd_geometry_seeds[3417]_rhos[0.0625, 0.125, 0.25]_branches[1]",False,[3417],"[0.0625, 0.125, 0.25]",['oct'],4.207667240937283,-0.16885412408805414,8.637431917648078,,,2.2509821236291003,secondary_no_simultaneous_classification,False
"svd_geometry_seeds[3417]_rhos[0.0625, 0.125, 0.25]_branches[0, 1]",False,[3417],"[0.0625, 0.125, 0.25]","['cfp', 'oct']",4.580787644273293,1.5970368816114628,7.516236073998684,,,1.5120611070397307,secondary_no_simultaneous_classification,False
svd_geometry_seeds[3417]_rhos[0.0625]_branches[0],False,[3417],[0.0625],['cfp'],4.343326219769622,-0.6590981203326894,9.373005103706971,,,2.5490946639935177,secondary_no_simultaneous_classification,False
svd_geometry_seeds[3417]_rhos[0.0625]_branches[1],False,[3417],[0.0625],['oct'],4.375945732293374,-0.6919224195572309,9.514147572888012,,,2.6239220078847443,secondary_no_simultaneous_classification,False
"svd_geometry_seeds[3417]_rhos[0.0625]_branches[0, 1]",False,[3417],[0.0625],"['cfp', 'oct']",4.359635976031498,0.5730885216151905,8.087249171770466,,,1.917028404694054,secondary_no_simultaneous_classification,False
svd_geometry_seeds[3417]_rhos[0.125]_branches[0],False,[3417],[0.125],['cfp'],5.98528906946116,1.058316851985472,10.93138734421533,,,2.506611890451399,secondary_no_simultaneous_classification,False
svd_geometry_seeds[3417]_rhos[0.125]_branches[1],False,[3417],[0.125],['oct'],3.6998919677473765,-2.5530398922188846,9.907488030158026,,,3.173379215225405,secondary_no_simultaneous_classification,False
"svd_geometry_seeds[3417]_rhos[0.125]_branches[0, 1]",False,[3417],[0.125],"['cfp', 'oct']",4.842590518604268,0.6179679980700423,9.055566715930333,,,2.116084771731669,secondary_no_simultaneous_classification,False
svd_geometry_seeds[3417]_rhos[0.25]_branches[0],False,[3417],[0.25],['cfp'],4.533108853597113,-0.3592031141051307,9.419118699419222,,,2.503197229916515,secondary_no_simultaneous_classification,False
svd_geometry_seeds[3417]_rhos[0.25]_branches[1],False,[3417],[0.25],['oct'],4.547164022771128,-1.045358471150797,10.218822996753312,,,2.8655793299202,secondary_no_simultaneous_classification,False
"svd_geometry_seeds[3417]_rhos[0.25]_branches[0, 1]",False,[3417],[0.25],"['cfp', 'oct']",4.5401364381841205,0.40684074772342266,8.636921384799615,,,2.0934272494776915,secondary_no_simultaneous_classification,False
"svd_geometry_seeds[3418]_rhos[0.0625, 0.125, 0.25]_branches[0]",False,[3418],"[0.0625, 0.125, 0.25]",['cfp'],1.5582284300618312,-1.088082068177402,4.217096691101439,,,1.3505395163436307,secondary_no_simultaneous_classification,False
"svd_geometry_seeds[3418]_rhos[0.0625, 0.125, 0.25]_branches[1]",False,[3418],"[0.0625, 0.125, 0.25]",['oct'],1.3174994662525137,-3.1187740645352755,5.906032067121802,,,2.318211347960288,secondary_no_simultaneous_classification,False
"svd_geometry_seeds[3418]_rhos[0.0625, 0.125, 0.25]_branches[0, 1]",False,[3418],"[0.0625, 0.125, 0.25]","['cfp', 'oct']",1.4378639481571724,-1.331256977782054,4.2240223505230485,,,1.4337325163479835,secondary_no_simultaneous_classification,False
svd_geometry_seeds[3418]_rhos[0.0625]_branches[0],False,[3418],[0.0625],['cfp'],2.078427626411724,-1.7108079050344829,5.885327141599592,,,1.9287967431297113,secondary_no_simultaneous_classification,False
svd_geometry_seeds[3418]_rhos[0.0625]_branches[1],False,[3418],[0.0625],['oct'],4.377538711458939,-1.7501992467388339,10.504928475641979,,,3.1617296720185655,secondary_no_simultaneous_classification,False
"svd_geometry_seeds[3418]_rhos[0.0625]_branches[0, 1]",False,[3418],[0.0625],"['cfp', 'oct']",3.2279831689353315,-0.5419421685629412,7.026058063075624,,,1.9485675847559434,secondary_no_simultaneous_classification,False
svd_geometry_seeds[3418]_rhos[0.125]_branches[0],False,[3418],[0.125],['cfp'],2.219607842398247,-2.1966723045231773,6.645634461851901,,,2.257702438261472,secondary_no_simultaneous_classification,False
svd_geometry_seeds[3418]_rhos[0.125]_branches[1],False,[3418],[0.125],['oct'],2.0363236103467273,-4.362304753512014,8.624016409914665,,,3.271140489353329,secondary_no_simultaneous_classification,False
"svd_geometry_seeds[3418]_rhos[0.125]_branches[0, 1]",False,[3418],[0.125],"['cfp', 'oct']",2.127965726372487,-2.104096001816034,6.391465980615518,,,2.158506272034159,secondary_no_simultaneous_classification,False
svd_geometry_seeds[3418]_rhos[0.25]_branches[0],False,[3418],[0.25],['cfp'],0.37664982137553693,-3.8979704831772266,4.731673898150248,,,2.198397967324179,secondary_no_simultaneous_classification,False
svd_geometry_seeds[3418]_rhos[0.25]_branches[1],False,[3418],[0.25],['oct'],-2.4613639230481255,-7.93344291923934,3.145975860855863,,,2.8313225690243162,secondary_no_simultaneous_classification,False
"svd_geometry_seeds[3418]_rhos[0.25]_branches[0, 1]",False,[3418],[0.25],"['cfp', 'oct']",-1.0423570508362943,-5.110272910951679,3.0095401572500133,,,2.0511135739028523,secondary_no_simultaneous_classification,False
"qr_geometry_seeds[3416, 3417, 3418]_rhos[0.0625, 0.125, 0.25]_branches[0]",False,"[3416, 3417, 3418]","[0.0625, 0.125, 0.25]",['cfp'],1.7672617682349863,0.022775233894589447,3.5178062020969536,,,0.8988710667398139,secondary_no_simultaneous_classification,False
"qr_geometry_seeds[3416, 3417, 3418]_rhos[0.0625, 0.125, 0.25]_branches[1]",False,"[3416, 3417, 3418]","[0.0625, 0.125, 0.25]",['oct'],2.3142775732315375,-0.6162637453334304,5.306316128310965,,,1.5228969607096923,secondary_no_simultaneous_classification,False
"qr_geometry_seeds[3416, 3417, 3418]_rhos[0.0625, 0.125, 0.25]_branches[0, 1]",False,"[3416, 3417, 3418]","[0.0625, 0.125, 0.25]","['cfp', 'oct']",2.040769670733262,0.3317725121091381,3.755223817744819,,,0.8760484361535432,secondary_no_simultaneous_classification,False
"qr_geometry_seeds[3416, 3417, 3418]_rhos[0.0625]_branches[0]",False,"[3416, 3417, 3418]",[0.0625],['cfp'],-0.11458078449797782,-1.4748463279434865,1.242296698758827,,,0.7077752057855048,secondary_no_simultaneous_classification,False
"qr_geometry_seeds[3416, 3417, 3418]_rhos[0.0625]_branches[1]",False,"[3416, 3417, 3418]",[0.0625],['oct'],1.0129363246128769,-0.592232620815138,2.610215403564915,,,0.820779203980378,secondary_no_simultaneous_classification,False
"qr_geometry_seeds[3416, 3417, 3418]_rhos[0.0625]_branches[0, 1]",False,"[3416, 3417, 3418]",[0.0625],"['cfp', 'oct']",0.4491777700574495,-0.6212783337908834,1.5121788926064677,,,0.5433702693990812,secondary_no_simultaneous_classification,False
"qr_geometry_seeds[3416, 3417, 3418]_rhos[0.125]_branches[0]",False,"[3416, 3417, 3418]",[0.125],['cfp'],3.779556793693491,0.6166833982504921,6.896806544451613,,,1.6097905064736056,secondary_no_simultaneous_classification,False
"qr_geometry_seeds[3416, 3417, 3418]_rhos[0.125]_branches[1]",False,"[3416, 3417, 3418]",[0.125],['oct'],2.2112270264125184,-2.422227558465634,6.9701376139863305,,,2.398595971026356,secondary_no_simultaneous_classification,False
"qr_geometry_seeds[3416, 3417, 3418]_rhos[0.125]_branches[0, 1]",False,"[3416, 3417, 3418]",[0.125],"['cfp', 'oct']",2.9953919100530046,0.07618145797718164,5.85871454588421,,,1.4623382836847938,secondary_no_simultaneous_classification,False
"qr_geometry_seeds[3416, 3417, 3418]_rhos[0.25]_branches[0]",False,"[3416, 3417, 3418]",[0.25],['cfp'],1.6368092955094333,-1.2982118032297247,4.7261833358782885,,,1.5304223694132164,secondary_no_simultaneous_classification,False
"qr_geometry_seeds[3416, 3417, 3418]_rhos[0.25]_branches[1]",False,"[3416, 3417, 3418]",[0.25],['oct'],3.7186693686692216,-0.9294700576823454,8.423952958632032,,,2.373935649857864,secondary_no_simultaneous_classification,False
"qr_geometry_seeds[3416, 3417, 3418]_rhos[0.25]_branches[0, 1]",False,"[3416, 3417, 3418]",[0.25],"['cfp', 'oct']",2.6777393320893275,-0.15965583308780074,5.608856573635794,,,1.4544508087192038,secondary_no_simultaneous_classification,False
"qr_geometry_seeds[3416]_rhos[0.0625, 0.125, 0.25]_branches[0]",False,[3416],"[0.0625, 0.125, 0.25]",['cfp'],2.7880683997014444,0.39502345204439376,5.202914048028174,,,1.234777750788951,secondary_no_simultaneous_classification,False
"qr_geometry_seeds[3416]_rhos[0.0625, 0.125, 0.25]_branches[1]",False,[3416],"[0.0625, 0.125, 0.25]",['oct'],3.280506483103281,0.05083234760034301,6.545818906986516,,,1.6592528510533628,secondary_no_simultaneous_classification,False
"qr_geometry_seeds[3416]_rhos[0.0625, 0.125, 0.25]_branches[0, 1]",False,[3416],"[0.0625, 0.125, 0.25]","['cfp', 'oct']",3.0342874414023626,1.0009696920992455,5.084755427487048,,,1.0390306800093139,secondary_no_simultaneous_classification,False
qr_geometry_seeds[3416]_rhos[0.0625]_branches[0],False,[3416],[0.0625],['cfp'],0.0,0.0,0.0,,,0.0,secondary_no_simultaneous_classification,True
qr_geometry_seeds[3416]_rhos[0.0625]_branches[1],False,[3416],[0.0625],['oct'],0.0,0.0,0.0,,,0.0,secondary_no_simultaneous_classification,True
"qr_geometry_seeds[3416]_rhos[0.0625]_branches[0, 1]",False,[3416],[0.0625],"['cfp', 'oct']",0.0,-7.105427357601002e-15,7.105427357601002e-15,,,4.5197893200604324e-15,secondary_no_simultaneous_classification,False
qr_geometry_seeds[3416]_rhos[0.125]_branches[0],False,[3416],[0.125],['cfp'],4.319469671353076,-0.6895272652783753,9.326794117751563,,,2.540370314986645,secondary_no_simultaneous_classification,False
qr_geometry_seeds[3416]_rhos[0.125]_branches[1],False,[3416],[0.125],['oct'],4.1181449820682445,-1.9792499074744956,10.168493831450823,,,3.117803495170742,secondary_no_simultaneous_classification,False
"qr_geometry_seeds[3416]_rhos[0.125]_branches[0, 1]",False,[3416],[0.125],"['cfp', 'oct']",4.21880732671066,0.19141294913257942,8.144264345276264,,,2.041574670946754,secondary_no_simultaneous_classification,False
qr_geometry_seeds[3416]_rhos[0.25]_branches[0],False,[3416],[0.25],['cfp'],4.044735527751257,-0.7722067183306578,8.840009207963025,,,2.4568034993479353,secondary_no_simultaneous_classification,False
qr_geometry_seeds[3416]_rhos[0.25]_branches[1],False,[3416],[0.25],['oct'],5.723374467241555,-0.16020504870829103,11.818999516920467,,,3.0242942729321314,secondary_no_simultaneous_classification,False
"qr_geometry_seeds[3416]_rhos[0.25]_branches[0, 1]",False,[3416],[0.25],"['cfp', 'oct']",4.884054997496406,0.7068729803793963,8.96565256185804,,,2.1134556422543054,secondary_no_simultaneous_classification,False
"qr_geometry_seeds[3417]_rhos[0.0625, 0.125, 0.25]_branches[0]",False,[3417],"[0.0625, 0.125, 0.25]",['cfp'],2.1865031539777675,-0.5035539842578961,4.982048830097452,,,1.3948843409100091,secondary_no_simultaneous_classification,False
"qr_geometry_seeds[3417]_rhos[0.0625, 0.125, 0.25]_branches[1]",False,[3417],"[0.0625, 0.125, 0.25]",['oct'],1.5703461622629575,-1.8824305501013967,5.02714800078235,,,1.7751443111852343,secondary_no_simultaneous_classification,False
"qr_geometry_seeds[3417]_rhos[0.0625, 0.125, 0.25]_branches[0, 1]",False,[3417],"[0.0625, 0.125, 0.25]","['cfp', 'oct']",1.8784246581203625,-0.511509772790117,4.227216570918011,,,1.1922472408520275,secondary_no_simultaneous_classification,False
qr_geometry_seeds[3417]_rhos[0.0625]_branches[0],False,[3417],[0.0625],['cfp'],0.0,0.0,0.0,,,0.0,secondary_no_simultaneous_classification,True
qr_geometry_seeds[3417]_rhos[0.0625]_branches[1],False,[3417],[0.0625],['oct'],0.0,0.0,0.0,,,0.0,secondary_no_simultaneous_classification,True
"qr_geometry_seeds[3417]_rhos[0.0625]_branches[0, 1]",False,[3417],[0.0625],"['cfp', 'oct']",0.0,-7.105427357601002e-15,7.105427357601002e-15,,,3.820620088127164e-15,secondary_no_simultaneous_classification,False
qr_geometry_seeds[3417]_rhos[0.125]_branches[0],False,[3417],[0.125],['cfp'],5.222372703478555,0.22217639229729863,10.199728411445532,,,2.5279307440039074,secondary_no_simultaneous_classification,False
qr_geometry_seeds[3417]_rhos[0.125]_branches[1],False,[3417],[0.125],['oct'],-0.7157319209656876,-6.547750516110284,5.078692226324419,,,2.984885104421639,secondary_no_simultaneous_classification,False
"qr_geometry_seeds[3417]_rhos[0.125]_branches[0, 1]",False,[3417],[0.125],"['cfp', 'oct']",2.253320391256434,-1.7232224110796877,6.254056966056304,,,2.0368441950577,secondary_no_simultaneous_classification,False
qr_geometry_seeds[3417]_rhos[0.25]_branches[0],False,[3417],[0.25],['cfp'],1.337136758454733,-3.6207762189347887,6.232740164739156,,,2.4921619765588687,secondary_no_simultaneous_classification,False
qr_geometry_seeds[3417]_rhos[0.25]_branches[1],False,[3417],[0.25],['oct'],5.426770407754546,-1.1653591279140796,12.11719015360824,,,3.4132159842757543,secondary_no_simultaneous_classification,False
"qr_geometry_seeds[3417]_rhos[0.25]_branches[0, 1]",False,[3417],[0.25],"['cfp', 'oct']",3.3819535831046394,-1.001677586954444,7.881091791866544,,,2.2709524767804012,secondary_no_simultaneous_classification,False
"qr_geometry_seeds[3418]_rhos[0.0625, 0.125, 0.25]_branches[0]",False,[3418],"[0.0625, 0.125, 0.25]",['cfp'],0.3272137510257451,-2.689777150260827,3.351185836013325,,,1.5387202679803007,secondary_no_simultaneous_classification,False
"qr_geometry_seeds[3418]_rhos[0.0625, 0.125, 0.25]_branches[1]",False,[3418],"[0.0625, 0.125, 0.25]",['oct'],2.0919800743284043,-2.381622257189272,6.445214956651196,,,2.2558327014905015,secondary_no_simultaneous_classification,False
"qr_geometry_seeds[3418]_rhos[0.0625, 0.125, 0.25]_branches[0, 1]",False,[3418],"[0.0625, 0.125, 0.25]","['cfp', 'oct']",1.2095969126770747,-1.4035619299594622,3.766208016768912,,,1.3146675057025612,secondary_no_simultaneous_classification,False
qr_geometry_seeds[3418]_rhos[0.0625]_branches[0],False,[3418],[0.0625],['cfp'],-0.3437423534939228,-4.424538983830463,3.7268900962764944,,,2.123325617356513,secondary_no_simultaneous_classification,False
qr_geometry_seeds[3418]_rhos[0.0625]_branches[1],False,[3418],[0.0625],['oct'],3.0388089738386412,-1.7766978624454108,7.830646210694741,,,2.462337611941129,secondary_no_simultaneous_classification,False
"qr_geometry_seeds[3418]_rhos[0.0625]_branches[0, 1]",False,[3418],[0.0625],"['cfp', 'oct']",1.3475333101723592,-1.8638350013726717,4.53653667781941,,,1.6301108081972413,secondary_no_simultaneous_classification,False
qr_geometry_seeds[3418]_rhos[0.125]_branches[0],False,[3418],[0.125],['cfp'],1.7968280062488446,-2.91193038032796,6.48239818739205,,,2.3954114433616627,secondary_no_simultaneous_classification,False
qr_geometry_seeds[3418]_rhos[0.125]_branches[1],False,[3418],[0.125],['oct'],3.2312680181349975,-3.1624434735362184,9.825168624859236,,,3.348511078817093,secondary_no_simultaneous_classification,False
"qr_geometry_seeds[3418]_rhos[0.125]_branches[0, 1]",False,[3418],[0.125],"['cfp', 'oct']",2.514048012191921,-1.4915889271933245,6.6311178402741096,,,2.07438366368504,secondary_no_simultaneous_classification,False
qr_geometry_seeds[3418]_rhos[0.25]_branches[0],False,[3418],[0.25],['cfp'],-0.47144439967767937,-4.892377483872521,3.9394036059822617,,,2.2519561367902448,secondary_no_simultaneous_classification,False
qr_geometry_seeds[3418]_rhos[0.25]_branches[1],False,[3418],[0.25],['oct'],0.005863231011574044,-6.147327833828892,6.146801813540375,,,3.1345182700958296,secondary_no_simultaneous_classification,False
"qr_geometry_seeds[3418]_rhos[0.25]_branches[0, 1]",False,[3418],[0.25],"['cfp', 'oct']",-0.23279058433305266,-4.179511266706107,3.7654946274346957,,,2.039634687550182,secondary_no_simultaneous_classification,False
"basis_geometry_interaction_seeds[3416, 3417, 3418]_rhos[0.0625, 0.125, 0.25]_branches[0]",False,"[3416, 3417, 3418]","[0.0625, 0.125, 0.25]",['cfp'],1.4217404022832616,-0.19771333280846332,3.0503773913465406,,,0.8295193637579563,secondary_no_simultaneous_classification,False
"basis_geometry_interaction_seeds[3416, 3417, 3418]_rhos[0.0625, 0.125, 0.25]_branches[1]",False,"[3416, 3417, 3418]","[0.0625, 0.125, 0.25]",['oct'],1.0007141896960388,-0.9802657870870529,3.0175345279220247,,,1.0167731574602707,secondary_no_simultaneous_classification,False
"basis_geometry_interaction_seeds[3416, 3417, 3418]_rhos[0.0625, 0.125, 0.25]_branches[0, 1]",False,"[3416, 3417, 3418]","[0.0625, 0.125, 0.25]","['cfp', 'oct']",1.2112272959896502,-0.18050360290357964,2.5947148691998247,,,0.7073972058161835,secondary_no_simultaneous_classification,False
"basis_geometry_interaction_seeds[3416, 3417, 3418]_rhos[0.0625]_branches[0]",False,"[3416, 3417, 3418]",[0.0625],['cfp'],3.1491614358429345,0.06061502173228748,6.2817701978338505,,,1.5837628150240755,secondary_no_simultaneous_classification,False
"basis_geometry_interaction_seeds[3416, 3417, 3418]_rhos[0.0625]_branches[1]",False,"[3416, 3417, 3418]",[0.0625],['oct'],3.2644876029994534,-0.4406980731536578,7.0055779550943225,,,1.9169494815743813,secondary_no_simultaneous_classification,False
"basis_geometry_interaction_seeds[3416, 3417, 3418]_rhos[0.0625]_branches[0, 1]",False,"[3416, 3417, 3418]",[0.0625],"['cfp', 'oct']",3.206824519421194,0.5964791143621563,5.807922842978725,,,1.3265506335681492,secondary_no_simultaneous_classification,False
"basis_geometry_interaction_seeds[3416, 3417, 3418]_rhos[0.125]_branches[0]",False,"[3416, 3417, 3418]",[0.125],['cfp'],-0.14226068604964937,-3.1201533226575155,2.870259342115717,,,1.5211750564796285,secondary_no_simultaneous_classification,False
"basis_geometry_interaction_seeds[3416, 3417, 3418]_rhos[0.125]_branches[1]",False,"[3416, 3417, 3418]",[0.125],['oct'],1.6382804865312863,-2.0188940913325943,5.339679415147352,,,1.8749519439342894,secondary_no_simultaneous_classification,False
"basis_geometry_interaction_seeds[3416, 3417, 3418]_rhos[0.125]_branches[0, 1]",False,"[3416, 3417, 3418]",[0.125],"['cfp', 'oct']",0.7480099002408185,-1.6651246823566577,3.248042380264289,,,1.2568255143367508,secondary_no_simultaneous_classification,False
"basis_geometry_interaction_seeds[3416, 3417, 3418]_rhos[0.25]_branches[0]",False,"[3416, 3417, 3418]",[0.25],['cfp'],1.2583204570565056,-1.972179409350432,4.459031446508832,,,1.6444325183987167,secondary_no_simultaneous_classification,False
"basis_geometry_interaction_seeds[3416, 3417, 3418]_rhos[0.25]_branches[1]",False,"[3416, 3417, 3418]",[0.25],['oct'],-1.9006255204426157,-5.746625919928268,1.8546253476402377,,,1.9640908907563404,secondary_no_simultaneous_classification,False
"basis_geometry_interaction_seeds[3416, 3417, 3418]_rhos[0.25]_branches[0, 1]",False,"[3416, 3417, 3418]",[0.25],"['cfp', 'oct']",-0.321152531693055,-3.23180721368118,2.461020852200313,,,1.4653558611632804,secondary_no_simultaneous_classification,False
"basis_geometry_interaction_seeds[3416]_rhos[0.0625, 0.125, 0.25]_branches[0]",False,[3416],"[0.0625, 0.125, 0.25]",['cfp'],0.2668016341821584,-2.1674286378358354,2.752824205382522,,,1.2573317422358352,secondary_no_simultaneous_classification,False
"basis_geometry_interaction_seeds[3416]_rhos[0.0625, 0.125, 0.25]_branches[1]",False,[3416],"[0.0625, 0.125, 0.25]",['oct'],1.1393020984896758,-1.6041161734239593,3.9418988183781076,,,1.4127797436652818,secondary_no_simultaneous_classification,False
"basis_geometry_interaction_seeds[3416]_rhos[0.0625, 0.125, 0.25]_branches[0, 1]",False,[3416],"[0.0625, 0.125, 0.25]","['cfp', 'oct']",0.7030518663359171,-1.301681339485797,2.7388605639235606,,,1.027378609422691,secondary_no_simultaneous_classification,False
basis_geometry_interaction_seeds[3416]_rhos[0.0625]_branches[0],False,[3416],[0.0625],['cfp'],2.6819881078535275,-1.941008325491761,7.414315610029279,,,2.366569616178274,secondary_no_simultaneous_classification,False
basis_geometry_interaction_seeds[3416]_rhos[0.0625]_branches[1],False,[3416],[0.0625],['oct'],4.078787339084698,-0.9515772227282906,9.33073836121391,,,2.613066962713419,secondary_no_simultaneous_classification,False
"basis_geometry_interaction_seeds[3416]_rhos[0.0625]_branches[0, 1]",False,[3416],[0.0625],"['cfp', 'oct']",3.380387723469113,-0.29075070147179716,7.10833543390305,,,1.8878663431152225,secondary_no_simultaneous_classification,False
basis_geometry_interaction_seeds[3416]_rhos[0.125]_branches[0],False,[3416],[0.125],['cfp'],-1.612478260280966,-7.411820250659357,4.170586474582614,,,2.962727678310404,secondary_no_simultaneous_classification,False
basis_geometry_interaction_seeds[3416]_rhos[0.125]_branches[1],False,[3416],[0.125],['oct'],1.6941619786690438,-5.137361058100504,8.666533387981165,,,3.502203270945979,secondary_no_simultaneous_classification,False
"basis_geometry_interaction_seeds[3416]_rhos[0.125]_branches[0, 1]",False,[3416],[0.125],"['cfp', 'oct']",0.04084185919403893,-4.83882481157573,4.961335942089685,,,2.4825965253119695,secondary_no_simultaneous_classification,False
basis_geometry_interaction_seeds[3416]_rhos[0.25]_branches[0],False,[3416],[0.25],['cfp'],-0.2691049450261005,-5.832658375536488,5.445597295385019,,,2.890946244776805,secondary_no_simultaneous_classification,False
basis_geometry_interaction_seeds[3416]_rhos[0.25]_branches[1],False,[3416],[0.25],['oct'],-2.3550430222847183,-8.352395638132432,3.6497366140222534,,,3.0598898394399416,secondary_no_simultaneous_classification,False
"basis_geometry_interaction_seeds[3416]_rhos[0.25]_branches[0, 1]",False,[3416],[0.25],"['cfp', 'oct']",-1.3120739836554094,-5.997016329540493,3.3068751894152073,,,2.392595827887262,secondary_no_simultaneous_classification,False
"basis_geometry_interaction_seeds[3417]_rhos[0.0625, 0.125, 0.25]_branches[0]",False,[3417],"[0.0625, 0.125, 0.25]",['cfp'],2.767404893631536,-0.1053937276162185,5.722699704750423,,,1.4895997480777496,secondary_no_simultaneous_classification,False
"basis_geometry_interaction_seeds[3417]_rhos[0.0625, 0.125, 0.25]_branches[1]",False,[3417],"[0.0625, 0.125, 0.25]",['oct'],2.637321078674333,-0.2929650894027048,5.589988766971052,,,1.5103486834086748,secondary_no_simultaneous_classification,False
"basis_geometry_interaction_seeds[3417]_rhos[0.0625, 0.125, 0.25]_branches[0, 1]",False,[3417],"[0.0625, 0.125, 0.25]","['cfp', 'oct']",2.7023629861529344,0.36959571975431377,5.02071651594677,,,1.1930080078950485,secondary_no_simultaneous_classification,False
basis_geometry_interaction_seeds[3417]_rhos[0.0625]_branches[0],False,[3417],[0.0625],['cfp'],4.343326219769622,-0.6590981203326894,9.373005103706971,,,2.5490946639935177,secondary_no_simultaneous_classification,False
basis_geometry_interaction_seeds[3417]_rhos[0.0625]_branches[1],False,[3417],[0.0625],['oct'],4.375945732293374,-0.6919224195572309,9.514147572888012,,,2.6239220078847443,secondary_no_simultaneous_classification,False
"basis_geometry_interaction_seeds[3417]_rhos[0.0625]_branches[0, 1]",False,[3417],[0.0625],"['cfp', 'oct']",4.359635976031498,0.5730885216151905,8.08724917177047,,,1.9170284046940538,secondary_no_simultaneous_classification,False
basis_geometry_interaction_seeds[3417]_rhos[0.125]_branches[0],False,[3417],[0.125],['cfp'],0.7629163659826048,-3.072447537573004,4.647224252576722,,,1.9755982260970932,secondary_no_simultaneous_classification,False
basis_geometry_interaction_seeds[3417]_rhos[0.125]_branches[1],False,[3417],[0.125],['oct'],4.415623888713057,-0.3360947157929519,9.253820130265822,,,2.4505146928569608,secondary_no_simultaneous_classification,False
"basis_geometry_interaction_seeds[3417]_rhos[0.125]_branches[0, 1]",False,[3417],[0.125],"['cfp', 'oct']",2.589270127347831,-0.7755826509355609,5.878949186399763,,,1.6966854345557314,secondary_no_simultaneous_classification,False
basis_geometry_interaction_seeds[3417]_rhos[0.25]_branches[0],False,[3417],[0.25],['cfp'],3.1959720951423805,-2.641582183865569,9.26522742912629,,,3.0540134264325896,secondary_no_simultaneous_classification,False
basis_geometry_interaction_seeds[3417]_rhos[0.25]_branches[1],False,[3417],[0.25],['oct'],-0.8796063849834184,-7.617828584473263,5.72996245246112,,,3.4126139783010943,secondary_no_simultaneous_classification,False
"basis_geometry_interaction_seeds[3417]_rhos[0.25]_branches[0, 1]",False,[3417],[0.25],"['cfp', 'oct']",1.158182855079481,-4.051433269018877,6.352858021916161,,,2.6638764452063635,secondary_no_simultaneous_classification,False
"basis_geometry_interaction_seeds[3418]_rhos[0.0625, 0.125, 0.25]_branches[0]",False,[3418],"[0.0625, 0.125, 0.25]",['cfp'],1.2310146790360896,-2.5237488059946602,5.028680318909144,,,1.9101455472238773,secondary_no_simultaneous_classification,False
"basis_geometry_interaction_seeds[3418]_rhos[0.0625, 0.125, 0.25]_branches[1]",False,[3418],"[0.0625, 0.125, 0.25]",['oct'],-0.7744806080758941,-4.693493372965769,3.1982632710879897,,,1.9957453442576312,secondary_no_simultaneous_classification,False
"basis_geometry_interaction_seeds[3418]_rhos[0.0625, 0.125, 0.25]_branches[0, 1]",False,[3418],"[0.0625, 0.125, 0.25]","['cfp', 'oct']",0.22826703548009775,-2.573485978714454,3.086235043592698,,,1.4335689397286007,secondary_no_simultaneous_classification,False
basis_geometry_interaction_seeds[3418]_rhos[0.0625]_branches[0],False,[3418],[0.0625],['cfp'],2.4221699799056466,-3.4904988000633033,8.294454762412093,,,2.996411214006339,secondary_no_simultaneous_classification,False
basis_geometry_interaction_seeds[3418]_rhos[0.0625]_branches[1],False,[3418],[0.0625],['oct'],1.338729737620298,-5.18329475404684,7.977360972749171,,,3.302611975270022,secondary_no_simultaneous_classification,False
"basis_geometry_interaction_seeds[3418]_rhos[0.0625]_branches[0, 1]",False,[3418],[0.0625],"['cfp', 'oct']",1.8804498587629723,-2.7776443249063436,6.501357596552679,,,2.3759213650667093,secondary_no_simultaneous_classification,False
basis_geometry_interaction_seeds[3418]_rhos[0.125]_branches[0],False,[3418],[0.125],['cfp'],0.4227798361494024,-5.999803304834044,6.918692765288194,,,3.2610691039383113,secondary_no_simultaneous_classification,False
basis_geometry_interaction_seeds[3418]_rhos[0.125]_branches[1],False,[3418],[0.125],['oct'],-1.1949444077882703,-7.5078069138215415,5.177643601581792,,,3.235887249445922,secondary_no_simultaneous_classification,False
"basis_geometry_interaction_seeds[3418]_rhos[0.125]_branches[0, 1]",False,[3418],[0.125],"['cfp', 'oct']",-0.38608228581943393,-4.9883372521323635,4.332523523144756,,,2.376165136983329,secondary_no_simultaneous_classification,False
basis_geometry_interaction_seeds[3418]_rhos[0.25]_branches[0],False,[3418],[0.25],['cfp'],0.8480942210532163,-4.1827003493270904,6.00373073217044,,,2.6073433084104884,secondary_no_simultaneous_classification,False
basis_geometry_interaction_seeds[3418]_rhos[0.25]_branches[1],False,[3418],[0.25],['oct'],-2.4672271540596995,-9.038450072204236,4.255541825520547,,,3.396354924686467,secondary_no_simultaneous_classification,False
"basis_geometry_interaction_seeds[3418]_rhos[0.25]_branches[0, 1]",False,[3418],[0.25],"['cfp', 'oct']",-0.8095664665032416,-5.3395057666744785,3.6597954124470373,,,2.2926653154746073,secondary_no_simultaneous_classification,False
"svd_oct_to_cfp_contribution_seeds[3416, 3417, 3418]_rhos[0.0625, 0.125, 0.25]_branches[0]",False,"[3416, 3417, 3418]","[0.0625, 0.125, 0.25]",['cfp'],4.135044643885854,1.7828594503684592,6.512634755800656,,,1.198358928781012,secondary_no_simultaneous_classification,False
"svd_oct_to_cfp_contribution_seeds[3416, 3417, 3418]_rhos[0.0625, 0.125, 0.25]_branches[1]",False,"[3416, 3417, 3418]","[0.0625, 0.125, 0.25]",['oct'],2.2993447937119598,-0.20116997937236383,4.7987421815511935,,,1.2748465313307011,secondary_no_simultaneous_classification,False
"svd_oct_to_cfp_contribution_seeds[3416, 3417, 3418]_rhos[0.0625, 0.125, 0.25]_branches[0, 1]",False,"[3416, 3417, 3418]","[0.0625, 0.125, 0.25]","['cfp', 'oct']",3.2171947187989067,1.4500972130894239,4.9772106697203675,,,0.8942236272767574,secondary_no_simultaneous_classification,False
"svd_oct_to_cfp_contribution_seeds[3416, 3417, 3418]_rhos[0.0625]_branches[0]",False,"[3416, 3417, 3418]",[0.0625],['cfp'],2.9111640209266803,0.029394812935706897,5.84694824110339,,,1.4697130369357447,secondary_no_simultaneous_classification,False
"svd_oct_to_cfp_contribution_seeds[3416, 3417, 3418]_rhos[0.0625]_branches[1]",False,"[3416, 3417, 3418]",[0.0625],['oct'],3.803377366887002,0.4346605468034005,7.095019816162291,,,1.6858492918734702,secondary_no_simultaneous_classification,False
"svd_oct_to_cfp_contribution_seeds[3416, 3417, 3418]_rhos[0.0625]_branches[0, 1]",False,"[3416, 3417, 3418]",[0.0625],"['cfp', 'oct']",3.357270693906841,1.1041713942486835,5.682286876281441,,,1.1587505942911485,secondary_no_simultaneous_classification,False
"svd_oct_to_cfp_contribution_seeds[3416, 3417, 3418]_rhos[0.125]_branches[0]",False,"[3416, 3417, 3418]",[0.125],['cfp'],5.102043827458556,1.9120924101965968,8.268923817116786,,,1.622698478318292,secondary_no_simultaneous_classification,False
"svd_oct_to_cfp_contribution_seeds[3416, 3417, 3418]_rhos[0.125]_branches[1]",False,"[3416, 3417, 3418]",[0.125],['oct'],1.4230840231937083,-2.1185756760464156,4.963327987191399,,,1.8065323431932572,secondary_no_simultaneous_classification,False
"svd_oct_to_cfp_contribution_seeds[3416, 3417, 3418]_rhos[0.125]_branches[0, 1]",False,"[3416, 3417, 3418]",[0.125],"['cfp', 'oct']",3.2625639253261323,0.7385808002532541,5.805484262561429,,,1.2961030391852666,secondary_no_simultaneous_classification,False
"svd_oct_to_cfp_contribution_seeds[3416, 3417, 3418]_rhos[0.25]_branches[0]",False,"[3416, 3417, 3418]",[0.25],['cfp'],4.391926083272313,1.0349336237071156,7.797945048847647,,,1.7203320036337257,secondary_no_simultaneous_classification,False
"svd_oct_to_cfp_contribution_seeds[3416, 3417, 3418]_rhos[0.25]_branches[1]",False,"[3416, 3417, 3418]",[0.25],['oct'],1.6715729910551893,-1.081461690469214,4.487713474451699,,,1.43219342554088,secondary_no_simultaneous_classification,False
"svd_oct_to_cfp_contribution_seeds[3416, 3417, 3418]_rhos[0.25]_branches[0, 1]",False,"[3416, 3417, 3418]",[0.25],"['cfp', 'oct']",3.0317495371637513,0.5705910884169267,5.466365936472472,,,1.2477408932208007,secondary_no_simultaneous_classification,False
"svd_oct_to_cfp_contribution_seeds[3416]_rhos[0.0625, 0.125, 0.25]_branches[0]",False,[3416],"[0.0625, 0.125, 0.25]",['cfp'],4.024958742122465,1.2137466255808442,6.845317855853784,,,1.4385202917769588,secondary_no_simultaneous_classification,False
"svd_oct_to_cfp_contribution_seeds[3416]_rhos[0.0625, 0.125, 0.25]_branches[1]",False,[3416],"[0.0625, 0.125, 0.25]",['oct'],1.1083264737088356,-1.3129562662065477,3.524343764364787,,,1.2261263719222046,secondary_no_simultaneous_classification,False
"svd_oct_to_cfp_contribution_seeds[3416]_rhos[0.0625, 0.125, 0.25]_branches[0, 1]",False,[3416],"[0.0625, 0.125, 0.25]","['cfp', 'oct']",2.56664260791565,0.6357474307789421,4.507792246132604,,,0.995871531056669,secondary_no_simultaneous_classification,False
svd_oct_to_cfp_contribution_seeds[3416]_rhos[0.0625]_branches[0],False,[3416],[0.0625],['cfp'],1.3523391812865384,-2.9738988872622447,5.758797308745796,,,2.2232306402182296,secondary_no_simultaneous_classification,False
svd_oct_to_cfp_contribution_seeds[3416]_rhos[0.0625]_branches[1],False,[3416],[0.0625],['oct'],2.6697328163637906,-0.4523140985234875,5.987664776578046,,,1.6469060040916317,secondary_no_simultaneous_classification,False
"svd_oct_to_cfp_contribution_seeds[3416]_rhos[0.0625]_branches[0, 1]",False,[3416],[0.0625],"['cfp', 'oct']",2.0110359988251645,-0.7845281937302723,4.8131643217844,,,1.4291580230938532,secondary_no_simultaneous_classification,False
svd_oct_to_cfp_contribution_seeds[3416]_rhos[0.125]_branches[0],False,[3416],[0.125],['cfp'],6.662806081240319,2.019728277196338,11.441669501340977,,,2.3960727252927025,secondary_no_simultaneous_classification,False
svd_oct_to_cfp_contribution_seeds[3416]_rhos[0.125]_branches[1],False,[3416],[0.125],['oct'],0.3349484051263829,-4.761706595748743,5.432339773257048,,,2.635656156266047,secondary_no_simultaneous_classification,False
"svd_oct_to_cfp_contribution_seeds[3416]_rhos[0.125]_branches[0, 1]",False,[3416],[0.125],"['cfp', 'oct']",3.498877243183351,-0.1650891285644375,7.2057018568424125,,,1.8661176363112015,secondary_no_simultaneous_classification,False
svd_oct_to_cfp_contribution_seeds[3416]_rhos[0.25]_branches[0],False,[3416],[0.25],['cfp'],4.059730963840536,-0.9596491959608104,9.071867679326632,,,2.527765589968969,secondary_no_simultaneous_classification,False
svd_oct_to_cfp_contribution_seeds[3416]_rhos[0.25]_branches[1],False,[3416],[0.25],['oct'],0.3202981996363121,-4.088581473874539,4.7297310793073475,,,2.2647080813054385,secondary_no_simultaneous_classification,False
"svd_oct_to_cfp_contribution_seeds[3416]_rhos[0.25]_branches[0, 1]",False,[3416],[0.25],"['cfp', 'oct']",2.1900145817384242,-1.9201163994528758,6.250250899735556,,,2.083327610462159,secondary_no_simultaneous_classification,False
"svd_oct_to_cfp_contribution_seeds[3417]_rhos[0.0625, 0.125, 0.25]_branches[0]",False,[3417],"[0.0625, 0.125, 0.25]",['cfp'],5.7008740880924975,2.1015640137506852,9.396305771199005,,,1.8397240641499193,secondary_no_simultaneous_classification,False
"svd_oct_to_cfp_contribution_seeds[3417]_rhos[0.0625, 0.125, 0.25]_branches[1]",False,[3417],"[0.0625, 0.125, 0.25]",['oct'],3.380050275871099,-0.2548301347298278,7.010245049212161,,,1.8406976378861475,secondary_no_simultaneous_classification,False
"svd_oct_to_cfp_contribution_seeds[3417]_rhos[0.0625, 0.125, 0.25]_branches[0, 1]",False,[3417],"[0.0625, 0.125, 0.25]","['cfp', 'oct']",4.540462181981798,1.8493367422465277,7.219249025788323,,,1.366616697154491,secondary_no_simultaneous_classification,False
svd_oct_to_cfp_contribution_seeds[3417]_rhos[0.0625]_branches[0],False,[3417],[0.0625],['cfp'],4.343326219769622,-0.6590981203326894,9.373005103706971,,,2.5490946639935177,secondary_no_simultaneous_classification,False
svd_oct_to_cfp_contribution_seeds[3417]_rhos[0.0625]_branches[1],False,[3417],[0.0625],['oct'],4.375945732293374,-0.6919224195572309,9.514147572888012,,,2.6239220078847443,secondary_no_simultaneous_classification,False
"svd_oct_to_cfp_contribution_seeds[3417]_rhos[0.0625]_branches[0, 1]",False,[3417],[0.0625],"['cfp', 'oct']",4.359635976031498,0.5730885216151905,8.087249171770466,,,1.917028404694054,secondary_no_simultaneous_classification,False
svd_oct_to_cfp_contribution_seeds[3417]_rhos[0.125]_branches[0],False,[3417],[0.125],['cfp'],5.98528906946116,1.058316851985472,10.93138734421533,,,2.506611890451399,secondary_no_simultaneous_classification,False
svd_oct_to_cfp_contribution_seeds[3417]_rhos[0.125]_branches[1],False,[3417],[0.125],['oct'],3.6998919677473765,-2.5530398922188846,9.907488030158026,,,3.173379215225405,secondary_no_simultaneous_classification,False
"svd_oct_to_cfp_contribution_seeds[3417]_rhos[0.125]_branches[0, 1]",False,[3417],[0.125],"['cfp', 'oct']",4.842590518604268,0.6179679980700423,9.055566715930333,,,2.116084771731669,secondary_no_simultaneous_classification,False
svd_oct_to_cfp_contribution_seeds[3417]_rhos[0.25]_branches[0],False,[3417],[0.25],['cfp'],6.774006975046696,2.0649100546059116,11.514161953983185,,,2.420587397423184,secondary_no_simultaneous_classification,False
svd_oct_to_cfp_contribution_seeds[3417]_rhos[0.25]_branches[1],False,[3417],[0.25],['oct'],2.064313127572561,-1.999916802445176,6.081734912187656,,,2.0478948123805867,secondary_no_simultaneous_classification,False
"svd_oct_to_cfp_contribution_seeds[3417]_rhos[0.25]_branches[0, 1]",False,[3417],[0.25],"['cfp', 'oct']",4.419160051309628,0.8480824748968379,8.092867374789037,,,1.8610252467200579,secondary_no_simultaneous_classification,False
"svd_oct_to_cfp_contribution_seeds[3418]_rhos[0.0625, 0.125, 0.25]_branches[0]",False,[3418],"[0.0625, 0.125, 0.25]",['cfp'],2.679301101442583,-1.1403695664530844,6.423957172562556,,,1.923771261573632,secondary_no_simultaneous_classification,False
"svd_oct_to_cfp_contribution_seeds[3418]_rhos[0.0625, 0.125, 0.25]_branches[1]",False,[3418],"[0.0625, 0.125, 0.25]",['oct'],2.409657631555973,-2.1375894565074383,7.110731309065704,,,2.3761553072925126,secondary_no_simultaneous_classification,False
"svd_oct_to_cfp_contribution_seeds[3418]_rhos[0.0625, 0.125, 0.25]_branches[0, 1]",False,[3418],"[0.0625, 0.125, 0.25]","['cfp', 'oct']",2.544479366499278,-0.4043158908509603,5.603466810659456,,,1.5457907780598321,secondary_no_simultaneous_classification,False
svd_oct_to_cfp_contribution_seeds[3418]_rhos[0.0625]_branches[0],False,[3418],[0.0625],['cfp'],3.0378266617238694,-1.6233783249105715,7.674179263645359,,,2.3683203408585687,secondary_no_simultaneous_classification,False
svd_oct_to_cfp_contribution_seeds[3418]_rhos[0.0625]_branches[1],False,[3418],[0.0625],['oct'],4.364453552003852,-2.03125334278877,10.850511034455721,,,3.300375866008807,secondary_no_simultaneous_classification,False
"svd_oct_to_cfp_contribution_seeds[3418]_rhos[0.0625]_branches[0, 1]",False,[3418],[0.0625],"['cfp', 'oct']",3.7011401068638605,-0.23935847744205926,7.8375462403442295,,,2.0642240297890786,secondary_no_simultaneous_classification,False
svd_oct_to_cfp_contribution_seeds[3418]_rhos[0.125]_branches[0],False,[3418],[0.125],['cfp'],2.6580363316741966,-2.724285660778113,7.919962596916994,,,2.7102678923801866,secondary_no_simultaneous_classification,False
svd_oct_to_cfp_contribution_seeds[3418]_rhos[0.125]_branches[1],False,[3418],[0.125],['oct'],0.23441169670736883,-4.351258972252282,4.965625080053249,,,2.384053777606478,secondary_no_simultaneous_classification,False
"svd_oct_to_cfp_contribution_seeds[3418]_rhos[0.125]_branches[0, 1]",False,[3418],[0.125],"['cfp', 'oct']",1.4462240141907827,-2.467228912839126,5.343022303266415,,,1.9912008364282108,secondary_no_simultaneous_classification,False
svd_oct_to_cfp_contribution_seeds[3418]_rhos[0.25]_branches[0],False,[3418],[0.25],['cfp'],2.342040310929704,-2.8011324958816455,7.605387259705851,,,2.6616996139542124,secondary_no_simultaneous_classification,False
svd_oct_to_cfp_contribution_seeds[3418]_rhos[0.25]_branches[1],False,[3418],[0.25],['oct'],2.6301076459566843,-4.250177032606697,9.494231849610202,,,3.5108711927214586,secondary_no_simultaneous_classification,False
"svd_oct_to_cfp_contribution_seeds[3418]_rhos[0.25]_branches[0, 1]",False,[3418],[0.25],"['cfp', 'oct']",2.486073978443194,-2.035266216248414,7.054995004053917,,,2.31356500703429,secondary_no_simultaneous_classification,False
"svd_cfp_to_oct_contribution_seeds[3416, 3417, 3418]_rhos[0.0625, 0.125, 0.25]_branches[0]",False,"[3416, 3417, 3418]","[0.0625, 0.125, 0.25]",['cfp'],1.2748134153129218,-0.30154173726521566,2.8577085823199764,,,0.8057277251702861,secondary_no_simultaneous_classification,False
"svd_cfp_to_oct_contribution_seeds[3416, 3417, 3418]_rhos[0.0625, 0.125, 0.25]_branches[1]",False,"[3416, 3417, 3418]","[0.0625, 0.125, 0.25]",['oct'],4.463524714913676,0.5318870066343908,8.388496694303672,,,1.9758969087441458,secondary_no_simultaneous_classification,False
"svd_cfp_to_oct_contribution_seeds[3416, 3417, 3418]_rhos[0.0625, 0.125, 0.25]_branches[0, 1]",False,"[3416, 3417, 3418]","[0.0625, 0.125, 0.25]","['cfp', 'oct']",2.869169065113299,0.5626371971394442,5.2133637449475545,,,1.1830879774793353,secondary_no_simultaneous_classification,False
"svd_cfp_to_oct_contribution_seeds[3416, 3417, 3418]_rhos[0.0625]_branches[0]",False,"[3416, 3417, 3418]",[0.0625],['cfp'],1.5995330649050377,-0.7260873967373487,4.015622829787003,,,1.203374448336487,secondary_no_simultaneous_classification,False
"svd_cfp_to_oct_contribution_seeds[3416, 3417, 3418]_rhos[0.0625]_branches[1]",False,"[3416, 3417, 3418]",[0.0625],['oct'],5.388187417771096,1.4513105739419532,9.469421572481066,,,2.0097886703248453,secondary_no_simultaneous_classification,False
"svd_cfp_to_oct_contribution_seeds[3416, 3417, 3418]_rhos[0.0625]_branches[0, 1]",False,"[3416, 3417, 3418]",[0.0625],"['cfp', 'oct']",3.493860241338067,1.148641635050171,5.926744522480556,,,1.219590685900731,secondary_no_simultaneous_classification,False
"svd_cfp_to_oct_contribution_seeds[3416, 3417, 3418]_rhos[0.125]_branches[0]",False,"[3416, 3417, 3418]",[0.125],['cfp'],2.24966171230858,-0.5280558852724517,5.028967953022529,,,1.421409048044017,secondary_no_simultaneous_classification,False
"svd_cfp_to_oct_contribution_seeds[3416, 3417, 3418]_rhos[0.125]_branches[1]",False,"[3416, 3417, 3418]",[0.125],['oct'],4.008734884033078,-1.0733948168826453,9.006220621295677,,,2.5779223199045704,secondary_no_simultaneous_classification,False
"svd_cfp_to_oct_contribution_seeds[3416, 3417, 3418]_rhos[0.125]_branches[0, 1]",False,"[3416, 3417, 3418]",[0.125],"['cfp', 'oct']",3.129198298170829,-0.09683109776123379,6.3643407374275744,,,1.650613223533335,secondary_no_simultaneous_classification,False
"svd_cfp_to_oct_contribution_seeds[3416, 3417, 3418]_rhos[0.25]_branches[0]",False,"[3416, 3417, 3418]",[0.25],['cfp'],-0.024754531274866542,-2.7496839918520224,2.687690165993878,,,1.3854143497866291,secondary_no_simultaneous_classification,False
"svd_cfp_to_oct_contribution_seeds[3416, 3417, 3418]_rhos[0.25]_branches[1]",False,"[3416, 3417, 3418]",[0.25],['oct'],3.9936518429368597,-0.895646790754333,8.916840129460766,,,2.4842525863378007,secondary_no_simultaneous_classification,False
"svd_cfp_to_oct_contribution_seeds[3416, 3417, 3418]_rhos[0.25]_branches[0, 1]",False,"[3416, 3417, 3418]",[0.25],"['cfp', 'oct']",1.9844486558309966,-1.226800102401787,5.230105342205507,,,1.644909120117323,secondary_no_simultaneous_classification,False
"svd_cfp_to_oct_contribution_seeds[3416]_rhos[0.0625, 0.125, 0.25]_branches[0]",False,[3416],"[0.0625, 0.125, 0.25]",['cfp'],1.004532708299994,-1.606444187457931,3.6258309427114477,,,1.3318205497557623,secondary_no_simultaneous_classification,False
"svd_cfp_to_oct_contribution_seeds[3416]_rhos[0.0625, 0.125, 0.25]_branches[1]",False,[3416],"[0.0625, 0.125, 0.25]",['oct'],5.096955497284487,0.7121585017319048,9.47408873285159,,,2.242792502372521,secondary_no_simultaneous_classification,False
"svd_cfp_to_oct_contribution_seeds[3416]_rhos[0.0625, 0.125, 0.25]_branches[0, 1]",False,[3416],"[0.0625, 0.125, 0.25]","['cfp', 'oct']",3.0507441027922404,0.173346895094754,5.941544124335568,,,1.485404661681909,secondary_no_simultaneous_classification,False
svd_cfp_to_oct_contribution_seeds[3416]_rhos[0.0625]_branches[0],False,[3416],[0.0625],['cfp'],-0.5615519605287318,-4.369613141900719,3.3587886867542385,,,1.969914767512554,secondary_no_simultaneous_classification,False
svd_cfp_to_oct_contribution_seeds[3416]_rhos[0.0625]_branches[1],False,[3416],[0.0625],['oct'],6.059170981518044,1.2478460743067123,10.896545690963915,,,2.4857823388792095,secondary_no_simultaneous_classification,False
"svd_cfp_to_oct_contribution_seeds[3416]_rhos[0.0625]_branches[0, 1]",False,[3416],[0.0625],"['cfp', 'oct']",2.748809510494656,-0.4769903862132289,6.075687651767597,,,1.6618388864412839,secondary_no_simultaneous_classification,False
svd_cfp_to_oct_contribution_seeds[3416]_rhos[0.125]_branches[0],False,[3416],[0.125],['cfp'],0.6757065242204305,-3.3860898514323727,4.729952418355394,,,2.085399157968904,secondary_no_simultaneous_classification,False
svd_cfp_to_oct_contribution_seeds[3416]_rhos[0.125]_branches[1],False,[3416],[0.125],['oct'],7.44446407774403,0.9830989525827623,13.876191456169305,,,3.3337435237275015,secondary_no_simultaneous_classification,False
"svd_cfp_to_oct_contribution_seeds[3416]_rhos[0.125]_branches[0, 1]",False,[3416],[0.125],"['cfp', 'oct']",4.06008530098223,-0.2881907186377989,8.37479750371237,,,2.198869954338877,secondary_no_simultaneous_classification,False
svd_cfp_to_oct_contribution_seeds[3416]_rhos[0.25]_branches[0],False,[3416],[0.25],['cfp'],2.8994435612082725,-1.6463584197892647,7.565275756533627,,,2.3599457813822404,secondary_no_simultaneous_classification,False
svd_cfp_to_oct_contribution_seeds[3416]_rhos[0.25]_branches[1],False,[3416],[0.25],['oct'],1.7872314325913834,-4.410039026270214,8.162470416532477,,,3.204185340401649,secondary_no_simultaneous_classification,False
"svd_cfp_to_oct_contribution_seeds[3416]_rhos[0.25]_branches[0, 1]",False,[3416],[0.25],"['cfp', 'oct']",2.343337496899828,-2.223368179987169,7.106467304413891,,,2.3747579615764844,secondary_no_simultaneous_classification,False
"svd_cfp_to_oct_contribution_seeds[3417]_rhos[0.0625, 0.125, 0.25]_branches[0]",False,[3417],"[0.0625, 0.125, 0.25]",['cfp'],1.305760561116827,-1.1004740835592726,3.7536162207688912,,,1.2233298827502688,secondary_no_simultaneous_classification,False
"svd_cfp_to_oct_contribution_seeds[3417]_rhos[0.0625, 0.125, 0.25]_branches[1]",False,[3417],"[0.0625, 0.125, 0.25]",['oct'],5.171720239954201,0.8340002315041447,9.635161535085128,,,2.2645682458358123,secondary_no_simultaneous_classification,False
"svd_cfp_to_oct_contribution_seeds[3417]_rhos[0.0625, 0.125, 0.25]_branches[0, 1]",False,[3417],"[0.0625, 0.125, 0.25]","['cfp', 'oct']",3.238740400535514,0.41402080192947815,6.085507350574488,,,1.4447514177364176,secondary_no_simultaneous_classification,False
svd_cfp_to_oct_contribution_seeds[3417]_rhos[0.0625]_branches[0],False,[3417],[0.0625],['cfp'],2.3223244935199716,-1.548308983425588,6.344862396584658,,,1.9833294679117852,secondary_no_simultaneous_classification,False
svd_cfp_to_oct_contribution_seeds[3417]_rhos[0.0625]_branches[1],False,[3417],[0.0625],['oct'],5.740937719791404,0.5352187943372126,11.084494634596863,,,2.6892378714243597,secondary_no_simultaneous_classification,False
"svd_cfp_to_oct_contribution_seeds[3417]_rhos[0.0625]_branches[0, 1]",False,[3417],[0.0625],"['cfp', 'oct']",4.031631106655688,0.535652503089425,7.546277832262812,,,1.7811357316820424,secondary_no_simultaneous_classification,False
svd_cfp_to_oct_contribution_seeds[3417]_rhos[0.125]_branches[0],False,[3417],[0.125],['cfp'],1.9278877238236305,-2.3270876585643663,6.347551417256,,,2.2349974365544005,secondary_no_simultaneous_classification,False
svd_cfp_to_oct_contribution_seeds[3417]_rhos[0.125]_branches[1],False,[3417],[0.125],['oct'],3.698256994875578,-2.2187736822930058,9.706156301942775,,,3.0230405478138827,secondary_no_simultaneous_classification,False
"svd_cfp_to_oct_contribution_seeds[3417]_rhos[0.125]_branches[0, 1]",False,[3417],[0.125],"['cfp', 'oct']",2.8130723593496043,-1.3181973298711487,7.035385331579797,,,2.129807286081441,secondary_no_simultaneous_classification,False
svd_cfp_to_oct_contribution_seeds[3417]_rhos[0.25]_branches[0],False,[3417],[0.25],['cfp'],-0.332930533993121,-4.753570964540328,4.135808784305189,,,2.273254686446645,secondary_no_simultaneous_classification,False
svd_cfp_to_oct_contribution_seeds[3417]_rhos[0.25]_branches[1],False,[3417],[0.25],['oct'],6.075966005195625,-0.37053151805718615,12.641405813205242,,,3.3483473981775242,secondary_no_simultaneous_classification,False
"svd_cfp_to_oct_contribution_seeds[3417]_rhos[0.25]_branches[0, 1]",False,[3417],[0.25],"['cfp', 'oct']",2.871517735601252,-1.6612208195997447,7.41719414421161,,,2.338626564944875,secondary_no_simultaneous_classification,False
"svd_cfp_to_oct_contribution_seeds[3418]_rhos[0.0625, 0.125, 0.25]_branches[0]",False,[3418],"[0.0625, 0.125, 0.25]",['cfp'],1.5141469765219249,-1.3919388099038719,4.333586512561973,,,1.4731264345153599,secondary_no_simultaneous_classification,False
"svd_cfp_to_oct_contribution_seeds[3418]_rhos[0.0625, 0.125, 0.25]_branches[1]",False,[3418],"[0.0625, 0.125, 0.25]",['oct'],3.1218984075023535,-1.9924165827213327,8.361027032266986,,,2.6464288650480725,secondary_no_simultaneous_classification,False
"svd_cfp_to_oct_contribution_seeds[3418]_rhos[0.0625, 0.125, 0.25]_branches[0, 1]",False,[3418],"[0.0625, 0.125, 0.25]","['cfp', 'oct']",2.318022692012139,-0.8866961263473221,5.566039008302905,,,1.6616573897145561,secondary_no_simultaneous_classification,False
svd_cfp_to_oct_contribution_seeds[3418]_rhos[0.0625]_branches[0],False,[3418],[0.0625],['cfp'],3.0378266617238694,-1.6233783249105715,7.674179263645359,,,2.3683203408585687,secondary_no_simultaneous_classification,False
svd_cfp_to_oct_contribution_seeds[3418]_rhos[0.0625]_branches[1],False,[3418],[0.0625],['oct'],4.364453552003852,-2.03125334278877,10.850511034455721,,,3.300375866008807,secondary_no_simultaneous_classification,False
"svd_cfp_to_oct_contribution_seeds[3418]_rhos[0.0625]_branches[0, 1]",False,[3418],[0.0625],"['cfp', 'oct']",3.7011401068638605,-0.23935847744205252,7.8375462403442295,,,2.064224029789079,secondary_no_simultaneous_classification,False
svd_cfp_to_oct_contribution_seeds[3418]_rhos[0.125]_branches[0],False,[3418],[0.125],['cfp'],4.145390888881693,-0.9662395187065459,9.243826138319093,,,2.6274648036081953,secondary_no_simultaneous_classification,False
svd_cfp_to_oct_contribution_seeds[3418]_rhos[0.125]_branches[1],False,[3418],[0.125],['oct'],0.8834835794796305,-6.087978127302085,7.970048129617704,,,3.603985048512357,secondary_no_simultaneous_classification,False
"svd_cfp_to_oct_contribution_seeds[3418]_rhos[0.125]_branches[0, 1]",False,[3418],[0.125],"['cfp', 'oct']",2.5144372341806616,-2.201971486674054,7.26730612398751,,,2.4197510923475867,secondary_no_simultaneous_classification,False
svd_cfp_to_oct_contribution_seeds[3418]_rhos[0.25]_branches[0],False,[3418],[0.25],['cfp'],-2.6407766210397625,-6.947407823692533,1.5385769496395885,,,2.164329944668896,secondary_no_simultaneous_classification,False
svd_cfp_to_oct_contribution_seeds[3418]_rhos[0.25]_branches[1],False,[3418],[0.25],['oct'],4.1177580910235605,-2.5900791673061194,10.60468690810113,,,3.3737610372222324,secondary_no_simultaneous_classification,False
"svd_cfp_to_oct_contribution_seeds[3418]_rhos[0.25]_branches[0, 1]",False,[3418],[0.25],"['cfp', 'oct']",0.738490734991899,-3.8355734056774335,5.199228158780196,,,2.305228199310933,secondary_no_simultaneous_classification,False
"qr_oct_to_cfp_contribution_seeds[3416, 3417, 3418]_rhos[0.0625, 0.125, 0.25]_branches[0]",False,"[3416, 3417, 3418]","[0.0625, 0.125, 0.25]",['cfp'],2.9990860630381793,1.1943601259302388,4.821147949635235,,,0.9295800588668139,secondary_no_simultaneous_classification,False
"qr_oct_to_cfp_contribution_seeds[3416, 3417, 3418]_rhos[0.0625, 0.125, 0.25]_branches[1]",False,"[3416, 3417, 3418]","[0.0625, 0.125, 0.25]",['oct'],0.7344703216168291,-1.0981046418353708,2.5512465583827613,,,0.9355639823101317,secondary_no_simultaneous_classification,False
"qr_oct_to_cfp_contribution_seeds[3416, 3417, 3418]_rhos[0.0625, 0.125, 0.25]_branches[0, 1]",False,"[3416, 3417, 3418]","[0.0625, 0.125, 0.25]","['cfp', 'oct']",1.8667781923275042,0.5684383077016761,3.17436557412855,,,0.6661107612289899,secondary_no_simultaneous_classification,False
"qr_oct_to_cfp_contribution_seeds[3416, 3417, 3418]_rhos[0.0625]_branches[0]",False,"[3416, 3417, 3418]",[0.0625],['cfp'],0.11219743253490932,-1.7830271497311951,2.001018320020597,,,0.9583845844031448,secondary_no_simultaneous_classification,False
"qr_oct_to_cfp_contribution_seeds[3416, 3417, 3418]_rhos[0.0625]_branches[1]",False,"[3416, 3417, 3418]",[0.0625],['oct'],0.09071805649864118,-2.011210221495307,2.163899776136605,,,1.0747738192500758,secondary_no_simultaneous_classification,False
"qr_oct_to_cfp_contribution_seeds[3416, 3417, 3418]_rhos[0.0625]_branches[0, 1]",False,"[3416, 3417, 3418]",[0.0625],"['cfp', 'oct']",0.10145774451677525,-1.345736575274167,1.589309066462244,,,0.7553824934861655,secondary_no_simultaneous_classification,False
"qr_oct_to_cfp_contribution_seeds[3416, 3417, 3418]_rhos[0.125]_branches[0]",False,"[3416, 3417, 3418]",[0.125],['cfp'],3.8239033384970753,0.8250990697974102,6.819908187121156,,,1.5240907965536359,secondary_no_simultaneous_classification,False
"qr_oct_to_cfp_contribution_seeds[3416, 3417, 3418]_rhos[0.125]_branches[1]",False,"[3416, 3417, 3418]",[0.125],['oct'],-0.1594105033477456,-3.18247824164083,2.866727464883554,,,1.5342058639521894,secondary_no_simultaneous_classification,False
"qr_oct_to_cfp_contribution_seeds[3416, 3417, 3418]_rhos[0.125]_branches[0, 1]",False,"[3416, 3417, 3418]",[0.125],"['cfp', 'oct']",1.8322464175746649,-0.3975360529130673,3.9809211435741942,,,1.120885485785987,secondary_no_simultaneous_classification,False
"qr_oct_to_cfp_contribution_seeds[3416, 3417, 3418]_rhos[0.25]_branches[0]",False,"[3416, 3417, 3418]",[0.25],['cfp'],5.061157418082544,1.8795389055191232,8.352969646004897,,,1.6427963360600264,secondary_no_simultaneous_classification,False
"qr_oct_to_cfp_contribution_seeds[3416, 3417, 3418]_rhos[0.25]_branches[1]",False,"[3416, 3417, 3418]",[0.25],['oct'],2.2721034116996,-0.997511004157179,5.565151109693749,,,1.6774136031880633,secondary_no_simultaneous_classification,False
"qr_oct_to_cfp_contribution_seeds[3416, 3417, 3418]_rhos[0.25]_branches[0, 1]",False,"[3416, 3417, 3418]",[0.25],"['cfp', 'oct']",3.666630414891072,1.29082563789894,6.019723270202133,,,1.2008283982022938,secondary_no_simultaneous_classification,False
"qr_oct_to_cfp_contribution_seeds[3416]_rhos[0.0625, 0.125, 0.25]_branches[0]",False,[3416],"[0.0625, 0.125, 0.25]",['cfp'],4.023664241116812,1.4758689091392994,6.521918859731221,,,1.3012929747709208,secondary_no_simultaneous_classification,False
"qr_oct_to_cfp_contribution_seeds[3416]_rhos[0.0625, 0.125, 0.25]_branches[1]",False,[3416],"[0.0625, 0.125, 0.25]",['oct'],1.1033700580725068,-1.3982493679440102,3.6547286143934423,,,1.2885321986130458,secondary_no_simultaneous_classification,False
"qr_oct_to_cfp_contribution_seeds[3416]_rhos[0.0625, 0.125, 0.25]_branches[0, 1]",False,[3416],"[0.0625, 0.125, 0.25]","['cfp', 'oct']",2.5635171495946594,0.6529920751356455,4.493453912864943,,,0.9834529290679621,secondary_no_simultaneous_classification,False
qr_oct_to_cfp_contribution_seeds[3416]_rhos[0.0625]_branches[0],False,[3416],[0.0625],['cfp'],0.6803346510986614,-3.195282913062373,4.606132289270219,,,2.0126656744733817,secondary_no_simultaneous_classification,False
qr_oct_to_cfp_contribution_seeds[3416]_rhos[0.0625]_branches[1],False,[3416],[0.0625],['oct'],-2.766654804342707,-7.623936928395833,1.98359017505931,,,2.446310722166152,secondary_no_simultaneous_classification,False
"qr_oct_to_cfp_contribution_seeds[3416]_rhos[0.0625]_branches[0, 1]",False,[3416],[0.0625],"['cfp', 'oct']",-1.0431600766220228,-4.139937616496879,2.1448138146499023,,,1.6032911463830979,secondary_no_simultaneous_classification,False
qr_oct_to_cfp_contribution_seeds[3416]_rhos[0.125]_branches[0],False,[3416],[0.125],['cfp'],4.6653419871551876,0.09264059554808392,9.120648829818155,,,2.2840027664269096,secondary_no_simultaneous_classification,False
qr_oct_to_cfp_contribution_seeds[3416]_rhos[0.125]_branches[1],False,[3416],[0.125],['oct'],2.3632181435452253,-2.048138268521685,6.768530900144198,,,2.242777305818483,secondary_no_simultaneous_classification,False
"qr_oct_to_cfp_contribution_seeds[3416]_rhos[0.125]_branches[0, 1]",False,[3416],[0.125],"['cfp', 'oct']",3.5142800653502064,0.2551185162739425,6.741302747544382,,,1.6519738818179686,secondary_no_simultaneous_classification,False
qr_oct_to_cfp_contribution_seeds[3416]_rhos[0.25]_branches[0],False,[3416],[0.25],['cfp'],6.725316085096594,1.810499136036901,11.75576683363144,,,2.541617415934671,secondary_no_simultaneous_classification,False
qr_oct_to_cfp_contribution_seeds[3416]_rhos[0.25]_branches[1],False,[3416],[0.25],['oct'],3.7135468350149665,-0.5464419925502348,8.103582648500115,,,2.210987044736535,secondary_no_simultaneous_classification,False
"qr_oct_to_cfp_contribution_seeds[3416]_rhos[0.25]_branches[0, 1]",False,[3416],[0.25],"['cfp', 'oct']",5.21943146005578,1.4276103432297371,9.043714545553666,,,1.9431984184531697,secondary_no_simultaneous_classification,False
"qr_oct_to_cfp_contribution_seeds[3417]_rhos[0.0625, 0.125, 0.25]_branches[0]",False,[3417],"[0.0625, 0.125, 0.25]",['cfp'],3.9989579886165174,1.3801459668162184,6.611245201690979,,,1.3214728070771589,secondary_no_simultaneous_classification,False
"qr_oct_to_cfp_contribution_seeds[3417]_rhos[0.0625, 0.125, 0.25]_branches[1]",False,[3417],"[0.0625, 0.125, 0.25]",['oct'],-0.44250752786107483,-2.7484087386335574,1.8390699038953393,,,1.1647715333564796,secondary_no_simultaneous_classification,False
"qr_oct_to_cfp_contribution_seeds[3417]_rhos[0.0625, 0.125, 0.25]_branches[0, 1]",False,[3417],"[0.0625, 0.125, 0.25]","['cfp', 'oct']",1.7782252303777213,-0.05000593776418426,3.642420454022589,,,0.9388243301321773,secondary_no_simultaneous_classification,False
qr_oct_to_cfp_contribution_seeds[3417]_rhos[0.0625]_branches[0],False,[3417],[0.0625],['cfp'],0.0,0.0,0.0,,,0.0,secondary_no_simultaneous_classification,True
qr_oct_to_cfp_contribution_seeds[3417]_rhos[0.0625]_branches[1],False,[3417],[0.0625],['oct'],0.0,0.0,0.0,,,0.0,secondary_no_simultaneous_classification,True
"qr_oct_to_cfp_contribution_seeds[3417]_rhos[0.0625]_branches[0, 1]",False,[3417],[0.0625],"['cfp', 'oct']",0.0,-7.105427357601002e-15,7.105427357601002e-15,,,3.820620088127164e-15,secondary_no_simultaneous_classification,False
qr_oct_to_cfp_contribution_seeds[3417]_rhos[0.125]_branches[0],False,[3417],[0.125],['cfp'],5.222372703478555,0.22217639229729863,10.199728411445532,,,2.5279307440039074,secondary_no_simultaneous_classification,False
qr_oct_to_cfp_contribution_seeds[3417]_rhos[0.125]_branches[1],False,[3417],[0.125],['oct'],-0.7157319209656876,-6.547750516110284,5.078692226324419,,,2.984885104421639,secondary_no_simultaneous_classification,False
"qr_oct_to_cfp_contribution_seeds[3417]_rhos[0.125]_branches[0, 1]",False,[3417],[0.125],"['cfp', 'oct']",2.253320391256434,-1.7232224110796877,6.254056966056304,,,2.0368441950577,secondary_no_simultaneous_classification,False
qr_oct_to_cfp_contribution_seeds[3417]_rhos[0.25]_branches[0],False,[3417],[0.25],['cfp'],6.7745012623709755,2.007019546583372,11.73321756340891,,,2.474563236106112,secondary_no_simultaneous_classification,False
qr_oct_to_cfp_contribution_seeds[3417]_rhos[0.25]_branches[1],False,[3417],[0.25],['oct'],-0.6117906626175511,-4.923794688504629,3.763329934154541,,,2.187421930618836,secondary_no_simultaneous_classification,False
"qr_oct_to_cfp_contribution_seeds[3417]_rhos[0.25]_branches[0, 1]",False,[3417],[0.25],"['cfp', 'oct']",3.081355299876712,-0.28535822783929093,6.58919059403404,,,1.765553051465951,secondary_no_simultaneous_classification,False
"qr_oct_to_cfp_contribution_seeds[3418]_rhos[0.0625, 0.125, 0.25]_branches[0]",False,[3418],"[0.0625, 0.125, 0.25]",['cfp'],0.9746359593812031,-1.884937035521267,3.884809016048755,,,1.472006888177639,secondary_no_simultaneous_classification,False
"qr_oct_to_cfp_contribution_seeds[3418]_rhos[0.0625, 0.125, 0.25]_branches[1]",False,[3418],"[0.0625, 0.125, 0.25]",['oct'],1.5425484346390874,-2.148915578203349,5.326781807352647,,,1.9213333037790954,secondary_no_simultaneous_classification,False
"qr_oct_to_cfp_contribution_seeds[3418]_rhos[0.0625, 0.125, 0.25]_branches[0, 1]",False,[3418],"[0.0625, 0.125, 0.25]","['cfp', 'oct']",1.2585921970101452,-1.027877839666105,3.5493868705774183,,,1.1658445423286588,secondary_no_simultaneous_classification,False
qr_oct_to_cfp_contribution_seeds[3418]_rhos[0.0625]_branches[0],False,[3418],[0.0625],['cfp'],-0.3437423534939228,-4.424538983830463,3.7268900962764944,,,2.123325617356513,secondary_no_simultaneous_classification,False
qr_oct_to_cfp_contribution_seeds[3418]_rhos[0.0625]_branches[1],False,[3418],[0.0625],['oct'],3.0388089738386412,-1.7766978624454108,7.830646210694741,,,2.462337611941129,secondary_no_simultaneous_classification,False
"qr_oct_to_cfp_contribution_seeds[3418]_rhos[0.0625]_branches[0, 1]",False,[3418],[0.0625],"['cfp', 'oct']",1.3475333101723592,-1.8638350013726717,4.53653667781941,,,1.6301108081972413,secondary_no_simultaneous_classification,False
qr_oct_to_cfp_contribution_seeds[3418]_rhos[0.125]_branches[0],False,[3418],[0.125],['cfp'],1.583995324857483,-2.2047913825540784,5.3709431328094,,,1.9313119156261276,secondary_no_simultaneous_classification,False
qr_oct_to_cfp_contribution_seeds[3418]_rhos[0.125]_branches[1],False,[3418],[0.125],['oct'],-2.1257177326227747,-6.456833865122167,2.1804556384611855,,,2.1987160982648706,secondary_no_simultaneous_classification,False
"qr_oct_to_cfp_contribution_seeds[3418]_rhos[0.125]_branches[0, 1]",False,[3418],[0.125],"['cfp', 'oct']",-0.2708612038826459,-3.321267800350902,2.764213799799735,,,1.5410870798656495,secondary_no_simultaneous_classification,False
qr_oct_to_cfp_contribution_seeds[3418]_rhos[0.25]_branches[0],False,[3418],[0.25],['cfp'],1.6836549067800632,-3.0022988400710515,6.423842381619188,,,2.367696916557618,secondary_no_simultaneous_classification,False
qr_oct_to_cfp_contribution_seeds[3418]_rhos[0.25]_branches[1],False,[3418],[0.25],['oct'],3.7145540627013958,-3.3433227641996823,10.466730844054592,,,3.4913402655730152,secondary_no_simultaneous_classification,False
"qr_oct_to_cfp_contribution_seeds[3418]_rhos[0.25]_branches[0, 1]",False,[3418],[0.25],"['cfp', 'oct']",2.6991044847407295,-1.476407138043265,6.8023989614206215,,,2.098912626706213,secondary_no_simultaneous_classification,False
"qr_cfp_to_oct_contribution_seeds[3416, 3417, 3418]_rhos[0.0625, 0.125, 0.25]_branches[0]",False,"[3416, 3417, 3418]","[0.0625, 0.125, 0.25]",['cfp'],0.02682642096514254,-1.4649288069966313,1.524995349693968,,,0.7597001752770975,secondary_no_simultaneous_classification,False
"qr_cfp_to_oct_contribution_seeds[3416, 3417, 3418]_rhos[0.0625, 0.125, 0.25]_branches[1]",False,"[3416, 3417, 3418]","[0.0625, 0.125, 0.25]",['oct'],3.1778000068091288,-0.0005455422794650525,6.346548157665051,,,1.6206933543759028,secondary_no_simultaneous_classification,False
"qr_cfp_to_oct_contribution_seeds[3416, 3417, 3418]_rhos[0.0625, 0.125, 0.25]_branches[0, 1]",False,"[3416, 3417, 3418]","[0.0625, 0.125, 0.25]","['cfp', 'oct']",1.6023132138871357,-0.26369600815127836,3.4788334996503303,,,0.9595776166747807,secondary_no_simultaneous_classification,False
"qr_cfp_to_oct_contribution_seeds[3416, 3417, 3418]_rhos[0.0625]_branches[0]",False,"[3416, 3417, 3418]",[0.0625],['cfp'],-0.11458078449797779,-1.4748463279434865,1.242296698758827,,,0.7077752057855048,secondary_no_simultaneous_classification,False
"qr_cfp_to_oct_contribution_seeds[3416, 3417, 3418]_rhos[0.0625]_branches[1]",False,"[3416, 3417, 3418]",[0.0625],['oct'],1.012936324612879,-0.592232620815138,2.610215403564915,,,0.820779203980378,secondary_no_simultaneous_classification,False
"qr_cfp_to_oct_contribution_seeds[3416, 3417, 3418]_rhos[0.0625]_branches[0, 1]",False,"[3416, 3417, 3418]",[0.0625],"['cfp', 'oct']",0.44917777005745063,-0.6212783337908834,1.5121788926064677,,,0.5433702693990812,secondary_no_simultaneous_classification,False
"qr_cfp_to_oct_contribution_seeds[3416, 3417, 3418]_rhos[0.125]_branches[0]",False,"[3416, 3417, 3418]",[0.125],['cfp'],2.4545115382587106,-0.36445137431723995,5.25692077024661,,,1.4548633468736356,secondary_no_simultaneous_classification,False
"qr_cfp_to_oct_contribution_seeds[3416, 3417, 3418]_rhos[0.125]_branches[1]",False,"[3416, 3417, 3418]",[0.125],['oct'],2.9146358176520017,-1.6568754287063858,7.592408770746078,,,2.375840659249485,secondary_no_simultaneous_classification,False
"qr_cfp_to_oct_contribution_seeds[3416, 3417, 3418]_rhos[0.125]_branches[0, 1]",False,"[3416, 3417, 3418]",[0.125],"['cfp', 'oct']",2.684573677955356,-0.11347339887860054,5.463830191208927,,,1.4352100133074335,secondary_no_simultaneous_classification,False
"qr_cfp_to_oct_contribution_seeds[3416, 3417, 3418]_rhos[0.25]_branches[0]",False,"[3416, 3417, 3418]",[0.25],['cfp'],-2.2594514908653096,-5.136476814400913,0.6363756085085355,,,1.460241625200608,secondary_no_simultaneous_classification,False
"qr_cfp_to_oct_contribution_seeds[3416, 3417, 3418]_rhos[0.25]_branches[1]",False,"[3416, 3417, 3418]",[0.25],['oct'],5.605827878162501,0.40256421169372725,10.838710848001819,,,2.677408817203838,secondary_no_simultaneous_classification,False
"qr_cfp_to_oct_contribution_seeds[3416, 3417, 3418]_rhos[0.25]_branches[0, 1]",False,"[3416, 3417, 3418]",[0.25],"['cfp', 'oct']",1.6731881936485955,-1.8055625082321538,5.225390502597634,,,1.7883556164197432,secondary_no_simultaneous_classification,False
"qr_cfp_to_oct_contribution_seeds[3416]_rhos[0.0625, 0.125, 0.25]_branches[0]",False,[3416],"[0.0625, 0.125, 0.25]",['cfp'],1.214227223540469,-1.046617788266803,3.458684874653155,,,1.134939277908203,secondary_no_simultaneous_classification,False
"qr_cfp_to_oct_contribution_seeds[3416]_rhos[0.0625, 0.125, 0.25]_branches[1]",False,[3416],"[0.0625, 0.125, 0.25]",['oct'],4.374377647388204,0.9446874878338254,7.8502633183521935,,,1.764676837904347,secondary_no_simultaneous_classification,False
"qr_cfp_to_oct_contribution_seeds[3416]_rhos[0.0625, 0.125, 0.25]_branches[0, 1]",False,[3416],"[0.0625, 0.125, 0.25]","['cfp', 'oct']",2.7943024354643367,0.5187742118349276,4.998039456525002,,,1.1476434590698914,secondary_no_simultaneous_classification,False
qr_cfp_to_oct_contribution_seeds[3416]_rhos[0.0625]_branches[0],False,[3416],[0.0625],['cfp'],0.0,0.0,0.0,,,0.0,secondary_no_simultaneous_classification,True
qr_cfp_to_oct_contribution_seeds[3416]_rhos[0.0625]_branches[1],False,[3416],[0.0625],['oct'],0.0,0.0,0.0,,,0.0,secondary_no_simultaneous_classification,True
"qr_cfp_to_oct_contribution_seeds[3416]_rhos[0.0625]_branches[0, 1]",False,[3416],[0.0625],"['cfp', 'oct']",0.0,-7.105427357601002e-15,7.105427357601002e-15,,,4.5197893200604324e-15,secondary_no_simultaneous_classification,False
qr_cfp_to_oct_contribution_seeds[3416]_rhos[0.125]_branches[0],False,[3416],[0.125],['cfp'],4.319469671353076,-0.6895272652783753,9.326794117751563,,,2.540370314986645,secondary_no_simultaneous_classification,False
qr_cfp_to_oct_contribution_seeds[3416]_rhos[0.125]_branches[1],False,[3416],[0.125],['oct'],4.1181449820682445,-1.9792499074744956,10.168493831450823,,,3.117803495170742,secondary_no_simultaneous_classification,False
"qr_cfp_to_oct_contribution_seeds[3416]_rhos[0.125]_branches[0, 1]",False,[3416],[0.125],"['cfp', 'oct']",4.21880732671066,0.19141294913257942,8.144264345276264,,,2.041574670946754,secondary_no_simultaneous_classification,False
qr_cfp_to_oct_contribution_seeds[3416]_rhos[0.25]_branches[0],False,[3416],[0.25],['cfp'],-0.676788000731662,-5.453700206439559,3.968868103581207,,,2.3956849033812944,secondary_no_simultaneous_classification,False
qr_cfp_to_oct_contribution_seeds[3416]_rhos[0.25]_branches[1],False,[3416],[0.25],['oct'],9.00498796009633,2.0524443906914396,15.804530505707026,,,3.4985309455162614,secondary_no_simultaneous_classification,False
"qr_cfp_to_oct_contribution_seeds[3416]_rhos[0.25]_branches[0, 1]",False,[3416],[0.25],"['cfp', 'oct']",4.164099979682334,-0.8003243273216943,9.022424881967304,,,2.522908832917702,secondary_no_simultaneous_classification,False
"qr_cfp_to_oct_contribution_seeds[3417]_rhos[0.0625, 0.125, 0.25]_branches[0]",False,[3417],"[0.0625, 0.125, 0.25]",['cfp'],-0.6036282452788768,-2.9204098718177605,1.7718329497351775,,,1.204566058771891,secondary_no_simultaneous_classification,False
"qr_cfp_to_oct_contribution_seeds[3417]_rhos[0.0625, 0.125, 0.25]_branches[1]",False,[3417],"[0.0625, 0.125, 0.25]",['oct'],1.4765439446128816,-1.8967002437635332,4.850223227705779,,,1.7129563102425371,secondary_no_simultaneous_classification,False
"qr_cfp_to_oct_contribution_seeds[3417]_rhos[0.0625, 0.125, 0.25]_branches[0, 1]",False,[3417],"[0.0625, 0.125, 0.25]","['cfp', 'oct']",0.4364578496670024,-1.9131606649361366,2.846558774407227,,,1.2012649976156584,secondary_no_simultaneous_classification,False
qr_cfp_to_oct_contribution_seeds[3417]_rhos[0.0625]_branches[0],False,[3417],[0.0625],['cfp'],0.0,0.0,0.0,,,0.0,secondary_no_simultaneous_classification,True
qr_cfp_to_oct_contribution_seeds[3417]_rhos[0.0625]_branches[1],False,[3417],[0.0625],['oct'],0.0,0.0,0.0,,,0.0,secondary_no_simultaneous_classification,True
"qr_cfp_to_oct_contribution_seeds[3417]_rhos[0.0625]_branches[0, 1]",False,[3417],[0.0625],"['cfp', 'oct']",0.0,-7.105427357601002e-15,7.105427357601002e-15,,,3.820620088127164e-15,secondary_no_simultaneous_classification,False
qr_cfp_to_oct_contribution_seeds[3417]_rhos[0.125]_branches[0],False,[3417],[0.125],['cfp'],1.2472369371742218,-3.0401758043108162,5.685174996045084,,,2.239096011612139,secondary_no_simultaneous_classification,False
qr_cfp_to_oct_contribution_seeds[3417]_rhos[0.125]_branches[1],False,[3417],[0.125],['oct'],1.3944944527527667,-4.5188147823157605,7.3993849916637355,,,3.04513305861288,secondary_no_simultaneous_classification,False
"qr_cfp_to_oct_contribution_seeds[3417]_rhos[0.125]_branches[0, 1]",False,[3417],[0.125],"['cfp', 'oct']",1.3208656949634943,-2.625821328935065,5.3783525603974525,,,2.042060066478633,secondary_no_simultaneous_classification,False
qr_cfp_to_oct_contribution_seeds[3417]_rhos[0.25]_branches[0],False,[3417],[0.25],['cfp'],-3.0581216730108594,-8.104189888456563,1.9619236486495475,,,2.5747631838915344,secondary_no_simultaneous_classification,False
qr_cfp_to_oct_contribution_seeds[3417]_rhos[0.25]_branches[1],False,[3417],[0.25],['oct'],3.0351373810858604,-3.7070808787785308,9.716196400159564,,,3.399687132393151,secondary_no_simultaneous_classification,False
"qr_cfp_to_oct_contribution_seeds[3417]_rhos[0.25]_branches[0, 1]",False,[3417],[0.25],"['cfp', 'oct']",-0.011492145962499478,-5.068949698595989,5.003030248214592,,,2.5766116137606465,secondary_no_simultaneous_classification,False
"qr_cfp_to_oct_contribution_seeds[3418]_rhos[0.0625, 0.125, 0.25]_branches[0]",False,[3418],"[0.0625, 0.125, 0.25]",['cfp'],-0.5301197153661619,-3.45990357122192,2.440447047660961,,,1.5163857065141622,secondary_no_simultaneous_classification,False
"qr_cfp_to_oct_contribution_seeds[3418]_rhos[0.0625, 0.125, 0.25]_branches[1]",False,[3418],"[0.0625, 0.125, 0.25]",['oct'],3.6824784284263146,-1.0875901335333245,8.43575215492009,,,2.4312619238460984,secondary_no_simultaneous_classification,False
"qr_cfp_to_oct_contribution_seeds[3418]_rhos[0.0625, 0.125, 0.25]_branches[0, 1]",False,[3418],"[0.0625, 0.125, 0.25]","['cfp', 'oct']",1.5761793565300763,-1.2588497272704018,4.409903849093699,,,1.4518760990550668,secondary_no_simultaneous_classification,False
qr_cfp_to_oct_contribution_seeds[3418]_rhos[0.0625]_branches[0],False,[3418],[0.0625],['cfp'],-0.3437423534939228,-4.424538983830463,3.7268900962764944,,,2.123325617356513,secondary_no_simultaneous_classification,False
qr_cfp_to_oct_contribution_seeds[3418]_rhos[0.0625]_branches[1],False,[3418],[0.0625],['oct'],3.0388089738386412,-1.7766978624454108,7.830646210694741,,,2.462337611941129,secondary_no_simultaneous_classification,False
"qr_cfp_to_oct_contribution_seeds[3418]_rhos[0.0625]_branches[0, 1]",False,[3418],[0.0625],"['cfp', 'oct']",1.3475333101723592,-1.8638350013726717,4.53653667781941,,,1.6301108081972413,secondary_no_simultaneous_classification,False
qr_cfp_to_oct_contribution_seeds[3418]_rhos[0.125]_branches[0],False,[3418],[0.125],['cfp'],1.7968280062488446,-2.91193038032796,6.48239818739205,,,2.3954114433616627,secondary_no_simultaneous_classification,False
qr_cfp_to_oct_contribution_seeds[3418]_rhos[0.125]_branches[1],False,[3418],[0.125],['oct'],3.2312680181349975,-3.1624434735362184,9.825168624859236,,,3.348511078817093,secondary_no_simultaneous_classification,False
"qr_cfp_to_oct_contribution_seeds[3418]_rhos[0.125]_branches[0, 1]",False,[3418],[0.125],"['cfp', 'oct']",2.514048012191921,-1.4915889271933245,6.6311178402741096,,,2.07438366368504,secondary_no_simultaneous_classification,False
qr_cfp_to_oct_contribution_seeds[3418]_rhos[0.25]_branches[0],False,[3418],[0.25],['cfp'],-3.0434447988534004,-7.447356897826277,1.3559486127815177,,,2.2514092277389026,secondary_no_simultaneous_classification,False
qr_cfp_to_oct_contribution_seeds[3418]_rhos[0.25]_branches[1],False,[3418],[0.25],['oct'],4.777358293305319,-1.935861392806304,11.383491172591015,,,3.414414169317886,secondary_no_simultaneous_classification,False
"qr_cfp_to_oct_contribution_seeds[3418]_rhos[0.25]_branches[0, 1]",False,[3418],[0.25],"['cfp', 'oct']",0.8669567472259594,-3.6043159180764723,5.355021283072792,,,2.2706636311175705,secondary_no_simultaneous_classification,False
"svd_minus_mmtm_r4_rho0.0625_seeds[3416, 3417, 3418]_branches[0]",False,"[3416, 3417, 3418]",[0.0625],['cfp'],3.354380329782341,0.3776606354533407,6.3501114681452,,,1.5117849813620596,secondary_no_simultaneous_classification,False
"svd_minus_mmtm_r4_rho0.0625_seeds[3416, 3417, 3418]_branches[1]",False,"[3416, 3417, 3418]",[0.0625],['oct'],4.2730622077939735,0.22389624562491103,8.393742662957035,,,2.0949716208409064,secondary_no_simultaneous_classification,False
"svd_minus_mmtm_r4_rho0.0625_seeds[3416, 3417, 3418]_branches[0, 1]",False,"[3416, 3417, 3418]",[0.0625],"['cfp', 'oct']",3.813721268788157,1.2879933535735633,6.431168478083745,,,1.3237666307537184,secondary_no_simultaneous_classification,False
svd_minus_mmtm_r4_rho0.0625_seeds[3416]_branches[0],False,[3416],[0.0625],['cfp'],2.6819881078535275,-1.941008325491761,7.414315610029279,,,2.366569616178274,secondary_no_simultaneous_classification,False
svd_minus_mmtm_r4_rho0.0625_seeds[3416]_branches[1],False,[3416],[0.0625],['oct'],4.078787339084698,-0.9515772227282908,9.33073836121391,,,2.613066962713419,secondary_no_simultaneous_classification,False
"svd_minus_mmtm_r4_rho0.0625_seeds[3416]_branches[0, 1]",False,[3416],[0.0625],"['cfp', 'oct']",3.380387723469113,-0.29075070147179716,7.10833543390305,,,1.887866343115223,secondary_no_simultaneous_classification,False
svd_minus_mmtm_r4_rho0.0625_seeds[3417]_branches[0],False,[3417],[0.0625],['cfp'],4.343326219769622,-0.6590981203326894,9.373005103706971,,,2.5490946639935177,secondary_no_simultaneous_classification,False
svd_minus_mmtm_r4_rho0.0625_seeds[3417]_branches[1],False,[3417],[0.0625],['oct'],4.375945732293374,-0.6919224195572309,9.514147572888012,,,2.6239220078847443,secondary_no_simultaneous_classification,False
"svd_minus_mmtm_r4_rho0.0625_seeds[3417]_branches[0, 1]",False,[3417],[0.0625],"['cfp', 'oct']",4.359635976031498,0.5730885216151905,8.087249171770466,,,1.917028404694054,secondary_no_simultaneous_classification,False
svd_minus_mmtm_r4_rho0.0625_seeds[3418]_branches[0],False,[3418],[0.0625],['cfp'],3.0378266617238694,-1.6233783249105715,7.674179263645359,,,2.3683203408585687,secondary_no_simultaneous_classification,False
svd_minus_mmtm_r4_rho0.0625_seeds[3418]_branches[1],False,[3418],[0.0625],['oct'],4.364453552003852,-2.03125334278877,10.850511034455721,,,3.300375866008807,secondary_no_simultaneous_classification,False
"svd_minus_mmtm_r4_rho0.0625_seeds[3418]_branches[0, 1]",False,[3418],[0.0625],"['cfp', 'oct']",3.7011401068638605,-0.23935847744205252,7.8375462403442295,,,2.064224029789079,secondary_no_simultaneous_classification,False
"svd_minus_mmtm_r8_rho0.0625_seeds[3416, 3417, 3418]_branches[0]",False,"[3416, 3417, 3418]",[0.0625],['cfp'],3.3543803297823445,0.3776606354533407,6.3501114681452,,,1.5117849813620596,secondary_no_simultaneous_classification,False
"svd_minus_mmtm_r8_rho0.0625_seeds[3416, 3417, 3418]_branches[1]",False,"[3416, 3417, 3418]",[0.0625],['oct'],4.27306220779397,0.22389624562491103,8.393742662957035,,,2.0949716208409064,secondary_no_simultaneous_classification,False
"svd_minus_mmtm_r8_rho0.0625_seeds[3416, 3417, 3418]_branches[0, 1]",False,"[3416, 3417, 3418]",[0.0625],"['cfp', 'oct']",3.813721268788157,1.2879933535735633,6.431168478083745,,,1.3237666307537184,secondary_no_simultaneous_classification,False
svd_minus_mmtm_r8_rho0.0625_seeds[3416]_branches[0],False,[3416],[0.0625],['cfp'],2.6819881078535275,-1.941008325491761,7.414315610029279,,,2.366569616178274,secondary_no_simultaneous_classification,False
svd_minus_mmtm_r8_rho0.0625_seeds[3416]_branches[1],False,[3416],[0.0625],['oct'],4.078787339084698,-0.9515772227282908,9.33073836121391,,,2.613066962713419,secondary_no_simultaneous_classification,False
"svd_minus_mmtm_r8_rho0.0625_seeds[3416]_branches[0, 1]",False,[3416],[0.0625],"['cfp', 'oct']",3.380387723469113,-0.29075070147179716,7.10833543390305,,,1.887866343115223,secondary_no_simultaneous_classification,False
svd_minus_mmtm_r8_rho0.0625_seeds[3417]_branches[0],False,[3417],[0.0625],['cfp'],4.343326219769622,-0.6590981203326894,9.373005103706971,,,2.5490946639935177,secondary_no_simultaneous_classification,False
svd_minus_mmtm_r8_rho0.0625_seeds[3417]_branches[1],False,[3417],[0.0625],['oct'],4.375945732293374,-0.6919224195572309,9.514147572888012,,,2.6239220078847443,secondary_no_simultaneous_classification,False
"svd_minus_mmtm_r8_rho0.0625_seeds[3417]_branches[0, 1]",False,[3417],[0.0625],"['cfp', 'oct']",4.359635976031498,0.5730885216151905,8.087249171770466,,,1.917028404694054,secondary_no_simultaneous_classification,False
svd_minus_mmtm_r8_rho0.0625_seeds[3418]_branches[0],False,[3418],[0.0625],['cfp'],3.0378266617238694,-1.6233783249105715,7.674179263645359,,,2.3683203408585687,secondary_no_simultaneous_classification,False
svd_minus_mmtm_r8_rho0.0625_seeds[3418]_branches[1],False,[3418],[0.0625],['oct'],4.364453552003852,-2.03125334278877,10.850511034455721,,,3.300375866008807,secondary_no_simultaneous_classification,False
"svd_minus_mmtm_r8_rho0.0625_seeds[3418]_branches[0, 1]",False,[3418],[0.0625],"['cfp', 'oct']",3.7011401068638605,-0.23935847744205252,7.8375462403442295,,,2.064224029789079,secondary_no_simultaneous_classification,False
"svd_minus_attention_d128_rho0.0625_seeds[3416, 3417, 3418]_branches[0]",False,"[3416, 3417, 3418]",[0.0625],['cfp'],3.7006495438779012,0.9060928809243629,6.480680271030781,,,1.4197686798511695,secondary_no_simultaneous_classification,False
"svd_minus_attention_d128_rho0.0625_seeds[3416, 3417, 3418]_branches[1]",False,"[3416, 3417, 3418]",[0.0625],['oct'],3.0368319305640306,-0.5380285430614953,6.706672074024003,,,1.836313854198383,secondary_no_simultaneous_classification,False
"svd_minus_attention_d128_rho0.0625_seeds[3416, 3417, 3418]_branches[0, 1]",False,"[3416, 3417, 3418]",[0.0625],"['cfp', 'oct']",3.368740737220966,1.0264983428518777,5.77444080350171,,,1.219308361718138,secondary_no_simultaneous_classification,False
svd_minus_attention_d128_rho0.0625_seeds[3416]_branches[0],False,[3416],[0.0625],['cfp'],2.6819881078535275,-1.941008325491761,7.414315610029279,,,2.366569616178274,secondary_no_simultaneous_classification,False
svd_minus_attention_d128_rho0.0625_seeds[3416]_branches[1],False,[3416],[0.0625],['oct'],4.078787339084698,-0.9515772227282908,9.33073836121391,,,2.613066962713419,secondary_no_simultaneous_classification,False
"svd_minus_attention_d128_rho0.0625_seeds[3416]_branches[0, 1]",False,[3416],[0.0625],"['cfp', 'oct']",3.380387723469113,-0.29075070147179716,7.10833543390305,,,1.887866343115223,secondary_no_simultaneous_classification,False
svd_minus_attention_d128_rho0.0625_seeds[3417]_branches[0],False,[3417],[0.0625],['cfp'],4.343326219769622,-0.6590981203326894,9.373005103706971,,,2.5490946639935177,secondary_no_simultaneous_classification,False
svd_minus_attention_d128_rho0.0625_seeds[3417]_branches[1],False,[3417],[0.0625],['oct'],4.375945732293374,-0.6919224195572309,9.514147572888012,,,2.6239220078847443,secondary_no_simultaneous_classification,False
"svd_minus_attention_d128_rho0.0625_seeds[3417]_branches[0, 1]",False,[3417],[0.0625],"['cfp', 'oct']",4.359635976031498,0.5730885216151905,8.087249171770466,,,1.917028404694054,secondary_no_simultaneous_classification,False
svd_minus_attention_d128_rho0.0625_seeds[3418]_branches[0],False,[3418],[0.0625],['cfp'],4.076634304010554,0.1506617694127638,7.9775055304779485,,,1.9813971834444997,secondary_no_simultaneous_classification,False
svd_minus_attention_d128_rho0.0625_seeds[3418]_branches[1],False,[3418],[0.0625],['oct'],0.6557627203140299,-4.7864914944384065,6.105404585275319,,,2.8074686037648875,secondary_no_simultaneous_classification,False
"svd_minus_attention_d128_rho0.0625_seeds[3418]_branches[0, 1]",False,[3418],[0.0625],"['cfp', 'oct']",2.366198512162292,-1.0775173812544845,5.79626244739327,,,1.7592405209305126,secondary_no_simultaneous_classification,False
"svd_minus_attention_d256_rho0.0625_seeds[3416, 3417, 3418]_branches[0]",False,"[3416, 3417, 3418]",[0.0625],['cfp'],3.59431179510495,1.1178298267723281,6.105256193616071,,,1.2609319157638204,secondary_no_simultaneous_classification,False
"svd_minus_attention_d256_rho0.0625_seeds[3416, 3417, 3418]_branches[1]",False,"[3416, 3417, 3418]",[0.0625],['oct'],2.345093062783093,-0.9008151082364594,5.6054111949032706,,,1.6489334715726065,secondary_no_simultaneous_classification,False
"svd_minus_attention_d256_rho0.0625_seeds[3416, 3417, 3418]_branches[0, 1]",False,"[3416, 3417, 3418]",[0.0625],"['cfp', 'oct']",2.9697024289440215,0.9064298308407164,5.125019436517438,,,1.0835968030172174,secondary_no_simultaneous_classification,False
svd_minus_attention_d256_rho0.0625_seeds[3416]_branches[0],False,[3416],[0.0625],['cfp'],1.7113477913023587,-2.384553696724048,5.7681155072065,,,2.08789355897963,secondary_no_simultaneous_classification,False
svd_minus_attention_d256_rho0.0625_seeds[3416]_branches[1],False,[3416],[0.0625],['oct'],4.011935272472201,-0.9643017942386378,9.042182987201844,,,2.523973141354394,secondary_no_simultaneous_classification,False
"svd_minus_attention_d256_rho0.0625_seeds[3416]_branches[0, 1]",False,[3416],[0.0625],"['cfp', 'oct']",2.8616415318872797,-0.5297430056732642,6.314203644415234,,,1.7624992527599808,secondary_no_simultaneous_classification,False
svd_minus_attention_d256_rho0.0625_seeds[3417]_branches[0],False,[3417],[0.0625],['cfp'],4.343326219769622,-0.6590981203326894,9.373005103706971,,,2.5490946639935177,secondary_no_simultaneous_classification,False
svd_minus_attention_d256_rho0.0625_seeds[3417]_branches[1],False,[3417],[0.0625],['oct'],4.375945732293374,-0.6919224195572309,9.514147572888012,,,2.6239220078847443,secondary_no_simultaneous_classification,False
"svd_minus_attention_d256_rho0.0625_seeds[3417]_branches[0, 1]",False,[3417],[0.0625],"['cfp', 'oct']",4.359635976031498,0.5730885216151905,8.087249171770466,,,1.917028404694054,secondary_no_simultaneous_classification,False
svd_minus_attention_d256_rho0.0625_seeds[3418]_branches[0],False,[3418],[0.0625],['cfp'],4.728261374242862,0.49659716009383675,8.875385437665242,,,2.1281822264526267,secondary_no_simultaneous_classification,False
svd_minus_attention_d256_rho0.0625_seeds[3418]_branches[1],False,[3418],[0.0625],['oct'],-1.352601816416282,-6.518993161580437,3.7494547306166672,,,2.6056934086628742,secondary_no_simultaneous_classification,False
"svd_minus_attention_d256_rho0.0625_seeds[3418]_branches[0, 1]",False,[3418],[0.0625],"['cfp', 'oct']",1.6878297789132901,-1.8155993380537274,5.153525490540122,,,1.790440614515255,secondary_no_simultaneous_classification,False
"svd_minus_mmtm_r4_rho0.125_seeds[3416, 3417, 3418]_branches[0]",False,"[3416, 3417, 3418]",[0.125],['cfp'],4.536849701874271,1.2092727259017004,7.867953318600095,,,1.70340471742756,secondary_no_simultaneous_classification,False
"svd_minus_mmtm_r4_rho0.125_seeds[3416, 3417, 3418]_branches[1]",False,"[3416, 3417, 3418]",[0.125],['oct'],4.357098061913021,-0.7997953658811017,9.565969535629032,,,2.6663375460805723,secondary_no_simultaneous_classification,False
"svd_minus_mmtm_r4_rho0.125_seeds[3416, 3417, 3418]_branches[0, 1]",False,"[3416, 3417, 3418]",[0.125],"['cfp', 'oct']",4.446973881893646,1.400378449453819,7.631638539021519,,,1.5965382039064488,secondary_no_simultaneous_classification,False
svd_minus_mmtm_r4_rho0.125_seeds[3416]_branches[0],False,[3416],[0.125],['cfp'],5.405652193763416,0.5096965328890907,10.208392041482902,,,2.4913034520301225,secondary_no_simultaneous_classification,False
svd_minus_mmtm_r4_rho0.125_seeds[3416]_branches[1],False,[3416],[0.125],['oct'],6.140134199856689,-0.32219154103369757,12.639324848385323,,,3.316400974264338,secondary_no_simultaneous_classification,False
"svd_minus_mmtm_r4_rho0.125_seeds[3416]_branches[0, 1]",False,[3416],[0.125],"['cfp', 'oct']",5.7728931968100525,1.6352355263724203,9.904555937014253,,,2.109813472505577,secondary_no_simultaneous_classification,False
svd_minus_mmtm_r4_rho0.125_seeds[3417]_branches[0],False,[3417],[0.125],['cfp'],5.98528906946116,1.058316851985472,10.93138734421533,,,2.506611890451399,secondary_no_simultaneous_classification,False
svd_minus_mmtm_r4_rho0.125_seeds[3417]_branches[1],False,[3417],[0.125],['oct'],3.6998919677473765,-2.5530398922188846,9.907488030158026,,,3.173379215225405,secondary_no_simultaneous_classification,False
"svd_minus_mmtm_r4_rho0.125_seeds[3417]_branches[0, 1]",False,[3417],[0.125],"['cfp', 'oct']",4.842590518604268,0.6179679980700423,9.055566715930333,,,2.116084771731669,secondary_no_simultaneous_classification,False
svd_minus_mmtm_r4_rho0.125_seeds[3418]_branches[0],False,[3418],[0.125],['cfp'],2.219607842398247,-2.8686063010691036,7.292704338589127,,,2.5758756575596564,secondary_no_simultaneous_classification,False
svd_minus_mmtm_r4_rho0.125_seeds[3418]_branches[1],False,[3418],[0.125],['oct'],3.2312680181349975,-3.511375772214823,10.248277406448198,,,3.5259520388753063,secondary_no_simultaneous_classification,False
"svd_minus_mmtm_r4_rho0.125_seeds[3418]_branches[0, 1]",False,[3418],[0.125],"['cfp', 'oct']",2.7254379302666223,-1.5478453052953782,7.170540383191732,,,2.2574298342112864,secondary_no_simultaneous_classification,False
"svd_minus_mmtm_r8_rho0.125_seeds[3416, 3417, 3418]_branches[0]",False,"[3416, 3417, 3418]",[0.125],['cfp'],4.536849701874274,1.2092727259017004,7.867953318600095,,,1.70340471742756,secondary_no_simultaneous_classification,False
"svd_minus_mmtm_r8_rho0.125_seeds[3416, 3417, 3418]_branches[1]",False,"[3416, 3417, 3418]",[0.125],['oct'],4.357098061913021,-0.7997953658811017,9.565969535629032,,,2.6663375460805723,secondary_no_simultaneous_classification,False
"svd_minus_mmtm_r8_rho0.125_seeds[3416, 3417, 3418]_branches[0, 1]",False,"[3416, 3417, 3418]",[0.125],"['cfp', 'oct']",4.446973881893648,1.400378449453819,7.631638539021519,,,1.5965382039064488,secondary_no_simultaneous_classification,False
svd_minus_mmtm_r8_rho0.125_seeds[3416]_branches[0],False,[3416],[0.125],['cfp'],5.405652193763416,0.5096965328890907,10.208392041482902,,,2.4913034520301225,secondary_no_simultaneous_classification,False
svd_minus_mmtm_r8_rho0.125_seeds[3416]_branches[1],False,[3416],[0.125],['oct'],6.140134199856689,-0.32219154103369757,12.639324848385323,,,3.316400974264338,secondary_no_simultaneous_classification,False
"svd_minus_mmtm_r8_rho0.125_seeds[3416]_branches[0, 1]",False,[3416],[0.125],"['cfp', 'oct']",5.7728931968100525,1.6352355263724203,9.904555937014253,,,2.109813472505577,secondary_no_simultaneous_classification,False
svd_minus_mmtm_r8_rho0.125_seeds[3417]_branches[0],False,[3417],[0.125],['cfp'],5.98528906946116,1.058316851985472,10.93138734421533,,,2.506611890451399,secondary_no_simultaneous_classification,False
svd_minus_mmtm_r8_rho0.125_seeds[3417]_branches[1],False,[3417],[0.125],['oct'],3.6998919677473765,-2.5530398922188846,9.907488030158026,,,3.173379215225405,secondary_no_simultaneous_classification,False
"svd_minus_mmtm_r8_rho0.125_seeds[3417]_branches[0, 1]",False,[3417],[0.125],"['cfp', 'oct']",4.842590518604268,0.6179679980700388,9.055566715930329,,,2.1160847717316695,secondary_no_simultaneous_classification,False
svd_minus_mmtm_r8_rho0.125_seeds[3418]_branches[0],False,[3418],[0.125],['cfp'],2.219607842398247,-2.8686063010691036,7.292704338589127,,,2.5758756575596564,secondary_no_simultaneous_classification,False
svd_minus_mmtm_r8_rho0.125_seeds[3418]_branches[1],False,[3418],[0.125],['oct'],3.2312680181349975,-3.511375772214823,10.248277406448198,,,3.5259520388753063,secondary_no_simultaneous_classification,False
"svd_minus_mmtm_r8_rho0.125_seeds[3418]_branches[0, 1]",False,[3418],[0.125],"['cfp', 'oct']",2.7254379302666223,-1.5478453052953782,7.170540383191732,,,2.2574298342112864,secondary_no_simultaneous_classification,False
"svd_minus_attention_d128_rho0.125_seeds[3416, 3417, 3418]_branches[0]",False,"[3416, 3417, 3418]",[0.125],['cfp'],4.883118915969831,1.6382965134576037,8.151764716222392,,,1.6482184818779575,secondary_no_simultaneous_classification,False
"svd_minus_attention_d128_rho0.125_seeds[3416, 3417, 3418]_branches[1]",False,"[3416, 3417, 3418]",[0.125],['oct'],3.120867784683078,-1.594210792494757,7.87836800760644,,,2.4374690814932745,secondary_no_simultaneous_classification,False
"svd_minus_attention_d128_rho0.125_seeds[3416, 3417, 3418]_branches[0, 1]",False,"[3416, 3417, 3418]",[0.125],"['cfp', 'oct']",4.001993350326455,1.080018908856469,7.012622154835016,,,1.5154729466750756,secondary_no_simultaneous_classification,False
svd_minus_attention_d128_rho0.125_seeds[3416]_branches[0],False,[3416],[0.125],['cfp'],5.405652193763416,0.5096965328890907,10.208392041482902,,,2.4913034520301225,secondary_no_simultaneous_classification,False
svd_minus_attention_d128_rho0.125_seeds[3416]_branches[1],False,[3416],[0.125],['oct'],6.140134199856689,-0.32219154103369757,12.639324848385323,,,3.316400974264338,secondary_no_simultaneous_classification,False
"svd_minus_attention_d128_rho0.125_seeds[3416]_branches[0, 1]",False,[3416],[0.125],"['cfp', 'oct']",5.7728931968100525,1.6352355263724203,9.904555937014253,,,2.109813472505577,secondary_no_simultaneous_classification,False
svd_minus_attention_d128_rho0.125_seeds[3417]_branches[0],False,[3417],[0.125],['cfp'],5.98528906946116,1.058316851985472,10.93138734421533,,,2.506611890451399,secondary_no_simultaneous_classification,False
svd_minus_attention_d128_rho0.125_seeds[3417]_branches[1],False,[3417],[0.125],['oct'],3.6998919677473765,-2.5530398922188846,9.907488030158026,,,3.173379215225405,secondary_no_simultaneous_classification,False
"svd_minus_attention_d128_rho0.125_seeds[3417]_branches[0, 1]",False,[3417],[0.125],"['cfp', 'oct']",4.842590518604268,0.6179679980700423,9.055566715930333,,,2.116084771731669,secondary_no_simultaneous_classification,False
svd_minus_attention_d128_rho0.125_seeds[3418]_branches[0],False,[3418],[0.125],['cfp'],3.2584154846849316,-1.389981559299019,7.89365818629195,,,2.36532955174367,secondary_no_simultaneous_classification,False
svd_minus_attention_d128_rho0.125_seeds[3418]_branches[1],False,[3418],[0.125],['oct'],-0.4774228135548242,-6.288567552168405,5.53865143917327,,,3.0054846859016893,secondary_no_simultaneous_classification,False
"svd_minus_attention_d128_rho0.125_seeds[3418]_branches[0, 1]",False,[3418],[0.125],"['cfp', 'oct']",1.3904963355650537,-2.497738223527766,5.381483905429923,,,2.0371631733607263,secondary_no_simultaneous_classification,False
"svd_minus_attention_d256_rho0.125_seeds[3416, 3417, 3418]_branches[0]",False,"[3416, 3417, 3418]",[0.125],['cfp'],4.77678116719688,1.8880561088686862,7.572599600994731,,,1.4408210495416216,secondary_no_simultaneous_classification,False
"svd_minus_attention_d256_rho0.125_seeds[3416, 3417, 3418]_branches[1]",False,"[3416, 3417, 3418]",[0.125],['oct'],2.429128916902144,-1.958028791153976,6.799946943905361,,,2.2435048627124057,secondary_no_simultaneous_classification,False
"svd_minus_attention_d256_rho0.125_seeds[3416, 3417, 3418]_branches[0, 1]",False,"[3416, 3417, 3418]",[0.125],"['cfp', 'oct']",3.602955042049512,0.9025650977881281,6.371369257520316,,,1.3907848728876553,secondary_no_simultaneous_classification,False
svd_minus_attention_d256_rho0.125_seeds[3416]_branches[0],False,[3416],[0.125],['cfp'],4.435011877212247,0.005993273591524707,8.83750483229207,,,2.2526251468122207,secondary_no_simultaneous_classification,False
svd_minus_attention_d256_rho0.125_seeds[3416]_branches[1],False,[3416],[0.125],['oct'],6.0732821332441915,0.07388980014422972,12.012952654246515,,,3.0609334541672286,secondary_no_simultaneous_classification,False
"svd_minus_attention_d256_rho0.125_seeds[3416]_branches[0, 1]",False,[3416],[0.125],"['cfp', 'oct']",5.254147005228219,1.248991490357164,9.167906426222082,,,2.023002765097786,secondary_no_simultaneous_classification,False
svd_minus_attention_d256_rho0.125_seeds[3417]_branches[0],False,[3417],[0.125],['cfp'],5.98528906946116,1.058316851985472,10.93138734421533,,,2.506611890451399,secondary_no_simultaneous_classification,False
svd_minus_attention_d256_rho0.125_seeds[3417]_branches[1],False,[3417],[0.125],['oct'],3.6998919677473765,-2.5530398922188846,9.907488030158026,,,3.173379215225405,secondary_no_simultaneous_classification,False
"svd_minus_attention_d256_rho0.125_seeds[3417]_branches[0, 1]",False,[3417],[0.125],"['cfp', 'oct']",4.842590518604268,0.6179679980700423,9.055566715930333,,,2.116084771731669,secondary_no_simultaneous_classification,False
svd_minus_attention_d256_rho0.125_seeds[3418]_branches[0],False,[3418],[0.125],['cfp'],3.91004255491724,-1.0666318522929934,8.852253694467146,,,2.548136329736068,secondary_no_simultaneous_classification,False
svd_minus_attention_d256_rho0.125_seeds[3418]_branches[1],False,[3418],[0.125],['oct'],-2.485787350285136,-8.00994196211339,3.097038363853747,,,2.841685447786039,secondary_no_simultaneous_classification,False
"svd_minus_attention_d256_rho0.125_seeds[3418]_branches[0, 1]",False,[3418],[0.125],"['cfp', 'oct']",0.7121276023160519,-3.490081457985517,4.837656247474493,,,2.123137898420836,secondary_no_simultaneous_classification,False
"svd_minus_mmtm_r4_rho0.25_seeds[3416, 3417, 3418]_branches[0]",False,"[3416, 3417, 3418]",[0.25],['cfp'],4.8308675675213735,0.798251441097758,8.856694337688861,,,2.0762228712127837,secondary_no_simultaneous_classification,False
"svd_minus_mmtm_r4_rho0.25_seeds[3416, 3417, 3418]_branches[1]",False,"[3416, 3417, 3418]",[0.25],['oct'],3.813021813689545,-1.1559377407987925,8.795484397825598,,,2.5431191160486715,secondary_no_simultaneous_classification,False
"svd_minus_mmtm_r4_rho0.25_seeds[3416, 3417, 3418]_branches[0, 1]",False,"[3416, 3417, 3418]",[0.25],"['cfp', 'oct']",4.321944690605459,1.102992305703975,7.615679352304702,,,1.650501581117262,secondary_no_simultaneous_classification,False
svd_minus_mmtm_r4_rho0.25_seeds[3416]_branches[0],False,[3416],[0.25],['cfp'],6.082592659773866,0.2852095211614608,11.890137764327942,,,2.9691300639525067,secondary_no_simultaneous_classification,False
svd_minus_mmtm_r4_rho0.25_seeds[3416]_branches[1],False,[3416],[0.25],['oct'],4.424398438117009,-1.9793526533061232,11.025136945648564,,,3.3072516746347853,secondary_no_simultaneous_classification,False
"svd_minus_mmtm_r4_rho0.25_seeds[3416]_branches[0, 1]",False,[3416],[0.25],"['cfp', 'oct']",5.253495548945438,0.5767955552044544,9.979615562346115,,,2.3848638026971063,secondary_no_simultaneous_classification,False
svd_minus_mmtm_r4_rho0.25_seeds[3417]_branches[0],False,[3417],[0.25],['cfp'],6.0679697318605434,0.2761892161469906,11.813060762829496,,,2.919539605737069,secondary_no_simultaneous_classification,False
svd_minus_mmtm_r4_rho0.25_seeds[3417]_branches[1],False,[3417],[0.25],['oct'],4.384559356994927,-1.704932914846035,10.491762013200924,,,3.1108201606143724,secondary_no_simultaneous_classification,False
"svd_minus_mmtm_r4_rho0.25_seeds[3417]_branches[0, 1]",False,[3417],[0.25],"['cfp', 'oct']",5.226264544427735,0.7276148055729414,9.64949770482237,,,2.293732748861683,secondary_no_simultaneous_classification,False
svd_minus_mmtm_r4_rho0.25_seeds[3418]_branches[0],False,[3418],[0.25],['cfp'],2.342040310929704,-2.8011324958816455,7.605387259705851,,,2.6616996139542124,secondary_no_simultaneous_classification,False
svd_minus_mmtm_r4_rho0.25_seeds[3418]_branches[1],False,[3418],[0.25],['oct'],2.6301076459566843,-4.250177032606697,9.494231849610202,,,3.5108711927214586,secondary_no_simultaneous_classification,False
"svd_minus_mmtm_r4_rho0.25_seeds[3418]_branches[0, 1]",False,[3418],[0.25],"['cfp', 'oct']",2.486073978443194,-2.035266216248414,7.054995004053917,,,2.31356500703429,secondary_no_simultaneous_classification,False
"svd_minus_mmtm_r8_rho0.25_seeds[3416, 3417, 3418]_branches[0]",False,"[3416, 3417, 3418]",[0.25],['cfp'],4.8308675675213735,0.798251441097758,8.856694337688861,,,2.0762228712127837,secondary_no_simultaneous_classification,False
"svd_minus_mmtm_r8_rho0.25_seeds[3416, 3417, 3418]_branches[1]",False,"[3416, 3417, 3418]",[0.25],['oct'],3.813021813689545,-1.1559377407987925,8.795484397825598,,,2.5431191160486715,secondary_no_simultaneous_classification,False
"svd_minus_mmtm_r8_rho0.25_seeds[3416, 3417, 3418]_branches[0, 1]",False,"[3416, 3417, 3418]",[0.25],"['cfp', 'oct']",4.321944690605459,1.102992305703975,7.615679352304702,,,1.650501581117262,secondary_no_simultaneous_classification,False
svd_minus_mmtm_r8_rho0.25_seeds[3416]_branches[0],False,[3416],[0.25],['cfp'],6.082592659773866,0.2852095211614608,11.890137764327942,,,2.9691300639525067,secondary_no_simultaneous_classification,False
svd_minus_mmtm_r8_rho0.25_seeds[3416]_branches[1],False,[3416],[0.25],['oct'],4.424398438117009,-1.9793526533061232,11.025136945648564,,,3.3072516746347853,secondary_no_simultaneous_classification,False
"svd_minus_mmtm_r8_rho0.25_seeds[3416]_branches[0, 1]",False,[3416],[0.25],"['cfp', 'oct']",5.253495548945438,0.5767955552044544,9.979615562346115,,,2.3848638026971063,secondary_no_simultaneous_classification,False
svd_minus_mmtm_r8_rho0.25_seeds[3417]_branches[0],False,[3417],[0.25],['cfp'],6.0679697318605434,0.2761892161469906,11.813060762829496,,,2.919539605737069,secondary_no_simultaneous_classification,False
svd_minus_mmtm_r8_rho0.25_seeds[3417]_branches[1],False,[3417],[0.25],['oct'],4.384559356994927,-1.704932914846035,10.491762013200924,,,3.1108201606143724,secondary_no_simultaneous_classification,False
"svd_minus_mmtm_r8_rho0.25_seeds[3417]_branches[0, 1]",False,[3417],[0.25],"['cfp', 'oct']",5.226264544427735,0.7276148055729414,9.64949770482237,,,2.293732748861683,secondary_no_simultaneous_classification,False
svd_minus_mmtm_r8_rho0.25_seeds[3418]_branches[0],False,[3418],[0.25],['cfp'],2.342040310929704,-2.8011324958816455,7.605387259705851,,,2.6616996139542124,secondary_no_simultaneous_classification,False
svd_minus_mmtm_r8_rho0.25_seeds[3418]_branches[1],False,[3418],[0.25],['oct'],2.6301076459566843,-4.250177032606697,9.494231849610202,,,3.5108711927214586,secondary_no_simultaneous_classification,False
"svd_minus_mmtm_r8_rho0.25_seeds[3418]_branches[0, 1]",False,[3418],[0.25],"['cfp', 'oct']",2.486073978443194,-2.035266216248414,7.054995004053917,,,2.31356500703429,secondary_no_simultaneous_classification,False
"svd_minus_attention_d128_rho0.25_seeds[3416, 3417, 3418]_branches[0]",False,"[3416, 3417, 3418]",[0.25],['cfp'],5.177136781616934,1.2236383994391828,9.114005673920456,,,2.009590777136779,secondary_no_simultaneous_classification,False
"svd_minus_attention_d128_rho0.25_seeds[3416, 3417, 3418]_branches[1]",False,"[3416, 3417, 3418]",[0.25],['oct'],2.576791536459602,-2.094146245522772,7.201722104219491,,,2.3574095729422937,secondary_no_simultaneous_classification,False
"svd_minus_attention_d128_rho0.25_seeds[3416, 3417, 3418]_branches[0, 1]",False,"[3416, 3417, 3418]",[0.25],"['cfp', 'oct']",3.876964159038268,0.7255180687921924,7.036054998984024,,,1.602708974198547,secondary_no_simultaneous_classification,False
svd_minus_attention_d128_rho0.25_seeds[3416]_branches[0],False,[3416],[0.25],['cfp'],6.082592659773866,0.2852095211614608,11.890137764327942,,,2.9691300639525067,secondary_no_simultaneous_classification,False
svd_minus_attention_d128_rho0.25_seeds[3416]_branches[1],False,[3416],[0.25],['oct'],4.424398438117009,-1.9793526533061232,11.025136945648564,,,3.3072516746347853,secondary_no_simultaneous_classification,False
"svd_minus_attention_d128_rho0.25_seeds[3416]_branches[0, 1]",False,[3416],[0.25],"['cfp', 'oct']",5.253495548945438,0.5767955552044544,9.979615562346115,,,2.3848638026971063,secondary_no_simultaneous_classification,False
svd_minus_attention_d128_rho0.25_seeds[3417]_branches[0],False,[3417],[0.25],['cfp'],6.0679697318605434,0.2761892161469906,11.813060762829496,,,2.919539605737069,secondary_no_simultaneous_classification,False
svd_minus_attention_d128_rho0.25_seeds[3417]_branches[1],False,[3417],[0.25],['oct'],4.384559356994927,-1.704932914846035,10.491762013200924,,,3.1108201606143724,secondary_no_simultaneous_classification,False
"svd_minus_attention_d128_rho0.25_seeds[3417]_branches[0, 1]",False,[3417],[0.25],"['cfp', 'oct']",5.226264544427735,0.7276148055729414,9.64949770482237,,,2.293732748861683,secondary_no_simultaneous_classification,False
svd_minus_attention_d128_rho0.25_seeds[3418]_branches[0],False,[3418],[0.25],['cfp'],3.3808479532163886,-1.6567644214549566,8.241382601453077,,,2.529197122293661,secondary_no_simultaneous_classification,False
svd_minus_attention_d128_rho0.25_seeds[3418]_branches[1],False,[3418],[0.25],['oct'],-1.0785831857331374,-7.197240238291747,4.9806439186285125,,,3.1434382524707742,secondary_no_simultaneous_classification,False
"svd_minus_attention_d128_rho0.25_seeds[3418]_branches[0, 1]",False,[3418],[0.25],"['cfp', 'oct']",1.1511323837416256,-3.224885130187627,5.407515121898781,,,2.1998631558450037,secondary_no_simultaneous_classification,False
"svd_minus_attention_d256_rho0.25_seeds[3416, 3417, 3418]_branches[0]",False,"[3416, 3417, 3418]",[0.25],['cfp'],5.070799032843979,1.4931055681390502,8.640269674920326,,,1.8278713075960547,secondary_no_simultaneous_classification,False
"svd_minus_attention_d256_rho0.25_seeds[3416, 3417, 3418]_branches[1]",False,"[3416, 3417, 3418]",[0.25],['oct'],1.885052668678668,-2.3708095744901887,6.203547013025162,,,2.182832896285178,secondary_no_simultaneous_classification,False
"svd_minus_attention_d256_rho0.25_seeds[3416, 3417, 3418]_branches[0, 1]",False,"[3416, 3417, 3418]",[0.25],"['cfp', 'oct']",3.4779258507613235,0.5503005216348199,6.413038829837077,,,1.4828677798717682,secondary_no_simultaneous_classification,False
svd_minus_attention_d256_rho0.25_seeds[3416]_branches[0],False,[3416],[0.25],['cfp'],5.111952343222697,-0.2994033180059225,10.522893430025517,,,2.7720587646087362,secondary_no_simultaneous_classification,False
svd_minus_attention_d256_rho0.25_seeds[3416]_branches[1],False,[3416],[0.25],['oct'],4.357546371504512,-1.4508719468975049,10.290931845154415,,,2.9826431670166422,secondary_no_simultaneous_classification,False
"svd_minus_attention_d256_rho0.25_seeds[3416]_branches[0, 1]",False,[3416],[0.25],"['cfp', 'oct']",4.734749357363604,0.5132573376102201,9.062912060083413,,,2.188621233184007,secondary_no_simultaneous_classification,False
svd_minus_attention_d256_rho0.25_seeds[3417]_branches[0],False,[3417],[0.25],['cfp'],6.0679697318605434,0.2761892161469906,11.813060762829496,,,2.919539605737069,secondary_no_simultaneous_classification,False
svd_minus_attention_d256_rho0.25_seeds[3417]_branches[1],False,[3417],[0.25],['oct'],4.384559356994927,-1.704932914846035,10.491762013200924,,,3.1108201606143724,secondary_no_simultaneous_classification,False
"svd_minus_attention_d256_rho0.25_seeds[3417]_branches[0, 1]",False,[3417],[0.25],"['cfp', 'oct']",5.226264544427735,0.7276148055729414,9.64949770482237,,,2.293732748861683,secondary_no_simultaneous_classification,False
svd_minus_attention_d256_rho0.25_seeds[3418]_branches[0],False,[3418],[0.25],['cfp'],4.032475023448697,-0.8887477939039551,8.943269635499759,,,2.4962254395321337,secondary_no_simultaneous_classification,False
svd_minus_attention_d256_rho0.25_seeds[3418]_branches[1],False,[3418],[0.25],['oct'],-3.0869477224634494,-8.806420053975398,2.6236577947331825,,,2.9173981905866064,secondary_no_simultaneous_classification,False
"svd_minus_attention_d256_rho0.25_seeds[3418]_branches[0, 1]",False,[3418],[0.25],"['cfp', 'oct']",0.4727636504926238,-3.737056535610484,4.583344720932488,,,2.131660066516526,secondary_no_simultaneous_classification,False
"qr_minus_mmtm_r4_rho0.0625_seeds[3416, 3417, 3418]_branches[0]",False,"[3416, 3417, 3418]",[0.0625],['cfp'],-0.11458078449797782,-1.4748463279434865,1.242296698758827,,,0.7077752057855048,secondary_no_simultaneous_classification,False
"qr_minus_mmtm_r4_rho0.0625_seeds[3416, 3417, 3418]_branches[1]",False,"[3416, 3417, 3418]",[0.0625],['oct'],1.0129363246128804,-0.592232620815138,2.610215403564915,,,0.820779203980378,secondary_no_simultaneous_classification,False
"qr_minus_mmtm_r4_rho0.0625_seeds[3416, 3417, 3418]_branches[0, 1]",False,"[3416, 3417, 3418]",[0.0625],"['cfp', 'oct']",0.4491777700574513,-0.6212783337908834,1.5121788926064677,,,0.5433702693990812,secondary_no_simultaneous_classification,False
qr_minus_mmtm_r4_rho0.0625_seeds[3416]_branches[0],False,[3416],[0.0625],['cfp'],0.0,0.0,0.0,,,0.0,secondary_no_simultaneous_classification,True
qr_minus_mmtm_r4_rho0.0625_seeds[3416]_branches[1],False,[3416],[0.0625],['oct'],0.0,0.0,0.0,,,0.0,secondary_no_simultaneous_classification,True
"qr_minus_mmtm_r4_rho0.0625_seeds[3416]_branches[0, 1]",False,[3416],[0.0625],"['cfp', 'oct']",0.0,-7.105427357601002e-15,7.105427357601002e-15,,,4.5197893200604324e-15,secondary_no_simultaneous_classification,False
qr_minus_mmtm_r4_rho0.0625_seeds[3417]_branches[0],False,[3417],[0.0625],['cfp'],0.0,0.0,0.0,,,0.0,secondary_no_simultaneous_classification,True
qr_minus_mmtm_r4_rho0.0625_seeds[3417]_branches[1],False,[3417],[0.0625],['oct'],0.0,0.0,0.0,,,0.0,secondary_no_simultaneous_classification,True
"qr_minus_mmtm_r4_rho0.0625_seeds[3417]_branches[0, 1]",False,[3417],[0.0625],"['cfp', 'oct']",0.0,-7.105427357601002e-15,7.105427357601002e-15,,,3.820620088127164e-15,secondary_no_simultaneous_classification,False
qr_minus_mmtm_r4_rho0.0625_seeds[3418]_branches[0],False,[3418],[0.0625],['cfp'],-0.3437423534939228,-4.424538983830463,3.7268900962764944,,,2.123325617356513,secondary_no_simultaneous_classification,False
qr_minus_mmtm_r4_rho0.0625_seeds[3418]_branches[1],False,[3418],[0.0625],['oct'],3.0388089738386412,-1.7766978624454108,7.830646210694741,,,2.462337611941129,secondary_no_simultaneous_classification,False
"qr_minus_mmtm_r4_rho0.0625_seeds[3418]_branches[0, 1]",False,[3418],[0.0625],"['cfp', 'oct']",1.3475333101723592,-1.8638350013726717,4.53653667781941,,,1.6301108081972413,secondary_no_simultaneous_classification,False
"qr_minus_mmtm_r8_rho0.0625_seeds[3416, 3417, 3418]_branches[0]",False,"[3416, 3417, 3418]",[0.0625],['cfp'],-0.11458078449797426,-1.4748463279434865,1.242296698758827,,,0.7077752057855048,secondary_no_simultaneous_classification,False
"qr_minus_mmtm_r8_rho0.0625_seeds[3416, 3417, 3418]_branches[1]",False,"[3416, 3417, 3418]",[0.0625],['oct'],1.0129363246128804,-0.592232620815138,2.610215403564915,,,0.820779203980378,secondary_no_simultaneous_classification,False
"qr_minus_mmtm_r8_rho0.0625_seeds[3416, 3417, 3418]_branches[0, 1]",False,"[3416, 3417, 3418]",[0.0625],"['cfp', 'oct']",0.4491777700574531,-0.6212783337908834,1.5121788926064677,,,0.5433702693990812,secondary_no_simultaneous_classification,False
qr_minus_mmtm_r8_rho0.0625_seeds[3416]_branches[0],False,[3416],[0.0625],['cfp'],0.0,0.0,0.0,,,0.0,secondary_no_simultaneous_classification,True
qr_minus_mmtm_r8_rho0.0625_seeds[3416]_branches[1],False,[3416],[0.0625],['oct'],0.0,0.0,0.0,,,0.0,secondary_no_simultaneous_classification,True
"qr_minus_mmtm_r8_rho0.0625_seeds[3416]_branches[0, 1]",False,[3416],[0.0625],"['cfp', 'oct']",0.0,-7.105427357601002e-15,7.105427357601002e-15,,,4.5197893200604324e-15,secondary_no_simultaneous_classification,False
qr_minus_mmtm_r8_rho0.0625_seeds[3417]_branches[0],False,[3417],[0.0625],['cfp'],0.0,0.0,0.0,,,0.0,secondary_no_simultaneous_classification,True
qr_minus_mmtm_r8_rho0.0625_seeds[3417]_branches[1],False,[3417],[0.0625],['oct'],0.0,0.0,0.0,,,0.0,secondary_no_simultaneous_classification,True
"qr_minus_mmtm_r8_rho0.0625_seeds[3417]_branches[0, 1]",False,[3417],[0.0625],"['cfp', 'oct']",0.0,-7.105427357601002e-15,7.105427357601002e-15,,,3.820620088127164e-15,secondary_no_simultaneous_classification,False
qr_minus_mmtm_r8_rho0.0625_seeds[3418]_branches[0],False,[3418],[0.0625],['cfp'],-0.3437423534939228,-4.424538983830463,3.7268900962764944,,,2.123325617356513,secondary_no_simultaneous_classification,False
qr_minus_mmtm_r8_rho0.0625_seeds[3418]_branches[1],False,[3418],[0.0625],['oct'],3.0388089738386412,-1.7766978624454108,7.830646210694741,,,2.462337611941129,secondary_no_simultaneous_classification,False
"qr_minus_mmtm_r8_rho0.0625_seeds[3418]_branches[0, 1]",False,[3418],[0.0625],"['cfp', 'oct']",1.3475333101723592,-1.8638350013726717,4.53653667781941,,,1.6301108081972413,secondary_no_simultaneous_classification,False
"qr_minus_attention_d128_rho0.0625_seeds[3416, 3417, 3418]_branches[0]",False,"[3416, 3417, 3418]",[0.0625],['cfp'],0.2316884295975825,-1.0813488205877952,1.5053379123429353,,,0.6603729624775981,secondary_no_simultaneous_classification,False
"qr_minus_attention_d128_rho0.0625_seeds[3416, 3417, 3418]_branches[1]",False,"[3416, 3417, 3418]",[0.0625],['oct'],-0.22329395261706253,-1.7492792654435123,1.3070962694252375,,,0.7777039678915544,secondary_no_simultaneous_classification,False
"qr_minus_attention_d128_rho0.0625_seeds[3416, 3417, 3418]_branches[0, 1]",False,"[3416, 3417, 3418]",[0.0625],"['cfp', 'oct']",0.004197238490259991,-1.0168752224057511,1.0183784763154853,,,0.5214394535127845,secondary_no_simultaneous_classification,False
qr_minus_attention_d128_rho0.0625_seeds[3416]_branches[0],False,[3416],[0.0625],['cfp'],0.0,0.0,0.0,,,0.0,secondary_no_simultaneous_classification,True
qr_minus_attention_d128_rho0.0625_seeds[3416]_branches[1],False,[3416],[0.0625],['oct'],0.0,0.0,0.0,,,0.0,secondary_no_simultaneous_classification,True
"qr_minus_attention_d128_rho0.0625_seeds[3416]_branches[0, 1]",False,[3416],[0.0625],"['cfp', 'oct']",0.0,-7.105427357601002e-15,7.105427357601002e-15,,,4.5197893200604324e-15,secondary_no_simultaneous_classification,False
qr_minus_attention_d128_rho0.0625_seeds[3417]_branches[0],False,[3417],[0.0625],['cfp'],0.0,0.0,0.0,,,0.0,secondary_no_simultaneous_classification,True
qr_minus_attention_d128_rho0.0625_seeds[3417]_branches[1],False,[3417],[0.0625],['oct'],0.0,0.0,0.0,,,0.0,secondary_no_simultaneous_classification,True
"qr_minus_attention_d128_rho0.0625_seeds[3417]_branches[0, 1]",False,[3417],[0.0625],"['cfp', 'oct']",0.0,-7.105427357601002e-15,7.105427357601002e-15,,,3.820620088127164e-15,secondary_no_simultaneous_classification,False
qr_minus_attention_d128_rho0.0625_seeds[3418]_branches[0],False,[3418],[0.0625],['cfp'],0.6950652887927617,-3.2440464617633755,4.516013737028817,,,1.9811188874327954,secondary_no_simultaneous_classification,False
qr_minus_attention_d128_rho0.0625_seeds[3418]_branches[1],False,[3418],[0.0625],['oct'],-0.6698818578511805,-5.247837796330534,3.9212888082757056,,,2.3331119036746655,secondary_no_simultaneous_classification,False
"qr_minus_attention_d128_rho0.0625_seeds[3418]_branches[0, 1]",False,[3418],[0.0625],"['cfp', 'oct']",0.012591715470790632,-3.05062566721724,3.0551354289464743,,,1.5643183605383562,secondary_no_simultaneous_classification,False
"qr_minus_attention_d256_rho0.0625_seeds[3416, 3417, 3418]_branches[0]",False,"[3416, 3417, 3418]",[0.0625],['cfp'],0.1253506808246314,-1.913526903959294,2.11738988093638,,,1.0323612051815012,secondary_no_simultaneous_classification,False
"qr_minus_attention_d256_rho0.0625_seeds[3416, 3417, 3418]_branches[1]",False,"[3416, 3417, 3418]",[0.0625],['oct'],-0.9150328203979967,-3.1711051726077337,1.2546767402940975,,,1.1295485074747227,secondary_no_simultaneous_classification,False
"qr_minus_attention_d256_rho0.0625_seeds[3416, 3417, 3418]_branches[0, 1]",False,"[3416, 3417, 3418]",[0.0625],"['cfp', 'oct']",-0.39484106978668265,-1.9284797420802804,1.1615172908963478,,,0.7862728235842069,secondary_no_simultaneous_classification,False
qr_minus_attention_d256_rho0.0625_seeds[3416]_branches[0],False,[3416],[0.0625],['cfp'],-0.9706403165511688,-5.423850295263379,3.6563446735655676,,,2.3099990554141945,secondary_no_simultaneous_classification,False
qr_minus_attention_d256_rho0.0625_seeds[3416]_branches[1],False,[3416],[0.0625],['oct'],-0.06685206661249765,-4.738114709288825,4.48812060464594,,,2.391700806522061,secondary_no_simultaneous_classification,False
"qr_minus_attention_d256_rho0.0625_seeds[3416]_branches[0, 1]",False,[3416],[0.0625],"['cfp', 'oct']",-0.5187461915818332,-3.867964421030859,2.884602127040189,,,1.710993502697557,secondary_no_simultaneous_classification,False
qr_minus_attention_d256_rho0.0625_seeds[3417]_branches[0],False,[3417],[0.0625],['cfp'],0.0,0.0,0.0,,,0.0,secondary_no_simultaneous_classification,True
qr_minus_attention_d256_rho0.0625_seeds[3417]_branches[1],False,[3417],[0.0625],['oct'],0.0,0.0,0.0,,,0.0,secondary_no_simultaneous_classification,True
"qr_minus_attention_d256_rho0.0625_seeds[3417]_branches[0, 1]",False,[3417],[0.0625],"['cfp', 'oct']",0.0,-7.105427357601002e-15,7.105427357601002e-15,,,3.820620088127164e-15,secondary_no_simultaneous_classification,False
qr_minus_attention_d256_rho0.0625_seeds[3418]_branches[0],False,[3418],[0.0625],['cfp'],1.3466923590250701,-2.427809044362557,5.07644743625193,,,1.9180390821011428,secondary_no_simultaneous_classification,False
qr_minus_attention_d256_rho0.0625_seeds[3418]_branches[1],False,[3418],[0.0625],['oct'],-2.6782463945814925,-7.066362953753654,1.5733620700006492,,,2.2073530129025993,secondary_no_simultaneous_classification,False
"qr_minus_attention_d256_rho0.0625_seeds[3418]_branches[0, 1]",False,[3418],[0.0625],"['cfp', 'oct']",-0.6657770177782112,-3.5508124035787687,2.207106407751373,,,1.4756681531589937,secondary_no_simultaneous_classification,False
"qr_minus_mmtm_r4_rho0.125_seeds[3416, 3417, 3418]_branches[0]",False,"[3416, 3417, 3418]",[0.125],['cfp'],3.779556793693491,0.6166833982504921,6.896806544451613,,,1.6097905064736056,secondary_no_simultaneous_classification,False
"qr_minus_mmtm_r4_rho0.125_seeds[3416, 3417, 3418]_branches[1]",False,"[3416, 3417, 3418]",[0.125],['oct'],2.2112270264125193,-2.422227558465634,6.9701376139863305,,,2.398595971026356,secondary_no_simultaneous_classification,False
"qr_minus_mmtm_r4_rho0.125_seeds[3416, 3417, 3418]_branches[0, 1]",False,"[3416, 3417, 3418]",[0.125],"['cfp', 'oct']",2.995391910053005,0.07618145797718164,5.85871454588421,,,1.4623382836847938,secondary_no_simultaneous_classification,False
qr_minus_mmtm_r4_rho0.125_seeds[3416]_branches[0],False,[3416],[0.125],['cfp'],4.319469671353076,-0.6895272652783753,9.326794117751563,,,2.540370314986645,secondary_no_simultaneous_classification,False
qr_minus_mmtm_r4_rho0.125_seeds[3416]_branches[1],False,[3416],[0.125],['oct'],4.1181449820682445,-1.9792499074744956,10.168493831450823,,,3.117803495170742,secondary_no_simultaneous_classification,False
"qr_minus_mmtm_r4_rho0.125_seeds[3416]_branches[0, 1]",False,[3416],[0.125],"['cfp', 'oct']",4.21880732671066,0.19141294913257942,8.144264345276264,,,2.041574670946754,secondary_no_simultaneous_classification,False
qr_minus_mmtm_r4_rho0.125_seeds[3417]_branches[0],False,[3417],[0.125],['cfp'],5.222372703478555,0.22217639229729863,10.199728411445532,,,2.5279307440039074,secondary_no_simultaneous_classification,False
qr_minus_mmtm_r4_rho0.125_seeds[3417]_branches[1],False,[3417],[0.125],['oct'],-0.7157319209656876,-6.547750516110284,5.078692226324419,,,2.984885104421639,secondary_no_simultaneous_classification,False
"qr_minus_mmtm_r4_rho0.125_seeds[3417]_branches[0, 1]",False,[3417],[0.125],"['cfp', 'oct']",2.253320391256434,-1.7232224110796877,6.254056966056304,,,2.0368441950577,secondary_no_simultaneous_classification,False
qr_minus_mmtm_r4_rho0.125_seeds[3418]_branches[0],False,[3418],[0.125],['cfp'],1.7968280062488446,-2.91193038032796,6.48239818739205,,,2.3954114433616627,secondary_no_simultaneous_classification,False
qr_minus_mmtm_r4_rho0.125_seeds[3418]_branches[1],False,[3418],[0.125],['oct'],3.2312680181349975,-3.1624434735362184,9.825168624859236,,,3.348511078817093,secondary_no_simultaneous_classification,False
"qr_minus_mmtm_r4_rho0.125_seeds[3418]_branches[0, 1]",False,[3418],[0.125],"['cfp', 'oct']",2.514048012191921,-1.4915889271933245,6.6311178402741096,,,2.07438366368504,secondary_no_simultaneous_classification,False
"qr_minus_mmtm_r8_rho0.125_seeds[3416, 3417, 3418]_branches[0]",False,"[3416, 3417, 3418]",[0.125],['cfp'],3.7795567936934944,0.6166833982504921,6.896806544451613,,,1.6097905064736056,secondary_no_simultaneous_classification,False
"qr_minus_mmtm_r8_rho0.125_seeds[3416, 3417, 3418]_branches[1]",False,"[3416, 3417, 3418]",[0.125],['oct'],2.211227026412516,-2.422227558465634,6.9701376139863305,,,2.398595971026356,secondary_no_simultaneous_classification,False
"qr_minus_mmtm_r8_rho0.125_seeds[3416, 3417, 3418]_branches[0, 1]",False,"[3416, 3417, 3418]",[0.125],"['cfp', 'oct']",2.995391910053005,0.07618145797718164,5.85871454588421,,,1.4623382836847938,secondary_no_simultaneous_classification,False
qr_minus_mmtm_r8_rho0.125_seeds[3416]_branches[0],False,[3416],[0.125],['cfp'],4.319469671353076,-0.6895272652783753,9.326794117751563,,,2.540370314986645,secondary_no_simultaneous_classification,False
qr_minus_mmtm_r8_rho0.125_seeds[3416]_branches[1],False,[3416],[0.125],['oct'],4.1181449820682445,-1.9792499074744956,10.168493831450823,,,3.117803495170742,secondary_no_simultaneous_classification,False
"qr_minus_mmtm_r8_rho0.125_seeds[3416]_branches[0, 1]",False,[3416],[0.125],"['cfp', 'oct']",4.21880732671066,0.19141294913257942,8.144264345276264,,,2.041574670946754,secondary_no_simultaneous_classification,False
qr_minus_mmtm_r8_rho0.125_seeds[3417]_branches[0],False,[3417],[0.125],['cfp'],5.222372703478555,0.22217639229729863,10.199728411445532,,,2.5279307440039074,secondary_no_simultaneous_classification,False
qr_minus_mmtm_r8_rho0.125_seeds[3417]_branches[1],False,[3417],[0.125],['oct'],-0.7157319209656876,-6.547750516110284,5.078692226324419,,,2.984885104421639,secondary_no_simultaneous_classification,False
"qr_minus_mmtm_r8_rho0.125_seeds[3417]_branches[0, 1]",False,[3417],[0.125],"['cfp', 'oct']",2.253320391256434,-1.7232224110796877,6.254056966056304,,,2.0368441950577,secondary_no_simultaneous_classification,False
qr_minus_mmtm_r8_rho0.125_seeds[3418]_branches[0],False,[3418],[0.125],['cfp'],1.7968280062488446,-2.91193038032796,6.48239818739205,,,2.3954114433616627,secondary_no_simultaneous_classification,False
qr_minus_mmtm_r8_rho0.125_seeds[3418]_branches[1],False,[3418],[0.125],['oct'],3.2312680181349975,-3.1624434735362184,9.825168624859236,,,3.348511078817093,secondary_no_simultaneous_classification,False
"qr_minus_mmtm_r8_rho0.125_seeds[3418]_branches[0, 1]",False,[3418],[0.125],"['cfp', 'oct']",2.514048012191921,-1.4915889271933245,6.6311178402741096,,,2.07438366368504,secondary_no_simultaneous_classification,False
"qr_minus_attention_d128_rho0.125_seeds[3416, 3417, 3418]_branches[0]",False,"[3416, 3417, 3418]",[0.125],['cfp'],4.125826007789051,1.0932977578432115,7.23174560034928,,,1.5568781355314905,secondary_no_simultaneous_classification,False
"qr_minus_attention_d128_rho0.125_seeds[3416, 3417, 3418]_branches[1]",False,"[3416, 3417, 3418]",[0.125],['oct'],0.9749967491825764,-3.324613649391329,5.319631238917913,,,2.192976417436558,secondary_no_simultaneous_classification,False
"qr_minus_attention_d128_rho0.125_seeds[3416, 3417, 3418]_branches[0, 1]",False,"[3416, 3417, 3418]",[0.125],"['cfp', 'oct']",2.550411378485814,-0.21705942047165128,5.270958779086879,,,1.3932411201636163,secondary_no_simultaneous_classification,False
qr_minus_attention_d128_rho0.125_seeds[3416]_branches[0],False,[3416],[0.125],['cfp'],4.319469671353076,-0.6895272652783753,9.326794117751563,,,2.540370314986645,secondary_no_simultaneous_classification,False
qr_minus_attention_d128_rho0.125_seeds[3416]_branches[1],False,[3416],[0.125],['oct'],4.1181449820682445,-1.9792499074744956,10.168493831450823,,,3.117803495170742,secondary_no_simultaneous_classification,False
"qr_minus_attention_d128_rho0.125_seeds[3416]_branches[0, 1]",False,[3416],[0.125],"['cfp', 'oct']",4.21880732671066,0.19141294913257942,8.144264345276264,,,2.041574670946754,secondary_no_simultaneous_classification,False
qr_minus_attention_d128_rho0.125_seeds[3417]_branches[0],False,[3417],[0.125],['cfp'],5.222372703478555,0.22217639229729863,10.199728411445532,,,2.5279307440039074,secondary_no_simultaneous_classification,False
qr_minus_attention_d128_rho0.125_seeds[3417]_branches[1],False,[3417],[0.125],['oct'],-0.7157319209656876,-6.547750516110284,5.078692226324419,,,2.984885104421639,secondary_no_simultaneous_classification,False
"qr_minus_attention_d128_rho0.125_seeds[3417]_branches[0, 1]",False,[3417],[0.125],"['cfp', 'oct']",2.253320391256434,-1.7232224110796877,6.254056966056304,,,2.0368441950577,secondary_no_simultaneous_classification,False
qr_minus_attention_d128_rho0.125_seeds[3418]_branches[0],False,[3418],[0.125],['cfp'],2.835635648535529,-1.4422778814351553,7.127672523467202,,,2.1819870580804492,secondary_no_simultaneous_classification,False
qr_minus_attention_d128_rho0.125_seeds[3418]_branches[1],False,[3418],[0.125],['oct'],-0.4774228135548242,-6.14689177763784,5.272363339113485,,,2.9256607931730207,secondary_no_simultaneous_classification,False
"qr_minus_attention_d128_rho0.125_seeds[3418]_branches[0, 1]",False,[3418],[0.125],"['cfp', 'oct']",1.1791064174903525,-2.5315585196478567,4.841711628558507,,,1.8755348505552658,secondary_no_simultaneous_classification,False
"qr_minus_attention_d256_rho0.125_seeds[3416, 3417, 3418]_branches[0]",False,"[3416, 3417, 3418]",[0.125],['cfp'],4.0194882590161,1.5130414210019045,6.456356987609663,,,1.2648279211202795,secondary_no_simultaneous_classification,False
"qr_minus_attention_d256_rho0.125_seeds[3416, 3417, 3418]_branches[1]",False,"[3416, 3417, 3418]",[0.125],['oct'],0.28325788140163866,-3.5826233987094547,4.138387843402469,,,1.9664997794374597,secondary_no_simultaneous_classification,False
"qr_minus_attention_d256_rho0.125_seeds[3416, 3417, 3418]_branches[0, 1]",False,"[3416, 3417, 3418]",[0.125],"['cfp', 'oct']",2.1513730702088694,-0.33507624472487135,4.519838841977319,,,1.2411786919191898,secondary_no_simultaneous_classification,False
qr_minus_attention_d256_rho0.125_seeds[3416]_branches[0],False,[3416],[0.125],['cfp'],3.3488293548019072,-0.9198858371341603,7.628758905049491,,,2.1626430216876744,secondary_no_simultaneous_classification,False
qr_minus_attention_d256_rho0.125_seeds[3416]_branches[1],False,[3416],[0.125],['oct'],4.051292915455747,-1.351369860161347,9.45047329534794,,,2.745449585910043,secondary_no_simultaneous_classification,False
"qr_minus_attention_d256_rho0.125_seeds[3416]_branches[0, 1]",False,[3416],[0.125],"['cfp', 'oct']",3.700061135128827,0.1536875975709692,7.375750636937648,,,1.839867611291756,secondary_no_simultaneous_classification,False
qr_minus_attention_d256_rho0.125_seeds[3417]_branches[0],False,[3417],[0.125],['cfp'],5.222372703478555,0.22217639229729863,10.199728411445532,,,2.5279307440039074,secondary_no_simultaneous_classification,False
qr_minus_attention_d256_rho0.125_seeds[3417]_branches[1],False,[3417],[0.125],['oct'],-0.7157319209656876,-6.547750516110284,5.078692226324419,,,2.984885104421639,secondary_no_simultaneous_classification,False
"qr_minus_attention_d256_rho0.125_seeds[3417]_branches[0, 1]",False,[3417],[0.125],"['cfp', 'oct']",2.253320391256434,-1.7232224110796877,6.254056966056304,,,2.0368441950577,secondary_no_simultaneous_classification,False
qr_minus_attention_d256_rho0.125_seeds[3418]_branches[0],False,[3418],[0.125],['cfp'],3.4872627187678376,-0.5035202740942097,7.4152964921430895,,,2.033227042517932,secondary_no_simultaneous_classification,False
qr_minus_attention_d256_rho0.125_seeds[3418]_branches[1],False,[3418],[0.125],['oct'],-2.485787350285136,-7.730438769972564,2.6988152790831847,,,2.665963842212745,secondary_no_simultaneous_classification,False
"qr_minus_attention_d256_rho0.125_seeds[3418]_branches[0, 1]",False,[3418],[0.125],"['cfp', 'oct']",0.5007376842413507,-3.0818545686593515,4.034848482624518,,,1.8153184027198472,secondary_no_simultaneous_classification,False
"qr_minus_mmtm_r4_rho0.25_seeds[3416, 3417, 3418]_branches[0]",False,"[3416, 3417, 3418]",[0.25],['cfp'],3.920276255450439,0.2926300181783513,7.638405641770679,,,1.8852937770302802,secondary_no_simultaneous_classification,False
"qr_minus_mmtm_r4_rho0.25_seeds[3416, 3417, 3418]_branches[1]",False,"[3416, 3417, 3418]",[0.25],['oct'],4.9686786925693625,-0.2427664225975084,10.15126417185995,,,2.6500118768501153,secondary_no_simultaneous_classification,False
"qr_minus_mmtm_r4_rho0.25_seeds[3416, 3417, 3418]_branches[0, 1]",False,"[3416, 3417, 3418]",[0.25],"['cfp', 'oct']",4.444477474009901,1.3498519213494242,7.591619490642469,,,1.60254636073934,secondary_no_simultaneous_classification,False
qr_minus_mmtm_r4_rho0.25_seeds[3416]_branches[0],False,[3416],[0.25],['cfp'],5.361311656802727,-0.05982858032385922,10.728511593273991,,,2.764022340534728,secondary_no_simultaneous_classification,False
qr_minus_mmtm_r4_rho0.25_seeds[3416]_branches[1],False,[3416],[0.25],['oct'],7.141593308949652,0.9124235627622969,13.521745323672622,,,3.2210662155138143,secondary_no_simultaneous_classification,False
"qr_minus_mmtm_r4_rho0.25_seeds[3416]_branches[0, 1]",False,[3416],[0.25],"['cfp', 'oct']",6.251452482876189,1.749188647799227,10.622815248084896,,,2.2626090463924684,secondary_no_simultaneous_classification,False
qr_minus_mmtm_r4_rho0.25_seeds[3417]_branches[0],False,[3417],[0.25],['cfp'],4.715862202768534,-0.5881707090725224,10.076271851319047,,,2.719930853450626,secondary_no_simultaneous_classification,False
qr_minus_mmtm_r4_rho0.25_seeds[3417]_branches[1],False,[3417],[0.25],['oct'],4.049888706057047,-2.362689282409737,10.474365602402385,,,3.290035684730318,secondary_no_simultaneous_classification,False
"qr_minus_mmtm_r4_rho0.25_seeds[3417]_branches[0, 1]",False,[3417],[0.25],"['cfp', 'oct']",4.38287545441279,-0.1571978949616978,8.927562433743878,,,2.2809209428179567,secondary_no_simultaneous_classification,False
qr_minus_mmtm_r4_rho0.25_seeds[3418]_branches[0],False,[3418],[0.25],['cfp'],1.6836549067800632,-3.0022988400710515,6.423842381619188,,,2.367696916557618,secondary_no_simultaneous_classification,False
qr_minus_mmtm_r4_rho0.25_seeds[3418]_branches[1],False,[3418],[0.25],['oct'],3.7145540627013958,-3.3433227641996823,10.466730844054592,,,3.4913402655730152,secondary_no_simultaneous_classification,False
"qr_minus_mmtm_r4_rho0.25_seeds[3418]_branches[0, 1]",False,[3418],[0.25],"['cfp', 'oct']",2.6991044847407295,-1.476407138043265,6.8023989614206215,,,2.098912626706213,secondary_no_simultaneous_classification,False
"qr_minus_mmtm_r8_rho0.25_seeds[3416, 3417, 3418]_branches[0]",False,"[3416, 3417, 3418]",[0.25],['cfp'],3.920276255450439,0.2926300181783513,7.638405641770679,,,1.8852937770302802,secondary_no_simultaneous_classification,False
"qr_minus_mmtm_r8_rho0.25_seeds[3416, 3417, 3418]_branches[1]",False,"[3416, 3417, 3418]",[0.25],['oct'],4.9686786925693625,-0.2427664225975084,10.15126417185995,,,2.6500118768501153,secondary_no_simultaneous_classification,False
"qr_minus_mmtm_r8_rho0.25_seeds[3416, 3417, 3418]_branches[0, 1]",False,"[3416, 3417, 3418]",[0.25],"['cfp', 'oct']",4.444477474009901,1.3498519213494242,7.591619490642469,,,1.60254636073934,secondary_no_simultaneous_classification,False
qr_minus_mmtm_r8_rho0.25_seeds[3416]_branches[0],False,[3416],[0.25],['cfp'],5.361311656802727,-0.05982858032385922,10.728511593273991,,,2.764022340534728,secondary_no_simultaneous_classification,False
qr_minus_mmtm_r8_rho0.25_seeds[3416]_branches[1],False,[3416],[0.25],['oct'],7.141593308949652,0.9124235627622969,13.521745323672622,,,3.2210662155138143,secondary_no_simultaneous_classification,False
"qr_minus_mmtm_r8_rho0.25_seeds[3416]_branches[0, 1]",False,[3416],[0.25],"['cfp', 'oct']",6.251452482876189,1.749188647799227,10.622815248084896,,,2.2626090463924684,secondary_no_simultaneous_classification,False
qr_minus_mmtm_r8_rho0.25_seeds[3417]_branches[0],False,[3417],[0.25],['cfp'],4.715862202768534,-0.5881707090725224,10.076271851319047,,,2.719930853450626,secondary_no_simultaneous_classification,False
qr_minus_mmtm_r8_rho0.25_seeds[3417]_branches[1],False,[3417],[0.25],['oct'],4.049888706057047,-2.362689282409737,10.474365602402385,,,3.290035684730318,secondary_no_simultaneous_classification,False
"qr_minus_mmtm_r8_rho0.25_seeds[3417]_branches[0, 1]",False,[3417],[0.25],"['cfp', 'oct']",4.38287545441279,-0.1571978949616978,8.927562433743878,,,2.2809209428179567,secondary_no_simultaneous_classification,False
qr_minus_mmtm_r8_rho0.25_seeds[3418]_branches[0],False,[3418],[0.25],['cfp'],1.6836549067800632,-3.0022988400710515,6.423842381619188,,,2.367696916557618,secondary_no_simultaneous_classification,False
qr_minus_mmtm_r8_rho0.25_seeds[3418]_branches[1],False,[3418],[0.25],['oct'],3.7145540627013958,-3.3433227641996823,10.466730844054592,,,3.4913402655730152,secondary_no_simultaneous_classification,False
"qr_minus_mmtm_r8_rho0.25_seeds[3418]_branches[0, 1]",False,[3418],[0.25],"['cfp', 'oct']",2.6991044847407295,-1.476407138043265,6.8023989614206215,,,2.098912626706213,secondary_no_simultaneous_classification,False
"qr_minus_attention_d128_rho0.25_seeds[3416, 3417, 3418]_branches[0]",False,"[3416, 3417, 3418]",[0.25],['cfp'],4.266545469545999,0.6650985121784109,8.00138352891522,,,1.8598864320031387,secondary_no_simultaneous_classification,False
"qr_minus_attention_d128_rho0.25_seeds[3416, 3417, 3418]_branches[1]",False,"[3416, 3417, 3418]",[0.25],['oct'],3.7324484153394195,-0.9758825597796058,8.488869091459653,,,2.432247345573812,secondary_no_simultaneous_classification,False
"qr_minus_attention_d128_rho0.25_seeds[3416, 3417, 3418]_branches[0, 1]",False,"[3416, 3417, 3418]",[0.25],"['cfp', 'oct']",3.9994969424427094,0.9628797764991746,7.120912375503793,,,1.5701540014924056,secondary_no_simultaneous_classification,False
qr_minus_attention_d128_rho0.25_seeds[3416]_branches[0],False,[3416],[0.25],['cfp'],5.361311656802727,-0.05982858032385922,10.728511593273991,,,2.764022340534728,secondary_no_simultaneous_classification,False
qr_minus_attention_d128_rho0.25_seeds[3416]_branches[1],False,[3416],[0.25],['oct'],7.141593308949652,0.9124235627622969,13.521745323672622,,,3.2210662155138143,secondary_no_simultaneous_classification,False
"qr_minus_attention_d128_rho0.25_seeds[3416]_branches[0, 1]",False,[3416],[0.25],"['cfp', 'oct']",6.251452482876189,1.749188647799227,10.622815248084896,,,2.2626090463924684,secondary_no_simultaneous_classification,False
qr_minus_attention_d128_rho0.25_seeds[3417]_branches[0],False,[3417],[0.25],['cfp'],4.715862202768534,-0.5881707090725224,10.076271851319047,,,2.719930853450626,secondary_no_simultaneous_classification,False
qr_minus_attention_d128_rho0.25_seeds[3417]_branches[1],False,[3417],[0.25],['oct'],4.049888706057047,-2.362689282409737,10.474365602402385,,,3.290035684730318,secondary_no_simultaneous_classification,False
"qr_minus_attention_d128_rho0.25_seeds[3417]_branches[0, 1]",False,[3417],[0.25],"['cfp', 'oct']",4.38287545441279,-0.1571978949616978,8.927562433743878,,,2.2809209428179567,secondary_no_simultaneous_classification,False
qr_minus_attention_d128_rho0.25_seeds[3418]_branches[0],False,[3418],[0.25],['cfp'],2.722462549066748,-1.9363971355417005,7.426302134146218,,,2.370231020828649,secondary_no_simultaneous_classification,False
qr_minus_attention_d128_rho0.25_seeds[3418]_branches[1],False,[3418],[0.25],['oct'],0.005863231011574044,-5.844047422938913,6.0262001558933145,,,3.011017714291226,secondary_no_simultaneous_classification,False
"qr_minus_attention_d128_rho0.25_seeds[3418]_branches[0, 1]",False,[3418],[0.25],"['cfp', 'oct']",1.364162890039161,-2.6859550101091116,5.406833805732099,,,2.0365591283898663,secondary_no_simultaneous_classification,False
"qr_minus_attention_d256_rho0.25_seeds[3416, 3417, 3418]_branches[0]",False,"[3416, 3417, 3418]",[0.25],['cfp'],4.160207720773045,0.9715523944675146,7.461495987182864,,,1.6558816898712245,secondary_no_simultaneous_classification,False
"qr_minus_attention_d256_rho0.25_seeds[3416, 3417, 3418]_branches[1]",False,"[3416, 3417, 3418]",[0.25],['oct'],3.0407095475584853,-1.3999156638352985,7.553147681842192,,,2.269421613789294,secondary_no_simultaneous_classification,False
"qr_minus_attention_d256_rho0.25_seeds[3416, 3417, 3418]_branches[0, 1]",False,"[3416, 3417, 3418]",[0.25],"['cfp', 'oct']",3.600458634165765,0.8235746247802469,6.455218063888347,,,1.4376367475488392,secondary_no_simultaneous_classification,False
qr_minus_attention_d256_rho0.25_seeds[3416]_branches[0],False,[3416],[0.25],['cfp'],4.390671340251558,-0.26844564874835153,9.174213543840837,,,2.430065239211378,secondary_no_simultaneous_classification,False
qr_minus_attention_d256_rho0.25_seeds[3416]_branches[1],False,[3416],[0.25],['oct'],7.074741242337154,1.2835868551590117,12.885724171862138,,,2.9627279079940414,secondary_no_simultaneous_classification,False
"qr_minus_attention_d256_rho0.25_seeds[3416]_branches[0, 1]",False,[3416],[0.25],"['cfp', 'oct']",5.732706291294356,1.6680191603162189,9.76470917070529,,,2.0549347159154894,secondary_no_simultaneous_classification,False
qr_minus_attention_d256_rho0.25_seeds[3417]_branches[0],False,[3417],[0.25],['cfp'],4.715862202768534,-0.5881707090725224,10.076271851319047,,,2.719930853450626,secondary_no_simultaneous_classification,False
qr_minus_attention_d256_rho0.25_seeds[3417]_branches[1],False,[3417],[0.25],['oct'],4.049888706057047,-2.362689282409737,10.474365602402385,,,3.290035684730318,secondary_no_simultaneous_classification,False
"qr_minus_attention_d256_rho0.25_seeds[3417]_branches[0, 1]",False,[3417],[0.25],"['cfp', 'oct']",4.38287545441279,-0.1571978949616978,8.927562433743878,,,2.2809209428179567,secondary_no_simultaneous_classification,False
qr_minus_attention_d256_rho0.25_seeds[3418]_branches[0],False,[3418],[0.25],['cfp'],3.374089619299056,-1.3636890885534672,8.317740114338102,,,2.46232042061989,secondary_no_simultaneous_classification,False
qr_minus_attention_d256_rho0.25_seeds[3418]_branches[1],False,[3418],[0.25],['oct'],-2.002501305718738,-7.446198257751602,3.3995850727360017,,,2.7575438087369903,secondary_no_simultaneous_classification,False
"qr_minus_attention_d256_rho0.25_seeds[3418]_branches[0, 1]",False,[3418],[0.25],"['cfp', 'oct']",0.6857941567901591,-3.1776218044065976,4.620279708932417,,,2.0128150618737135,secondary_no_simultaneous_classification,False
