id,seed,method,rho,r,h,M,S,cfp_f1_percent,oct_f1_percent,mean_branch_f1_percent,fused_f1_percent,cfp_gain_pp,oct_gain_pp,mean_gain_pp,best_epoch,stop_epoch,total_parameters,stored_bridge_parameters,effective_bridge_parameters,training_gpu_minutes,peak_process_mib,summary_sha256,predictions_sha256,checkpoint_sha256,parent_cfp_sha256,parent_oct_sha256
seed3416_no_bridge,3416,No bridge,N/A,N/A,N/A,N/A,N/A,66.8903803131991,65.13545347467608,66.01291689393759,70.59166124224879,0.0,0.0,0.0,0,8,44338564,0,0,3.8408633138333244,7796,b3544768148715f522c2d3a35989d94cb42d5b79e3f48e0e72d70115c738a215,2858f087207b5105660c0c821acd6fae7bccfb1ad4c2bc220999c0127e698906,e4aeac75dde727f16d509bb49247e196e42c612726e98bc537a2b6b0be4a00ea,d7228d326c3739380eee3d6710c299d6687a6551137033472013b923c13b730e,10dca6b8599f1472cf50320e9f0e2dffc3434ccdedc839af82bc7c5d506a54f5
seed3416_learned_rho1_16,3416,Learned CM,1/16,N/A,512,32,64,70.22132796780684,70.18315018315018,70.2022390754785,70.55130536210505,3.3309476546077406,5.047696708474092,4.189322181540916,11,17,64261508,19922944,19922944,8.435505578183378,8232,a1ca244ec093bb9d4719fffcabbdb7f4ab305d1cafef79124d2088ac0749f308,e6568d87d18f413c97994a10bdb66b114de2f3d5fe72a604ed0c8b9365a1aa32,27633fccdc70b283b93177e0a204064f9d69243eed1c6dcc4cc155158ad7558d,d7228d326c3739380eee3d6710c299d6687a6551137033472013b923c13b730e,10dca6b8599f1472cf50320e9f0e2dffc3434ccdedc839af82bc7c5d506a54f5
seed3416_svd_radon_rho1_16,3416,SVD / Radon,1/16,16,512,32,64,69.57236842105263,69.21424081376078,69.3933046174067,70.23629964806435,2.6819881078535275,4.078787339084698,3.380387723469113,9,15,47484292,3145728,3145728,4.510786068383277,7906,9c1eaaf9f8554ae763056bc885b6b021e4a9febbada6d4164e3036dc3a2baa90,8aa60b62273395ac44cb0f640c40416292cd41afdd0e1d4cd73bebb8923a3d84,a44472cbb15d9c19cb2933ed47a59a0382766c7a732293bb311f11ca6f788bca,d7228d326c3739380eee3d6710c299d6687a6551137033472013b923c13b730e,10dca6b8599f1472cf50320e9f0e2dffc3434ccdedc839af82bc7c5d506a54f5
seed3416_svd_self_rho1_16,3416,SVD / self only,1/16,16,512,32,64,66.8903803131991,65.13545347467608,66.01291689393759,70.59166124224879,0.0,0.0,0.0,0,8,47484292,3145728,1572864,2.424391758849985,7906,bf6b2e0042f9e7b2a51d8471a992474e06ff6166a65c60641b1825fcaf6c59f6,2858f087207b5105660c0c821acd6fae7bccfb1ad4c2bc220999c0127e698906,30324cd0db372c6879fa0e4a8e33d151737cfaf2970f36d0a390fff1b7407a43,d7228d326c3739380eee3d6710c299d6687a6551137033472013b923c13b730e,10dca6b8599f1472cf50320e9f0e2dffc3434ccdedc839af82bc7c5d506a54f5
seed3416_svd_scrambled_rho1_16,3416,SVD / scrambled Radon,1/16,16,512,32,64,68.09759677123463,65.70576426727845,66.90168051925654,68.42213937482077,1.207216458035532,0.5703107926023705,0.8887636253189584,7,13,47484292,3145728,3145728,3.786984322550052,7906,7972dbc19e2dcdb73e84d028043b219bc2938af83d2414ce87a1e9b2750e1b4f,1ea5a29909e2cb8ec7b18baca1e15fa022e5a73c15267beda5185e1da15b4351,de9b2d7cc5fbf968d9971deb67b240fe282f876741a4d4d57e4b40824ba3cff0,d7228d326c3739380eee3d6710c299d6687a6551137033472013b923c13b730e,10dca6b8599f1472cf50320e9f0e2dffc3434ccdedc839af82bc7c5d506a54f5
seed3416_svd_resample_rho1_16,3416,SVD / linear resampling,1/16,16,512,N/A (packing32),64,66.8903803131991,65.13545347467608,66.01291689393759,70.59166124224879,0.0,0.0,0.0,0,8,47484292,3145728,3145728,2.318561345333243,7848,6128637074ada80cfd61b6bf0edd74894144ac7f2cf28e20592da4f473eff1be,2858f087207b5105660c0c821acd6fae7bccfb1ad4c2bc220999c0127e698906,4b32f8371ecbb293a034f95bd32c7ba3a53078fc306a38586568bdd4c859f39d,d7228d326c3739380eee3d6710c299d6687a6551137033472013b923c13b730e,10dca6b8599f1472cf50320e9f0e2dffc3434ccdedc839af82bc7c5d506a54f5
seed3416_qr_radon_rho1_16,3416,Random QR / Radon,1/16,16,512,32,64,66.8903803131991,65.13545347467608,66.01291689393759,70.59166124224879,0.0,0.0,0.0,0,8,47484292,3145728,3145728,2.4024608252000084,7906,727170824911c83c3e7702bb47674e718ed32c99aeecb6948a782afd4e74551e,2858f087207b5105660c0c821acd6fae7bccfb1ad4c2bc220999c0127e698906,07dcf544f8639383378b6c42741a67c7cc07275de5c0834f4185764996692230,d7228d326c3739380eee3d6710c299d6687a6551137033472013b923c13b730e,10dca6b8599f1472cf50320e9f0e2dffc3434ccdedc839af82bc7c5d506a54f5
seed3416_learned_rho1_8,3416,Learned CM,1/8,N/A,1024,32,64,69.64102564102564,70.53243469007107,70.08673016554835,71.43382352941177,2.7506453278265326,5.396981215394987,4.07381327161076,16,22,90475908,46137344,46137344,19.04528377956667,8662,f56ff37adedb771932a4a36c2fc9cf13a6014371f42bdc10f99066904739b5b4,5d6dc77e9c725cd92cf9847230f5b8c1962063d669e047f7a302cb95b3540d98,668cff8abb89baeafd26b62c5baf0878ed719c22d70ecb053a8d46011bfa5c7e,d7228d326c3739380eee3d6710c299d6687a6551137033472013b923c13b730e,10dca6b8599f1472cf50320e9f0e2dffc3434ccdedc839af82bc7c5d506a54f5
seed3416_svd_radon_rho1_8,3416,SVD / Radon,1/8,32,1024,32,64,72.29603250696252,71.27558767453277,71.78581009074765,70.94063926940639,5.405652193763416,6.140134199856689,5.77289319681006,11,17,56921476,12582912,12582912,5.076886907166651,8012,b3dcc277143458333d0ef8a681a89608401062d1ebe6b321df17c181fed91602,e2df4ffb0ac226b799eab59f71c16ad3c7e15d83bf65c63b013df7716e0138eb,6bab36ae252cf43cd86c421991858cce5c5df2da2618e777ef1332a97f6826e1,d7228d326c3739380eee3d6710c299d6687a6551137033472013b923c13b730e,10dca6b8599f1472cf50320e9f0e2dffc3434ccdedc839af82bc7c5d506a54f5
seed3416_svd_self_rho1_8,3416,SVD / self only,1/8,32,1024,32,64,66.8903803131991,65.13545347467608,66.01291689393759,70.59166124224879,0.0,0.0,0.0,0,8,56921476,12582912,6291456,2.512841679666599,8012,ef4ba83a770f55d781e9234b824f9ab0b45c563634363fef504525c898016b02,2858f087207b5105660c0c821acd6fae7bccfb1ad4c2bc220999c0127e698906,f75732311e9fb0c47582a8eb7a05f4f79961cab037bda8a4735c54b6182ebf17,d7228d326c3739380eee3d6710c299d6687a6551137033472013b923c13b730e,10dca6b8599f1472cf50320e9f0e2dffc3434ccdedc839af82bc7c5d506a54f5
seed3416_svd_scrambled_rho1_8,3416,SVD / scrambled Radon,1/8,32,1024,32,64,68.24179336163996,69.21424081376078,68.72801708770038,71.58919511860688,1.351413048440861,4.078787339084698,2.715100193762794,10,10,56921476,12582912,12582912,3.103486808183273,8012,a7070c4e7dc72ef8511884567478f1d8af609dc14cd9bac31c2ea25eda054bbb,d9e157682426602ccdb7f75c8d09372e3017da066ce35c0bb2335cc6af8fc627,340920598395acdc474e913755ec4d216f713515aced3e6e6547553cd88d141d,d7228d326c3739380eee3d6710c299d6687a6551137033472013b923c13b730e,10dca6b8599f1472cf50320e9f0e2dffc3434ccdedc839af82bc7c5d506a54f5
seed3416_svd_resample_rho1_8,3416,SVD / linear resampling,1/8,32,1024,N/A (packing32),64,69.58904109589041,65.46328071379548,67.52616090484295,67.84337941839055,2.698660782691306,0.3278272391194008,1.5132440109053675,9,15,56921476,12582912,12582912,4.201656594916737,8154,2d028c3e45fb2948d700204cfd943c661f9d39d8c2dfc9efa7f4a5f9f8e5fdff,4483ea6e05ce790fac2ce6c98c7713884fa6fa9c6c311a6bcbb90818a1776c88,2703324f98a9e564d5a5fba0d519a66adca397c9ea4ea7391fa5e7ae26b71511,d7228d326c3739380eee3d6710c299d6687a6551137033472013b923c13b730e,10dca6b8599f1472cf50320e9f0e2dffc3434ccdedc839af82bc7c5d506a54f5
seed3416_qr_radon_rho1_8,3416,Random QR / Radon,1/8,32,1024,32,64,71.20984998455218,69.25359845674433,70.23172422064826,69.5264241592313,4.319469671353076,4.1181449820682445,4.2188073267106745,7,13,56921476,12582912,12582912,3.945775679433306,8012,2f123e06bb938b717fe89c227d4d44188f146b072a82a04e80e5a8ce754fefd7,e996dccbd1f5b4e6bf821830e8516f0d1929abfc0ccd7a828738da71a4dd0192,cd352da2d5b95e840aa859e28aaf7571cc5949258359eef1da7d9a7bcf6e6eeb,d7228d326c3739380eee3d6710c299d6687a6551137033472013b923c13b730e,10dca6b8599f1472cf50320e9f0e2dffc3434ccdedc839af82bc7c5d506a54f5
seed3416_learned_rho1_4,3416,Learned CM,1/4,N/A,2048,32,64,69.90460958473753,70.20361473347062,70.05411215910408,69.89085090576604,3.014229271538426,5.068161258794532,4.041195265166493,10,16,161779076,117440512,117440512,9.177334390816698,9552,fbae6fafc8bc9dbcbbf3cf95ecda706d18b1f0e813a1247d20d4f7f2bea9734c,58a1a5824bc3c5bdf20fd4fabfd132e5ba0b06c26b479e69833950ce753535b5,9c96140e70f3ab0169adc953f57c390055394023b0960213c9e8ada984e8b984,d7228d326c3739380eee3d6710c299d6687a6551137033472013b923c13b730e,10dca6b8599f1472cf50320e9f0e2dffc3434ccdedc839af82bc7c5d506a54f5
seed3416_svd_radon_rho1_4,3416,SVD / Radon,1/4,64,2048,32,64,72.97297297297297,69.55985191279309,71.26641244288302,70.25804978305548,6.082592659773866,4.424398438117009,5.253495548945438,9,15,94670212,50331648,50331648,7.287644429133312,8144,60e787a8b2c2e18fbaea94c9f5fec17a2839e157234ba84f2f0d413f5a86fbd8,4400a7e08309d5911239ca73dc790a630e35d3b70a9f76011dcd4ec8bc9bea17,250c0b656c4d6fd643444258bf051b17a40243713a0ef5ae0ebd44e55593c8ae,d7228d326c3739380eee3d6710c299d6687a6551137033472013b923c13b730e,10dca6b8599f1472cf50320e9f0e2dffc3434ccdedc839af82bc7c5d506a54f5
seed3416_svd_self_rho1_4,3416,SVD / self only,1/4,64,2048,32,64,66.8903803131991,65.13545347467608,66.01291689393759,70.59166124224879,0.0,0.0,0.0,0,8,94670212,50331648,25165824,4.694233907333303,8144,b08bdd8e0a37a4d6fb93c058cf3f7df00c12af0e035e81be304f1c695c9fddaf,2858f087207b5105660c0c821acd6fae7bccfb1ad4c2bc220999c0127e698906,eaa57220fa7bd262b67d18049e6bd77e949467e4e2840f93fc0239bd44020b68,d7228d326c3739380eee3d6710c299d6687a6551137033472013b923c13b730e,10dca6b8599f1472cf50320e9f0e2dffc3434ccdedc839af82bc7c5d506a54f5
seed3416_svd_scrambled_rho1_4,3416,SVD / scrambled Radon,1/4,64,2048,32,64,68.47710330138446,70.51083857226288,69.49397093682367,70.20361473347062,1.5867229881853575,5.3753850975868005,3.481054042886086,14,20,94670212,50331648,50331648,6.660009047300021,8144,3eb00f61f13c9df6d589421fe212c06e65b4ff16cb048f85e1dab9384ba55138,a0bd9437e311bf9fb58c1cf24af36d6cb3a9838381bee3e61066e70450823d1a,5a92d857456cb008f85df94aacf3d1e5143f704bbe73e93d5a79a107a515a549,d7228d326c3739380eee3d6710c299d6687a6551137033472013b923c13b730e,10dca6b8599f1472cf50320e9f0e2dffc3434ccdedc839af82bc7c5d506a54f5
seed3416_svd_resample_rho1_4,3416,SVD / linear resampling,1/4,64,2048,N/A (packing32),64,69.19734239024781,66.19152046783626,67.69443142904203,70.23629964806435,2.306962077048709,1.0560669931601723,1.6815145351044407,11,17,94670212,50331648,50331648,8.817238620633361,8096,c7297a6c84002f48f1d33f3a2c93ee6c82948350c615e98b74461113225ecad6,3798291d48b29e9b5ec57d897cc9d8b04f7e5f18f525c55456fb3eb4ba1f57cf,19b2c6637ea8d4e942b35b4181513e9b2c1cdac548de0834817ea53da3789984,d7228d326c3739380eee3d6710c299d6687a6551137033472013b923c13b730e,10dca6b8599f1472cf50320e9f0e2dffc3434ccdedc839af82bc7c5d506a54f5
seed3416_qr_radon_rho1_4,3416,Random QR / Radon,1/4,64,2048,32,64,72.25169197000183,72.27704678362574,72.26436937681379,71.58919511860688,5.361311656802727,7.141593308949652,6.2514524828762035,9,15,94670212,50331648,50331648,5.101679718266678,8144,540d61b7a58b5cb131b786e7de7bba9cbc7be550cd502a6c89a7cd428e6b0b78,37daed27bdd278fc9b6eb91c0ebc7ca44444b0f6879e6eddbc7fcaf59bfac579,ebee52f54ac534b539d9200b1d91d69f76ceef9abafcfb0be346af369fa2ee45,d7228d326c3739380eee3d6710c299d6687a6551137033472013b923c13b730e,10dca6b8599f1472cf50320e9f0e2dffc3434ccdedc839af82bc7c5d506a54f5
seed3417_no_bridge,3417,No bridge,N/A,N/A,N/A,N/A,N/A,63.847637745842235,64.1875542163174,64.01759598107981,63.847637745842235,0.0,0.0,0.0,0,8,44338564,0,0,3.772641015033332,7796,bd395d36499edcc6a5f8fcc681ecd0ce0c7187144e9b30aa5856f50a8298d059,0d12cca1f3fba7e07a8ced1625ee072883cd009dbf0a11568cc31ca4af018ef2,bce992be65d1a0924ac61ba560dfec7738009ecefb89365fc93f453c06c8e959,368dc093b22a22aecf7cd8ccef42bb60d68d8962a029504347b0ab22945ee07a,b597bc7544eac65b5897fba6a31f868bb8fbe86bf7c9c6858a5875769188ef6c
seed3417_learned_rho1_16,3417,Learned CM,1/16,N/A,512,32,64,66.8918918918919,65.76545627354655,66.32867408271923,69.15501505834392,3.044254146049667,1.5779020572291529,2.311078101639424,7,13,64261508,19922944,19922944,6.463617622883309,8232,a6e564fdf69c19bb11cf4a2ccd8514cdf553855b32efb0e8fcfca6c80b67b613,5933f9a491160738f0c9842cf5ab5713f86f890f52c4fca2425904d60169b7d8,efcb2c2dc8124842a1c13f0f3f7720cb6d6ddbe7d25e134fba25e91e265bcdfb,368dc093b22a22aecf7cd8ccef42bb60d68d8962a029504347b0ab22945ee07a,b597bc7544eac65b5897fba6a31f868bb8fbe86bf7c9c6858a5875769188ef6c
seed3417_svd_radon_rho1_16,3417,SVD / Radon,1/16,16,512,32,64,68.19096396561186,68.56349994861077,68.37723195711132,71.95145619983788,4.343326219769622,4.375945732293374,4.359635976031512,16,22,47484292,3145728,3145728,9.512905391933357,7906,6051b9f035db0d15905cdbbfc2758accde658f7d857a0c44773b23ac577d5722,d5f1419d78ec2fa6e67e81701e9d804cc07228f46077b482d318a243be286035,4cc177193310704f97d689558acb8d3a1be17b515ea429a7bf0d7d87d74dc861,368dc093b22a22aecf7cd8ccef42bb60d68d8962a029504347b0ab22945ee07a,b597bc7544eac65b5897fba6a31f868bb8fbe86bf7c9c6858a5875769188ef6c
seed3417_svd_self_rho1_16,3417,SVD / self only,1/16,16,512,32,64,63.847637745842235,64.1875542163174,64.01759598107981,63.847637745842235,0.0,0.0,0.0,0,8,47484292,3145728,1572864,4.0380878317667035,7906,f2b88446a6266d7fe7abcd2d77a9950bcbd6a47a35bb0a152bc1b697e3622524,0d12cca1f3fba7e07a8ced1625ee072883cd009dbf0a11568cc31ca4af018ef2,89eeeac775026d6d0e99b49c2de1bde46d7a950fd36a47079f25039f384fe909,368dc093b22a22aecf7cd8ccef42bb60d68d8962a029504347b0ab22945ee07a,b597bc7544eac65b5897fba6a31f868bb8fbe86bf7c9c6858a5875769188ef6c
seed3417_svd_scrambled_rho1_16,3417,SVD / scrambled Radon,1/16,16,512,32,64,67.88744618406477,63.498515642840836,65.6929809134528,68.91324200913243,4.039808438222536,-0.6890385734765587,1.6753849323729924,11,17,47484292,3145728,3145728,4.871066108883315,7906,f0073bba21834e942e6e0dda229a76e9f276e68c2045dcb73e917b3b1b4788f9,00582b57efd3cafc7fe7882d1fc4c77eea73f225503d95de986589df64b04a91,84e92e90bc9fab0f3ce715bb3f27b4536de032c91e02e39e7ba3d16e9e6d438e,368dc093b22a22aecf7cd8ccef42bb60d68d8962a029504347b0ab22945ee07a,b597bc7544eac65b5897fba6a31f868bb8fbe86bf7c9c6858a5875769188ef6c
seed3417_svd_resample_rho1_16,3417,SVD / linear resampling,1/16,16,512,N/A (packing32),64,63.847637745842235,64.1875542163174,64.01759598107981,63.847637745842235,0.0,0.0,0.0,0,8,47484292,3145728,3145728,3.7733715890333164,7848,0fd179c89ff0a9e2d97e96b7f5d92354e1769b311058176187661b161600b587,0d12cca1f3fba7e07a8ced1625ee072883cd009dbf0a11568cc31ca4af018ef2,3d51f9d8ee6c92e2d3fe6caee768a153d3d1daeba251977f5520d596e529795e,368dc093b22a22aecf7cd8ccef42bb60d68d8962a029504347b0ab22945ee07a,b597bc7544eac65b5897fba6a31f868bb8fbe86bf7c9c6858a5875769188ef6c
seed3417_qr_radon_rho1_16,3417,Random QR / Radon,1/16,16,512,32,64,63.847637745842235,64.1875542163174,64.01759598107981,63.847637745842235,0.0,0.0,0.0,0,8,47484292,3145728,3145728,2.443872224449903,7906,7810d4ac00c00e4b66d0b3b83ea05a998a636ff08c517ffc4c584baa3d699b35,0d12cca1f3fba7e07a8ced1625ee072883cd009dbf0a11568cc31ca4af018ef2,bbf675758e301776db86d8dc413b6885d88fe458ae42c2ccbb472fc21ffe98b7,368dc093b22a22aecf7cd8ccef42bb60d68d8962a029504347b0ab22945ee07a,b597bc7544eac65b5897fba6a31f868bb8fbe86bf7c9c6858a5875769188ef6c
seed3417_learned_rho1_8,3417,Learned CM,1/8,N/A,1024,32,64,65.87798892883639,65.8311903537345,65.85458964128544,65.52637588490524,2.0303511829941527,1.6436361374171042,1.8369936602056356,10,13,90475908,46137344,46137344,11.378399997916677,8662,2b0c4f17c6db9a411376ca7759581306f787fb615edd62b4e92f32b175b29aaa,1666387159fce6bba5bb953e9bf62b9e6f7e0478a27901418f723b027fd1b10f,3594d92bab50decf19f4adbce03e325deb1bc4ab5fb1fb27ee4afcf1a030a25c,368dc093b22a22aecf7cd8ccef42bb60d68d8962a029504347b0ab22945ee07a,b597bc7544eac65b5897fba6a31f868bb8fbe86bf7c9c6858a5875769188ef6c
seed3417_svd_radon_rho1_8,3417,SVD / Radon,1/8,32,1024,32,64,69.8329268153034,67.88744618406477,68.86018649968409,68.53763072175553,5.98528906946116,3.6998919677473765,4.842590518604283,10,16,56921476,12582912,12582912,4.802406368800015,8012,d9b5b5570176af3d71f29de78cd92254e701b94d5ec0a132ee5c14adfa379663,f074a233a3e8633b24da2dccd3662ef1ac7857965146626ddc3165603f0fc138,4a61de5eefedfbb2f63c4b52419c5d260c3e764e577b71fd0ef3e4dbe83ab7a9,368dc093b22a22aecf7cd8ccef42bb60d68d8962a029504347b0ab22945ee07a,b597bc7544eac65b5897fba6a31f868bb8fbe86bf7c9c6858a5875769188ef6c
seed3417_svd_self_rho1_8,3417,SVD / self only,1/8,32,1024,32,64,63.847637745842235,64.1875542163174,64.01759598107981,63.847637745842235,0.0,0.0,0.0,0,8,56921476,12582912,6291456,4.199846944816575,8012,dc500382e4d38ddb93a76515c4b14f3455fce49d69cf39835f5edda94259119a,0d12cca1f3fba7e07a8ced1625ee072883cd009dbf0a11568cc31ca4af018ef2,a6b90ee459471ee329ea45bc517ab7ae59a070fd7957141de265aa2bd4863da7,368dc093b22a22aecf7cd8ccef42bb60d68d8962a029504347b0ab22945ee07a,b597bc7544eac65b5897fba6a31f868bb8fbe86bf7c9c6858a5875769188ef6c
seed3417_svd_scrambled_rho1_8,3417,SVD / scrambled Radon,1/8,32,1024,32,64,65.53896726475826,67.90503909147976,66.72200317811901,67.56164383561645,1.691329518916021,3.71748487516237,2.7044071970392025,10,16,56921476,12582912,12582912,4.802912992050066,8012,fd8c538b9ea778ad1c1f84774bd02c562d30d6b26556c851966027b7be75d963,230e4266848f1cff1e47c4be10edb028e7a461afeadd521059998c708af6210b,1f5a6a26c95666e974df5ba1e2c2c53a42c6a440a89d1f9e89417fd486582c25,368dc093b22a22aecf7cd8ccef42bb60d68d8962a029504347b0ab22945ee07a,b597bc7544eac65b5897fba6a31f868bb8fbe86bf7c9c6858a5875769188ef6c
seed3417_svd_resample_rho1_8,3417,SVD / linear resampling,1/8,32,1024,N/A (packing32),64,63.847637745842235,64.1875542163174,64.01759598107981,63.847637745842235,0.0,0.0,0.0,0,8,56921476,12582912,12582912,4.181638139316662,8154,f5e42006328faa5d0e71f650da8dc040b7ee31969073c180965544bcc7aaabae,0d12cca1f3fba7e07a8ced1625ee072883cd009dbf0a11568cc31ca4af018ef2,860f8adad2c4dcf5f1b662aa24291821574e095287404b635fd4d9cf764371da,368dc093b22a22aecf7cd8ccef42bb60d68d8962a029504347b0ab22945ee07a,b597bc7544eac65b5897fba6a31f868bb8fbe86bf7c9c6858a5875769188ef6c
seed3417_qr_radon_rho1_8,3417,Random QR / Radon,1/8,32,1024,32,64,69.07001044932079,63.47182229535171,66.27091637233625,69.19734239024781,5.222372703478555,-0.7157319209656876,2.2533203912564375,6,12,56921476,12582912,12582912,3.7019278436000604,8012,3eba5551493b4b007e36cd599fbed7f76e4b2cf1cc24e20477b906efe73113dc,849967484f3044ef37b30d9c4a1c75c59e964cb48a7dc658ec9d53070adc7d9c,d055ed6510547aeb898403610016b2a1a4ddb8549dcc54f6f0e02d2e3b41270c,368dc093b22a22aecf7cd8ccef42bb60d68d8962a029504347b0ab22945ee07a,b597bc7544eac65b5897fba6a31f868bb8fbe86bf7c9c6858a5875769188ef6c
seed3417_learned_rho1_4,3417,Learned CM,1/4,N/A,2048,32,64,68.90614295501256,69.93208925412316,69.41911610456785,69.93208925412316,5.05850520917032,5.744535037805761,5.401520123488041,10,16,161779076,117440512,117440512,9.200822766666654,9552,961f70db45891bbbd6f276bb1f5e5e3980f418f3840d48a138a2aebe47116e0a,5b408a3262679e14e00fa5c873a4859ebe8df3d1609dbd72a9dfcedf02f9bb95,eb7f53760811e6c0a8abcce64a29299796142b7d089f5dc2e9aa03cff9a847be,368dc093b22a22aecf7cd8ccef42bb60d68d8962a029504347b0ab22945ee07a,b597bc7544eac65b5897fba6a31f868bb8fbe86bf7c9c6858a5875769188ef6c
seed3417_svd_radon_rho1_4,3417,SVD / Radon,1/4,64,2048,32,64,69.91560747770278,68.57211357331232,69.24386052550756,68.56349994861077,6.0679697318605434,4.384559356994927,5.22626454442775,12,18,94670212,50331648,50331648,6.090430007266635,8144,a60215b685cca90f1bd9b9f8524ec0eaae4f6987784341e9cabb85a35043a6fd,3a2783fba613434e8b0d8a71f6745c950ce0070fb53d6dedc6718426a5ffffad,69c0fd47fbced2121cb19547ea2c1b4c177923f242468913b661c34efac81ea7,368dc093b22a22aecf7cd8ccef42bb60d68d8962a029504347b0ab22945ee07a,b597bc7544eac65b5897fba6a31f868bb8fbe86bf7c9c6858a5875769188ef6c
seed3417_svd_self_rho1_4,3417,SVD / self only,1/4,64,2048,32,64,63.847637745842235,64.1875542163174,64.01759598107981,63.847637745842235,0.0,0.0,0.0,0,8,94670212,50331648,25165824,4.783378414899926,8144,5b9f46e79f95c619a4b08f04f4bbfeeca05fa1a477ddcdc3433ade085779c39f,0d12cca1f3fba7e07a8ced1625ee072883cd009dbf0a11568cc31ca4af018ef2,cad34b9de5d575b220a8c62a1ee447447b84d52389d9a5921cc1fa2274de40cc,368dc093b22a22aecf7cd8ccef42bb60d68d8962a029504347b0ab22945ee07a,b597bc7544eac65b5897fba6a31f868bb8fbe86bf7c9c6858a5875769188ef6c
seed3417_svd_scrambled_rho1_4,3417,SVD / scrambled Radon,1/4,64,2048,32,64,68.17204301075267,67.47252747252747,67.82228524164007,67.14535821766543,4.324405264910439,3.2849732562100797,3.8046892605602665,11,17,94670212,50331648,50331648,5.757831098933336,8144,137610d316b6e7e2a4b9f0d5b56b8cd364ee5e31ac676d10139b2558f7ad5d67,4ebf705c7e93992fcea016258cd49b2b35cad0ff679a979211a6007ce64c1e89,d02f8de626e19de088c662a5d8e86959e0cb726f9d5f44e955f24fa03598c8bc,368dc093b22a22aecf7cd8ccef42bb60d68d8962a029504347b0ab22945ee07a,b597bc7544eac65b5897fba6a31f868bb8fbe86bf7c9c6858a5875769188ef6c
seed3417_svd_resample_rho1_4,3417,SVD / linear resampling,1/4,64,2048,N/A (packing32),64,65.38249862410566,64.0249495505412,64.70372408732342,65.6711104986967,1.53486087826343,-0.16260466577620036,0.6861281062436149,6,12,94670212,50331648,50331648,5.6903533193332505,8096,b45e1af0a84b19f154344355138dcae0ff14d056b2d5eed2c7173a7695d39c70,d4c68974bb0cb1862117dd623753ffe8ec02fbc931063dafd5b95db5df3f1325,0424f1fb888863fd41498dac10a512003646c8b3116671e07813f59a773aafa4,368dc093b22a22aecf7cd8ccef42bb60d68d8962a029504347b0ab22945ee07a,b597bc7544eac65b5897fba6a31f868bb8fbe86bf7c9c6858a5875769188ef6c
seed3417_qr_radon_rho1_4,3417,Random QR / Radon,1/4,64,2048,32,64,68.56349994861077,68.23744292237444,68.4004714354926,69.23955371315678,4.715862202768534,4.049888706057047,4.3828754544127975,10,16,94670212,50331648,50331648,5.4206850340833626,8144,3eee59a8699d397cdb9a9f54a702c8d9daf24c14f2ea21ebe43b0c3be27fce4e,e13986de225d90bf1501eb2c317e9ae7e03fac9bdaf3b30fb311025b0d4cf11d,40b028010b07856c576158d14b5bc96daf9d7984c163c7b1071ff70ba3eb30c1,368dc093b22a22aecf7cd8ccef42bb60d68d8962a029504347b0ab22945ee07a,b597bc7544eac65b5897fba6a31f868bb8fbe86bf7c9c6858a5875769188ef6c
seed3418_no_bridge,3418,No bridge,N/A,N/A,N/A,N/A,N/A,65.87798892883639,64.1875542163174,65.03277157257689,68.55200776832125,0.0,0.0,0.0,0,8,44338564,0,0,3.6541326533999383,7796,54e8681b63f0eb7b7079d8464ce9cb44f84a481c580b3f2b050108947da08ed8,c7a857505ce62d0039a10fc876d34c88560f1cfa9301741a27a4eff52202e933,0d5599ea551b4025d0aaeb5de17be9b413788d987d9038cf5348af67908114af,fac9663c683b28887ca1e752ff5296d03fd5461f3ca0e5460b6cf3ad185cd736,3a81d7cc54fc7c746379eac87300764bb2f183e3f8163c2718d14a5752de6a6a
seed3418_learned_rho1_16,3418,Learned CM,1/16,N/A,512,32,64,68.47710330138446,68.09759677123463,68.28735003630955,67.47252747252747,2.5991143725480725,3.91004255491724,3.2545784637326562,8,14,64261508,19922944,19922944,11.851517498883428,8232,bba390091601a5e90f112004f9285893a41a1ce83bf316278eda6e4af5f08f5b,284cf52f00e38eb3d320fdaa611d9043227e64e2333f9e21d84fae7a39d24081,20b344228acb6d332f8367683ac62bb06aa88a6e328bf9430457b31c3ed75c78,fac9663c683b28887ca1e752ff5296d03fd5461f3ca0e5460b6cf3ad185cd736,3a81d7cc54fc7c746379eac87300764bb2f183e3f8163c2718d14a5752de6a6a
seed3418_svd_radon_rho1_16,3418,SVD / Radon,1/16,16,512,32,64,68.91581559056026,68.55200776832125,68.73391167944075,66.38485804416405,3.0378266617238694,4.364453552003852,3.7011401068638605,14,20,47484292,3145728,3145728,5.760759771666684,7906,87b7c8baafe3a4d655a888c407ef71c6563936d42d13863cb6f790953ad676eb,3a077ec7b0f24fcf5b350a057b9c0715209a7260c6c0aa0f78bd15272abd566d,9d3ee67bef6f7e38be1d70fcec5a29d4354f933b1866570381983cd186d8deb4,fac9663c683b28887ca1e752ff5296d03fd5461f3ca0e5460b6cf3ad185cd736,3a81d7cc54fc7c746379eac87300764bb2f183e3f8163c2718d14a5752de6a6a
seed3418_svd_self_rho1_16,3418,SVD / self only,1/16,16,512,32,64,65.87798892883639,64.1875542163174,65.03277157257689,68.55200776832125,0.0,0.0,0.0,0,8,47484292,3145728,1572864,2.444413590799983,7906,a1a9a89d476778529820a276a62b9229208b29fd18054b1e27f0e705eacff91c,c7a857505ce62d0039a10fc876d34c88560f1cfa9301741a27a4eff52202e933,48052093eca262b66294b13280f6d979839f93db4c663cfedcc1949c3fa1c49c,fac9663c683b28887ca1e752ff5296d03fd5461f3ca0e5460b6cf3ad185cd736,3a81d7cc54fc7c746379eac87300764bb2f183e3f8163c2718d14a5752de6a6a
seed3418_svd_scrambled_rho1_16,3418,SVD / scrambled Radon,1/16,16,512,32,64,65.81243496060472,65.95353117092247,65.8829830657636,68.91891891891892,-0.06555396823166859,1.7659769546050796,0.8502114931867055,5,11,47484292,3145728,3145728,3.2400849894832695,7906,ea9eef97acf4dc37725d3feb5e857769a3c0257c1491c1345f3e3c96bf35ca44,0100add39fbdc933ca1b4c5bb09002b5bcdcf522bb3e65c5fce8eb0f3e6d6d51,e4a30bb322cdfb4b9d69fa59fc5f0fd8888a7af4996106ccede520707e633170,fac9663c683b28887ca1e752ff5296d03fd5461f3ca0e5460b6cf3ad185cd736,3a81d7cc54fc7c746379eac87300764bb2f183e3f8163c2718d14a5752de6a6a
seed3418_svd_resample_rho1_16,3418,SVD / linear resampling,1/16,16,512,N/A (packing32),64,66.83738796414853,64.1744690568623,65.50592851050541,69.23955371315678,0.9593990353121455,-0.013085159455087592,0.47315693792852187,10,14,47484292,3145728,3145728,3.8443380954500754,7848,70e7ce08f8faca1ed19ae05a007fc0ab8083adbf5a3b0e871c6572faf59f8625,ffaaaedf58e85342ca83ec1905d04e7ba57af0b7b16c03c703df813431c11ba7,37ce3f51a43355f18024f5d25c45406b4b6726f693ab7e170a4a4f6b3e23708d,fac9663c683b28887ca1e752ff5296d03fd5461f3ca0e5460b6cf3ad185cd736,3a81d7cc54fc7c746379eac87300764bb2f183e3f8163c2718d14a5752de6a6a
seed3418_qr_radon_rho1_16,3418,Random QR / Radon,1/16,16,512,32,64,65.53424657534246,67.22636319015604,66.38030488274924,68.91749988586038,-0.3437423534939228,3.0388089738386412,1.3475333101723521,9,15,47484292,3145728,3145728,6.965802407066682,7906,e98847bec621ff6bf504ea66e85ea3e899d2df3cab968e1d162b9b794f5dce8f,aed6fe5539949d8599cadb320df1f8b7b958e78decc7422f9cb20ddccb4bb2ee,2ed360db75a5eda1fb2a305acf8f09f12d8e26aa836535011ba6490bfc18b1c9,fac9663c683b28887ca1e752ff5296d03fd5461f3ca0e5460b6cf3ad185cd736,3a81d7cc54fc7c746379eac87300764bb2f183e3f8163c2718d14a5752de6a6a
seed3418_learned_rho1_8,3418,Learned CM,1/8,N/A,1024,32,64,65.87798892883639,64.1875542163174,65.03277157257689,68.55200776832125,0.0,0.0,0.0,0,8,90475908,46137344,46137344,7.0472982808500095,8662,c8c84360b1257bbed3cbd8eec772c3374e59aadbc8a843d25471cf3ea50908e0,c7a857505ce62d0039a10fc876d34c88560f1cfa9301741a27a4eff52202e933,b39846d2902e6b2c08b91a8f243fcedbbf54142afd661f189d4e7c4a896b8a8b,fac9663c683b28887ca1e752ff5296d03fd5461f3ca0e5460b6cf3ad185cd736,3a81d7cc54fc7c746379eac87300764bb2f183e3f8163c2718d14a5752de6a6a
seed3418_svd_radon_rho1_8,3418,SVD / Radon,1/8,32,1024,32,64,68.09759677123463,67.41882223445239,67.75820950284351,66.41567818463126,2.219607842398247,3.2312680181349975,2.7254379302666223,14,20,56921476,12582912,12582912,5.931498056350028,8012,eccf9cbf57752635af55ff8fedfe8b0d36163c319ccf060c0446e0d7663db553,aee1a3bd2ba2c972f669ae05207d4a6c985437366ade5d1498a67f2f6d37a0c2,91f9c170dbe47c58143bf5e7c71e7e67e8ed906e359ae731fd53d6e435e19bfe,fac9663c683b28887ca1e752ff5296d03fd5461f3ca0e5460b6cf3ad185cd736,3a81d7cc54fc7c746379eac87300764bb2f183e3f8163c2718d14a5752de6a6a
seed3418_svd_self_rho1_8,3418,SVD / self only,1/8,32,1024,32,64,65.87798892883639,64.1875542163174,65.03277157257689,68.55200776832125,0.0,0.0,0.0,0,8,56921476,12582912,6291456,2.5329672947333166,8012,02f2844493cd80ef22ffc5ad6d675d22f3f802ead54160dbb7f5d628375bb34a,c7a857505ce62d0039a10fc876d34c88560f1cfa9301741a27a4eff52202e933,b48e772c5245e18b5fe27aae949474190291668fc5e6500796dac007bf3bb91f,fac9663c683b28887ca1e752ff5296d03fd5461f3ca0e5460b6cf3ad185cd736,3a81d7cc54fc7c746379eac87300764bb2f183e3f8163c2718d14a5752de6a6a
seed3418_svd_scrambled_rho1_8,3418,SVD / scrambled Radon,1/8,32,1024,32,64,65.19912792356774,68.19096396561186,66.6950459445898,69.24798209861744,-0.6788610052686437,4.0034097492944625,1.6622743720129023,9,13,56921476,12582912,12582912,6.482395437383335,8012,f6ee8c9b26e42e9d47fc8ce427be00fee8533a956978279910d75c06aa20f0da,9a2464983ab0de9ad83401504f45402da56ce7a7f8cc4f544b8c1a0ed9d0be22,749d58c16300620282233619c1d58777be2d880c5880a2e84cb9ef31ee189e8c,fac9663c683b28887ca1e752ff5296d03fd5461f3ca0e5460b6cf3ad185cd736,3a81d7cc54fc7c746379eac87300764bb2f183e3f8163c2718d14a5752de6a6a
seed3418_svd_resample_rho1_8,3418,SVD / linear resampling,1/8,32,1024,N/A (packing32),64,65.87798892883639,65.38249862410566,65.63024377647102,67.16639793246195,0.0,1.1949444077882703,0.597472203894128,12,12,56921476,12582912,12582912,3.4356736782333126,8154,591556504f7a681b50948fc1dd82735c07aaf508640ac38729c73c83eb521362,4597cb66ae27467620c0e0f9129b6b41324143960980afdcac50f35f0f7dae9c,ab617358f9e20d5d2047223974623713187faa30f60c99cca0cd6a8bd9f8731a,fac9663c683b28887ca1e752ff5296d03fd5461f3ca0e5460b6cf3ad185cd736,3a81d7cc54fc7c746379eac87300764bb2f183e3f8163c2718d14a5752de6a6a
seed3418_qr_radon_rho1_8,3418,Random QR / Radon,1/8,32,1024,32,64,67.67481693508523,67.41882223445239,67.54681958476881,68.71323529411765,1.7968280062488446,3.2312680181349975,2.514048012191921,14,20,56921476,12582912,12582912,5.9641650881165935,8012,4410eae6ab749aa19d64b75e473c62b0d5dbe29075ab0c89438d18212d22686b,74e254d9225a0dfe44a2e7889917249f68db5e2c3337b1204580d62da95c76a8,3ddca0caf0dc1602658a9ce8af6b4606f5bb0f30e7e1f2841f256247c013c3a4,fac9663c683b28887ca1e752ff5296d03fd5461f3ca0e5460b6cf3ad185cd736,3a81d7cc54fc7c746379eac87300764bb2f183e3f8163c2718d14a5752de6a6a
seed3418_learned_rho1_4,3418,Learned CM,1/4,N/A,2048,32,64,65.87798892883639,64.1875542163174,65.03277157257689,68.55200776832125,0.0,0.0,0.0,0,8,161779076,117440512,117440512,5.40235707134998,9082,29a3e0025f93360538a8c74d5daed629d2a7f06d8c07baa9d2686218df696430,c7a857505ce62d0039a10fc876d34c88560f1cfa9301741a27a4eff52202e933,f3e9f6e7bbbc08b433825d685a8c4bbd5aca9826ebd154f1690fb2e6fd971aa6,fac9663c683b28887ca1e752ff5296d03fd5461f3ca0e5460b6cf3ad185cd736,3a81d7cc54fc7c746379eac87300764bb2f183e3f8163c2718d14a5752de6a6a
seed3418_svd_radon_rho1_4,3418,SVD / Radon,1/4,64,2048,32,64,68.22002923976609,66.81766186227408,67.51884555102009,67.84337941839055,2.342040310929704,2.6301076459566843,2.4860739784432013,6,12,94670212,50331648,50331648,4.127163945566645,8144,abffc5694d588805ede2ba0422e950d51a9d115237546f4b2898bea3dbd953ea,6287f42b4a574dd12703604e55cf5b17efee36a2e91d52643254e5dd518ec6c6,f351726da0cedea6ac27d54dde2add4a300a7169dd8a27a9dbb89ed38467cb5d,fac9663c683b28887ca1e752ff5296d03fd5461f3ca0e5460b6cf3ad185cd736,3a81d7cc54fc7c746379eac87300764bb2f183e3f8163c2718d14a5752de6a6a
seed3418_svd_self_rho1_4,3418,SVD / self only,1/4,64,2048,32,64,65.87798892883639,64.1875542163174,65.03277157257689,68.55200776832125,0.0,0.0,0.0,0,8,94670212,50331648,25165824,2.8524909193166725,8144,68e195b9edf757afae8fb473e4b7a31cd1f6a7262ad97f292eb54f8f134e3c4c,c7a857505ce62d0039a10fc876d34c88560f1cfa9301741a27a4eff52202e933,cc5fe7c460303b8f351df88b5f10f59f6739e6e596ed997fbd5de19ec41505b0,fac9663c683b28887ca1e752ff5296d03fd5461f3ca0e5460b6cf3ad185cd736,3a81d7cc54fc7c746379eac87300764bb2f183e3f8163c2718d14a5752de6a6a
seed3418_svd_scrambled_rho1_4,3418,SVD / scrambled Radon,1/4,64,2048,32,64,67.56756756756756,66.87828271294816,67.22292514025787,66.21621621621621,1.6895786387311773,2.6907284966307685,2.19015356768098,9,15,94670212,50331648,50331648,8.516585956383278,8144,5099263c724944ac7bbfafbd0547a8572fe557a967437e437bac02cd64476b14,7eb48c1420a8198ff9840b49d020222e6da6522e10aa2054a702e79cdccc46aa,e05a7d98b9796cd9ec23fc94047bc05eb750c8768824f2896a6708012338e4d9,fac9663c683b28887ca1e752ff5296d03fd5461f3ca0e5460b6cf3ad185cd736,3a81d7cc54fc7c746379eac87300764bb2f183e3f8163c2718d14a5752de6a6a
seed3418_svd_resample_rho1_4,3418,SVD / linear resampling,1/4,64,2048,N/A (packing32),64,67.84337941839055,69.2790257853222,68.56120260185638,70.72003680699332,1.9653904895541672,5.09147156900481,3.5284310292794885,5,11,94670212,50331648,50331648,3.522345198599942,8096,37f373461fd213e5ce228a67f7d86483bda553633fe22c61c07e3618bfe4e3c3,3c4f365322787d3e3b124882c177c311c5e7f24d6db6e97024af9d56e7e79ec1,307ab421e6b1bcefb8579c279e95dd5b470c9888ef99c8bebaedba396fcbf7c7,fac9663c683b28887ca1e752ff5296d03fd5461f3ca0e5460b6cf3ad185cd736,3a81d7cc54fc7c746379eac87300764bb2f183e3f8163c2718d14a5752de6a6a
seed3418_qr_radon_rho1_4,3418,Random QR / Radon,1/4,64,2048,32,64,67.56164383561645,67.90210827901879,67.73187605731762,67.22935570393199,1.6836549067800632,3.7145540627013958,2.6991044847407295,12,18,94670212,50331648,50331648,6.07365675288335,8144,4476d21839340172d87734cc332e1942d19b366da22f57023a973fc61dfb6216,487f0315a1eff44a61f234dd914f4842a9162bab97368da7ab8ff018cc43b17c,daa7623db9103efc9f2502284017605d7dd3c623d957928b098ca1336ab067d9,fac9663c683b28887ca1e752ff5296d03fd5461f3ca0e5460b6cf3ad185cd736,3a81d7cc54fc7c746379eac87300764bb2f183e3f8163c2718d14a5752de6a6a
seed3416_centered_svd_radon_rho1_16,3416,Centered-fit SVD / Radon,1/16,16,512,32,64,67.5305087069793,67.8757068601131,67.7031077835462,69.93208925412316,0.640128393780202,2.740253385437015,1.6901908896086155,8,14,47484292,3145728,3145728,6.714080647899997,7906,c482562b8fbd7cad76e7068328245ece538bf9b0a40e54f70b967ce6fb8b6bd3,e6344acba919264df64f4a1b378d1abe4776691cb48fd77693fb51c24fea7514,8ccc9d61cfa71c18fb8eaa44387a79523b85d36ab74d7e21e4c7f34635900bff,d7228d326c3739380eee3d6710c299d6687a6551137033472013b923c13b730e,10dca6b8599f1472cf50320e9f0e2dffc3434ccdedc839af82bc7c5d506a54f5
seed3416_centered_svd_self_rho1_16,3416,Centered-fit SVD / self only,1/16,16,512,32,64,66.8903803131991,65.13545347467608,66.01291689393759,70.59166124224879,0.0,0.0,0.0,0,8,47484292,3145728,1572864,2.409631160966698,7906,c375138f573a542a8057b444fc9ec06b9f92be6a7afbcebcd2f8a97e5c484d68,2858f087207b5105660c0c821acd6fae7bccfb1ad4c2bc220999c0127e698906,260389c0c54b7cf2fbcf52f63cc9f1215f954af60ab392ec37093a37fdfedc4f,d7228d326c3739380eee3d6710c299d6687a6551137033472013b923c13b730e,10dca6b8599f1472cf50320e9f0e2dffc3434ccdedc839af82bc7c5d506a54f5
seed3416_centered_svd_scrambled_rho1_16,3416,Centered-fit SVD / scrambled Radon,1/16,16,512,32,64,69.25640586657535,68.09759677123463,68.67700131890498,67.86102062975027,2.3660255533762466,2.9621432965585512,2.664084424967399,10,16,47484292,3145728,3145728,4.588209792150034,7906,987672e280eafbc465560b6619de206a317972b4dca797a5c7332e08975f43ef,c6debaf90507b82ede74f566e3f0eb197a45f04197fa96e8fb76fe5be9d843cc,85494ba89287b7dbfbdeb5b8cec140272742a0d1a7d13ff38a260c09ad40239d,d7228d326c3739380eee3d6710c299d6687a6551137033472013b923c13b730e,10dca6b8599f1472cf50320e9f0e2dffc3434ccdedc839af82bc7c5d506a54f5
seed3416_centered_svd_resample_rho1_16,3416,Centered-fit SVD / linear resampling,1/16,16,512,N/A (packing32),64,66.8903803131991,65.13545347467608,66.01291689393759,70.59166124224879,0.0,0.0,0.0,0,8,47484292,3145728,3145728,3.796995611300008,7848,2d72e141a5baa39e6d096ea4a2b78ebcfe41e167409b7b2d23c0f84895521ef8,2858f087207b5105660c0c821acd6fae7bccfb1ad4c2bc220999c0127e698906,8df8a01423bd688a85db72a5367eb54bb63f616c9c73f4ab4df0dcd95324a73a,d7228d326c3739380eee3d6710c299d6687a6551137033472013b923c13b730e,10dca6b8599f1472cf50320e9f0e2dffc3434ccdedc839af82bc7c5d506a54f5
seed3416_centered_svd_radon_rho1_8,3416,Centered-fit SVD / Radon,1/8,32,1024,32,64,74.61319427767677,73.30319325044809,73.95819376406243,73.97906177575322,7.722813964477666,8.167739775772006,7.945276870124843,28,28,56921476,12582912,12582912,10.377069130116675,8012,e72a36f1f7455fb5c8bdd1c50676346f12cb5b0fecbc4884e844de21d0149b44,6fc43d2d63bd44d3dc4e8a8cfe66d157e3fdd3f11831b68fc08fb368f516181b,726242eaf683c7c13357c6cf82bc39eb572ab493c27b18493701646f7d1d1430,d7228d326c3739380eee3d6710c299d6687a6551137033472013b923c13b730e,10dca6b8599f1472cf50320e9f0e2dffc3434ccdedc839af82bc7c5d506a54f5
seed3416_centered_svd_self_rho1_8,3416,Centered-fit SVD / self only,1/8,32,1024,32,64,66.8903803131991,65.13545347467608,66.01291689393759,70.59166124224879,0.0,0.0,0.0,0,8,56921476,12582912,6291456,2.5151507420333172,8012,9ff170c7c86424b7093eacadd2a67510f65f6765ba4ef617cca62d606fc2218d,2858f087207b5105660c0c821acd6fae7bccfb1ad4c2bc220999c0127e698906,82895966d08aea3764bb52f52318277a5843f40b1f59f8304a37e0ece8373308,d7228d326c3739380eee3d6710c299d6687a6551137033472013b923c13b730e,10dca6b8599f1472cf50320e9f0e2dffc3434ccdedc839af82bc7c5d506a54f5
seed3416_centered_svd_scrambled_rho1_8,3416,Centered-fit SVD / scrambled Radon,1/8,32,1024,32,64,70.94063926940639,69.17760410110881,70.0591216852576,68.84923358499199,4.050258956207287,4.042150626432729,4.046204791320008,8,14,56921476,12582912,12582912,4.235574864533313,8012,9c96cb4ed697812c438150b0f2d5bc27ff7c33e0de99cd61e9a04a484f96def9,5c95280fda26e00811e70f3a9e1eb86f95b63b90302600813e2606cc70632b6f,df35561b45fb5004d1b4e6d9105848974a1de4aa3cfdde125f4f9debdfe25ad5,d7228d326c3739380eee3d6710c299d6687a6551137033472013b923c13b730e,10dca6b8599f1472cf50320e9f0e2dffc3434ccdedc839af82bc7c5d506a54f5
seed3416_centered_svd_resample_rho1_8,3416,Centered-fit SVD / linear resampling,1/8,32,1024,N/A (packing32),64,66.8903803131991,65.13545347467608,66.01291689393759,70.59166124224879,0.0,0.0,0.0,0,8,56921476,12582912,12582912,2.3725437782166408,8154,a95d4e93dbfe0f7f767b0edfaf44b052fa87ced99eac8b07969a9fb4fa311186,2858f087207b5105660c0c821acd6fae7bccfb1ad4c2bc220999c0127e698906,b01bfd93a364a2d611e3f62a46ade945d7fb82e61c5bb2500886a7904a8c50c1,d7228d326c3739380eee3d6710c299d6687a6551137033472013b923c13b730e,10dca6b8599f1472cf50320e9f0e2dffc3434ccdedc839af82bc7c5d506a54f5
seed3416_centered_svd_radon_rho1_4,3416,Centered-fit SVD / Radon,1/4,64,2048,32,64,73.58956760466712,73.52779306549257,73.55868033507986,72.84901852871033,6.6991872914680215,8.39233959081649,7.54576344114227,7,13,94670212,50331648,50331648,7.3904338105333105,8144,6303ceb707ba4e079594cf3b5a797f74056fcb10df479045b4903488ee4d92af,691bbdf8236c8e3e0e5b19a330bb89faa39e045156aaf39b8d3c308d78c29e62,75e45d2e1c5cb06b328db63420d694e2d8853f8ff68d78000cd8b9260eb5989c,d7228d326c3739380eee3d6710c299d6687a6551137033472013b923c13b730e,10dca6b8599f1472cf50320e9f0e2dffc3434ccdedc839af82bc7c5d506a54f5
seed3416_centered_svd_self_rho1_4,3416,Centered-fit SVD / self only,1/4,64,2048,32,64,66.8903803131991,65.13545347467608,66.01291689393759,70.59166124224879,0.0,0.0,0.0,0,8,94670212,50331648,25165824,2.8353524038667577,8144,8e739094f536a6dfe8d10e1f31bd5e4b37391fdfa015cd9b681e3950803a0f17,2858f087207b5105660c0c821acd6fae7bccfb1ad4c2bc220999c0127e698906,85754efa23b018adc9b18f99dbb90a81c08ace07b9c1ca6be5f845608cb9fb8d,d7228d326c3739380eee3d6710c299d6687a6551137033472013b923c13b730e,10dca6b8599f1472cf50320e9f0e2dffc3434ccdedc839af82bc7c5d506a54f5
seed3416_centered_svd_scrambled_rho1_4,3416,Centered-fit SVD / scrambled Radon,1/4,64,2048,32,64,73.58956760466712,70.59166124224879,72.09061442345796,71.93351230936199,6.6991872914680215,5.456207767572707,6.077697529520378,7,13,94670212,50331648,50331648,4.449710387133382,8144,3b1546ed9a24fa85e5cecb6b129af89052f441ad2357f382b211452dd5ee4903,8138e8ba9bbb15a41abf137a3b357f1f5ce9caa8dc02f33dd6e30066f39b3ab1,7083d0c04ee8476204367315507c5b77b060f2407a48ce276ea8bbdd0d083017,d7228d326c3739380eee3d6710c299d6687a6551137033472013b923c13b730e,10dca6b8599f1472cf50320e9f0e2dffc3434ccdedc839af82bc7c5d506a54f5
seed3416_centered_svd_resample_rho1_4,3416,Centered-fit SVD / linear resampling,1/4,64,2048,N/A (packing32),64,69.57236842105263,67.82277351214657,68.6975709665996,72.29223744292237,2.6819881078535275,2.687320037470485,2.6846540726620134,5,11,94670212,50331648,50331648,3.490729038516656,8096,e5da44bcaa2a3c288dd5011aae90ba3717e9fa1c6117cd159d18abceb93d5b22,59b8a7f46e92500de90ad89d4f9f67ec8cdd1a76547b73411a48e49a9477528a,2eb920e3c1cbf772d7b51f0f60a87584cb72987e831d895d2dadb0f9179b80bb,d7228d326c3739380eee3d6710c299d6687a6551137033472013b923c13b730e,10dca6b8599f1472cf50320e9f0e2dffc3434ccdedc839af82bc7c5d506a54f5
seed3417_centered_svd_radon_rho1_16,3417,Centered-fit SVD / Radon,1/16,16,512,32,64,68.74627002708533,66.86769005847954,67.80698004278244,71.84344736691307,4.898632281243096,2.6801358421621444,3.789384061702634,18,24,47484292,3145728,3145728,11.151922025516615,7906,7410f307745600a21865365bbdf0f4514a4113999ae9bfea70b32bc9fa5f79bd,edf4fe713485cb9b2d1b1dbf3e37fdf0a0a5b32d391abf1bf86fea4c3aa3f5a2,ca43af615208ac06e0141b473dc628e23b2ac4642fba4e1f4c91540eef983aa1,368dc093b22a22aecf7cd8ccef42bb60d68d8962a029504347b0ab22945ee07a,b597bc7544eac65b5897fba6a31f868bb8fbe86bf7c9c6858a5875769188ef6c
seed3417_centered_svd_self_rho1_16,3417,Centered-fit SVD / self only,1/16,16,512,32,64,63.847637745842235,64.1875542163174,64.01759598107981,63.847637745842235,0.0,0.0,0.0,0,8,47484292,3145728,1572864,2.4600950658500853,7906,513b5385e93be48e89b826d7b0cc70ba36407496a9ffb209ce521be645d03b85,0d12cca1f3fba7e07a8ced1625ee072883cd009dbf0a11568cc31ca4af018ef2,6471761eb8d046f92ff2ae9a269796c0bf9813282379f970127727cd220a3c91,368dc093b22a22aecf7cd8ccef42bb60d68d8962a029504347b0ab22945ee07a,b597bc7544eac65b5897fba6a31f868bb8fbe86bf7c9c6858a5875769188ef6c
seed3417_centered_svd_scrambled_rho1_16,3417,Centered-fit SVD / scrambled Radon,1/16,16,512,32,64,64.5266221537408,67.56756756756756,66.04709486065418,67.8757068601131,0.6789844078985681,3.38001335125017,2.0294988795743762,11,17,47484292,3145728,3145728,4.907856960966698,7906,8f3893d36a419580b52edf0cf62e3dc670a0b201d84e527efeb92ae741f3fd16,2ce5e32feb050fd7aaf9a40f38952d72be659381da303abd09c44fc1dacd03f4,68042a832b2363c9288ccf5656fd2eccf23a19841ec675dc24010cbc7c6f4e69,368dc093b22a22aecf7cd8ccef42bb60d68d8962a029504347b0ab22945ee07a,b597bc7544eac65b5897fba6a31f868bb8fbe86bf7c9c6858a5875769188ef6c
seed3417_centered_svd_resample_rho1_16,3417,Centered-fit SVD / linear resampling,1/16,16,512,N/A (packing32),64,63.847637745842235,64.1875542163174,64.01759598107981,63.847637745842235,0.0,0.0,0.0,0,8,47484292,3145728,3145728,2.282424186416756,7848,6033c97291da8203a04a79bb7a4bbb0eed8bf2e8d4e69c0d4b2c81049c266aa4,0d12cca1f3fba7e07a8ced1625ee072883cd009dbf0a11568cc31ca4af018ef2,ae15d99be2fd733565117cc8d4abff3def5ec3a49dc0cee3e80382b560229cb7,368dc093b22a22aecf7cd8ccef42bb60d68d8962a029504347b0ab22945ee07a,b597bc7544eac65b5897fba6a31f868bb8fbe86bf7c9c6858a5875769188ef6c
seed3417_centered_svd_radon_rho1_8,3417,Centered-fit SVD / Radon,1/8,32,1024,32,64,68.86775196634352,68.57211357331232,68.71993276982792,68.90614295501256,5.020114220501284,4.384559356994927,4.702336788748113,9,15,56921476,12582912,12582912,7.403341196183222,8012,38913cf51b469c7f4bfb46ff1f3fba93f593f143bd818a4bb6092a06c8f3adfc,7b6e31396ad2a4be58733f845e482d1a38bc03d0d1e33614f436ecf766e51325,26f0db0f6be451090f5db3d3356959b47c2b102888555654aa5bbff215a40344,368dc093b22a22aecf7cd8ccef42bb60d68d8962a029504347b0ab22945ee07a,b597bc7544eac65b5897fba6a31f868bb8fbe86bf7c9c6858a5875769188ef6c
seed3417_centered_svd_self_rho1_8,3417,Centered-fit SVD / self only,1/8,32,1024,32,64,63.847637745842235,64.1875542163174,64.01759598107981,63.847637745842235,0.0,0.0,0.0,0,8,56921476,12582912,6291456,2.551150178599831,8012,5359bfc02393a3acc85f094d32154699f8618ecca3b969656d415a4e610d4b59,0d12cca1f3fba7e07a8ced1625ee072883cd009dbf0a11568cc31ca4af018ef2,a1a7523a84196b874cdda33815aa92473b1f6aabbfeb92ba907c283b5312e962,368dc093b22a22aecf7cd8ccef42bb60d68d8962a029504347b0ab22945ee07a,b597bc7544eac65b5897fba6a31f868bb8fbe86bf7c9c6858a5875769188ef6c
seed3417_centered_svd_scrambled_rho1_8,3417,Centered-fit SVD / scrambled Radon,1/8,32,1024,32,64,67.56608683741953,68.55200776832125,68.0590473028704,68.22002923976609,3.7184490915772983,4.364453552003852,4.041451321790589,11,17,56921476,12582912,12582912,5.082438262633514,8012,19d52bcdffcc11eacf4abd7b147e094f7b7239c0bf619ab80a9dfae117511e85,902f278f915fcb07a5c80e143cda8ffe2956152c0ca370d0e9b7ed4ef4ab8929,803bc1d4672d94c95ea81ed6b252e28dff7f8b486866499556e085a5ef362366,368dc093b22a22aecf7cd8ccef42bb60d68d8962a029504347b0ab22945ee07a,b597bc7544eac65b5897fba6a31f868bb8fbe86bf7c9c6858a5875769188ef6c
seed3417_centered_svd_resample_rho1_8,3417,Centered-fit SVD / linear resampling,1/8,32,1024,N/A (packing32),64,64.43569703974093,64.0249495505412,64.23032329514106,65.3125,0.588059293898695,-0.16260466577620036,0.21272731406125445,6,12,56921476,12582912,12582912,4.164004927683466,8154,a035845958795ced6b48ae74efa2643f8113b410615f6b029d2186ecaf7a5175,b9aab85558a32d6fb4404ed614cd91e7d1a1dd3d3d1821711981328e37cd4c4b,2586e955577d1bffdcf278c32dd978cf2f22c1d5f6c604f1673a8a93e1310e56,368dc093b22a22aecf7cd8ccef42bb60d68d8962a029504347b0ab22945ee07a,b597bc7544eac65b5897fba6a31f868bb8fbe86bf7c9c6858a5875769188ef6c
seed3417_centered_svd_radon_rho1_4,3417,Centered-fit SVD / Radon,1/4,64,2048,32,64,67.77262048020171,69.57236842105263,68.67249445062717,67.84337941839055,3.9249827343594745,5.384814204735235,4.654898469547362,8,14,94670212,50331648,50331648,4.738510771250003,8144,0a8ebdd80e00b1cc9f198f97e73352e6bd54bb38fc371bc032dc3caf852c440c,dcda7aad3968fcdb9fa1b6adeef8f04ab03ed5949492f686ea9494a9fc77f7ba,a05a3acd7b6907172e7d71558313b8f3d3fefd44a2e7c7d95ee4ddcef3375db4,368dc093b22a22aecf7cd8ccef42bb60d68d8962a029504347b0ab22945ee07a,b597bc7544eac65b5897fba6a31f868bb8fbe86bf7c9c6858a5875769188ef6c
seed3417_centered_svd_self_rho1_4,3417,Centered-fit SVD / self only,1/4,64,2048,32,64,63.847637745842235,64.1875542163174,64.01759598107981,63.847637745842235,0.0,0.0,0.0,0,8,94670212,50331648,25165824,4.24403368818336,8144,80b7968c78298e14d7dd710fa3b0158764f384471bb4f29b01353f17832b488c,0d12cca1f3fba7e07a8ced1625ee072883cd009dbf0a11568cc31ca4af018ef2,a47a7ffff4cde73b190947994308e524c224aa91c28b212250e29fb9b5091a26,368dc093b22a22aecf7cd8ccef42bb60d68d8962a029504347b0ab22945ee07a,b597bc7544eac65b5897fba6a31f868bb8fbe86bf7c9c6858a5875769188ef6c
seed3417_centered_svd_scrambled_rho1_4,3417,Centered-fit SVD / scrambled Radon,1/4,64,2048,32,64,68.91324200913243,62.30444789755932,65.60884495334588,67.12127978746551,5.065604263290197,-1.8831063187580739,1.5912489722660723,6,12,94670212,50331648,50331648,8.364536264283378,8144,061e6160e664a2c917c20ae9ee02149940078be925036212b81c897c01ab01f7,9acdb6de6eb161782e7a2d4576ad6c3ab52e0e13638161cebacd36ae67e63d68,39a1195a0a4fb0bf207339d556ddd3062799cb37e1488c19c0dee77b93bc3194,368dc093b22a22aecf7cd8ccef42bb60d68d8962a029504347b0ab22945ee07a,b597bc7544eac65b5897fba6a31f868bb8fbe86bf7c9c6858a5875769188ef6c
seed3417_centered_svd_resample_rho1_4,3417,Centered-fit SVD / linear resampling,1/4,64,2048,N/A (packing32),64,67.18441053774502,63.171892656979466,65.17815159736224,67.21139241951877,3.3367727919027885,-1.0156615593379286,1.160555616282437,8,14,94670212,50331648,50331648,8.852845399233532,8096,87433c749d4d4c5caacf356f84a470df9b9150db7605098af30695cae1614c03,29426e34503317266103cb591fc90e1f82702eba0fbc21e4de0d8ccecff1add2,17e8d25d0a2d3869d6ef26dc8cabc2275d4897dc10b70024b7fe003feab83003,368dc093b22a22aecf7cd8ccef42bb60d68d8962a029504347b0ab22945ee07a,b597bc7544eac65b5897fba6a31f868bb8fbe86bf7c9c6858a5875769188ef6c
seed3418_centered_svd_radon_rho1_16,3418,Centered-fit SVD / Radon,1/16,16,512,32,64,68.55200776832125,67.84337941839055,68.1976935933559,69.5264241592313,2.6740188394848587,3.65582520207316,3.1649220207790023,17,23,47484292,3145728,3145728,6.494835246083434,7906,cce32d2999ec529f12bd41bf89f6be7e203f2d99fab16a6f9f56f6ed0c280e2d,9b5d140aa7e284f4267b72833e978bc00bede195ffe14c83de60c01da3ccc4a3,954d8d3827625143495ebe9590170d240653ab13ac6a7387962f96d5396a4032,fac9663c683b28887ca1e752ff5296d03fd5461f3ca0e5460b6cf3ad185cd736,3a81d7cc54fc7c746379eac87300764bb2f183e3f8163c2718d14a5752de6a6a
seed3418_centered_svd_self_rho1_16,3418,Centered-fit SVD / self only,1/16,16,512,32,64,65.87798892883639,64.1875542163174,65.03277157257689,68.55200776832125,0.0,0.0,0.0,0,8,47484292,3145728,1572864,2.460192243666582,7906,60d2a07e3beeb326a714fbb89a884f805b51777e0f3a15618a09bc26208ffeb8,c7a857505ce62d0039a10fc876d34c88560f1cfa9301741a27a4eff52202e933,6e0c3c6c53afd0cd6f0f160d6e1b2e992a056068770625b08e02be679fc696e1,fac9663c683b28887ca1e752ff5296d03fd5461f3ca0e5460b6cf3ad185cd736,3a81d7cc54fc7c746379eac87300764bb2f183e3f8163c2718d14a5752de6a6a
seed3418_centered_svd_scrambled_rho1_16,3418,Centered-fit SVD / scrambled Radon,1/16,16,512,32,64,68.91324200913243,65.87487301243051,67.39405751078147,69.24798209861744,3.0352530802960445,1.687318796113118,2.361285938204574,13,19,47484292,3145728,3145728,5.435198546800044,7906,4c27159a086345742096445c4565a2df3d54740ba64ee385c3119af0b96158dd,84b0b0f9159f7541360ad2e068bb90e8930ea67fe4a453c271516aed057c6dfe,31f9bb66f03432b50856f99cff11c5f5acdc305ae344a78dd9cbfab85f8f96f4,fac9663c683b28887ca1e752ff5296d03fd5461f3ca0e5460b6cf3ad185cd736,3a81d7cc54fc7c746379eac87300764bb2f183e3f8163c2718d14a5752de6a6a
seed3418_centered_svd_resample_rho1_16,3418,Centered-fit SVD / linear resampling,1/16,16,512,N/A (packing32),64,65.87798892883639,64.1875542163174,65.03277157257689,68.55200776832125,0.0,0.0,0.0,0,8,47484292,3145728,3145728,2.301227043183462,7848,ce9bc9ec6f89104805899fc9862d8057f77301528e32c739509f760772e8fdd5,c7a857505ce62d0039a10fc876d34c88560f1cfa9301741a27a4eff52202e933,d07361cdb01669474b3582eb62f6f60f43d48b2f54f1ce26523ac0edc399cc06,fac9663c683b28887ca1e752ff5296d03fd5461f3ca0e5460b6cf3ad185cd736,3a81d7cc54fc7c746379eac87300764bb2f183e3f8163c2718d14a5752de6a6a
seed3418_centered_svd_radon_rho1_8,3418,Centered-fit SVD / Radon,1/8,32,1024,32,64,67.82277351214657,64.78609013955617,66.30443182585137,69.25640586657535,1.944784583310181,0.5985359232387708,1.2716602532744758,3,9,56921476,12582912,12582912,2.796661298400189,8012,408611bbf8a5e9722526745cc62bfad16bd5925ae0ace760aa249cd1e6625302,7ef62e86ba14cedb847b11047eeda66fdf431c1a5f5347bf0c4c30c9bf3bd34e,64e18d2f590bfaf282224da8c235cba42fb823de8c449d24310d75e18cb74398,fac9663c683b28887ca1e752ff5296d03fd5461f3ca0e5460b6cf3ad185cd736,3a81d7cc54fc7c746379eac87300764bb2f183e3f8163c2718d14a5752de6a6a
seed3418_centered_svd_self_rho1_8,3418,Centered-fit SVD / self only,1/8,32,1024,32,64,65.87798892883639,64.1875542163174,65.03277157257689,68.55200776832125,0.0,0.0,0.0,0,8,56921476,12582912,6291456,2.531700649449825,8012,68713855da390ea4fd862b3f258ca4abea8d7095bd9538b57dae5d72dda434fb,c7a857505ce62d0039a10fc876d34c88560f1cfa9301741a27a4eff52202e933,5ca55f9d40f4088c7d2953694a207eb02860337afec985641012e7fd3afefe95,fac9663c683b28887ca1e752ff5296d03fd5461f3ca0e5460b6cf3ad185cd736,3a81d7cc54fc7c746379eac87300764bb2f183e3f8163c2718d14a5752de6a6a
seed3418_centered_svd_scrambled_rho1_8,3418,Centered-fit SVD / scrambled Radon,1/8,32,1024,32,64,65.02667049039289,66.7948717948718,65.91077114263234,66.46794292318431,-0.8513184384434993,2.607317578554401,0.8779995700554508,12,18,56921476,12582912,12582912,5.354208486266725,8012,8092fdaaa2ea30f7073aefe4e4bc2d9ec9053218b78bd93be0d905204172bb32,f7f4bc8b19792c96a5727a940324a76b2c9a46b753ddb5f4df0eb919751f5d6a,f5faac8482e2737eabb6ce436ed02de2366fa2f7f482761eb975c6765c881e64,fac9663c683b28887ca1e752ff5296d03fd5461f3ca0e5460b6cf3ad185cd736,3a81d7cc54fc7c746379eac87300764bb2f183e3f8163c2718d14a5752de6a6a
seed3418_centered_svd_resample_rho1_8,3418,Centered-fit SVD / linear resampling,1/8,32,1024,N/A (packing32),64,65.87798892883639,64.1875542163174,65.03277157257689,68.55200776832125,0.0,0.0,0.0,0,8,56921476,12582912,12582912,2.3364741729831926,8154,7bf15326e9c569ce5f5ede2c2fa3dce098f0beb015cf7fcadd070e248375289a,c7a857505ce62d0039a10fc876d34c88560f1cfa9301741a27a4eff52202e933,8310d76a74ef8392f3f1b1a5be49049802c95f37e0953581cfaf1021c34220f9,fac9663c683b28887ca1e752ff5296d03fd5461f3ca0e5460b6cf3ad185cd736,3a81d7cc54fc7c746379eac87300764bb2f183e3f8163c2718d14a5752de6a6a
seed3418_centered_svd_radon_rho1_4,3418,Centered-fit SVD / Radon,1/4,64,2048,32,64,67.88744618406477,65.84680413548867,66.86712515977672,67.2203765227021,2.0094572552283836,1.6592499191712733,1.8343535871998284,7,13,94670212,50331648,50331648,4.392459773899948,8144,a993ec27fdedae54c284b32b247a8a4c493f9eec2bcaa8346a991b0c7b82c72d,46034ac3538f61297a5ced625966bdfd63768c11687ebd838b20bef2205d0cc1,406f446752e56c29ee47bdd9f0fb02230fa1802aff994977f588c6fb10f3a643,fac9663c683b28887ca1e752ff5296d03fd5461f3ca0e5460b6cf3ad185cd736,3a81d7cc54fc7c746379eac87300764bb2f183e3f8163c2718d14a5752de6a6a
seed3418_centered_svd_self_rho1_4,3418,Centered-fit SVD / self only,1/4,64,2048,32,64,65.87798892883639,64.1875542163174,65.03277157257689,68.55200776832125,0.0,0.0,0.0,0,8,94670212,50331648,25165824,2.833391909666777,8144,185de197acd48bc7d286bbaa9bde89e2bef1017cd2b78ad44e19104b364ad40f,c7a857505ce62d0039a10fc876d34c88560f1cfa9301741a27a4eff52202e933,4d406859117525b06af67806486ea0dae6e9782c8646f9144626f89a1260d072,fac9663c683b28887ca1e752ff5296d03fd5461f3ca0e5460b6cf3ad185cd736,3a81d7cc54fc7c746379eac87300764bb2f183e3f8163c2718d14a5752de6a6a
seed3418_centered_svd_scrambled_rho1_4,3418,Centered-fit SVD / scrambled Radon,1/4,64,2048,32,64,69.54453996707517,67.82277351214657,68.68365673961087,67.82277351214657,3.6665510382387794,3.635219295829174,3.6508851670339766,6,12,94670212,50331648,50331648,4.112861314516825,8144,eccaa9196dd05fedfbae5afca4196ee58648e88a2ec68513efbe7427bfb4cf5a,69166489175f29211d7551c654288acf18de7c80085fb773d4ec3bce889365e0,534fd47e9f598b3299d73ef8a3a672561189ce8c4efe7abbaab3476aab323445,fac9663c683b28887ca1e752ff5296d03fd5461f3ca0e5460b6cf3ad185cd736,3a81d7cc54fc7c746379eac87300764bb2f183e3f8163c2718d14a5752de6a6a
seed3418_centered_svd_resample_rho1_4,3418,Centered-fit SVD / linear resampling,1/4,64,2048,N/A (packing32),64,65.8311903537345,67.77262048020171,66.80190541696811,65.41263804243229,-0.04679857510188867,3.5850662638843147,1.7691338443912201,8,14,94670212,50331648,50331648,4.299483911633433,8096,e84e14459079e724cd1b0b2a19f8dc9fc94d639072ed7e38ef92187e33280b18,021d20ff9c20a7a565cf08f0c87c115386c533296a40d5ff2be049713b9b15ae,7f24192d44d6d1e470c68c1705451c1d5127d6e81f07ffd61a21187f30aae03e,fac9663c683b28887ca1e752ff5296d03fd5461f3ca0e5460b6cf3ad185cd736,3a81d7cc54fc7c746379eac87300764bb2f183e3f8163c2718d14a5752de6a6a
seed3416_channel_svd_radon_rho1_16,3416,Learned channel / Radon,1/16,16,512,32,64,67.41882223445239,67.09414933241649,67.25648578343444,68.42213937482077,0.5284419212532896,1.958695857740409,1.2435688894968564,7,13,47500676,3162112,3162112,3.752620699900096,7906,c1b79673514109a4f743f29058f6c95c83838c60c2831bb59c0fc17ffbec4c38,fefc150f4139f6e4b6e342f792d456487db1a72449d3d3a322e1594a0fd66fd3,1252ed97e8e697b2a093931c0acb10dfaaee044ab6bec6fb3b66523ec49d1a2e,d7228d326c3739380eee3d6710c299d6687a6551137033472013b923c13b730e,10dca6b8599f1472cf50320e9f0e2dffc3434ccdedc839af82bc7c5d506a54f5
seed3416_channel_svd_self_rho1_16,3416,Learned channel / Self only,1/16,16,512,32,64,66.8903803131991,65.13545347467608,66.01291689393759,70.59166124224879,0.0,0.0,0.0,0,8,47500676,3162112,1589248,2.4260576108332317,7906,31557a37ab0c4c2bdcdc15773b39fa7ba8523c8fa7fbc378f15d75688e4564d4,2858f087207b5105660c0c821acd6fae7bccfb1ad4c2bc220999c0127e698906,700d1312806f9e9684e383cf50f87520ceba70424d7e3d2d5e8fd665239a406a,d7228d326c3739380eee3d6710c299d6687a6551137033472013b923c13b730e,10dca6b8599f1472cf50320e9f0e2dffc3434ccdedc839af82bc7c5d506a54f5
seed3416_channel_svd_scrambled_rho1_16,3416,Learned channel / Scrambled Radon,1/16,16,512,32,64,68.15018315018315,65.51535087719299,66.83276701368807,67.82277351214657,1.2598028369840506,0.37989740251690307,0.8198501197504839,7,13,47500676,3162112,3162112,3.773301518633525,7906,f94ff1be724764bcd232059441c69c7ba9c4e08b90e821e37f3d1d368b1054ff,c5899eac589fcf71c13e456f303ae50e12082ecf382859b0411f6e2774edf14b,a2500e88c1ac0b8ea0de044ec78bdc526f96b73f7f916a059995df25f654cd8c,d7228d326c3739380eee3d6710c299d6687a6551137033472013b923c13b730e,10dca6b8599f1472cf50320e9f0e2dffc3434ccdedc839af82bc7c5d506a54f5
seed3416_channel_svd_resample_rho1_16,3416,Learned channel / Linear resampling,1/16,16,512,N/A (packing32),64,66.8903803131991,65.13545347467608,66.01291689393759,70.59166124224879,0.0,0.0,0.0,0,8,47500676,3162112,3162112,2.2876774509667785,7848,5b34f885950077325e2fb8447101a12af97fef679356db6915afd8c38412de6c,2858f087207b5105660c0c821acd6fae7bccfb1ad4c2bc220999c0127e698906,e4efd32301e36d02b9474cd3b1d3cc4782ede71f5a7a44eeffb5a534f27999f2,d7228d326c3739380eee3d6710c299d6687a6551137033472013b923c13b730e,10dca6b8599f1472cf50320e9f0e2dffc3434ccdedc839af82bc7c5d506a54f5
seed3416_channel_svd_radon_rho1_8,3416,Learned channel / Radon,1/8,32,1024,32,64,70.92470760233918,68.24324324324324,69.58397542279121,68.90614295501256,4.03432728914008,3.1077897685671587,3.5710585288536265,10,16,56954244,12615680,12615680,4.723925128983198,8012,4b39b18528436d826401efa8f8155de14bb7c2bea7dd83d52bd3e065068eba6b,e099dc9fd79396098d724749996efcde70fe3d30406ec7a21c87314643102613,5b98a7573e681cd231cb4ae1da20f7cdce9773f20283bbd984d7e00cb607133e,d7228d326c3739380eee3d6710c299d6687a6551137033472013b923c13b730e,10dca6b8599f1472cf50320e9f0e2dffc3434ccdedc839af82bc7c5d506a54f5
seed3416_channel_svd_self_rho1_8,3416,Learned channel / Self only,1/8,32,1024,32,64,66.8903803131991,65.13545347467608,66.01291689393759,70.59166124224879,0.0,0.0,0.0,0,8,56954244,12615680,6324224,2.511319310983284,8012,c39785e716e4653fc3210da05879963a83383c7235bae4fd588098fcc2c94880,2858f087207b5105660c0c821acd6fae7bccfb1ad4c2bc220999c0127e698906,7a8763f89b0711a1b0b2c6cbddb54198dcda02951824d878ab1b1700a646f407,d7228d326c3739380eee3d6710c299d6687a6551137033472013b923c13b730e,10dca6b8599f1472cf50320e9f0e2dffc3434ccdedc839af82bc7c5d506a54f5
seed3416_channel_svd_scrambled_rho1_8,3416,Learned channel / Scrambled Radon,1/8,32,1024,32,64,71.60995661109843,67.77262048020171,69.69128854565007,72.28591002511988,4.719576297899323,2.637167005525626,3.6783716517124816,10,16,56954244,12615680,12615680,4.7991429199501,8012,5aa9520ac383a75892cb6c25a494649da5d4f9d3edeb6fe05b8dcc1944787bd8,25e5f6eaa0ec816e4ba98f8ae87c2a58c11da7b607b478da75eae112fd3f4aa2,3e5a8ba04267cb736af7cf9188009dd6088bb80fcfe7e58b8f4026bc5e123faa,d7228d326c3739380eee3d6710c299d6687a6551137033472013b923c13b730e,10dca6b8599f1472cf50320e9f0e2dffc3434ccdedc839af82bc7c5d506a54f5
seed3416_channel_svd_resample_rho1_8,3416,Learned channel / Linear resampling,1/8,32,1024,N/A (packing32),64,66.8903803131991,65.13545347467608,66.01291689393759,70.59166124224879,0.0,0.0,0.0,0,8,56954244,12615680,12615680,2.3395216200832993,8154,7999be12edefec02df0b19c165f8dc04424169e25136d39a9f811b500bb50a4c,2858f087207b5105660c0c821acd6fae7bccfb1ad4c2bc220999c0127e698906,98576b37663f7e5c86aeb6ad849a74b207b7cc3216c45191edbb4f166d9d3b8c,d7228d326c3739380eee3d6710c299d6687a6551137033472013b923c13b730e,10dca6b8599f1472cf50320e9f0e2dffc3434ccdedc839af82bc7c5d506a54f5
seed3416_channel_svd_radon_rho1_4,3416,Learned channel / Radon,1/4,64,2048,32,64,71.2677150067948,72.61982253588681,71.94376877134081,70.91274738333561,4.377334693595699,7.484369061210728,5.930851877403228,11,17,94735748,50397184,50397184,5.650043521899836,8114,544a6e2a43d8641eddea2046852ded75542b233db6504b7aeeedde5364649a03,cbf1d90f90374b8d4b4445d5791047f2f1b4aefff982420d4e06022910a4402f,37ad6ba68a6dac56b2091324c4496cef96069df9cce9efb377e60368f4c0eba1,d7228d326c3739380eee3d6710c299d6687a6551137033472013b923c13b730e,10dca6b8599f1472cf50320e9f0e2dffc3434ccdedc839af82bc7c5d506a54f5
seed3416_channel_svd_self_rho1_4,3416,Learned channel / Self only,1/4,64,2048,32,64,66.8903803131991,65.13545347467608,66.01291689393759,70.59166124224879,0.0,0.0,0.0,0,8,94735748,50397184,25231360,2.9072220793333448,8114,20b8ed197f4719d557ac20c83cef7ded5bd8e328042a459a4b22f0c614201501,2858f087207b5105660c0c821acd6fae7bccfb1ad4c2bc220999c0127e698906,a91d536e0542ccc5ef598a188df8935a07492feb4502ece1442c1813969ecd06,d7228d326c3739380eee3d6710c299d6687a6551137033472013b923c13b730e,10dca6b8599f1472cf50320e9f0e2dffc3434ccdedc839af82bc7c5d506a54f5
seed3416_channel_svd_scrambled_rho1_4,3416,Learned channel / Scrambled Radon,1/4,64,2048,32,64,68.17204301075267,70.15992301700041,69.16598301387654,70.60508863446985,1.2816626975535712,5.024469542324326,3.1530661199389556,9,13,94735748,50397184,50397184,4.444868070049901,8114,78254c73bafc7a3457f83f4390bcaaed3bf898fd2ceb269ddca32a0967ea899f,43ef19e9a10b8c498932f1f4d984cb6f89feb512c989233731abb0dddf5d1074,9bb95fc946d83e1309715f2d961a39ac97a7db5d79d65127e5a2454554c5c369,d7228d326c3739380eee3d6710c299d6687a6551137033472013b923c13b730e,10dca6b8599f1472cf50320e9f0e2dffc3434ccdedc839af82bc7c5d506a54f5
seed3416_channel_svd_resample_rho1_4,3416,Learned channel / Linear resampling,1/4,64,2048,N/A (packing32),64,69.58209636903403,67.90210827901879,68.7421023240264,70.93400319707696,2.691716055834931,2.766654804342707,2.729185430088819,15,21,94735748,50397184,50397184,6.291488256983333,8132,418052fd0735d6f40133545f2b5702ec9002883cf6b653a0ad5559e6da55c25f,1f3450bf2ad1d04196ceda606f9d5c24cc089650263e5c98fa654797afa7b6aa,d864305aef60fa6fb773d68a7e0cf236463ad75589f5df110a8c0f0897692b05,d7228d326c3739380eee3d6710c299d6687a6551137033472013b923c13b730e,10dca6b8599f1472cf50320e9f0e2dffc3434ccdedc839af82bc7c5d506a54f5
seed3417_channel_svd_radon_rho1_16,3417,Learned channel / Radon,1/16,16,512,32,64,65.79052762870319,63.338773714854554,64.56465067177888,66.91212906943245,1.9428898828609533,-0.8487805014628407,0.5470546906990705,6,12,47500676,3162112,3162112,3.431469576949894,7906,5a7ea839a48439e5346429d586f9ef4c93f4b6bd70004246fc0e7b61474eeedb,9ed8e7164f80a34b0552f2766addcb35d8a7eb20ce6fc3c8156a4a943fba37b8,d0589fab469fe575bdecbd4b4f52951d11032bfb4977edc8ac5ff03ff2d3b13f,368dc093b22a22aecf7cd8ccef42bb60d68d8962a029504347b0ab22945ee07a,b597bc7544eac65b5897fba6a31f868bb8fbe86bf7c9c6858a5875769188ef6c
seed3417_channel_svd_self_rho1_16,3417,Learned channel / Self only,1/16,16,512,32,64,63.847637745842235,64.1875542163174,64.01759598107981,63.847637745842235,0.0,0.0,0.0,0,8,47500676,3162112,1589248,2.3878311698332255,7906,2d96578f42df41eda474728db157f1b148474b3ea38cd19b66bcfc3207ec054e,0d12cca1f3fba7e07a8ced1625ee072883cd009dbf0a11568cc31ca4af018ef2,559cbefbeebe2c1d6ceb1f872842ed7963a58e892542998a4e7b79dd7c1650de,368dc093b22a22aecf7cd8ccef42bb60d68d8962a029504347b0ab22945ee07a,b597bc7544eac65b5897fba6a31f868bb8fbe86bf7c9c6858a5875769188ef6c
seed3417_channel_svd_scrambled_rho1_16,3417,Learned channel / Scrambled Radon,1/16,16,512,32,64,63.847637745842235,64.1875542163174,64.01759598107981,63.847637745842235,0.0,0.0,0.0,0,8,47500676,3162112,3162112,2.4073863336833408,7906,3f45fcfddcf0903140a3f5eeb2880ac19c35827e9afdad197c92a591ef17b6fc,0d12cca1f3fba7e07a8ced1625ee072883cd009dbf0a11568cc31ca4af018ef2,4bdc4e0bfa302f1b8c2dd2c7d261f69966ca3c6b88585a22d3db213d6fe21c97,368dc093b22a22aecf7cd8ccef42bb60d68d8962a029504347b0ab22945ee07a,b597bc7544eac65b5897fba6a31f868bb8fbe86bf7c9c6858a5875769188ef6c
seed3417_channel_svd_resample_rho1_16,3417,Learned channel / Linear resampling,1/16,16,512,N/A (packing32),64,63.847637745842235,64.1875542163174,64.01759598107981,63.847637745842235,0.0,0.0,0.0,0,8,47500676,3162112,3162112,2.281043663549887,7848,f47cdae04c1985f4eacd095e13840ab396a2b6a58f5040816859e7d0f900f307,0d12cca1f3fba7e07a8ced1625ee072883cd009dbf0a11568cc31ca4af018ef2,1917313c14a78d841a783feab2b3f654b5badd70479f3c5a74ffce4613884a26,368dc093b22a22aecf7cd8ccef42bb60d68d8962a029504347b0ab22945ee07a,b597bc7544eac65b5897fba6a31f868bb8fbe86bf7c9c6858a5875769188ef6c
seed3417_channel_svd_radon_rho1_8,3417,Learned channel / Radon,1/8,32,1024,32,64,67.47252747252747,68.20695644225057,67.83974195738902,68.24179336163996,3.6248897266852396,4.019402225933177,3.8221459763092156,6,12,56954244,12615680,12615680,3.592268588583344,8012,b314a782244071e26a6ffe1560f0c2ff4f2bee3bb40b33e91060cb69a8bd01e2,3df12693c5aa2aaec2047ec32c59ba4394793467ccae79f869352927506d3deb,cf47a3dc3a2d466d4452a481e6b5022a30f51f906eb7ef5828f6811939468013,368dc093b22a22aecf7cd8ccef42bb60d68d8962a029504347b0ab22945ee07a,b597bc7544eac65b5897fba6a31f868bb8fbe86bf7c9c6858a5875769188ef6c
seed3417_channel_svd_self_rho1_8,3417,Learned channel / Self only,1/8,32,1024,32,64,63.847637745842235,64.1875542163174,64.01759598107981,63.847637745842235,0.0,0.0,0.0,0,8,56954244,12615680,6324224,2.5126540561834796,8012,4a9466bec31c7d9a877d1577f27ef98d797ff41657e126c60fbf37719a6466c7,0d12cca1f3fba7e07a8ced1625ee072883cd009dbf0a11568cc31ca4af018ef2,60ab96246085c63b2a4e5fbf41d1011ef6310282a371365fc1783fe055ec10ce,368dc093b22a22aecf7cd8ccef42bb60d68d8962a029504347b0ab22945ee07a,b597bc7544eac65b5897fba6a31f868bb8fbe86bf7c9c6858a5875769188ef6c
seed3417_channel_svd_scrambled_rho1_8,3417,Learned channel / Scrambled Radon,1/8,32,1024,32,64,65.53896726475826,63.84103389617655,64.6900005804674,68.22002923976609,1.691329518916021,-0.3465203201408471,0.6724045993875905,10,16,56954244,12615680,12615680,4.75673890236673,8012,8acac51d53319c450e60a672e9fed3a254cfa2abbc93c9627670b22b05ed6860,441a817cce7e924e49819f92b8d26b5c740b381e8ed165483e39c0dbff228442,a51d7f621b2421613e7cb38e3cd32a3b6cb74cc15387f5f79fd6bf0ab53609a1,368dc093b22a22aecf7cd8ccef42bb60d68d8962a029504347b0ab22945ee07a,b597bc7544eac65b5897fba6a31f868bb8fbe86bf7c9c6858a5875769188ef6c
seed3417_channel_svd_resample_rho1_8,3417,Learned channel / Linear resampling,1/8,32,1024,N/A (packing32),64,63.847637745842235,64.1875542163174,64.01759598107981,63.847637745842235,0.0,0.0,0.0,0,8,56954244,12615680,12615680,2.3364128988667896,8154,e680305ecbe0e2c28c8f46898faa4ff69db251f7020dc37d0a583a23d4e96dbb,0d12cca1f3fba7e07a8ced1625ee072883cd009dbf0a11568cc31ca4af018ef2,ad16b6b7a5debf2419399e40112f76fbe238fb7596f021e013bc3bbe8a2ca54f,368dc093b22a22aecf7cd8ccef42bb60d68d8962a029504347b0ab22945ee07a,b597bc7544eac65b5897fba6a31f868bb8fbe86bf7c9c6858a5875769188ef6c
seed3417_channel_svd_radon_rho1_4,3417,Learned channel / Radon,1/4,64,2048,32,64,68.57785336788156,67.54385964912281,68.06085650850218,68.57211357331232,4.730215622039324,3.3563054328054136,4.043260527422376,11,17,94735748,50397184,50397184,5.664019666466872,8114,bee9c1293ddaf1615dd3c1f24638899bcc2490ca70bf55f44592ba5ad1647fff,705b2801208673de73931e3a23856a8b50cd98d73086b6e49142f230b4fbb321,a7765c95ae02d266d3c6ca715ccbe80c11570a165bce4d46f9dad649bd72e334,368dc093b22a22aecf7cd8ccef42bb60d68d8962a029504347b0ab22945ee07a,b597bc7544eac65b5897fba6a31f868bb8fbe86bf7c9c6858a5875769188ef6c
seed3417_channel_svd_self_rho1_4,3417,Learned channel / Self only,1/4,64,2048,32,64,63.847637745842235,64.1875542163174,64.01759598107981,63.847637745842235,0.0,0.0,0.0,0,8,94735748,50397184,25231360,2.813266864849963,8114,d29be2f20dfbf0bd04801c93498af7750eadc5e1419ee9041a22d61c41a3bf40,0d12cca1f3fba7e07a8ced1625ee072883cd009dbf0a11568cc31ca4af018ef2,c61df4c447e4e7be2d80ec272bf137c4d514da9f51e50ed4a0f2811e5adb07c9,368dc093b22a22aecf7cd8ccef42bb60d68d8962a029504347b0ab22945ee07a,b597bc7544eac65b5897fba6a31f868bb8fbe86bf7c9c6858a5875769188ef6c
seed3417_channel_svd_scrambled_rho1_4,3417,Learned channel / Scrambled Radon,1/4,64,2048,32,64,69.12956277577216,65.1705032272805,67.15003300152634,66.81766186227408,5.281925029929923,0.9829490109631109,3.132437020446531,8,14,94735748,50397184,50397184,4.798704401149977,8114,5cf2e864a60c4b127b947dc33a645c5e26783f9f15372fb789ff796e3fb1f567,dab0c21df57081931f093f6da08d919ed6bc733ece87a73d3c7d3b790c09abc8,c03a1deb24f28718d2ebe6887b5b107be187d11bf92089c021bbdbca08294d8a,368dc093b22a22aecf7cd8ccef42bb60d68d8962a029504347b0ab22945ee07a,b597bc7544eac65b5897fba6a31f868bb8fbe86bf7c9c6858a5875769188ef6c
seed3417_channel_svd_resample_rho1_4,3417,Learned channel / Linear resampling,1/4,64,2048,N/A (packing32),64,63.847637745842235,64.1875542163174,64.01759598107981,63.847637745842235,0.0,0.0,0.0,0,8,94735748,50397184,50397184,2.584538459500133,8132,30e4fef6e812218a5b26b3c9156132c290863ec34671e5104d35b4d52cf23065,0d12cca1f3fba7e07a8ced1625ee072883cd009dbf0a11568cc31ca4af018ef2,5dfa5d4ac39ac5fb2d42122239bdbc61a3c35674636049926ab77dab97c136e5,368dc093b22a22aecf7cd8ccef42bb60d68d8962a029504347b0ab22945ee07a,b597bc7544eac65b5897fba6a31f868bb8fbe86bf7c9c6858a5875769188ef6c
seed3418_channel_svd_radon_rho1_16,3418,Learned channel / Radon,1/16,16,512,32,64,66.88584474885845,68.23018954099109,67.55801714492478,69.54453996707517,1.0078558200220584,4.042635324673697,2.5252455723478846,12,18,47500676,3162112,3162112,5.022724879049929,7906,f4fa1e57a1d3373a2df1ba5b4b67182d7fb8dfe056b6630f8ede60bda6f56723,a65ee05b3f1ff93292fe96ca3b9be2a29344c9b0f32058819de912df99785737,03b4aef3095138eb371bcfa407a91706cf26a679a5085e2d666bf87342dfe9e0,fac9663c683b28887ca1e752ff5296d03fd5461f3ca0e5460b6cf3ad185cd736,3a81d7cc54fc7c746379eac87300764bb2f183e3f8163c2718d14a5752de6a6a
seed3418_channel_svd_self_rho1_16,3418,Learned channel / Self only,1/16,16,512,32,64,65.87798892883639,64.1875542163174,65.03277157257689,68.55200776832125,0.0,0.0,0.0,0,8,47500676,3162112,1589248,2.387204043450038,7906,cc1b13fe0c3783024a659b31f93439c9fe4255acd28c1a735a990d7c62f29fd1,c7a857505ce62d0039a10fc876d34c88560f1cfa9301741a27a4eff52202e933,82016810de33784e7b923a91fbe71a346dc8bdaf44044ae72ec62241ca8c3313,fac9663c683b28887ca1e752ff5296d03fd5461f3ca0e5460b6cf3ad185cd736,3a81d7cc54fc7c746379eac87300764bb2f183e3f8163c2718d14a5752de6a6a
seed3418_channel_svd_scrambled_rho1_16,3418,Learned channel / Scrambled Radon,1/16,16,512,32,64,65.87798892883639,64.1875542163174,65.03277157257689,68.55200776832125,0.0,0.0,0.0,0,8,47500676,3162112,3162112,2.3886045471498316,7906,1fb78486a699b677aadf720e36d06367700cda77deacfdf9163bcd6e708362cd,c7a857505ce62d0039a10fc876d34c88560f1cfa9301741a27a4eff52202e933,e1e78c40ed9487af7ee100f2b6a1a158ff7107013562edaecc84e2a282c629fb,fac9663c683b28887ca1e752ff5296d03fd5461f3ca0e5460b6cf3ad185cd736,3a81d7cc54fc7c746379eac87300764bb2f183e3f8163c2718d14a5752de6a6a
seed3418_channel_svd_resample_rho1_16,3418,Learned channel / Linear resampling,1/16,16,512,N/A (packing32),64,65.87798892883639,64.1875542163174,65.03277157257689,68.55200776832125,0.0,0.0,0.0,0,8,47500676,3162112,3162112,2.275963799633367,7848,29fd8b2792e0b03d26ec8758085b9e7513065b7f83d1d7126d9119cd0395129d,c7a857505ce62d0039a10fc876d34c88560f1cfa9301741a27a4eff52202e933,dcb1ffe5542b4377890fe69ed109c4f1432be59c897df69300cd8e5ad5e597fb,fac9663c683b28887ca1e752ff5296d03fd5461f3ca0e5460b6cf3ad185cd736,3a81d7cc54fc7c746379eac87300764bb2f183e3f8163c2718d14a5752de6a6a
seed3418_channel_svd_radon_rho1_8,3418,Learned channel / Radon,1/8,32,1024,32,64,66.55367231638418,67.90503909147976,67.22935570393197,66.55367231638418,0.6756833875477923,3.71748487516237,2.196584131355081,7,13,56954244,12615680,12615680,3.8731380210498174,8012,a0fddc753d4476cecd8c1befd4a5451e6358ead9240d43f0844c42e06da19dad,0967255df290660324018fe3da8f034b2195262289534cf874a4e97a6c2a2eca,db842d21f7a2d17c10c5342d445b568d8e3ab11d644bac2e2235c982542eb21f,fac9663c683b28887ca1e752ff5296d03fd5461f3ca0e5460b6cf3ad185cd736,3a81d7cc54fc7c746379eac87300764bb2f183e3f8163c2718d14a5752de6a6a
seed3418_channel_svd_self_rho1_8,3418,Learned channel / Self only,1/8,32,1024,32,64,65.87798892883639,64.1875542163174,65.03277157257689,68.55200776832125,0.0,0.0,0.0,0,8,56954244,12615680,6324224,2.5111051833332265,8012,99fc74b0b62d77c16260c6a722a601081acf3beb5d25ae6f3ed0dbf578c89a8d,c7a857505ce62d0039a10fc876d34c88560f1cfa9301741a27a4eff52202e933,fe8a4a586299516a69e610a03a2f11c3355be31a4918a979a1167de4dd7bd6ae,fac9663c683b28887ca1e752ff5296d03fd5461f3ca0e5460b6cf3ad185cd736,3a81d7cc54fc7c746379eac87300764bb2f183e3f8163c2718d14a5752de6a6a
seed3418_channel_svd_scrambled_rho1_8,3418,Learned channel / Scrambled Radon,1/8,32,1024,32,64,67.56608683741953,66.55061810129328,67.05835246935641,69.25359845674433,1.6880979085831456,2.3630638849758867,2.025580896779516,10,16,56954244,12615680,12615680,4.762026556266695,8012,66c3842b4a98f34ba17fdb557906cd334a2145e9959dfc547ec506eea1cbcc3c,f6a880cddd599e902495c955e6bbdbb19f0b91971cd7291d52c29ae3c16124ec,b669aba5bcca092698ff9276fd537e982a4bb329c14c0420e727c4ea2701c884,fac9663c683b28887ca1e752ff5296d03fd5461f3ca0e5460b6cf3ad185cd736,3a81d7cc54fc7c746379eac87300764bb2f183e3f8163c2718d14a5752de6a6a
seed3418_channel_svd_resample_rho1_8,3418,Learned channel / Linear resampling,1/8,32,1024,N/A (packing32),64,68.53763072175553,64.1744690568623,66.35604988930892,69.9293435456071,2.659641792919146,-0.013085159455087592,1.3232783167320292,7,13,56954244,12615680,12615680,3.6291142660333815,8154,9b6f2ba497d6c09a948e38d83f3d6cf3badd870d830185d26574bcb6cacf0762,093b1876298edac44a9183ae14d44efb71db3c7437a0563f276a08699079e34b,d23c90a26aa25728814cf6f14868e1b259b3b632e3b777c794a6688202619bd1,fac9663c683b28887ca1e752ff5296d03fd5461f3ca0e5460b6cf3ad185cd736,3a81d7cc54fc7c746379eac87300764bb2f183e3f8163c2718d14a5752de6a6a
seed3418_channel_svd_radon_rho1_4,3418,Learned channel / Radon,1/4,64,2048,32,64,68.88340417752183,65.53896726475826,67.21118572114004,67.90503909147976,3.0054152486854377,1.351413048440861,2.1784141485631494,17,23,94735748,50397184,50397184,7.5392716362667365,8114,c74d3005135262223464e6665774cc388efc88515b4881e69c874dad373639a7,bc4ab4d0a3b522711722384feb03cd29a0dffcae2f2561c11ad71fdb004b915a,5b98cc5f4b6a0d2ea80f515b239a65a7ca25121dd1837b766a28ebf960e49332,fac9663c683b28887ca1e752ff5296d03fd5461f3ca0e5460b6cf3ad185cd736,3a81d7cc54fc7c746379eac87300764bb2f183e3f8163c2718d14a5752de6a6a
seed3418_channel_svd_self_rho1_4,3418,Learned channel / Self only,1/4,64,2048,32,64,62.75451841683826,69.25359845674433,66.0040584367913,67.47252747252747,-3.1234705119981285,5.066044240426933,0.9712868642144059,4,10,94735748,50397184,25231360,3.485193085400048,8114,6b274abc4d8392e8c4530da7bb54714146ed3733fa33b4dc4e4b526b26d84176,2ac4d4ffe97fc55a7173a4ea7b3406fc891c0558661ec8b4012e3747dcf756b1,97fa62e19c25fdd27f09fadf2685a4e74d235b53f7c6b2e8ed130f5f4c9e9684,fac9663c683b28887ca1e752ff5296d03fd5461f3ca0e5460b6cf3ad185cd736,3a81d7cc54fc7c746379eac87300764bb2f183e3f8163c2718d14a5752de6a6a
seed3418_channel_svd_scrambled_rho1_4,3418,Learned channel / Scrambled Radon,1/4,64,2048,32,64,68.58072247902756,67.86102062975027,68.2208715543889,67.22636319015604,2.7027335501911693,3.6734664134328767,3.188099981812016,4,10,94735748,50397184,50397184,3.4885266400165467,8114,354873b45cde0219425cd53aad8fefa9ce4af6ff08792202850d2437dbc5e8fa,c038e207e25c2cb24987229e9c88f6f6eba9d5d685e2432770973913de3d2286,5c1a5ae99ad108330d217ba2e3ae3d0c2c7582ebd3766eb49af4c42fd9974131,fac9663c683b28887ca1e752ff5296d03fd5461f3ca0e5460b6cf3ad185cd736,3a81d7cc54fc7c746379eac87300764bb2f183e3f8163c2718d14a5752de6a6a
seed3418_channel_svd_resample_rho1_4,3418,Learned channel / Linear resampling,1/4,64,2048,N/A (packing32),64,66.8903803131991,67.55423612696963,67.22230822008436,69.93208925412316,1.012391384362715,3.3666819106522325,2.1895366475074667,13,18,94735748,50397184,50397184,5.525019966983382,8132,95dfac50f099350ffb6018bde58249f295b6b33cb81aa3ee430e30894bcbf9f5,29175a8841d30832d04df2e64a7c7584bc7cde8f27984954003a1248baefc4ae,973121efac23591fe166007e9823f78d2097c2302c9225af35a0152e1fd6436c,fac9663c683b28887ca1e752ff5296d03fd5461f3ca0e5460b6cf3ad185cd736,3a81d7cc54fc7c746379eac87300764bb2f183e3f8163c2718d14a5752de6a6a
seed3416_qr_resample_rho1_16,3416,Random QR / Linear resampling,1/16,16,512,N/A (packing32),64,66.8903803131991,65.13545347467608,66.01291689393759,70.59166124224879,0.0,0.0,0.0,0,8,47484292,3145728,3145728,2.2842105579999044,7848,3cc84660687e007b11b1340af6acaae88ceab73bdb7cf8ed5a55fbf679c61805,2858f087207b5105660c0c821acd6fae7bccfb1ad4c2bc220999c0127e698906,899b6078e564bdc596523cfcddf7dd448545b004c14b05ba545f9fa4ad7c5900,d7228d326c3739380eee3d6710c299d6687a6551137033472013b923c13b730e,10dca6b8599f1472cf50320e9f0e2dffc3434ccdedc839af82bc7c5d506a54f5
seed3416_svd_oct_to_cfp_rho1_16,3416,SVD / OCT to CFP,1/16,16,512,32,64,70.13392038158136,63.15506983224274,66.64449510691205,70.8981159685385,3.2435400683822593,-1.9803836424333454,0.6315782129744605,14,14,47484292,3145728,2359296,7.168531248116778,7906,0c72e860fd9d58db4cdb15aea6f3e9ddebd9e6deabb65777111acba8422ade80,d4902cb394d9b6453bb158d0c2ba2d519afed6e6cc2110c7b6430a94a84cf69e,9ebcf5ab88a068bdc4aa60d9ed31ba4ac46dd0e72b6c12f58439826a6538f101,d7228d326c3739380eee3d6710c299d6687a6551137033472013b923c13b730e,10dca6b8599f1472cf50320e9f0e2dffc3434ccdedc839af82bc7c5d506a54f5
seed3416_svd_cfp_to_oct_rho1_16,3416,SVD / CFP to OCT,1/16,16,512,32,64,68.22002923976609,66.54450799739699,67.38226861858155,70.94063926940639,1.329648926566989,1.4090545227209077,1.3693517246439626,9,15,47484292,3145728,2359296,4.3367520530167285,7906,f27ba9e416385081c50eef45737fa6b13e7eb85a84afd03ad101d9b336d68bb5,6c62c2627894499b3922887f5cb6eaa7ab92c19f164b3d4954b8e825593c1e24,f48b89614f15e03d04998a6430745b17fc4ce7b1c3ec3a663d91333f19e92ba8,d7228d326c3739380eee3d6710c299d6687a6551137033472013b923c13b730e,10dca6b8599f1472cf50320e9f0e2dffc3434ccdedc839af82bc7c5d506a54f5
seed3416_qr_oct_to_cfp_rho1_16,3416,Random QR / OCT to CFP,1/16,16,512,32,64,66.8903803131991,65.13545347467608,66.01291689393759,70.59166124224879,0.0,0.0,0.0,0,8,47484292,3145728,2359296,2.425763376133303,7906,36078d26907f99e5d1f4266f3aecb69bcebc5fc9e238e63ab4d2f1ef8cc79bc9,2858f087207b5105660c0c821acd6fae7bccfb1ad4c2bc220999c0127e698906,f715203a9a9fe391998be1235059c580a47fb2eee9e2183113c6a7ab86047b03,d7228d326c3739380eee3d6710c299d6687a6551137033472013b923c13b730e,10dca6b8599f1472cf50320e9f0e2dffc3434ccdedc839af82bc7c5d506a54f5
seed3416_qr_cfp_to_oct_rho1_16,3416,Random QR / CFP to OCT,1/16,16,512,32,64,66.21004566210044,67.90210827901879,67.05607697055962,70.55130536210505,-0.6803346510986614,2.766654804342707,1.04316007662203,8,13,47484292,3145728,2359296,6.42905336916665,7906,7dec64a72c9b87815bea70e54143e4dc9ffd7e3b5484213fefe311feef72e17e,b99fd1770c21b4d9baf60a44cd918ed56b50ba1db4c7397434c07a3c992e0828,5765ffc22d1a74ad8f22061e1d0c6f3f8d7676e2b6fab108330d4479561256e0,d7228d326c3739380eee3d6710c299d6687a6551137033472013b923c13b730e,10dca6b8599f1472cf50320e9f0e2dffc3434ccdedc839af82bc7c5d506a54f5
seed3416_qr_resample_rho1_8,3416,Random QR / Linear resampling,1/8,32,1024,N/A (packing32),64,66.8903803131991,65.13545347467608,66.01291689393759,70.59166124224879,0.0,0.0,0.0,0,8,56921476,12582912,12582912,2.3561501649332057,8154,4b5c03958ea0606560e7dacecf37ecabcd59b4fb8b7c9fbe202bcdcff8badc00,2858f087207b5105660c0c821acd6fae7bccfb1ad4c2bc220999c0127e698906,241b9fe8315d6705844e4b19245b888e7fb10a674c275b7315e5be8c029f7b28,d7228d326c3739380eee3d6710c299d6687a6551137033472013b923c13b730e,10dca6b8599f1472cf50320e9f0e2dffc3434ccdedc839af82bc7c5d506a54f5
seed3416_svd_oct_to_cfp_rho1_8,3416,SVD / OCT to CFP,1/8,32,1024,32,64,71.62032598274209,63.83112359678874,67.72572478976542,68.23744292237444,4.729945669542985,-1.3043298778873407,1.7128078958278365,12,18,56921476,12582912,9437184,9.036273037483381,8012,9dc396f80e9a848235576340c0a5049d736c522bc6379ab54dac0f0085c1dd4d,a7bcf1757e2e00e25090b1f2e7e99f21a6d906dc872e332403f58a4d9657072c,ae4881b3e2ce9116faf6d37aa3aab2a57b46f56d793c7be3f8703ef4a35b5575,d7228d326c3739380eee3d6710c299d6687a6551137033472013b923c13b730e,10dca6b8599f1472cf50320e9f0e2dffc3434ccdedc839af82bc7c5d506a54f5
seed3416_svd_cfp_to_oct_rho1_8,3416,SVD / CFP to OCT,1/8,32,1024,32,64,65.6332264257222,70.94063926940639,68.28693284756429,69.10123315170634,-1.2571538874769033,5.805185794730306,2.2740159536267015,4,10,56921476,12582912,9437184,3.117364928533304,8012,2dbce5522bcd71a1964265bb5e817c4836e94221f69c2c4daa71603cfe118215,8b71f6bde5a2c7af22631e03e8ddd975d5f39439d4c17c049834cf0d3f802f22,b1c8e00ffe49b23cfd757c2f6670d15dc6ca041a87a4f4c36d9d19bae8235085,d7228d326c3739380eee3d6710c299d6687a6551137033472013b923c13b730e,10dca6b8599f1472cf50320e9f0e2dffc3434ccdedc839af82bc7c5d506a54f5
seed3416_qr_oct_to_cfp_rho1_8,3416,Random QR / OCT to CFP,1/8,32,1024,32,64,66.8903803131991,65.13545347467608,66.01291689393759,70.59166124224879,0.0,0.0,0.0,0,8,56921476,12582912,9437184,2.5361621552501066,8012,e119d4844623e5438cab9cf3994f1ede93451096c0bd73ce20b4330cf50d36f7,2858f087207b5105660c0c821acd6fae7bccfb1ad4c2bc220999c0127e698906,62989965575150815c746119201b4c1af50ce58dee091635c6958c6ee0bf4fbb,d7228d326c3739380eee3d6710c299d6687a6551137033472013b923c13b730e,10dca6b8599f1472cf50320e9f0e2dffc3434ccdedc839af82bc7c5d506a54f5
seed3416_qr_cfp_to_oct_rho1_8,3416,Random QR / CFP to OCT,1/8,32,1024,32,64,66.54450799739699,66.8903803131991,66.71744415529804,70.93400319707696,-0.34587231580211153,1.7549268385230192,0.7045272613604538,9,14,56921476,12582912,9437184,4.238555886950053,8012,6f0ded1bfe4477373e4aefe859f62c9f0dcdb0f00bdbe581d2668287d94c309c,e58997515c35e0532201b3c653b65bdcd6e7236358326c7c7f9fd1a0a6d04f2b,9d148b44793359c9874ec6678e419121da60cc32a52264857aee8851ad3e62b5,d7228d326c3739380eee3d6710c299d6687a6551137033472013b923c13b730e,10dca6b8599f1472cf50320e9f0e2dffc3434ccdedc839af82bc7c5d506a54f5
seed3416_qr_resample_rho1_4,3416,Random QR / Linear resampling,1/4,64,2048,N/A (packing32),64,68.20695644225057,66.55367231638418,67.38031437931738,69.9293435456071,1.3165761290514695,1.4182188417080965,1.3673974853797972,9,15,94670212,50331648,50331648,5.006473846916681,8096,8d3e920b5310cdc1df1bad90fd24649e1db4a87526908955dc56ec1f63370884,995091093004aef4584071553919c3922bf462a1bae6214c09f154d3b41a11e9,9c4962cf18626fc4b1019be2e9e2a023e92dce58e7d316511c03fb5135df0728,d7228d326c3739380eee3d6710c299d6687a6551137033472013b923c13b730e,10dca6b8599f1472cf50320e9f0e2dffc3434ccdedc839af82bc7c5d506a54f5
seed3416_svd_oct_to_cfp_rho1_4,3416,SVD / OCT to CFP,1/4,64,2048,32,64,70.0735294117647,67.77262048020171,68.9230749459832,70.53243469007107,3.1831490985655932,2.637167005525626,2.9101580520456167,24,25,94670212,50331648,37748736,8.193710051383338,8144,2300f31fed665cf51718105243e2aa72afca689265ab8529b37c7d19fcffeaf9,8f9bc60c42b09b10838f8e88894af3cd331c65fab15639f2695780af86830d3e,de2dab8c0e92126fa78ea9239083dd9aed9eb1b6fe233ca06bbb9a3a8254f052,d7228d326c3739380eee3d6710c299d6687a6551137033472013b923c13b730e,10dca6b8599f1472cf50320e9f0e2dffc3434ccdedc839af82bc7c5d506a54f5
seed3416_svd_cfp_to_oct_rho1_4,3416,SVD / CFP to OCT,1/4,64,2048,32,64,68.91324200913243,69.23955371315678,69.07639786114461,67.89624504800722,2.0228616959333294,4.104100238480697,3.0634809672070276,11,17,94670212,50331648,37748736,5.720071824866561,8144,053f62ddf57075a0efae15597c76f801c0677c2a0b560a51e9ead75f2803f2a8,4310b376a49336fd451d9ab79709119edddd0c861cf02282e33a4a10c35353de,b683b0c8b3c5e60cc9849b54d622cc7a2e45d2072feff2398af9e04987bdf984,d7228d326c3739380eee3d6710c299d6687a6551137033472013b923c13b730e,10dca6b8599f1472cf50320e9f0e2dffc3434ccdedc839af82bc7c5d506a54f5
seed3416_qr_oct_to_cfp_rho1_4,3416,Random QR / OCT to CFP,1/4,64,2048,32,64,72.92847997073349,63.272058823529406,68.10026939713146,70.86080586080585,6.038099657534389,-1.8633946511466775,2.08735250319387,10,14,94670212,50331648,37748736,4.7295891399665075,8144,553fe93d51e60bde247a3693008666357c4be896f442b8bebdee952f405ee092,735117e130c7ac804f6c8036bddf62515e9f6c81d5a24c42801f4147e8e2cf72,a9b09385d88a3ed55becea93133c24a9134acca2ba3b509c3c9e11bde22d1828,d7228d326c3739380eee3d6710c299d6687a6551137033472013b923c13b730e,10dca6b8599f1472cf50320e9f0e2dffc3434ccdedc839af82bc7c5d506a54f5
seed3416_qr_cfp_to_oct_rho1_4,3416,Random QR / CFP to OCT,1/4,64,2048,32,64,65.52637588490524,68.56349994861077,67.044937916758,67.56164383561645,-1.3640044282938675,3.4280464739346854,1.032021022820416,12,18,94670212,50331648,37748736,6.02566683010009,8144,22081a70b46e4995a80ab8e19a8952ffc13a8c2ee512647cdaf71db51271f63f,025bfa6b175992cabb9d397235b27c9c5910329ede400d8539bc0c67523330b8,f363a0d527da251d59c5aba6b0dba6a8cb7e6e075341f7dba0f307defe625b76,d7228d326c3739380eee3d6710c299d6687a6551137033472013b923c13b730e,10dca6b8599f1472cf50320e9f0e2dffc3434ccdedc839af82bc7c5d506a54f5
seed3417_qr_resample_rho1_16,3417,Random QR / Linear resampling,1/16,16,512,N/A (packing32),64,63.847637745842235,64.1875542163174,64.01759598107981,63.847637745842235,0.0,0.0,0.0,0,8,47484292,3145728,3145728,2.30243029008343,7848,3d593d62a8628fdb98d4bff7128c64cb6ee0be1cdbc765ea5a92c807ca8fed66,0d12cca1f3fba7e07a8ced1625ee072883cd009dbf0a11568cc31ca4af018ef2,ca3abc54892b79eccce0f2931437a3600efed337d5118aa21f3809e26ee871d5,368dc093b22a22aecf7cd8ccef42bb60d68d8962a029504347b0ab22945ee07a,b597bc7544eac65b5897fba6a31f868bb8fbe86bf7c9c6858a5875769188ef6c
seed3417_svd_oct_to_cfp_rho1_16,3417,SVD / OCT to CFP,1/16,16,512,32,64,65.86863947209189,62.822562228819365,64.34560085045563,66.88584474885845,2.0210017262496507,-1.3649919874980299,0.3280048693758175,11,13,47484292,3145728,2359296,4.3991494880501705,7906,5d564cd7cdd71b8cbfcfb0e9190fc12727dd6d35bb7edaaeac2bff7d536d8de2,ff386f5f353a46f5fd0065a9da0ed9450f8d03881776f65992310a0a8313765a,628b98a38679e0745d53e0dabdd87b92726d7af50bd24a2d421b9dd44e31d35d,368dc093b22a22aecf7cd8ccef42bb60d68d8962a029504347b0ab22945ee07a,b597bc7544eac65b5897fba6a31f868bb8fbe86bf7c9c6858a5875769188ef6c
seed3417_svd_cfp_to_oct_rho1_16,3417,SVD / CFP to OCT,1/16,16,512,32,64,63.847637745842235,64.1875542163174,64.01759598107981,63.847637745842235,0.0,0.0,0.0,0,8,47484292,3145728,2359296,3.545295824533241,7906,5142b6965c809c8c64bec296bd93d9983355029800803f2e1b56a3ef34425013,0d12cca1f3fba7e07a8ced1625ee072883cd009dbf0a11568cc31ca4af018ef2,3383d81ec4168a4848ba5f3d71cfc320445bd7276d829d7526ba741d52e6b310,368dc093b22a22aecf7cd8ccef42bb60d68d8962a029504347b0ab22945ee07a,b597bc7544eac65b5897fba6a31f868bb8fbe86bf7c9c6858a5875769188ef6c
seed3417_qr_oct_to_cfp_rho1_16,3417,Random QR / OCT to CFP,1/16,16,512,32,64,63.847637745842235,64.1875542163174,64.01759598107981,63.847637745842235,0.0,0.0,0.0,0,8,47484292,3145728,2359296,3.703119499933382,7906,d1740cb25bece00295f665f8758f16da7896bcb6adeb4887469e1acfc0206cdf,0d12cca1f3fba7e07a8ced1625ee072883cd009dbf0a11568cc31ca4af018ef2,88ac9d73732ad6442d966af903273fce694676ee2bbaf3d1af00de4bdbf1f304,368dc093b22a22aecf7cd8ccef42bb60d68d8962a029504347b0ab22945ee07a,b597bc7544eac65b5897fba6a31f868bb8fbe86bf7c9c6858a5875769188ef6c
seed3417_qr_cfp_to_oct_rho1_16,3417,Random QR / CFP to OCT,1/16,16,512,32,64,63.847637745842235,64.1875542163174,64.01759598107981,63.847637745842235,0.0,0.0,0.0,0,8,47484292,3145728,2359296,3.544350105866761,7906,1bb0716b4b1752473b1cc857dbf14aeee2bd3fb865239dd4ec4e7c5502408d58,0d12cca1f3fba7e07a8ced1625ee072883cd009dbf0a11568cc31ca4af018ef2,fd1d53a75c6cc2a66f6a543cf240c5c39dcdf2bf8983e24cd189549ebf7cf4b2,368dc093b22a22aecf7cd8ccef42bb60d68d8962a029504347b0ab22945ee07a,b597bc7544eac65b5897fba6a31f868bb8fbe86bf7c9c6858a5875769188ef6c
seed3417_qr_resample_rho1_8,3417,Random QR / Linear resampling,1/8,32,1024,N/A (packing32),64,63.847637745842235,64.1875542163174,64.01759598107981,63.847637745842235,0.0,0.0,0.0,0,8,56921476,12582912,12582912,2.3538312844165676,8154,0a3679ee447d7c3fe90593030cee692ce921339969ffbd2a47429ba1031156a2,0d12cca1f3fba7e07a8ced1625ee072883cd009dbf0a11568cc31ca4af018ef2,0ea4a3bd17ff448eab31c08c170e684dd202e203b4adff4fa0996f489230374f,368dc093b22a22aecf7cd8ccef42bb60d68d8962a029504347b0ab22945ee07a,b597bc7544eac65b5897fba6a31f868bb8fbe86bf7c9c6858a5875769188ef6c
seed3417_svd_oct_to_cfp_rho1_8,3417,SVD / OCT to CFP,1/8,32,1024,32,64,67.90503909147976,64.1891891891892,66.04711414033449,67.54385964912281,4.05740134563753,0.001634972871798368,2.0295181592546783,8,14,56921476,12582912,9437184,7.400078312066762,8012,39350b27dd1ce7db28f40619931e241b4a891a1fecefb5d6c72ce838d061dcf6,76b1b360fb961f6487793200725569d5d5a3360bc7ac84f928ee60eabfbf95f3,5776a12a92fc58c6f4f3352d227539b1e7907c642d7adea8c9c4607d1a041ee7,368dc093b22a22aecf7cd8ccef42bb60d68d8962a029504347b0ab22945ee07a,b597bc7544eac65b5897fba6a31f868bb8fbe86bf7c9c6858a5875769188ef6c
seed3417_svd_cfp_to_oct_rho1_8,3417,SVD / CFP to OCT,1/8,32,1024,32,64,63.847637745842235,64.1875542163174,64.01759598107981,63.847637745842235,0.0,0.0,0.0,0,8,56921476,12582912,9437184,2.5150517236999197,8012,e77eb909b9f4e718e7ffa03ac55103c1ec7d298d706b1d77d8f7c8088e2bc180,0d12cca1f3fba7e07a8ced1625ee072883cd009dbf0a11568cc31ca4af018ef2,a4d06165b8c33d8f4c1e5a8ae9356bf4cc1cb60d72e51b73caa4a9470767b868,368dc093b22a22aecf7cd8ccef42bb60d68d8962a029504347b0ab22945ee07a,b597bc7544eac65b5897fba6a31f868bb8fbe86bf7c9c6858a5875769188ef6c
seed3417_qr_oct_to_cfp_rho1_8,3417,Random QR / OCT to CFP,1/8,32,1024,32,64,67.82277351214657,62.07732784259894,64.95005067737276,69.15501505834392,3.9751357663043336,-2.1102263737184543,0.9324546962929503,8,14,56921476,12582912,9437184,4.197394618399994,8012,b93d640909d813334bcb08bdc8a59ef4cebf9a88548926a30cc98ea5a5fafdab,9492ca08418c0458da9103475910c79466489e92d84498584c6d413694786cbd,6e08c1c0564e2bf6cb97b5a5fcc1fe3651fed28148de19057130f739820516ff,368dc093b22a22aecf7cd8ccef42bb60d68d8962a029504347b0ab22945ee07a,b597bc7544eac65b5897fba6a31f868bb8fbe86bf7c9c6858a5875769188ef6c
seed3417_qr_cfp_to_oct_rho1_8,3417,Random QR / CFP to OCT,1/8,32,1024,32,64,63.847637745842235,64.1875542163174,64.01759598107981,63.847637745842235,0.0,0.0,0.0,0,8,56921476,12582912,9437184,4.330143825299941,8012,3e2d4fe043e4ede3ca17cedcbdc6589a53e77717a9390c6687de2fc459526693,0d12cca1f3fba7e07a8ced1625ee072883cd009dbf0a11568cc31ca4af018ef2,61aeb855e9763eaf4978e123ed0c18cc2a6ee73fea0e47dedafb0511edf2ece2,368dc093b22a22aecf7cd8ccef42bb60d68d8962a029504347b0ab22945ee07a,b597bc7544eac65b5897fba6a31f868bb8fbe86bf7c9c6858a5875769188ef6c
seed3417_qr_resample_rho1_4,3417,Random QR / Linear resampling,1/4,64,2048,N/A (packing32),64,67.22636319015604,62.810672514619895,65.01851785238796,66.85406097170802,3.378725444313801,-1.3768817016974992,1.000921871308151,6,12,94670212,50331648,50331648,3.7401564189834366,8096,c5881c747ee87ad4b737d81a66965739886a5aa8d26d927aa6d6d5b9c2023e79,af9dd6b51cf975bb838e28966e2a5df6ccb06abf05f71be8bb9eefbf2bc4f6d1,188a44c6c5e25e89ab174304a8a6c780959d63be61d1bf5a059a9168237ad2ad,368dc093b22a22aecf7cd8ccef42bb60d68d8962a029504347b0ab22945ee07a,b597bc7544eac65b5897fba6a31f868bb8fbe86bf7c9c6858a5875769188ef6c
seed3417_svd_oct_to_cfp_rho1_4,3417,SVD / OCT to CFP,1/4,64,2048,32,64,70.2485380116959,62.4961475681167,66.3723427899063,68.20695644225057,6.4009002658536645,-1.6914066482006973,2.3547468088264907,8,12,94670212,50331648,37748736,7.211619284616608,8144,560c2125c0c5e10610858eafda0c53efaf73c4599526373609357b57fa6d6b42,67529f6ba82eb0cda03564c4cddecc3588f4b8cb26d0b824546755d2c8b6d2ab,bf0fc1f5b513ab3ba7cc483b7b55367652938dddeed0c6140dfaa3ac1cf38206,368dc093b22a22aecf7cd8ccef42bb60d68d8962a029504347b0ab22945ee07a,b597bc7544eac65b5897fba6a31f868bb8fbe86bf7c9c6858a5875769188ef6c
seed3417_svd_cfp_to_oct_rho1_4,3417,SVD / CFP to OCT,1/4,64,2048,32,64,63.14160050265608,66.50780044573976,64.82470047419793,64.5266221537408,-0.7060372431861524,2.3202462294223665,0.8071044931181177,10,16,94670212,50331648,37748736,5.388250182783183,8144,1fc565faa7a8524823c7043998bdbb6328cec6e3a0f6a266f80d8dfb439a0cc1,fb6120a6b585938bbb1483c9b7b75e90f79a746a56da6212ffd92f7eeab88db7,9ce24e9ed61e2c35cba054743c8f50ce82e23c4b8436b41be0d98f77d9e45c18,368dc093b22a22aecf7cd8ccef42bb60d68d8962a029504347b0ab22945ee07a,b597bc7544eac65b5897fba6a31f868bb8fbe86bf7c9c6858a5875769188ef6c
seed3417_qr_oct_to_cfp_rho1_4,3417,Random QR / OCT to CFP,1/4,64,2048,32,64,71.62162162162163,65.20230554128858,68.4119635814551,66.55061810129328,7.773983875779393,1.0147513249711864,4.39436760037529,17,23,94670212,50331648,37748736,13.224981572133402,8144,f927f76024094fd4475b80c60e2919a9142fba3eee1676bf634d455f938aa787,3a91cebea54ff8295caa6df7290b463eb5d08212c64872e8b5244e79cc28503f,23adfec41d83fa5fe34a619ecd346f3c3ea3fbadae456a449604b109f1ac90c7,368dc093b22a22aecf7cd8ccef42bb60d68d8962a029504347b0ab22945ee07a,b597bc7544eac65b5897fba6a31f868bb8fbe86bf7c9c6858a5875769188ef6c
seed3417_qr_cfp_to_oct_rho1_4,3417,Random QR / CFP to OCT,1/4,64,2048,32,64,61.78899868623979,68.84923358499199,65.3191161356159,65.13545347467608,-2.0586390596024415,4.661679368674598,1.3015201545360924,7,13,94670212,50331648,37748736,4.447511145749983,8144,9d14c783b116fa5e831bfb82db18404e152ee9145a2f623c1fad9dd02f3b3e75,91fbc92795cb70360a56b92a8d90add94f68fb39b66b318ad8efd256b59251ae,e275b4f2b4504c094a4dac22af37df107958a6f00fb0504191425bba0a86199f,368dc093b22a22aecf7cd8ccef42bb60d68d8962a029504347b0ab22945ee07a,b597bc7544eac65b5897fba6a31f868bb8fbe86bf7c9c6858a5875769188ef6c
seed3418_qr_resample_rho1_16,3418,Random QR / Linear resampling,1/16,16,512,N/A (packing32),64,65.87798892883639,64.1875542163174,65.03277157257689,68.55200776832125,0.0,0.0,0.0,0,8,47484292,3145728,3145728,2.282210376333387,7848,0f869c539198ab05c261a473fee791fafe7991279f8042e09894b68c4a84d322,c7a857505ce62d0039a10fc876d34c88560f1cfa9301741a27a4eff52202e933,6cddac93390855609a5a055588379bcbdd628ec71ba4f491a4fe0e62595e3fbe,fac9663c683b28887ca1e752ff5296d03fd5461f3ca0e5460b6cf3ad185cd736,3a81d7cc54fc7c746379eac87300764bb2f183e3f8163c2718d14a5752de6a6a
seed3418_svd_oct_to_cfp_rho1_16,3418,SVD / OCT to CFP,1/16,16,512,32,64,65.87798892883639,64.1875542163174,65.03277157257689,68.55200776832125,0.0,0.0,0.0,0,8,47484292,3145728,2359296,4.105103835399981,7906,739504cba2892bc87ad60a39f4dfbc2e0074fb21fc4f608e166ddee8d3d18686,c7a857505ce62d0039a10fc876d34c88560f1cfa9301741a27a4eff52202e933,e977c42a0486b3def08a0a06896a225c964063a4740302a2a681a12efa498634,fac9663c683b28887ca1e752ff5296d03fd5461f3ca0e5460b6cf3ad185cd736,3a81d7cc54fc7c746379eac87300764bb2f183e3f8163c2718d14a5752de6a6a
seed3418_svd_cfp_to_oct_rho1_16,3418,SVD / CFP to OCT,1/16,16,512,32,64,65.87798892883639,64.1875542163174,65.03277157257689,68.55200776832125,0.0,0.0,0.0,0,8,47484292,3145728,2359296,2.4427087664999516,7906,db1c1c376a2436b9183c26fc2c98f6b1ccf337a59b3cb1cf6f196c9681d23fd8,c7a857505ce62d0039a10fc876d34c88560f1cfa9301741a27a4eff52202e933,cb4652fcdc677b3d2ecbe2fb0111050512edfe27b587e27687a1ef1759299709,fac9663c683b28887ca1e752ff5296d03fd5461f3ca0e5460b6cf3ad185cd736,3a81d7cc54fc7c746379eac87300764bb2f183e3f8163c2718d14a5752de6a6a
seed3418_qr_oct_to_cfp_rho1_16,3418,Random QR / OCT to CFP,1/16,16,512,32,64,65.87798892883639,64.1875542163174,65.03277157257689,68.55200776832125,0.0,0.0,0.0,0,8,47484292,3145728,2359296,2.9586619668666874,7906,bf8ce97d136ac0f39d65a82317deb1e60f1d3f424dc928a364330f51708941d1,c7a857505ce62d0039a10fc876d34c88560f1cfa9301741a27a4eff52202e933,3f5c127037a03b6c8e35202609469aabe90b5506ce50c8221b59b84c2a28535b,fac9663c683b28887ca1e752ff5296d03fd5461f3ca0e5460b6cf3ad185cd736,3a81d7cc54fc7c746379eac87300764bb2f183e3f8163c2718d14a5752de6a6a
seed3418_qr_cfp_to_oct_rho1_16,3418,Random QR / CFP to OCT,1/16,16,512,32,64,65.87798892883639,64.1875542163174,65.03277157257689,68.55200776832125,0.0,0.0,0.0,0,8,47484292,3145728,2359296,2.44503003351662,7906,3e65d62c10663873e713585c70f2a5f3ff8e64bcf887fef9a73f1a84aec2e949,c7a857505ce62d0039a10fc876d34c88560f1cfa9301741a27a4eff52202e933,72157c9827be2068d2829644be0f9b02d8b5d2417283459dbf942f510496c799,fac9663c683b28887ca1e752ff5296d03fd5461f3ca0e5460b6cf3ad185cd736,3a81d7cc54fc7c746379eac87300764bb2f183e3f8163c2718d14a5752de6a6a
seed3418_qr_resample_rho1_8,3418,Random QR / Linear resampling,1/8,32,1024,N/A (packing32),64,65.87798892883639,64.1875542163174,65.03277157257689,68.55200776832125,0.0,0.0,0.0,0,8,56921476,12582912,12582912,2.3719750999167446,8154,908dea953ba9ce9aad477f55822e975d4691c86393deedec8b0ea619f3f9325a,c7a857505ce62d0039a10fc876d34c88560f1cfa9301741a27a4eff52202e933,6d57daae7c9ed70a76a6a0a4a16c061697e3d880e2122c798e332db9aa11e370,fac9663c683b28887ca1e752ff5296d03fd5461f3ca0e5460b6cf3ad185cd736,3a81d7cc54fc7c746379eac87300764bb2f183e3f8163c2718d14a5752de6a6a
seed3418_svd_oct_to_cfp_rho1_8,3418,SVD / OCT to CFP,1/8,32,1024,32,64,63.95220588235294,66.53533865497276,65.24377226866285,65.38249862410566,-1.9257830464834456,2.347784438655367,0.21100069608596073,4,10,56921476,12582912,9437184,3.9304428670834266,8012,d0fb65fd832732cf3c5ebdc653415f97741b1a75a81f5b30c2c1359beeb9ad0f,2ab703c2bbdf1040b9f51807c4e33a835fef8bd1324009ee3fc4b9f621089baa,eda7f106aca200a55cb27e09223bca90dbbb760b99ad4c58cfc28e109348703c,fac9663c683b28887ca1e752ff5296d03fd5461f3ca0e5460b6cf3ad185cd736,3a81d7cc54fc7c746379eac87300764bb2f183e3f8163c2718d14a5752de6a6a
seed3418_svd_cfp_to_oct_rho1_8,3418,SVD / CFP to OCT,1/8,32,1024,32,64,65.43956043956044,67.18441053774502,66.31198548865274,67.22935570393199,-0.4384284892759496,2.9968563214276287,1.2792139160758467,4,10,56921476,12582912,9437184,3.1003444711001067,8012,c6c9701b4b867579a21d8643c3715df6c9ab564ee28e3f6ff52fac3ff47703f2,41d071b8f36cbadf6efc1224da194502f8a4303bacbc2122d50f3f2e55bdd7d0,5bb71b089c67e5d00756af25036d2eceb0efe0c917263595a3464519fbb2e464,fac9663c683b28887ca1e752ff5296d03fd5461f3ca0e5460b6cf3ad185cd736,3a81d7cc54fc7c746379eac87300764bb2f183e3f8163c2718d14a5752de6a6a
seed3418_qr_oct_to_cfp_rho1_8,3418,Random QR / OCT to CFP,1/8,32,1024,32,64,65.87798892883639,64.1875542163174,65.03277157257689,68.55200776832125,0.0,0.0,0.0,0,8,56921476,12582912,9437184,4.429708719033321,8012,8e64d3718ce3d0895e8fc3a5b168c751c1929d1c4b747258d1f6b9c03826fb31,c7a857505ce62d0039a10fc876d34c88560f1cfa9301741a27a4eff52202e933,bee82492973c6c7074665044ea3f2e004f4dea1433105ff157a536cc28474c64,fac9663c683b28887ca1e752ff5296d03fd5461f3ca0e5460b6cf3ad185cd736,3a81d7cc54fc7c746379eac87300764bb2f183e3f8163c2718d14a5752de6a6a
seed3418_qr_cfp_to_oct_rho1_8,3418,Random QR / CFP to OCT,1/8,32,1024,32,64,66.09082161022775,69.54453996707517,67.81768078865146,67.84337941839055,0.2128326813913617,5.356985750757772,2.784909216074567,12,18,56921476,12582912,9437184,5.368342741650122,8012,fc8c6cab603b9ada6efc5976066a3d8678ec3d2730ac5b8f4fdb6a781bd008d0,092603655e5ce802c9605e7ee2abe13ba375920640d92c198566b2dd224e8bd8,ea39cf59370cb98ce80cb847b974f1e2133360d1c372765a9ebe8fcb9a2e00cc,fac9663c683b28887ca1e752ff5296d03fd5461f3ca0e5460b6cf3ad185cd736,3a81d7cc54fc7c746379eac87300764bb2f183e3f8163c2718d14a5752de6a6a
seed3418_qr_resample_rho1_4,3418,Random QR / Linear resampling,1/4,64,2048,N/A (packing32),64,68.03308823529413,67.89624504800722,67.96466664165067,70.10512785199468,2.1550993064577426,3.7086908316898217,2.931895069073775,5,11,94670212,50331648,50331648,3.4825239921333075,8096,838725e40e5ced09f2159bd2c6ff1e7b737a8f2ed54f9ab14ec7cde8dceadb6e,74cbbf948c1bb067489ab77dbe4a67a8858fff2ca9a744fa360bfbc31af3720a,3ce6a44da4e8a68557423b63a360cbed824d09fcb381b77bdec3df1e8a21197f,fac9663c683b28887ca1e752ff5296d03fd5461f3ca0e5460b6cf3ad185cd736,3a81d7cc54fc7c746379eac87300764bb2f183e3f8163c2718d14a5752de6a6a
seed3418_svd_oct_to_cfp_rho1_4,3418,SVD / OCT to CFP,1/4,64,2048,32,64,70.86080586080585,62.69990377125052,66.7803548160282,68.80355588140952,4.982816931969467,-1.4876504450668762,1.7475832434513023,8,14,94670212,50331648,37748736,8.03819518941673,8144,9a6ce411cbd4b862ecfac54a983385a5222096b3de70f0bd228b77ac92606145,3a7d816427d372fd265127ff08279e504d2af5ec1b919a38764b48bd99f785f2,dbd44696d3e4457162b3793692d44a261223a79f80f7f3d0f2027368a0bcf5f8,fac9663c683b28887ca1e752ff5296d03fd5461f3ca0e5460b6cf3ad185cd736,3a81d7cc54fc7c746379eac87300764bb2f183e3f8163c2718d14a5752de6a6a
seed3418_svd_cfp_to_oct_rho1_4,3418,SVD / CFP to OCT,1/4,64,2048,32,64,65.87798892883639,64.1875542163174,65.03277157257689,68.55200776832125,0.0,0.0,0.0,0,8,94670212,50331648,37748736,2.8534985781666666,8144,8fe5c9380ee430ccbc9466148d9fbfdffb7660b49c4a8db7272d8f0eb348c7ab,c7a857505ce62d0039a10fc876d34c88560f1cfa9301741a27a4eff52202e933,d126d0c0ca950b2a1973baf7d45c5594093668dffcb726a80627c0ba3c94bb9b,fac9663c683b28887ca1e752ff5296d03fd5461f3ca0e5460b6cf3ad185cd736,3a81d7cc54fc7c746379eac87300764bb2f183e3f8163c2718d14a5752de6a6a
seed3418_qr_oct_to_cfp_rho1_4,3418,Random QR / OCT to CFP,1/4,64,2048,32,64,70.60508863446985,63.12474998571347,66.86491931009166,71.27558767453277,4.727099705633464,-1.0628042306039234,1.8321477375147737,5,11,94670212,50331648,37748736,3.832467426766622,8144,eb16ca0fc8641c6e979074b603e07a4afd2e8eb69a5b01623380e6e308b722b3,c88ad392da9f9dcd6ad921a93ea1672d77b3881708be8318809c271a3bd3e9d8,ca024114563e3b833359703354c80ba0570b0c4d0d99075f664ad28c04dbecaf,fac9663c683b28887ca1e752ff5296d03fd5461f3ca0e5460b6cf3ad185cd736,3a81d7cc54fc7c746379eac87300764bb2f183e3f8163c2718d14a5752de6a6a
seed3418_qr_cfp_to_oct_rho1_4,3418,Random QR / CFP to OCT,1/4,64,2048,32,64,65.87798892883639,64.1875542163174,65.03277157257689,68.55200776832125,0.0,0.0,0.0,0,8,94670212,50331648,37748736,4.691534068900122,8144,87a878d637faf9ed93a2accd108269406403499326eeb3797ce9047df04132e5,c7a857505ce62d0039a10fc876d34c88560f1cfa9301741a27a4eff52202e933,dfaa2cb588402d4f22b53ad8d7b1e17b20e6b4aad64023767e76185be3164044,fac9663c683b28887ca1e752ff5296d03fd5461f3ca0e5460b6cf3ad185cd736,3a81d7cc54fc7c746379eac87300764bb2f183e3f8163c2718d14a5752de6a6a
seed3416_mmtm_r4,3416,"MMTM / ratio 4, hidden 256",N/A,N/A,N/A,N/A,N/A,66.8903803131991,65.13545347467608,66.01291689393759,70.59166124224879,0.0,0.0,0.0,0,8,44601476,262912,262912,2.266418432316762,7928,31b46fc2b6fbe3bc7e980d095cfb24624a6305fb093ba63bba00a7f773336cb1,2858f087207b5105660c0c821acd6fae7bccfb1ad4c2bc220999c0127e698906,0665407f35f0b11559e5d08546f768afbbeea8ff7c6dbde61d64bf17f91b15bf,d7228d326c3739380eee3d6710c299d6687a6551137033472013b923c13b730e,10dca6b8599f1472cf50320e9f0e2dffc3434ccdedc839af82bc7c5d506a54f5
seed3416_mmtm_r8,3416,"MMTM / ratio 8, hidden 128",N/A,N/A,N/A,N/A,N/A,66.8903803131991,65.13545347467608,66.01291689393759,70.59166124224879,0.0,0.0,0.0,0,8,44470276,131712,131712,2.231191353600055,7926,199c3f155a6c1335c1a45106a0906826d83e08e5e612d54713908afbbdbf0c91,2858f087207b5105660c0c821acd6fae7bccfb1ad4c2bc220999c0127e698906,d90cfb283dae3088970af3f7eecf39e65088dcb8f5821ae56123bfc48290e064,d7228d326c3739380eee3d6710c299d6687a6551137033472013b923c13b730e,10dca6b8599f1472cf50320e9f0e2dffc3434ccdedc839af82bc7c5d506a54f5
seed3416_attention_d128,3416,"Cross-attention / d128, 4 heads",N/A,N/A,N/A,N/A,N/A,66.8903803131991,65.13545347467608,66.01291689393759,70.59166124224879,0.0,0.0,0.0,0,8,44603012,264448,264448,2.302261347883177,8110,7780c4ac07e80023b9d84402b0155382e44c9aa30422f153eff15208f1dd1432,2858f087207b5105660c0c821acd6fae7bccfb1ad4c2bc220999c0127e698906,96f0d105a7988f6e0c41199abb6a9501779b031da95977e29aeba7447405f95c,d7228d326c3739380eee3d6710c299d6687a6551137033472013b923c13b730e,10dca6b8599f1472cf50320e9f0e2dffc3434ccdedc839af82bc7c5d506a54f5
seed3416_attention_d256,3416,"Cross-attention / d256, 4 heads",N/A,N/A,N/A,N/A,N/A,67.86102062975027,65.20230554128858,66.53166308551943,67.88744618406477,0.9706403165511688,0.06685206661249765,0.5187461915818403,7,13,44865924,527360,527360,3.642021072083298,8160,e9929cfeb80b390af99eae8849a54f6c156109d176cf8e290be52819fea117e1,27b36fd994018e963ce50d052c9a4be1393642b244bfee8fce77bed70351e79d,48aa63222182f052375492e1a3fb5b2e63efa1dd3ca21818f3c79770f693c1ab,d7228d326c3739380eee3d6710c299d6687a6551137033472013b923c13b730e,10dca6b8599f1472cf50320e9f0e2dffc3434ccdedc839af82bc7c5d506a54f5
seed3417_mmtm_r4,3417,"MMTM / ratio 4, hidden 256",N/A,N/A,N/A,N/A,N/A,63.847637745842235,64.1875542163174,64.01759598107981,63.847637745842235,0.0,0.0,0.0,0,8,44601476,262912,262912,2.248051497166792,7928,b330936a15398103dad0c87f09cebc37c5c7d95adcabcd2c5b25ab4a6af391c4,0d12cca1f3fba7e07a8ced1625ee072883cd009dbf0a11568cc31ca4af018ef2,7f4e27b24848535ef0c99cceeb1c0324cee79351c26dfe45db7c31efbb99819c,368dc093b22a22aecf7cd8ccef42bb60d68d8962a029504347b0ab22945ee07a,b597bc7544eac65b5897fba6a31f868bb8fbe86bf7c9c6858a5875769188ef6c
seed3417_mmtm_r8,3417,"MMTM / ratio 8, hidden 128",N/A,N/A,N/A,N/A,N/A,63.847637745842235,64.1875542163174,64.01759598107981,63.847637745842235,0.0,0.0,0.0,0,8,44470276,131712,131712,3.948315096233273,7926,765ea6d4ecd57fbc94fa3e6c3443f11e5bae09857f497b9b58a9d4a0f05966b4,0d12cca1f3fba7e07a8ced1625ee072883cd009dbf0a11568cc31ca4af018ef2,f0a89d74f3cf81e6b459996cb9b63e2456834f7072325de63679cbe9ed15b09d,368dc093b22a22aecf7cd8ccef42bb60d68d8962a029504347b0ab22945ee07a,b597bc7544eac65b5897fba6a31f868bb8fbe86bf7c9c6858a5875769188ef6c
seed3417_attention_d128,3417,"Cross-attention / d128, 4 heads",N/A,N/A,N/A,N/A,N/A,63.847637745842235,64.1875542163174,64.01759598107981,63.847637745842235,0.0,0.0,0.0,0,8,44603012,264448,264448,2.3034199185666995,8110,2cb6748adab51f1a4479655d0d743ce0e6856b617c9e7946f05e63511451513a,0d12cca1f3fba7e07a8ced1625ee072883cd009dbf0a11568cc31ca4af018ef2,a9e6d88838fe356b24c7cf0572df4687fa40c638d8de0459203f64bb88a81772,368dc093b22a22aecf7cd8ccef42bb60d68d8962a029504347b0ab22945ee07a,b597bc7544eac65b5897fba6a31f868bb8fbe86bf7c9c6858a5875769188ef6c
seed3417_attention_d256,3417,"Cross-attention / d256, 4 heads",N/A,N/A,N/A,N/A,N/A,63.847637745842235,64.1875542163174,64.01759598107981,63.847637745842235,0.0,0.0,0.0,0,8,44865924,527360,527360,3.9402960911999494,8160,13dbabc00546e66bad02fd52b1b768854e3bccf47397182dd9eb0ac35e323a96,0d12cca1f3fba7e07a8ced1625ee072883cd009dbf0a11568cc31ca4af018ef2,5ff7e59a49ca433aa864c3164aa7cd08de423f6456523b3cf43e4d06d1aff480,368dc093b22a22aecf7cd8ccef42bb60d68d8962a029504347b0ab22945ee07a,b597bc7544eac65b5897fba6a31f868bb8fbe86bf7c9c6858a5875769188ef6c
seed3418_mmtm_r4,3418,"MMTM / ratio 4, hidden 256",N/A,N/A,N/A,N/A,N/A,65.87798892883639,64.1875542163174,65.03277157257689,68.55200776832125,0.0,0.0,0.0,0,8,44601476,262912,262912,2.289827285383217,7928,2c2b25d5b57114e79fb406e4f1b9a9a9e90d74e5481bac4a9614b159a9e179e4,c7a857505ce62d0039a10fc876d34c88560f1cfa9301741a27a4eff52202e933,106f82fcfb1453188f7db4b483410743aa13312d061e55fd52a95e3f6f7b9e78,fac9663c683b28887ca1e752ff5296d03fd5461f3ca0e5460b6cf3ad185cd736,3a81d7cc54fc7c746379eac87300764bb2f183e3f8163c2718d14a5752de6a6a
seed3418_mmtm_r8,3418,"MMTM / ratio 8, hidden 128",N/A,N/A,N/A,N/A,N/A,65.87798892883639,64.1875542163174,65.03277157257689,68.55200776832125,0.0,0.0,0.0,0,8,44470276,131712,131712,4.077924934749899,7926,7bd437432f384cb36db2959f8255221a04252cdecae074a1ff8dfe15d9e5684e,c7a857505ce62d0039a10fc876d34c88560f1cfa9301741a27a4eff52202e933,8055aa6b8ba7945110f8172176f761d0630bdf40c18e57b130a839b960db508e,fac9663c683b28887ca1e752ff5296d03fd5461f3ca0e5460b6cf3ad185cd736,3a81d7cc54fc7c746379eac87300764bb2f183e3f8163c2718d14a5752de6a6a
seed3418_attention_d128,3418,"Cross-attention / d128, 4 heads",N/A,N/A,N/A,N/A,N/A,64.8391812865497,67.89624504800722,66.36771316727845,68.23744292237444,-1.0388076422866845,3.7086908316898217,1.3349415947015615,10,16,44603012,264448,264448,4.375903567116863,8110,5429372c93ec60b2b3bc652b9b2f755b3e141355e0f7c6c2789e364a02b6104e,fee49e19d69f1ac3025105effbac549f235a956f89e2586eb6131274893732b8,2788f3df48834cd4eb713c8b687b0e64f4e1605f7dfdf9d675613abd2448edad,fac9663c683b28887ca1e752ff5296d03fd5461f3ca0e5460b6cf3ad185cd736,3a81d7cc54fc7c746379eac87300764bb2f183e3f8163c2718d14a5752de6a6a
seed3418_attention_d256,3418,"Cross-attention / d256, 4 heads",N/A,N/A,N/A,N/A,N/A,64.1875542163174,69.90460958473753,67.04608190052747,68.88340417752183,-1.690434712518993,5.717055368420134,2.0133103279505775,17,18,44865924,527360,527360,8.432888138266813,8160,5314500b0310a7c3163d15afe9e94f0e8e76289489dd55f98d1d64021f5223e6,c32b26d744fc44bf7d96a3a4f59d926d551edcd8c994c721b85bff06cbdcf7d4,450483a2e679c6951bb5acbe2eddb3ab6a776ad2fc1744e6db9859cd334fd29c,fac9663c683b28887ca1e752ff5296d03fd5461f3ca0e5460b6cf3ad185cd736,3a81d7cc54fc7c746379eac87300764bb2f183e3f8163c2718d14a5752de6a6a
